source_id,source_stream,station_id,station_key,station_name,latitude,longitude,station_role,parameter,value,unit,observed_at,available_at,ingested_at,qc_status,source_qc_status,depth_geometry_status,historical_sensor_height_above_bottom_m,historical_geometry_evidence_status,is_direct_station_observation,is_direct_local_bottom_measurement,production_weight,source_url
disl_arcos_realtime_public_grafana,met,DISL_ARCOS_BS,bs,Bon Secour,30.328767,-87.829267,southeast_bay_oxygen_loading_context,air_temperature_c,27.260000228881836,degC,2026-10-08T20:00:00+00:00,2026-10-09T02:28:41.830857+00:00,2026-10-09T02:28:41.830857+00:00,ARCOS_RANGE_CHECK_PASS,SOURCE_QC_NOT_EXPOSED_IN_PUBLIC_GRAFANA_FRAME,NOT_APPLICABLE,0.5,HISTORICAL_2019_ARCOS_OBSERVATION_GEOMETRY,True,False,0.0,https://www.disl.edu/arcos/
disl_arcos_realtime_public_grafana,met,DISL_ARCOS_BS,bs,Bon Secour,30.328767,-87.829267,southeast_bay_oxygen_loading_context,barometric_pressure_inhg,29.896089553833008,inHg,2026-10-08T20:00:00+00:00,2026-10-09T02:28:41.830857+00:00,2026-10-09T02:28:41.830857+00:00,ARCOS_RANGE_CHECK_PASS,SOURCE_QC_NOT_EXPOSED_IN_PUBLIC_GRAFANA_FRAME,NOT_APPLICABLE,0.5,HISTORICAL_2019_ARCOS_OBSERVATION_GEOMETRY,True,False,0.0,https://www.disl.edu/arcos/
disl_arcos_realtime_public_grafana,met,DISL_ARCOS_BS,bs,Bon Secour,30.328767,-87.829267,southeast_bay_oxygen_loading_context,precipitation,0.0,mm,2026-10-08T20:00:00+00:00,2026-10-09T02:28:41.830857+00:00,2026-10-09T02:28:41.830857+00:00,NOT_RANGE_SCREENED,SOURCE_QC_NOT_EXPOSED_IN_PUBLIC_GRAFANA_FRAME,NOT_APPLICABLE,0.5,HISTORICAL_2019_ARCOS_OBSERVATION_GEOMETRY,True,False,0.0,https://www.disl.edu/arcos/
disl_arcos_realtime_public_grafana,met,DISL_ARCOS_BS,bs,Bon Secour,30.328767,-87.829267,southeast_bay_oxygen_loading_context,quantum_radiation_umol_m2_s,327.5,umol/m2/s,2026-10-08T20:00:00+00:00,2026-10-09T02:28:41.830857+00:00,2026-10-09T02:28:41.830857+00:00,ARCOS_RANGE_CHECK_PASS,SOURCE_QC_NOT_EXPOSED_IN_PUBLIC_GRAFANA_FRAME,NOT_APPLICABLE,0.5,HISTORICAL_2019_ARCOS_OBSERVATION_GEOMETRY,True,False,0.0,https://www.disl.edu/arcos/
disl_arcos_realtime_public_grafana,met,DISL_ARCOS_BS,bs,Bon Secour,30.328767,-87.829267,southeast_bay_oxygen_loading_context,relative_humidity_percent,77.80000305175781,%,2026-10-08T20:00:00+00:00,2026-10-09T02:28:41.830857+00:00,2026-10-09T02:28:41.830857+00:00,ARCOS_RANGE_CHECK_PASS,SOURCE_QC_NOT_EXPOSED_IN_PUBLIC_GRAFANA_FRAME,NOT_APPLICABLE,0.5,HISTORICAL_2019_ARCOS_OBSERVATION_GEOMETRY,True,False,0.0,https://www.disl.edu/arcos/
disl_arcos_realtime_public_grafana,met,DISL_ARCOS_BS,bs,Bon Secour,30.328767,-87.829267,southeast_bay_oxygen_loading_context,solar_radiation_kw_m2,0.210999995470047,kW/m2,2026-10-08T20:00:00+00:00,2026-10-09T02:28:41.830857+00:00,2026-10-09T02:28:41.830857+00:00,ARCOS_RANGE_CHECK_PASS,SOURCE_QC_NOT_EXPOSED_IN_PUBLIC_GRAFANA_FRAME,NOT_APPLICABLE,0.5,HISTORICAL_2019_ARCOS_OBSERVATION_GEOMETRY,True,False,0.0,https://www.disl.edu/arcos/
disl_arcos_realtime_public_grafana,met,DISL_ARCOS_BS,bs,Bon Secour,30.328767,-87.829267,southeast_bay_oxygen_loading_context,wind_direction_deg,31.57999992370606,degree,2026-10-08T20:00:00+00:00,2026-10-09T02:28:41.830857+00:00,2026-10-09T02:28:41.830857+00:00,ARCOS_RANGE_CHECK_PASS,SOURCE_QC_NOT_EXPOSED_IN_PUBLIC_GRAFANA_FRAME,NOT_APPLICABLE,0.5,HISTORICAL_2019_ARCOS_OBSERVATION_GEOMETRY,True,False,0.0,https://www.disl.edu/arcos/
disl_arcos_realtime_public_grafana,met,DISL_ARCOS_BS,bs,Bon Secour,30.328767,-87.829267,southeast_bay_oxygen_loading_context,wind_speed,11.239999771118164,kn,2026-10-08T20:00:00+00:00,2026-10-09T02:28:41.830857+00:00,2026-10-09T02:28:41.830857+00:00,NOT_RANGE_SCREENED,SOURCE_QC_NOT_EXPOSED_IN_PUBLIC_GRAFANA_FRAME,NOT_APPLICABLE,0.5,HISTORICAL_2019_ARCOS_OBSERVATION_GEOMETRY,True,False,0.0,https://www.disl.edu/arcos/
disl_arcos_realtime_public_grafana,met,DISL_ARCOS_BSP,bsp,Battleship Park,30.682697,-88.012211,upper_bay_oxygen_loading_context,air_temperature_c,27.1299991607666,degC,2026-10-08T20:00:00+00:00,2026-10-09T02:28:42.233975+00:00,2026-10-09T02:28:42.233975+00:00,ARCOS_RANGE_CHECK_PASS,SOURCE_QC_NOT_EXPOSED_IN_PUBLIC_GRAFANA_FRAME,NOT_APPLICABLE,0.5,RECENT_2023_2025_EXO2_GEOMETRY,True,False,0.0,https://www.disl.edu/arcos/
disl_arcos_realtime_public_grafana,met,DISL_ARCOS_BSP,bsp,Battleship Park,30.682697,-88.012211,upper_bay_oxygen_loading_context,barometric_pressure_inhg,29.90464973449707,inHg,2026-10-08T20:00:00+00:00,2026-10-09T02:28:42.233975+00:00,2026-10-09T02:28:42.233975+00:00,ARCOS_RANGE_CHECK_PASS,SOURCE_QC_NOT_EXPOSED_IN_PUBLIC_GRAFANA_FRAME,NOT_APPLICABLE,0.5,RECENT_2023_2025_EXO2_GEOMETRY,True,False,0.0,https://www.disl.edu/arcos/
disl_arcos_realtime_public_grafana,met,DISL_ARCOS_BSP,bsp,Battleship Park,30.682697,-88.012211,upper_bay_oxygen_loading_context,precipitation,0.0,in,2026-10-08T20:00:00+00:00,2026-10-09T02:28:42.233975+00:00,2026-10-09T02:28:42.233975+00:00,NOT_RANGE_SCREENED,SOURCE_QC_NOT_EXPOSED_IN_PUBLIC_GRAFANA_FRAME,NOT_APPLICABLE,0.5,RECENT_2023_2025_EXO2_GEOMETRY,True,False,0.0,https://www.disl.edu/arcos/
disl_arcos_realtime_public_grafana,met,DISL_ARCOS_BSP,bsp,Battleship Park,30.682697,-88.012211,upper_bay_oxygen_loading_context,quantum_radiation_umol_m2_s,479.1000061035156,umol/m2/s,2026-10-08T20:00:00+00:00,2026-10-09T02:28:42.233975+00:00,2026-10-09T02:28:42.233975+00:00,ARCOS_RANGE_CHECK_PASS,SOURCE_QC_NOT_EXPOSED_IN_PUBLIC_GRAFANA_FRAME,NOT_APPLICABLE,0.5,RECENT_2023_2025_EXO2_GEOMETRY,True,False,0.0,https://www.disl.edu/arcos/
disl_arcos_realtime_public_grafana,met,DISL_ARCOS_BSP,bsp,Battleship Park,30.682697,-88.012211,upper_bay_oxygen_loading_context,relative_humidity_percent,78.79000091552734,%,2026-10-08T20:00:00+00:00,2026-10-09T02:28:42.233975+00:00,2026-10-09T02:28:42.233975+00:00,ARCOS_RANGE_CHECK_PASS,SOURCE_QC_NOT_EXPOSED_IN_PUBLIC_GRAFANA_FRAME,NOT_APPLICABLE,0.5,RECENT_2023_2025_EXO2_GEOMETRY,True,False,0.0,https://www.disl.edu/arcos/
disl_arcos_realtime_public_grafana,met,DISL_ARCOS_BSP,bsp,Battleship Park,30.682697,-88.012211,upper_bay_oxygen_loading_context,solar_radiation_kw_m2,0.20900000631809235,kW/m2,2026-10-08T20:00:00+00:00,2026-10-09T02:28:42.233975+00:00,2026-10-09T02:28:42.233975+00:00,ARCOS_RANGE_CHECK_PASS,SOURCE_QC_NOT_EXPOSED_IN_PUBLIC_GRAFANA_FRAME,NOT_APPLICABLE,0.5,RECENT_2023_2025_EXO2_GEOMETRY,True,False,0.0,https://www.disl.edu/arcos/
disl_arcos_realtime_public_grafana,met,DISL_ARCOS_BSP,bsp,Battleship Park,30.682697,-88.012211,upper_bay_oxygen_loading_context,wind_direction_deg,53.459999084472656,degree,2026-10-08T20:00:00+00:00,2026-10-09T02:28:42.233975+00:00,2026-10-09T02:28:42.233975+00:00,ARCOS_RANGE_CHECK_PASS,SOURCE_QC_NOT_EXPOSED_IN_PUBLIC_GRAFANA_FRAME,NOT_APPLICABLE,0.5,RECENT_2023_2025_EXO2_GEOMETRY,True,False,0.0,https://www.disl.edu/arcos/
disl_arcos_realtime_public_grafana,met,DISL_ARCOS_BSP,bsp,Battleship Park,30.682697,-88.012211,upper_bay_oxygen_loading_context,wind_speed,16.1299991607666,kn,2026-10-08T20:00:00+00:00,2026-10-09T02:28:42.233975+00:00,2026-10-09T02:28:42.233975+00:00,NOT_RANGE_SCREENED,SOURCE_QC_NOT_EXPOSED_IN_PUBLIC_GRAFANA_FRAME,NOT_APPLICABLE,0.5,RECENT_2023_2025_EXO2_GEOMETRY,True,False,0.0,https://www.disl.edu/arcos/
disl_arcos_realtime_public_grafana,met,DISL_ARCOS_CP,cp,Cedar Point,30.30845,-88.139533,lower_bay_west_boundary_oxygen_context,air_temperature_c,26.110000610351562,degC,2026-10-08T20:00:00+00:00,2026-10-09T02:28:39.708368+00:00,2026-10-09T02:28:39.708368+00:00,ARCOS_RANGE_CHECK_PASS,SOURCE_QC_NOT_EXPOSED_IN_PUBLIC_GRAFANA_FRAME,NOT_APPLICABLE,,NOT_FOUND_IN_CURRENT_RESEARCH_PASS,True,False,0.0,https://www.disl.edu/arcos/
disl_arcos_realtime_public_grafana,met,DISL_ARCOS_CP,cp,Cedar Point,30.30845,-88.139533,lower_bay_west_boundary_oxygen_context,barometric_pressure_inhg,29.87605094909668,inHg,2026-10-08T20:00:00+00:00,2026-10-09T02:28:39.708368+00:00,2026-10-09T02:28:39.708368+00:00,ARCOS_RANGE_CHECK_PASS,SOURCE_QC_NOT_EXPOSED_IN_PUBLIC_GRAFANA_FRAME,NOT_APPLICABLE,,NOT_FOUND_IN_CURRENT_RESEARCH_PASS,True,False,0.0,https://www.disl.edu/arcos/
disl_arcos_realtime_public_grafana,met,DISL_ARCOS_CP,cp,Cedar Point,30.30845,-88.139533,lower_bay_west_boundary_oxygen_context,precipitation,0.0,mm,2026-10-08T20:00:00+00:00,2026-10-09T02:28:39.708368+00:00,2026-10-09T02:28:39.708368+00:00,NOT_RANGE_SCREENED,SOURCE_QC_NOT_EXPOSED_IN_PUBLIC_GRAFANA_FRAME,NOT_APPLICABLE,,NOT_FOUND_IN_CURRENT_RESEARCH_PASS,True,False,0.0,https://www.disl.edu/arcos/
disl_arcos_realtime_public_grafana,met,DISL_ARCOS_CP,cp,Cedar Point,30.30845,-88.139533,lower_bay_west_boundary_oxygen_context,quantum_radiation_umol_m2_s,536.5999755859375,umol/m2/s,2026-10-08T20:00:00+00:00,2026-10-09T02:28:39.708368+00:00,2026-10-09T02:28:39.708368+00:00,ARCOS_RANGE_CHECK_PASS,SOURCE_QC_NOT_EXPOSED_IN_PUBLIC_GRAFANA_FRAME,NOT_APPLICABLE,,NOT_FOUND_IN_CURRENT_RESEARCH_PASS,True,False,0.0,https://www.disl.edu/arcos/
disl_arcos_realtime_public_grafana,met,DISL_ARCOS_CP,cp,Cedar Point,30.30845,-88.139533,lower_bay_west_boundary_oxygen_context,relative_humidity_percent,76.33999633789062,%,2026-10-08T20:00:00+00:00,2026-10-09T02:28:39.708368+00:00,2026-10-09T02:28:39.708368+00:00,ARCOS_RANGE_CHECK_PASS,SOURCE_QC_NOT_EXPOSED_IN_PUBLIC_GRAFANA_FRAME,NOT_APPLICABLE,,NOT_FOUND_IN_CURRENT_RESEARCH_PASS,True,False,0.0,https://www.disl.edu/arcos/
disl_arcos_realtime_public_grafana,met,DISL_ARCOS_CP,cp,Cedar Point,30.30845,-88.139533,lower_bay_west_boundary_oxygen_context,solar_radiation_kw_m2,0.22300000488758087,kW/m2,2026-10-08T20:00:00+00:00,2026-10-09T02:28:39.708368+00:00,2026-10-09T02:28:39.708368+00:00,ARCOS_RANGE_CHECK_PASS,SOURCE_QC_NOT_EXPOSED_IN_PUBLIC_GRAFANA_FRAME,NOT_APPLICABLE,,NOT_FOUND_IN_CURRENT_RESEARCH_PASS,True,False,0.0,https://www.disl.edu/arcos/
disl_arcos_realtime_public_grafana,met,DISL_ARCOS_CP,cp,Cedar Point,30.30845,-88.139533,lower_bay_west_boundary_oxygen_context,wind_direction_deg,38.2400016784668,degree,2026-10-08T20:00:00+00:00,2026-10-09T02:28:39.708368+00:00,2026-10-09T02:28:39.708368+00:00,ARCOS_RANGE_CHECK_PASS,SOURCE_QC_NOT_EXPOSED_IN_PUBLIC_GRAFANA_FRAME,NOT_APPLICABLE,,NOT_FOUND_IN_CURRENT_RESEARCH_PASS,True,False,0.0,https://www.disl.edu/arcos/
disl_arcos_realtime_public_grafana,met,DISL_ARCOS_CP,cp,Cedar Point,30.30845,-88.139533,lower_bay_west_boundary_oxygen_context,wind_speed,14.760000228881836,kn,2026-10-08T20:00:00+00:00,2026-10-09T02:28:39.708368+00:00,2026-10-09T02:28:39.708368+00:00,NOT_RANGE_SCREENED,SOURCE_QC_NOT_EXPOSED_IN_PUBLIC_GRAFANA_FRAME,NOT_APPLICABLE,,NOT_FOUND_IN_CURRENT_RESEARCH_PASS,True,False,0.0,https://www.disl.edu/arcos/
disl_arcos_realtime_public_grafana,met,DISL_ARCOS_GSP,gsp,Gulf State Park Pier,,,coastal_context_if_hydro_available,air_temperature_c,27.200000762939453,degC,2026-10-08T20:00:00+00:00,2026-10-09T02:28:42.645009+00:00,2026-10-09T02:28:42.645009+00:00,ARCOS_RANGE_CHECK_PASS,SOURCE_QC_NOT_EXPOSED_IN_PUBLIC_GRAFANA_FRAME,NOT_APPLICABLE,,NOT_FOUND_IN_CURRENT_RESEARCH_PASS,True,False,0.0,https://www.disl.edu/arcos/
disl_arcos_realtime_public_grafana,met,DISL_ARCOS_GSP,gsp,Gulf State Park Pier,,,coastal_context_if_hydro_available,barometric_pressure_inhg,29.854829788208008,inHg,2026-10-08T20:00:00+00:00,2026-10-09T02:28:42.645009+00:00,2026-10-09T02:28:42.645009+00:00,ARCOS_RANGE_CHECK_PASS,SOURCE_QC_NOT_EXPOSED_IN_PUBLIC_GRAFANA_FRAME,NOT_APPLICABLE,,NOT_FOUND_IN_CURRENT_RESEARCH_PASS,True,False,0.0,https://www.disl.edu/arcos/
disl_arcos_realtime_public_grafana,met,DISL_ARCOS_GSP,gsp,Gulf State Park Pier,,,coastal_context_if_hydro_available,precipitation,0.0,mm,2026-10-08T20:00:00+00:00,2026-10-09T02:28:42.645009+00:00,2026-10-09T02:28:42.645009+00:00,NOT_RANGE_SCREENED,SOURCE_QC_NOT_EXPOSED_IN_PUBLIC_GRAFANA_FRAME,NOT_APPLICABLE,,NOT_FOUND_IN_CURRENT_RESEARCH_PASS,True,False,0.0,https://www.disl.edu/arcos/
disl_arcos_realtime_public_grafana,met,DISL_ARCOS_GSP,gsp,Gulf State Park Pier,,,coastal_context_if_hydro_available,quantum_radiation_umol_m2_s,562.2999877929688,umol/m2/s,2026-10-08T20:00:00+00:00,2026-10-09T02:28:42.645009+00:00,2026-10-09T02:28:42.645009+00:00,ARCOS_RANGE_CHECK_PASS,SOURCE_QC_NOT_EXPOSED_IN_PUBLIC_GRAFANA_FRAME,NOT_APPLICABLE,,NOT_FOUND_IN_CURRENT_RESEARCH_PASS,True,False,0.0,https://www.disl.edu/arcos/
disl_arcos_realtime_public_grafana,met,DISL_ARCOS_GSP,gsp,Gulf State Park Pier,,,coastal_context_if_hydro_available,relative_humidity_percent,82.4000015258789,%,2026-10-08T20:00:00+00:00,2026-10-09T02:28:42.645009+00:00,2026-10-09T02:28:42.645009+00:00,ARCOS_RANGE_CHECK_PASS,SOURCE_QC_NOT_EXPOSED_IN_PUBLIC_GRAFANA_FRAME,NOT_APPLICABLE,,NOT_FOUND_IN_CURRENT_RESEARCH_PASS,True,False,0.0,https://www.disl.edu/arcos/
disl_arcos_realtime_public_grafana,met,DISL_ARCOS_GSP,gsp,Gulf State Park Pier,,,coastal_context_if_hydro_available,solar_radiation_kw_m2,0.24400000274181366,kW/m2,2026-10-08T20:00:00+00:00,2026-10-09T02:28:42.645009+00:00,2026-10-09T02:28:42.645009+00:00,ARCOS_RANGE_CHECK_PASS,SOURCE_QC_NOT_EXPOSED_IN_PUBLIC_GRAFANA_FRAME,NOT_APPLICABLE,,NOT_FOUND_IN_CURRENT_RESEARCH_PASS,True,False,0.0,https://www.disl.edu/arcos/
disl_arcos_realtime_public_grafana,met,DISL_ARCOS_GSP,gsp,Gulf State Park Pier,,,coastal_context_if_hydro_available,wind_direction_deg,92.0999984741211,degree,2026-10-08T20:00:00+00:00,2026-10-09T02:28:42.645009+00:00,2026-10-09T02:28:42.645009+00:00,ARCOS_RANGE_CHECK_PASS,SOURCE_QC_NOT_EXPOSED_IN_PUBLIC_GRAFANA_FRAME,NOT_APPLICABLE,,NOT_FOUND_IN_CURRENT_RESEARCH_PASS,True,False,0.0,https://www.disl.edu/arcos/
disl_arcos_realtime_public_grafana,met,DISL_ARCOS_GSP,gsp,Gulf State Park Pier,,,coastal_context_if_hydro_available,wind_speed,13.920000076293945,kn,2026-10-08T20:00:00+00:00,2026-10-09T02:28:42.645009+00:00,2026-10-09T02:28:42.645009+00:00,NOT_RANGE_SCREENED,SOURCE_QC_NOT_EXPOSED_IN_PUBLIC_GRAFANA_FRAME,NOT_APPLICABLE,,NOT_FOUND_IN_CURRENT_RESEARCH_PASS,True,False,0.0,https://www.disl.edu/arcos/
disl_arcos_realtime_public_grafana,met,DISL_ARCOS_KC,kc,Katrina Cut,30.2583,-88.2131,western_bay_mouth_oxygen_context,air_temperature_c,26.6200008392334,degC,2026-10-08T20:00:00+00:00,2026-10-09T02:28:40.744126+00:00,2026-10-09T02:28:40.744126+00:00,ARCOS_RANGE_CHECK_PASS,SOURCE_QC_NOT_EXPOSED_IN_PUBLIC_GRAFANA_FRAME,NOT_APPLICABLE,0.5,HISTORICAL_ARCOS_OBSERVATION_GEOMETRY,True,False,0.0,https://www.disl.edu/arcos/
disl_arcos_realtime_public_grafana,met,DISL_ARCOS_KC,kc,Katrina Cut,30.2583,-88.2131,western_bay_mouth_oxygen_context,barometric_pressure_inhg,29.893409729003906,inHg,2026-10-08T20:00:00+00:00,2026-10-09T02:28:40.744126+00:00,2026-10-09T02:28:40.744126+00:00,ARCOS_RANGE_CHECK_PASS,SOURCE_QC_NOT_EXPOSED_IN_PUBLIC_GRAFANA_FRAME,NOT_APPLICABLE,0.5,HISTORICAL_ARCOS_OBSERVATION_GEOMETRY,True,False,0.0,https://www.disl.edu/arcos/
disl_arcos_realtime_public_grafana,met,DISL_ARCOS_KC,kc,Katrina Cut,30.2583,-88.2131,western_bay_mouth_oxygen_context,precipitation,0.0,mm,2026-10-08T20:00:00+00:00,2026-10-09T02:28:40.744126+00:00,2026-10-09T02:28:40.744126+00:00,NOT_RANGE_SCREENED,SOURCE_QC_NOT_EXPOSED_IN_PUBLIC_GRAFANA_FRAME,NOT_APPLICABLE,0.5,HISTORICAL_ARCOS_OBSERVATION_GEOMETRY,True,False,0.0,https://www.disl.edu/arcos/
disl_arcos_realtime_public_grafana,met,DISL_ARCOS_KC,kc,Katrina Cut,30.2583,-88.2131,western_bay_mouth_oxygen_context,quantum_radiation_umol_m2_s,535.7999877929688,umol/m2/s,2026-10-08T20:00:00+00:00,2026-10-09T02:28:40.744126+00:00,2026-10-09T02:28:40.744126+00:00,ARCOS_RANGE_CHECK_PASS,SOURCE_QC_NOT_EXPOSED_IN_PUBLIC_GRAFANA_FRAME,NOT_APPLICABLE,0.5,HISTORICAL_ARCOS_OBSERVATION_GEOMETRY,True,False,0.0,https://www.disl.edu/arcos/
disl_arcos_realtime_public_grafana,met,DISL_ARCOS_KC,kc,Katrina Cut,30.2583,-88.2131,western_bay_mouth_oxygen_context,relative_humidity_percent,87.80000305175781,%,2026-10-08T20:00:00+00:00,2026-10-09T02:28:40.744126+00:00,2026-10-09T02:28:40.744126+00:00,ARCOS_RANGE_CHECK_PASS,SOURCE_QC_NOT_EXPOSED_IN_PUBLIC_GRAFANA_FRAME,NOT_APPLICABLE,0.5,HISTORICAL_ARCOS_OBSERVATION_GEOMETRY,True,False,0.0,https://www.disl.edu/arcos/
disl_arcos_realtime_public_grafana,met,DISL_ARCOS_KC,kc,Katrina Cut,30.2583,-88.2131,western_bay_mouth_oxygen_context,solar_radiation_kw_m2,0.24199999868869781,kW/m2,2026-10-08T20:00:00+00:00,2026-10-09T02:28:40.744126+00:00,2026-10-09T02:28:40.744126+00:00,ARCOS_RANGE_CHECK_PASS,SOURCE_QC_NOT_EXPOSED_IN_PUBLIC_GRAFANA_FRAME,NOT_APPLICABLE,0.5,HISTORICAL_ARCOS_OBSERVATION_GEOMETRY,True,False,0.0,https://www.disl.edu/arcos/
disl_arcos_realtime_public_grafana,met,DISL_ARCOS_KC,kc,Katrina Cut,30.2583,-88.2131,western_bay_mouth_oxygen_context,wind_direction_deg,51.40999984741211,degree,2026-10-08T20:00:00+00:00,2026-10-09T02:28:40.744126+00:00,2026-10-09T02:28:40.744126+00:00,ARCOS_RANGE_CHECK_PASS,SOURCE_QC_NOT_EXPOSED_IN_PUBLIC_GRAFANA_FRAME,NOT_APPLICABLE,0.5,HISTORICAL_ARCOS_OBSERVATION_GEOMETRY,True,False,0.0,https://www.disl.edu/arcos/
disl_arcos_realtime_public_grafana,met,DISL_ARCOS_KC,kc,Katrina Cut,30.2583,-88.2131,western_bay_mouth_oxygen_context,wind_speed,26.899999618530273,kn,2026-10-08T20:00:00+00:00,2026-10-09T02:28:40.744126+00:00,2026-10-09T02:28:40.744126+00:00,NOT_RANGE_SCREENED,SOURCE_QC_NOT_EXPOSED_IN_PUBLIC_GRAFANA_FRAME,NOT_APPLICABLE,0.5,HISTORICAL_ARCOS_OBSERVATION_GEOMETRY,True,False,0.0,https://www.disl.edu/arcos/
disl_arcos_realtime_public_grafana,met,DISL_ARCOS_MP,mp,Meaher Park,30.667152,-87.936459,upper_bay_oxygen_loading_proxy,air_temperature_c,26.299999237060547,degC,2026-10-08T20:00:00+00:00,2026-10-09T02:28:39.047209+00:00,2026-10-09T02:28:39.047209+00:00,ARCOS_RANGE_CHECK_PASS,SOURCE_QC_NOT_EXPOSED_IN_PUBLIC_GRAFANA_FRAME,NOT_APPLICABLE,0.5,RECENT_2023_2025_EXO2_GEOMETRY,True,False,0.0,https://www.disl.edu/arcos/
disl_arcos_realtime_public_grafana,met,DISL_ARCOS_MP,mp,Meaher Park,30.667152,-87.936459,upper_bay_oxygen_loading_proxy,barometric_pressure_inhg,29.98550033569336,inHg,2026-10-08T20:00:00+00:00,2026-10-09T02:28:39.047209+00:00,2026-10-09T02:28:39.047209+00:00,ARCOS_RANGE_CHECK_PASS,SOURCE_QC_NOT_EXPOSED_IN_PUBLIC_GRAFANA_FRAME,NOT_APPLICABLE,0.5,RECENT_2023_2025_EXO2_GEOMETRY,True,False,0.0,https://www.disl.edu/arcos/
disl_arcos_realtime_public_grafana,met,DISL_ARCOS_MP,mp,Meaher Park,30.667152,-87.936459,upper_bay_oxygen_loading_proxy,precipitation,0.0,in,2026-10-08T20:00:00+00:00,2026-10-09T02:28:39.047209+00:00,2026-10-09T02:28:39.047209+00:00,NOT_RANGE_SCREENED,SOURCE_QC_NOT_EXPOSED_IN_PUBLIC_GRAFANA_FRAME,NOT_APPLICABLE,0.5,RECENT_2023_2025_EXO2_GEOMETRY,True,False,0.0,https://www.disl.edu/arcos/
disl_arcos_realtime_public_grafana,met,DISL_ARCOS_MP,mp,Meaher Park,30.667152,-87.936459,upper_bay_oxygen_loading_proxy,quantum_radiation_umol_m2_s,495.70001220703125,umol/m2/s,2026-10-08T20:00:00+00:00,2026-10-09T02:28:39.047209+00:00,2026-10-09T02:28:39.047209+00:00,ARCOS_RANGE_CHECK_PASS,SOURCE_QC_NOT_EXPOSED_IN_PUBLIC_GRAFANA_FRAME,NOT_APPLICABLE,0.5,RECENT_2023_2025_EXO2_GEOMETRY,True,False,0.0,https://www.disl.edu/arcos/
disl_arcos_realtime_public_grafana,met,DISL_ARCOS_MP,mp,Meaher Park,30.667152,-87.936459,upper_bay_oxygen_loading_proxy,relative_humidity_percent,74.30999755859375,%,2026-10-08T20:00:00+00:00,2026-10-09T02:28:39.047209+00:00,2026-10-09T02:28:39.047209+00:00,ARCOS_RANGE_CHECK_PASS,SOURCE_QC_NOT_EXPOSED_IN_PUBLIC_GRAFANA_FRAME,NOT_APPLICABLE,0.5,RECENT_2023_2025_EXO2_GEOMETRY,True,False,0.0,https://www.disl.edu/arcos/
disl_arcos_realtime_public_grafana,met,DISL_ARCOS_MP,mp,Meaher Park,30.667152,-87.936459,upper_bay_oxygen_loading_proxy,solar_radiation_kw_m2,0.23399999737739563,kW/m2,2026-10-08T20:00:00+00:00,2026-10-09T02:28:39.047209+00:00,2026-10-09T02:28:39.047209+00:00,ARCOS_RANGE_CHECK_PASS,SOURCE_QC_NOT_EXPOSED_IN_PUBLIC_GRAFANA_FRAME,NOT_APPLICABLE,0.5,RECENT_2023_2025_EXO2_GEOMETRY,True,False,0.0,https://www.disl.edu/arcos/
disl_arcos_realtime_public_grafana,met,DISL_ARCOS_MP,mp,Meaher Park,30.667152,-87.936459,upper_bay_oxygen_loading_proxy,wind_direction_deg,330.8999938964844,degree,2026-10-08T20:00:00+00:00,2026-10-09T02:28:39.047209+00:00,2026-10-09T02:28:39.047209+00:00,ARCOS_RANGE_CHECK_PASS,SOURCE_QC_NOT_EXPOSED_IN_PUBLIC_GRAFANA_FRAME,NOT_APPLICABLE,0.5,RECENT_2023_2025_EXO2_GEOMETRY,True,False,0.0,https://www.disl.edu/arcos/
disl_arcos_realtime_public_grafana,met,DISL_ARCOS_MP,mp,Meaher Park,30.667152,-87.936459,upper_bay_oxygen_loading_proxy,wind_speed,3.821000099182129,kn,2026-10-08T20:00:00+00:00,2026-10-09T02:28:39.047209+00:00,2026-10-09T02:28:39.047209+00:00,NOT_RANGE_SCREENED,SOURCE_QC_NOT_EXPOSED_IN_PUBLIC_GRAFANA_FRAME,NOT_APPLICABLE,0.5,RECENT_2023_2025_EXO2_GEOMETRY,True,False,0.0,https://www.disl.edu/arcos/
disl_arcos_realtime_public_grafana,met,DISL_ARCOS_PP,pp,Perdido Pass,30.2791,-87.5561,eastern_coastal_boundary_oxygen_context,air_temperature_c,30.639999389648438,degC,2026-10-08T20:00:00+00:00,2026-10-09T02:28:41.324994+00:00,2026-10-09T02:28:41.324994+00:00,ARCOS_RANGE_CHECK_PASS,SOURCE_QC_NOT_EXPOSED_IN_PUBLIC_GRAFANA_FRAME,NOT_APPLICABLE,0.5,HISTORICAL_NEAR_BOTTOM_GEOMETRY,True,False,0.0,https://www.disl.edu/arcos/
disl_arcos_realtime_public_grafana,met,DISL_ARCOS_PP,pp,Perdido Pass,30.2791,-87.5561,eastern_coastal_boundary_oxygen_context,barometric_pressure_inhg,29.899269104003906,inHg,2026-10-08T20:00:00+00:00,2026-10-09T02:28:41.324994+00:00,2026-10-09T02:28:41.324994+00:00,ARCOS_RANGE_CHECK_PASS,SOURCE_QC_NOT_EXPOSED_IN_PUBLIC_GRAFANA_FRAME,NOT_APPLICABLE,0.5,HISTORICAL_NEAR_BOTTOM_GEOMETRY,True,False,0.0,https://www.disl.edu/arcos/
disl_arcos_realtime_public_grafana,met,DISL_ARCOS_PP,pp,Perdido Pass,30.2791,-87.5561,eastern_coastal_boundary_oxygen_context,precipitation,0.0,mm,2026-10-08T20:00:00+00:00,2026-10-09T02:28:41.324994+00:00,2026-10-09T02:28:41.324994+00:00,NOT_RANGE_SCREENED,SOURCE_QC_NOT_EXPOSED_IN_PUBLIC_GRAFANA_FRAME,NOT_APPLICABLE,0.5,HISTORICAL_NEAR_BOTTOM_GEOMETRY,True,False,0.0,https://www.disl.edu/arcos/
disl_arcos_realtime_public_grafana,met,DISL_ARCOS_PP,pp,Perdido Pass,30.2791,-87.5561,eastern_coastal_boundary_oxygen_context,quantum_radiation_umol_m2_s,680.9000244140625,umol/m2/s,2026-10-08T20:00:00+00:00,2026-10-09T02:28:41.324994+00:00,2026-10-09T02:28:41.324994+00:00,ARCOS_RANGE_CHECK_PASS,SOURCE_QC_NOT_EXPOSED_IN_PUBLIC_GRAFANA_FRAME,NOT_APPLICABLE,0.5,HISTORICAL_NEAR_BOTTOM_GEOMETRY,True,False,0.0,https://www.disl.edu/arcos/
disl_arcos_realtime_public_grafana,met,DISL_ARCOS_PP,pp,Perdido Pass,30.2791,-87.5561,eastern_coastal_boundary_oxygen_context,relative_humidity_percent,72.02999877929688,%,2026-10-08T20:00:00+00:00,2026-10-09T02:28:41.324994+00:00,2026-10-09T02:28:41.324994+00:00,ARCOS_RANGE_CHECK_PASS,SOURCE_QC_NOT_EXPOSED_IN_PUBLIC_GRAFANA_FRAME,NOT_APPLICABLE,0.5,HISTORICAL_NEAR_BOTTOM_GEOMETRY,True,False,0.0,https://www.disl.edu/arcos/
disl_arcos_realtime_public_grafana,met,DISL_ARCOS_PP,pp,Perdido Pass,30.2791,-87.5561,eastern_coastal_boundary_oxygen_context,solar_radiation_kw_m2,0.2720000147819519,kW/m2,2026-10-08T20:00:00+00:00,2026-10-09T02:28:41.324994+00:00,2026-10-09T02:28:41.324994+00:00,ARCOS_RANGE_CHECK_PASS,SOURCE_QC_NOT_EXPOSED_IN_PUBLIC_GRAFANA_FRAME,NOT_APPLICABLE,0.5,HISTORICAL_NEAR_BOTTOM_GEOMETRY,True,False,0.0,https://www.disl.edu/arcos/
disl_arcos_realtime_public_grafana,met,DISL_ARCOS_PP,pp,Perdido Pass,30.2791,-87.5561,eastern_coastal_boundary_oxygen_context,wind_direction_deg,84.80000305175781,degree,2026-10-08T20:00:00+00:00,2026-10-09T02:28:41.324994+00:00,2026-10-09T02:28:41.324994+00:00,ARCOS_RANGE_CHECK_PASS,SOURCE_QC_NOT_EXPOSED_IN_PUBLIC_GRAFANA_FRAME,NOT_APPLICABLE,0.5,HISTORICAL_NEAR_BOTTOM_GEOMETRY,True,False,0.0,https://www.disl.edu/arcos/
disl_arcos_realtime_public_grafana,met,DISL_ARCOS_PP,pp,Perdido Pass,30.2791,-87.5561,eastern_coastal_boundary_oxygen_context,wind_speed,11.819999694824219,kn,2026-10-08T20:00:00+00:00,2026-10-09T02:28:41.324994+00:00,2026-10-09T02:28:41.324994+00:00,NOT_RANGE_SCREENED,SOURCE_QC_NOT_EXPOSED_IN_PUBLIC_GRAFANA_FRAME,NOT_APPLICABLE,0.5,HISTORICAL_NEAR_BOTTOM_GEOMETRY,True,False,0.0,https://www.disl.edu/arcos/
disl_arcos_realtime_public_grafana,met,DISL_ARCOS_BS,bs,Bon Secour,30.328767,-87.829267,southeast_bay_oxygen_loading_context,air_temperature_c,27.330666414896648,degC,2026-10-08T20:30:00+00:00,2026-10-09T02:28:41.830857+00:00,2026-10-09T02:28:41.830857+00:00,ARCOS_RANGE_CHECK_PASS,SOURCE_QC_NOT_EXPOSED_IN_PUBLIC_GRAFANA_FRAME,NOT_APPLICABLE,0.5,HISTORICAL_2019_ARCOS_OBSERVATION_GEOMETRY,True,False,0.0,https://www.disl.edu/arcos/
disl_arcos_realtime_public_grafana,met,DISL_ARCOS_BS,bs,Bon Secour,30.328767,-87.829267,southeast_bay_oxygen_loading_context,barometric_pressure_inhg,29.898580423990886,inHg,2026-10-08T20:30:00+00:00,2026-10-09T02:28:41.830857+00:00,2026-10-09T02:28:41.830857+00:00,ARCOS_RANGE_CHECK_PASS,SOURCE_QC_NOT_EXPOSED_IN_PUBLIC_GRAFANA_FRAME,NOT_APPLICABLE,0.5,HISTORICAL_2019_ARCOS_OBSERVATION_GEOMETRY,True,False,0.0,https://www.disl.edu/arcos/
disl_arcos_realtime_public_grafana,met,DISL_ARCOS_BS,bs,Bon Secour,30.328767,-87.829267,southeast_bay_oxygen_loading_context,precipitation,0.0,mm,2026-10-08T20:30:00+00:00,2026-10-09T02:28:41.830857+00:00,2026-10-09T02:28:41.830857+00:00,NOT_RANGE_SCREENED,SOURCE_QC_NOT_EXPOSED_IN_PUBLIC_GRAFANA_FRAME,NOT_APPLICABLE,0.5,HISTORICAL_2019_ARCOS_OBSERVATION_GEOMETRY,True,False,0.0,https://www.disl.edu/arcos/
disl_arcos_realtime_public_grafana,met,DISL_ARCOS_BS,bs,Bon Secour,30.328767,-87.829267,southeast_bay_oxygen_loading_context,quantum_radiation_umol_m2_s,331.59666697184247,umol/m2/s,2026-10-08T20:30:00+00:00,2026-10-09T02:28:41.830857+00:00,2026-10-09T02:28:41.830857+00:00,ARCOS_RANGE_CHECK_PASS,SOURCE_QC_NOT_EXPOSED_IN_PUBLIC_GRAFANA_FRAME,NOT_APPLICABLE,0.5,HISTORICAL_2019_ARCOS_OBSERVATION_GEOMETRY,True,False,0.0,https://www.disl.edu/arcos/
disl_arcos_realtime_public_grafana,met,DISL_ARCOS_BS,bs,Bon Secour,30.328767,-87.829267,southeast_bay_oxygen_loading_context,relative_humidity_percent,77.88866755167643,%,2026-10-08T20:30:00+00:00,2026-10-09T02:28:41.830857+00:00,2026-10-09T02:28:41.830857+00:00,ARCOS_RANGE_CHECK_PASS,SOURCE_QC_NOT_EXPOSED_IN_PUBLIC_GRAFANA_FRAME,NOT_APPLICABLE,0.5,HISTORICAL_2019_ARCOS_OBSERVATION_GEOMETRY,True,False,0.0,https://www.disl.edu/arcos/
disl_arcos_realtime_public_grafana,met,DISL_ARCOS_BS,bs,Bon Secour,30.328767,-87.829267,southeast_bay_oxygen_loading_context,solar_radiation_kw_m2,0.18876666575670242,kW/m2,2026-10-08T20:30:00+00:00,2026-10-09T02:28:41.830857+00:00,2026-10-09T02:28:41.830857+00:00,ARCOS_RANGE_CHECK_PASS,SOURCE_QC_NOT_EXPOSED_IN_PUBLIC_GRAFANA_FRAME,NOT_APPLICABLE,0.5,HISTORICAL_2019_ARCOS_OBSERVATION_GEOMETRY,True,False,0.0,https://www.disl.edu/arcos/
disl_arcos_realtime_public_grafana,met,DISL_ARCOS_BS,bs,Bon Secour,30.328767,-87.829267,southeast_bay_oxygen_loading_context,wind_direction_deg,42.691364358103364,degree,2026-10-08T20:30:00+00:00,2026-10-09T02:28:41.830857+00:00,2026-10-09T02:28:41.830857+00:00,ARCOS_RANGE_CHECK_PASS,SOURCE_QC_NOT_EXPOSED_IN_PUBLIC_GRAFANA_FRAME,NOT_APPLICABLE,0.5,HISTORICAL_2019_ARCOS_OBSERVATION_GEOMETRY,True,False,0.0,https://www.disl.edu/arcos/
disl_arcos_realtime_public_grafana,met,DISL_ARCOS_BS,bs,Bon Secour,30.328767,-87.829267,southeast_bay_oxygen_loading_context,wind_speed,11.899666595458985,kn,2026-10-08T20:30:00+00:00,2026-10-09T02:28:41.830857+00:00,2026-10-09T02:28:41.830857+00:00,NOT_RANGE_SCREENED,SOURCE_QC_NOT_EXPOSED_IN_PUBLIC_GRAFANA_FRAME,NOT_APPLICABLE,0.5,HISTORICAL_2019_ARCOS_OBSERVATION_GEOMETRY,True,False,0.0,https://www.disl.edu/arcos/
disl_arcos_realtime_public_grafana,met,DISL_ARCOS_BSP,bsp,Battleship Park,30.682697,-88.012211,upper_bay_oxygen_loading_context,air_temperature_c,27.09866625467936,degC,2026-10-08T20:30:00+00:00,2026-10-09T02:28:42.233975+00:00,2026-10-09T02:28:42.233975+00:00,ARCOS_RANGE_CHECK_PASS,SOURCE_QC_NOT_EXPOSED_IN_PUBLIC_GRAFANA_FRAME,NOT_APPLICABLE,0.5,RECENT_2023_2025_EXO2_GEOMETRY,True,False,0.0,https://www.disl.edu/arcos/
disl_arcos_realtime_public_grafana,met,DISL_ARCOS_BSP,bsp,Battleship Park,30.682697,-88.012211,upper_bay_oxygen_loading_context,barometric_pressure_inhg,29.901695887247723,inHg,2026-10-08T20:30:00+00:00,2026-10-09T02:28:42.233975+00:00,2026-10-09T02:28:42.233975+00:00,ARCOS_RANGE_CHECK_PASS,SOURCE_QC_NOT_EXPOSED_IN_PUBLIC_GRAFANA_FRAME,NOT_APPLICABLE,0.5,RECENT_2023_2025_EXO2_GEOMETRY,True,False,0.0,https://www.disl.edu/arcos/
disl_arcos_realtime_public_grafana,met,DISL_ARCOS_BSP,bsp,Battleship Park,30.682697,-88.012211,upper_bay_oxygen_loading_context,precipitation,0.0,in,2026-10-08T20:30:00+00:00,2026-10-09T02:28:42.233975+00:00,2026-10-09T02:28:42.233975+00:00,NOT_RANGE_SCREENED,SOURCE_QC_NOT_EXPOSED_IN_PUBLIC_GRAFANA_FRAME,NOT_APPLICABLE,0.5,RECENT_2023_2025_EXO2_GEOMETRY,True,False,0.0,https://www.disl.edu/arcos/
disl_arcos_realtime_public_grafana,met,DISL_ARCOS_BSP,bsp,Battleship Park,30.682697,-88.012211,upper_bay_oxygen_loading_context,quantum_radiation_umol_m2_s,507.3800028483073,umol/m2/s,2026-10-08T20:30:00+00:00,2026-10-09T02:28:42.233975+00:00,2026-10-09T02:28:42.233975+00:00,ARCOS_RANGE_CHECK_PASS,SOURCE_QC_NOT_EXPOSED_IN_PUBLIC_GRAFANA_FRAME,NOT_APPLICABLE,0.5,RECENT_2023_2025_EXO2_GEOMETRY,True,False,0.0,https://www.disl.edu/arcos/
disl_arcos_realtime_public_grafana,met,DISL_ARCOS_BSP,bsp,Battleship Park,30.682697,-88.012211,upper_bay_oxygen_loading_context,relative_humidity_percent,80.22433293660482,%,2026-10-08T20:30:00+00:00,2026-10-09T02:28:42.233975+00:00,2026-10-09T02:28:42.233975+00:00,ARCOS_RANGE_CHECK_PASS,SOURCE_QC_NOT_EXPOSED_IN_PUBLIC_GRAFANA_FRAME,NOT_APPLICABLE,0.5,RECENT_2023_2025_EXO2_GEOMETRY,True,False,0.0,https://www.disl.edu/arcos/
disl_arcos_realtime_public_grafana,met,DISL_ARCOS_BSP,bsp,Battleship Park,30.682697,-88.012211,upper_bay_oxygen_loading_context,solar_radiation_kw_m2,0.22170000076293944,kW/m2,2026-10-08T20:30:00+00:00,2026-10-09T02:28:42.233975+00:00,2026-10-09T02:28:42.233975+00:00,ARCOS_RANGE_CHECK_PASS,SOURCE_QC_NOT_EXPOSED_IN_PUBLIC_GRAFANA_FRAME,NOT_APPLICABLE,0.5,RECENT_2023_2025_EXO2_GEOMETRY,True,False,0.0,https://www.disl.edu/arcos/
disl_arcos_realtime_public_grafana,met,DISL_ARCOS_BSP,bsp,Battleship Park,30.682697,-88.012211,upper_bay_oxygen_loading_context,wind_direction_deg,53.07351827796155,degree,2026-10-08T20:30:00+00:00,2026-10-09T02:28:42.233975+00:00,2026-10-09T02:28:42.233975+00:00,ARCOS_RANGE_CHECK_PASS,SOURCE_QC_NOT_EXPOSED_IN_PUBLIC_GRAFANA_FRAME,NOT_APPLICABLE,0.5,RECENT_2023_2025_EXO2_GEOMETRY,True,False,0.0,https://www.disl.edu/arcos/
disl_arcos_realtime_public_grafana,met,DISL_ARCOS_BSP,bsp,Battleship Park,30.682697,-88.012211,upper_bay_oxygen_loading_context,wind_speed,15.209000047047933,kn,2026-10-08T20:30:00+00:00,2026-10-09T02:28:42.233975+00:00,2026-10-09T02:28:42.233975+00:00,NOT_RANGE_SCREENED,SOURCE_QC_NOT_EXPOSED_IN_PUBLIC_GRAFANA_FRAME,NOT_APPLICABLE,0.5,RECENT_2023_2025_EXO2_GEOMETRY,True,False,0.0,https://www.disl.edu/arcos/
disl_arcos_realtime_public_grafana,hydro,DISL_ARCOS_CP,cp,Cedar Point,30.30845,-88.139533,lower_bay_west_boundary_oxygen_context,depth_field_m,1.8899999856948853,m,2026-10-08T20:30:00+00:00,2026-10-09T02:28:39.420240+00:00,2026-10-09T02:28:39.420240+00:00,SOURCE_QC_NOT_EXPOSED,SOURCE_QC_NOT_EXPOSED_IN_PUBLIC_GRAFANA_FRAME,UNKNOWN_GEOMETRY_DO_NOT_USE_FOR_BOTTOM_CLASSIFICATION,,NOT_FOUND_IN_CURRENT_RESEARCH_PASS,True,False,0.0,https://www.disl.edu/arcos/
disl_arcos_realtime_public_grafana,hydro,DISL_ARCOS_CP,cp,Cedar Point,30.30845,-88.139533,lower_bay_west_boundary_oxygen_context,dissolved_oxygen_mg_l,7.300000190734863,mg/L,2026-10-08T20:30:00+00:00,2026-10-09T02:28:39.420240+00:00,2026-10-09T02:28:39.420240+00:00,ARCOS_RANGE_CHECK_PASS,SOURCE_QC_NOT_EXPOSED_IN_PUBLIC_GRAFANA_FRAME,UNKNOWN_GEOMETRY_DO_NOT_USE_FOR_BOTTOM_CLASSIFICATION,,NOT_FOUND_IN_CURRENT_RESEARCH_PASS,True,False,0.0,https://www.disl.edu/arcos/
disl_arcos_realtime_public_grafana,hydro,DISL_ARCOS_CP,cp,Cedar Point,30.30845,-88.139533,lower_bay_west_boundary_oxygen_context,dissolved_oxygen_percent,99.69999694824219,%,2026-10-08T20:30:00+00:00,2026-10-09T02:28:39.420240+00:00,2026-10-09T02:28:39.420240+00:00,ARCOS_RANGE_CHECK_PASS,SOURCE_QC_NOT_EXPOSED_IN_PUBLIC_GRAFANA_FRAME,UNKNOWN_GEOMETRY_DO_NOT_USE_FOR_BOTTOM_CLASSIFICATION,,NOT_FOUND_IN_CURRENT_RESEARCH_PASS,True,False,0.0,https://www.disl.edu/arcos/
disl_arcos_realtime_public_grafana,hydro,DISL_ARCOS_CP,cp,Cedar Point,30.30845,-88.139533,lower_bay_west_boundary_oxygen_context,pressure_psi,2.7100000381469727,psi,2026-10-08T20:30:00+00:00,2026-10-09T02:28:39.420240+00:00,2026-10-09T02:28:39.420240+00:00,NOT_RANGE_SCREENED,SOURCE_QC_NOT_EXPOSED_IN_PUBLIC_GRAFANA_FRAME,UNKNOWN_GEOMETRY_DO_NOT_USE_FOR_BOTTOM_CLASSIFICATION,,NOT_FOUND_IN_CURRENT_RESEARCH_PASS,True,False,0.0,https://www.disl.edu/arcos/
disl_arcos_realtime_public_grafana,hydro,DISL_ARCOS_CP,cp,Cedar Point,30.30845,-88.139533,lower_bay_west_boundary_oxygen_context,salinity_psu,18.729999542236328,PSU,2026-10-08T20:30:00+00:00,2026-10-09T02:28:39.420240+00:00,2026-10-09T02:28:39.420240+00:00,ARCOS_RANGE_CHECK_PASS,SOURCE_QC_NOT_EXPOSED_IN_PUBLIC_GRAFANA_FRAME,UNKNOWN_GEOMETRY_DO_NOT_USE_FOR_BOTTOM_CLASSIFICATION,,NOT_FOUND_IN_CURRENT_RESEARCH_PASS,True,False,0.0,https://www.disl.edu/arcos/
disl_arcos_realtime_public_grafana,hydro,DISL_ARCOS_CP,cp,Cedar Point,30.30845,-88.139533,lower_bay_west_boundary_oxygen_context,turbidity_fnu,190.5,FNU,2026-10-08T20:30:00+00:00,2026-10-09T02:28:39.420240+00:00,2026-10-09T02:28:39.420240+00:00,ARCOS_RANGE_CHECK_PASS,SOURCE_QC_NOT_EXPOSED_IN_PUBLIC_GRAFANA_FRAME,UNKNOWN_GEOMETRY_DO_NOT_USE_FOR_BOTTOM_CLASSIFICATION,,NOT_FOUND_IN_CURRENT_RESEARCH_PASS,True,False,0.0,https://www.disl.edu/arcos/
disl_arcos_realtime_public_grafana,hydro,DISL_ARCOS_CP,cp,Cedar Point,30.30845,-88.139533,lower_bay_west_boundary_oxygen_context,water_temperature_c,25.850000381469727,degC,2026-10-08T20:30:00+00:00,2026-10-09T02:28:39.420240+00:00,2026-10-09T02:28:39.420240+00:00,ARCOS_RANGE_CHECK_PASS,SOURCE_QC_NOT_EXPOSED_IN_PUBLIC_GRAFANA_FRAME,UNKNOWN_GEOMETRY_DO_NOT_USE_FOR_BOTTOM_CLASSIFICATION,,NOT_FOUND_IN_CURRENT_RESEARCH_PASS,True,False,0.0,https://www.disl.edu/arcos/
disl_arcos_realtime_public_grafana,met,DISL_ARCOS_CP,cp,Cedar Point,30.30845,-88.139533,lower_bay_west_boundary_oxygen_context,air_temperature_c,26.212666765848795,degC,2026-10-08T20:30:00+00:00,2026-10-09T02:28:39.708368+00:00,2026-10-09T02:28:39.708368+00:00,ARCOS_RANGE_CHECK_PASS,SOURCE_QC_NOT_EXPOSED_IN_PUBLIC_GRAFANA_FRAME,NOT_APPLICABLE,,NOT_FOUND_IN_CURRENT_RESEARCH_PASS,True,False,0.0,https://www.disl.edu/arcos/
disl_arcos_realtime_public_grafana,met,DISL_ARCOS_CP,cp,Cedar Point,30.30845,-88.139533,lower_bay_west_boundary_oxygen_context,barometric_pressure_inhg,29.873848088582356,inHg,2026-10-08T20:30:00+00:00,2026-10-09T02:28:39.708368+00:00,2026-10-09T02:28:39.708368+00:00,ARCOS_RANGE_CHECK_PASS,SOURCE_QC_NOT_EXPOSED_IN_PUBLIC_GRAFANA_FRAME,NOT_APPLICABLE,,NOT_FOUND_IN_CURRENT_RESEARCH_PASS,True,False,0.0,https://www.disl.edu/arcos/
disl_arcos_realtime_public_grafana,met,DISL_ARCOS_CP,cp,Cedar Point,30.30845,-88.139533,lower_bay_west_boundary_oxygen_context,precipitation,0.0,mm,2026-10-08T20:30:00+00:00,2026-10-09T02:28:39.708368+00:00,2026-10-09T02:28:39.708368+00:00,NOT_RANGE_SCREENED,SOURCE_QC_NOT_EXPOSED_IN_PUBLIC_GRAFANA_FRAME,NOT_APPLICABLE,,NOT_FOUND_IN_CURRENT_RESEARCH_PASS,True,False,0.0,https://www.disl.edu/arcos/
disl_arcos_realtime_public_grafana,met,DISL_ARCOS_CP,cp,Cedar Point,30.30845,-88.139533,lower_bay_west_boundary_oxygen_context,quantum_radiation_umol_m2_s,466.89666646321615,umol/m2/s,2026-10-08T20:30:00+00:00,2026-10-09T02:28:39.708368+00:00,2026-10-09T02:28:39.708368+00:00,ARCOS_RANGE_CHECK_PASS,SOURCE_QC_NOT_EXPOSED_IN_PUBLIC_GRAFANA_FRAME,NOT_APPLICABLE,,NOT_FOUND_IN_CURRENT_RESEARCH_PASS,True,False,0.0,https://www.disl.edu/arcos/
disl_arcos_realtime_public_grafana,met,DISL_ARCOS_CP,cp,Cedar Point,30.30845,-88.139533,lower_bay_west_boundary_oxygen_context,relative_humidity_percent,76.91599985758464,%,2026-10-08T20:30:00+00:00,2026-10-09T02:28:39.708368+00:00,2026-10-09T02:28:39.708368+00:00,ARCOS_RANGE_CHECK_PASS,SOURCE_QC_NOT_EXPOSED_IN_PUBLIC_GRAFANA_FRAME,NOT_APPLICABLE,,NOT_FOUND_IN_CURRENT_RESEARCH_PASS,True,False,0.0,https://www.disl.edu/arcos/
disl_arcos_realtime_public_grafana,met,DISL_ARCOS_CP,cp,Cedar Point,30.30845,-88.139533,lower_bay_west_boundary_oxygen_context,solar_radiation_kw_m2,0.1944333329796791,kW/m2,2026-10-08T20:30:00+00:00,2026-10-09T02:28:39.708368+00:00,2026-10-09T02:28:39.708368+00:00,ARCOS_RANGE_CHECK_PASS,SOURCE_QC_NOT_EXPOSED_IN_PUBLIC_GRAFANA_FRAME,NOT_APPLICABLE,,NOT_FOUND_IN_CURRENT_RESEARCH_PASS,True,False,0.0,https://www.disl.edu/arcos/
disl_arcos_realtime_public_grafana,met,DISL_ARCOS_CP,cp,Cedar Point,30.30845,-88.139533,lower_bay_west_boundary_oxygen_context,wind_direction_deg,32.53321584763903,degree,2026-10-08T20:30:00+00:00,2026-10-09T02:28:39.708368+00:00,2026-10-09T02:28:39.708368+00:00,ARCOS_RANGE_CHECK_PASS,SOURCE_QC_NOT_EXPOSED_IN_PUBLIC_GRAFANA_FRAME,NOT_APPLICABLE,,NOT_FOUND_IN_CURRENT_RESEARCH_PASS,True,False,0.0,https://www.disl.edu/arcos/
disl_arcos_realtime_public_grafana,met,DISL_ARCOS_CP,cp,Cedar Point,30.30845,-88.139533,lower_bay_west_boundary_oxygen_context,wind_speed,13.238666661580403,kn,2026-10-08T20:30:00+00:00,2026-10-09T02:28:39.708368+00:00,2026-10-09T02:28:39.708368+00:00,NOT_RANGE_SCREENED,SOURCE_QC_NOT_EXPOSED_IN_PUBLIC_GRAFANA_FRAME,NOT_APPLICABLE,,NOT_FOUND_IN_CURRENT_RESEARCH_PASS,True,False,0.0,https://www.disl.edu/arcos/
disl_arcos_realtime_public_grafana,met,DISL_ARCOS_GSP,gsp,Gulf State Park Pier,,,coastal_context_if_hydro_available,air_temperature_c,27.203333791097005,degC,2026-10-08T20:30:00+00:00,2026-10-09T02:28:42.645009+00:00,2026-10-09T02:28:42.645009+00:00,ARCOS_RANGE_CHECK_PASS,SOURCE_QC_NOT_EXPOSED_IN_PUBLIC_GRAFANA_FRAME,NOT_APPLICABLE,,NOT_FOUND_IN_CURRENT_RESEARCH_PASS,True,False,0.0,https://www.disl.edu/arcos/
disl_arcos_realtime_public_grafana,met,DISL_ARCOS_GSP,gsp,Gulf State Park Pier,,,coastal_context_if_hydro_available,barometric_pressure_inhg,29.85788199106852,inHg,2026-10-08T20:30:00+00:00,2026-10-09T02:28:42.645009+00:00,2026-10-09T02:28:42.645009+00:00,ARCOS_RANGE_CHECK_PASS,SOURCE_QC_NOT_EXPOSED_IN_PUBLIC_GRAFANA_FRAME,NOT_APPLICABLE,,NOT_FOUND_IN_CURRENT_RESEARCH_PASS,True,False,0.0,https://www.disl.edu/arcos/
disl_arcos_realtime_public_grafana,met,DISL_ARCOS_GSP,gsp,Gulf State Park Pier,,,coastal_context_if_hydro_available,precipitation,0.0,mm,2026-10-08T20:30:00+00:00,2026-10-09T02:28:42.645009+00:00,2026-10-09T02:28:42.645009+00:00,NOT_RANGE_SCREENED,SOURCE_QC_NOT_EXPOSED_IN_PUBLIC_GRAFANA_FRAME,NOT_APPLICABLE,,NOT_FOUND_IN_CURRENT_RESEARCH_PASS,True,False,0.0,https://www.disl.edu/arcos/
disl_arcos_realtime_public_grafana,met,DISL_ARCOS_GSP,gsp,Gulf State Park Pier,,,coastal_context_if_hydro_available,quantum_radiation_umol_m2_s,482.373334757487,umol/m2/s,2026-10-08T20:30:00+00:00,2026-10-09T02:28:42.645009+00:00,2026-10-09T02:28:42.645009+00:00,ARCOS_RANGE_CHECK_PASS,SOURCE_QC_NOT_EXPOSED_IN_PUBLIC_GRAFANA_FRAME,NOT_APPLICABLE,,NOT_FOUND_IN_CURRENT_RESEARCH_PASS,True,False,0.0,https://www.disl.edu/arcos/
disl_arcos_realtime_public_grafana,met,DISL_ARCOS_GSP,gsp,Gulf State Park Pier,,,coastal_context_if_hydro_available,relative_humidity_percent,81.95333353678386,%,2026-10-08T20:30:00+00:00,2026-10-09T02:28:42.645009+00:00,2026-10-09T02:28:42.645009+00:00,ARCOS_RANGE_CHECK_PASS,SOURCE_QC_NOT_EXPOSED_IN_PUBLIC_GRAFANA_FRAME,NOT_APPLICABLE,,NOT_FOUND_IN_CURRENT_RESEARCH_PASS,True,False,0.0,https://www.disl.edu/arcos/
disl_arcos_realtime_public_grafana,met,DISL_ARCOS_GSP,gsp,Gulf State Park Pier,,,coastal_context_if_hydro_available,solar_radiation_kw_m2,0.21099999994039537,kW/m2,2026-10-08T20:30:00+00:00,2026-10-09T02:28:42.645009+00:00,2026-10-09T02:28:42.645009+00:00,ARCOS_RANGE_CHECK_PASS,SOURCE_QC_NOT_EXPOSED_IN_PUBLIC_GRAFANA_FRAME,NOT_APPLICABLE,,NOT_FOUND_IN_CURRENT_RESEARCH_PASS,True,False,0.0,https://www.disl.edu/arcos/
disl_arcos_realtime_public_grafana,met,DISL_ARCOS_GSP,gsp,Gulf State Park Pier,,,coastal_context_if_hydro_available,wind_direction_deg,85.54686604929933,degree,2026-10-08T20:30:00+00:00,2026-10-09T02:28:42.645009+00:00,2026-10-09T02:28:42.645009+00:00,ARCOS_RANGE_CHECK_PASS,SOURCE_QC_NOT_EXPOSED_IN_PUBLIC_GRAFANA_FRAME,NOT_APPLICABLE,,NOT_FOUND_IN_CURRENT_RESEARCH_PASS,True,False,0.0,https://www.disl.edu/arcos/
disl_arcos_realtime_public_grafana,met,DISL_ARCOS_GSP,gsp,Gulf State Park Pier,,,coastal_context_if_hydro_available,wind_speed,10.884966611862183,kn,2026-10-08T20:30:00+00:00,2026-10-09T02:28:42.645009+00:00,2026-10-09T02:28:42.645009+00:00,NOT_RANGE_SCREENED,SOURCE_QC_NOT_EXPOSED_IN_PUBLIC_GRAFANA_FRAME,NOT_APPLICABLE,,NOT_FOUND_IN_CURRENT_RESEARCH_PASS,True,False,0.0,https://www.disl.edu/arcos/
disl_arcos_realtime_public_grafana,hydro,DISL_ARCOS_KC,kc,Katrina Cut,30.2583,-88.2131,western_bay_mouth_oxygen_context,depth_field_m,4.061999797821045,m,2026-10-08T20:30:00+00:00,2026-10-09T02:28:40.542948+00:00,2026-10-09T02:28:40.542948+00:00,SOURCE_QC_NOT_EXPOSED,SOURCE_QC_NOT_EXPOSED_IN_PUBLIC_GRAFANA_FRAME,UNKNOWN_GEOMETRY_DO_NOT_USE_FOR_BOTTOM_CLASSIFICATION,0.5,HISTORICAL_ARCOS_OBSERVATION_GEOMETRY,True,False,0.0,https://www.disl.edu/arcos/
disl_arcos_realtime_public_grafana,hydro,DISL_ARCOS_KC,kc,Katrina Cut,30.2583,-88.2131,western_bay_mouth_oxygen_context,dissolved_oxygen_mg_l,6.849999904632568,mg/L,2026-10-08T20:30:00+00:00,2026-10-09T02:28:40.542948+00:00,2026-10-09T02:28:40.542948+00:00,ARCOS_RANGE_CHECK_PASS,SOURCE_QC_NOT_EXPOSED_IN_PUBLIC_GRAFANA_FRAME,UNKNOWN_GEOMETRY_DO_NOT_USE_FOR_BOTTOM_CLASSIFICATION,0.5,HISTORICAL_ARCOS_OBSERVATION_GEOMETRY,True,False,0.0,https://www.disl.edu/arcos/
disl_arcos_realtime_public_grafana,hydro,DISL_ARCOS_KC,kc,Katrina Cut,30.2583,-88.2131,western_bay_mouth_oxygen_context,dissolved_oxygen_percent,97.19999694824219,%,2026-10-08T20:30:00+00:00,2026-10-09T02:28:40.542948+00:00,2026-10-09T02:28:40.542948+00:00,ARCOS_RANGE_CHECK_PASS,SOURCE_QC_NOT_EXPOSED_IN_PUBLIC_GRAFANA_FRAME,UNKNOWN_GEOMETRY_DO_NOT_USE_FOR_BOTTOM_CLASSIFICATION,0.5,HISTORICAL_ARCOS_OBSERVATION_GEOMETRY,True,False,0.0,https://www.disl.edu/arcos/
disl_arcos_realtime_public_grafana,hydro,DISL_ARCOS_KC,kc,Katrina Cut,30.2583,-88.2131,western_bay_mouth_oxygen_context,pressure_psi,5.849999904632568,psi,2026-10-08T20:30:00+00:00,2026-10-09T02:28:40.542948+00:00,2026-10-09T02:28:40.542948+00:00,NOT_RANGE_SCREENED,SOURCE_QC_NOT_EXPOSED_IN_PUBLIC_GRAFANA_FRAME,UNKNOWN_GEOMETRY_DO_NOT_USE_FOR_BOTTOM_CLASSIFICATION,0.5,HISTORICAL_ARCOS_OBSERVATION_GEOMETRY,True,False,0.0,https://www.disl.edu/arcos/
disl_arcos_realtime_public_grafana,hydro,DISL_ARCOS_KC,kc,Katrina Cut,30.2583,-88.2131,western_bay_mouth_oxygen_context,salinity_psu,24.809999465942383,PSU,2026-10-08T20:30:00+00:00,2026-10-09T02:28:40.542948+00:00,2026-10-09T02:28:40.542948+00:00,ARCOS_RANGE_CHECK_PASS,SOURCE_QC_NOT_EXPOSED_IN_PUBLIC_GRAFANA_FRAME,UNKNOWN_GEOMETRY_DO_NOT_USE_FOR_BOTTOM_CLASSIFICATION,0.5,HISTORICAL_ARCOS_OBSERVATION_GEOMETRY,True,False,0.0,https://www.disl.edu/arcos/
disl_arcos_realtime_public_grafana,hydro,DISL_ARCOS_KC,kc,Katrina Cut,30.2583,-88.2131,western_bay_mouth_oxygen_context,turbidity_fnu,12.279999732971191,FNU,2026-10-08T20:30:00+00:00,2026-10-09T02:28:40.542948+00:00,2026-10-09T02:28:40.542948+00:00,ARCOS_RANGE_CHECK_PASS,SOURCE_QC_NOT_EXPOSED_IN_PUBLIC_GRAFANA_FRAME,UNKNOWN_GEOMETRY_DO_NOT_USE_FOR_BOTTOM_CLASSIFICATION,0.5,HISTORICAL_ARCOS_OBSERVATION_GEOMETRY,True,False,0.0,https://www.disl.edu/arcos/
disl_arcos_realtime_public_grafana,hydro,DISL_ARCOS_KC,kc,Katrina Cut,30.2583,-88.2131,western_bay_mouth_oxygen_context,water_temperature_c,26.079999923706055,degC,2026-10-08T20:30:00+00:00,2026-10-09T02:28:40.542948+00:00,2026-10-09T02:28:40.542948+00:00,ARCOS_RANGE_CHECK_PASS,SOURCE_QC_NOT_EXPOSED_IN_PUBLIC_GRAFANA_FRAME,UNKNOWN_GEOMETRY_DO_NOT_USE_FOR_BOTTOM_CLASSIFICATION,0.5,HISTORICAL_ARCOS_OBSERVATION_GEOMETRY,True,False,0.0,https://www.disl.edu/arcos/
disl_arcos_realtime_public_grafana,met,DISL_ARCOS_KC,kc,Katrina Cut,30.2583,-88.2131,western_bay_mouth_oxygen_context,air_temperature_c,26.546333185831706,degC,2026-10-08T20:30:00+00:00,2026-10-09T02:28:40.744126+00:00,2026-10-09T02:28:40.744126+00:00,ARCOS_RANGE_CHECK_PASS,SOURCE_QC_NOT_EXPOSED_IN_PUBLIC_GRAFANA_FRAME,NOT_APPLICABLE,0.5,HISTORICAL_ARCOS_OBSERVATION_GEOMETRY,True,False,0.0,https://www.disl.edu/arcos/
disl_arcos_realtime_public_grafana,met,DISL_ARCOS_KC,kc,Katrina Cut,30.2583,-88.2131,western_bay_mouth_oxygen_context,barometric_pressure_inhg,29.89274457295736,inHg,2026-10-08T20:30:00+00:00,2026-10-09T02:28:40.744126+00:00,2026-10-09T02:28:40.744126+00:00,ARCOS_RANGE_CHECK_PASS,SOURCE_QC_NOT_EXPOSED_IN_PUBLIC_GRAFANA_FRAME,NOT_APPLICABLE,0.5,HISTORICAL_ARCOS_OBSERVATION_GEOMETRY,True,False,0.0,https://www.disl.edu/arcos/
disl_arcos_realtime_public_grafana,met,DISL_ARCOS_KC,kc,Katrina Cut,30.2583,-88.2131,western_bay_mouth_oxygen_context,precipitation,0.0,mm,2026-10-08T20:30:00+00:00,2026-10-09T02:28:40.744126+00:00,2026-10-09T02:28:40.744126+00:00,NOT_RANGE_SCREENED,SOURCE_QC_NOT_EXPOSED_IN_PUBLIC_GRAFANA_FRAME,NOT_APPLICABLE,0.5,HISTORICAL_ARCOS_OBSERVATION_GEOMETRY,True,False,0.0,https://www.disl.edu/arcos/
disl_arcos_realtime_public_grafana,met,DISL_ARCOS_KC,kc,Katrina Cut,30.2583,-88.2131,western_bay_mouth_oxygen_context,quantum_radiation_umol_m2_s,450.97667032877604,umol/m2/s,2026-10-08T20:30:00+00:00,2026-10-09T02:28:40.744126+00:00,2026-10-09T02:28:40.744126+00:00,ARCOS_RANGE_CHECK_PASS,SOURCE_QC_NOT_EXPOSED_IN_PUBLIC_GRAFANA_FRAME,NOT_APPLICABLE,0.5,HISTORICAL_ARCOS_OBSERVATION_GEOMETRY,True,False,0.0,https://www.disl.edu/arcos/
disl_arcos_realtime_public_grafana,met,DISL_ARCOS_KC,kc,Katrina Cut,30.2583,-88.2131,western_bay_mouth_oxygen_context,relative_humidity_percent,87.07666651407878,%,2026-10-08T20:30:00+00:00,2026-10-09T02:28:40.744126+00:00,2026-10-09T02:28:40.744126+00:00,ARCOS_RANGE_CHECK_PASS,SOURCE_QC_NOT_EXPOSED_IN_PUBLIC_GRAFANA_FRAME,NOT_APPLICABLE,0.5,HISTORICAL_ARCOS_OBSERVATION_GEOMETRY,True,False,0.0,https://www.disl.edu/arcos/
disl_arcos_realtime_public_grafana,met,DISL_ARCOS_KC,kc,Katrina Cut,30.2583,-88.2131,western_bay_mouth_oxygen_context,solar_radiation_kw_m2,0.20153333495060602,kW/m2,2026-10-08T20:30:00+00:00,2026-10-09T02:28:40.744126+00:00,2026-10-09T02:28:40.744126+00:00,ARCOS_RANGE_CHECK_PASS,SOURCE_QC_NOT_EXPOSED_IN_PUBLIC_GRAFANA_FRAME,NOT_APPLICABLE,0.5,HISTORICAL_ARCOS_OBSERVATION_GEOMETRY,True,False,0.0,https://www.disl.edu/arcos/
disl_arcos_realtime_public_grafana,met,DISL_ARCOS_KC,kc,Katrina Cut,30.2583,-88.2131,western_bay_mouth_oxygen_context,wind_direction_deg,45.02412542031743,degree,2026-10-08T20:30:00+00:00,2026-10-09T02:28:40.744126+00:00,2026-10-09T02:28:40.744126+00:00,ARCOS_RANGE_CHECK_PASS,SOURCE_QC_NOT_EXPOSED_IN_PUBLIC_GRAFANA_FRAME,NOT_APPLICABLE,0.5,HISTORICAL_ARCOS_OBSERVATION_GEOMETRY,True,False,0.0,https://www.disl.edu/arcos/
disl_arcos_realtime_public_grafana,met,DISL_ARCOS_KC,kc,Katrina Cut,30.2583,-88.2131,western_bay_mouth_oxygen_context,wind_speed,28.99366658528646,kn,2026-10-08T20:30:00+00:00,2026-10-09T02:28:40.744126+00:00,2026-10-09T02:28:40.744126+00:00,NOT_RANGE_SCREENED,SOURCE_QC_NOT_EXPOSED_IN_PUBLIC_GRAFANA_FRAME,NOT_APPLICABLE,0.5,HISTORICAL_ARCOS_OBSERVATION_GEOMETRY,True,False,0.0,https://www.disl.edu/arcos/
disl_arcos_realtime_public_grafana,hydro,DISL_ARCOS_MP,mp,Meaher Park,30.667152,-87.936459,upper_bay_oxygen_loading_proxy,depth_field_m,0.0,m,2026-10-08T20:30:00+00:00,2026-10-09T02:28:38.811269+00:00,2026-10-09T02:28:38.811269+00:00,SOURCE_QC_NOT_EXPOSED,SOURCE_QC_NOT_EXPOSED_IN_PUBLIC_GRAFANA_FRAME,UNKNOWN_GEOMETRY_DO_NOT_USE_FOR_BOTTOM_CLASSIFICATION,0.5,RECENT_2023_2025_EXO2_GEOMETRY,True,False,0.0,https://www.disl.edu/arcos/
disl_arcos_realtime_public_grafana,hydro,DISL_ARCOS_MP,mp,Meaher Park,30.667152,-87.936459,upper_bay_oxygen_loading_proxy,dissolved_oxygen_mg_l,1.2200000286102295,mg/L,2026-10-08T20:30:00+00:00,2026-10-09T02:28:38.811269+00:00,2026-10-09T02:28:38.811269+00:00,ARCOS_RANGE_CHECK_PASS,SOURCE_QC_NOT_EXPOSED_IN_PUBLIC_GRAFANA_FRAME,UNKNOWN_GEOMETRY_DO_NOT_USE_FOR_BOTTOM_CLASSIFICATION,0.5,RECENT_2023_2025_EXO2_GEOMETRY,True,False,0.0,https://www.disl.edu/arcos/
disl_arcos_realtime_public_grafana,hydro,DISL_ARCOS_MP,mp,Meaher Park,30.667152,-87.936459,upper_bay_oxygen_loading_proxy,dissolved_oxygen_percent,16.329999923706055,%,2026-10-08T20:30:00+00:00,2026-10-09T02:28:38.811269+00:00,2026-10-09T02:28:38.811269+00:00,ARCOS_RANGE_CHECK_PASS,SOURCE_QC_NOT_EXPOSED_IN_PUBLIC_GRAFANA_FRAME,UNKNOWN_GEOMETRY_DO_NOT_USE_FOR_BOTTOM_CLASSIFICATION,0.5,RECENT_2023_2025_EXO2_GEOMETRY,True,False,0.0,https://www.disl.edu/arcos/
disl_arcos_realtime_public_grafana,hydro,DISL_ARCOS_MP,mp,Meaher Park,30.667152,-87.936459,upper_bay_oxygen_loading_proxy,pressure_psi,0.0,psi,2026-10-08T20:30:00+00:00,2026-10-09T02:28:38.811269+00:00,2026-10-09T02:28:38.811269+00:00,NOT_RANGE_SCREENED,SOURCE_QC_NOT_EXPOSED_IN_PUBLIC_GRAFANA_FRAME,UNKNOWN_GEOMETRY_DO_NOT_USE_FOR_BOTTOM_CLASSIFICATION,0.5,RECENT_2023_2025_EXO2_GEOMETRY,True,False,0.0,https://www.disl.edu/arcos/
disl_arcos_realtime_public_grafana,hydro,DISL_ARCOS_MP,mp,Meaher Park,30.667152,-87.936459,upper_bay_oxygen_loading_proxy,salinity_psu,10.90999984741211,PSU,2026-10-08T20:30:00+00:00,2026-10-09T02:28:38.811269+00:00,2026-10-09T02:28:38.811269+00:00,ARCOS_RANGE_CHECK_PASS,SOURCE_QC_NOT_EXPOSED_IN_PUBLIC_GRAFANA_FRAME,UNKNOWN_GEOMETRY_DO_NOT_USE_FOR_BOTTOM_CLASSIFICATION,0.5,RECENT_2023_2025_EXO2_GEOMETRY,True,False,0.0,https://www.disl.edu/arcos/
disl_arcos_realtime_public_grafana,hydro,DISL_ARCOS_MP,mp,Meaher Park,30.667152,-87.936459,upper_bay_oxygen_loading_proxy,turbidity_fnu,5.210000038146973,FNU,2026-10-08T20:30:00+00:00,2026-10-09T02:28:38.811269+00:00,2026-10-09T02:28:38.811269+00:00,ARCOS_RANGE_CHECK_PASS,SOURCE_QC_NOT_EXPOSED_IN_PUBLIC_GRAFANA_FRAME,UNKNOWN_GEOMETRY_DO_NOT_USE_FOR_BOTTOM_CLASSIFICATION,0.5,RECENT_2023_2025_EXO2_GEOMETRY,True,False,0.0,https://www.disl.edu/arcos/
disl_arcos_realtime_public_grafana,hydro,DISL_ARCOS_MP,mp,Meaher Park,30.667152,-87.936459,upper_bay_oxygen_loading_proxy,water_temperature_c,27.34000015258789,degC,2026-10-08T20:30:00+00:00,2026-10-09T02:28:38.811269+00:00,2026-10-09T02:28:38.811269+00:00,ARCOS_RANGE_CHECK_PASS,SOURCE_QC_NOT_EXPOSED_IN_PUBLIC_GRAFANA_FRAME,UNKNOWN_GEOMETRY_DO_NOT_USE_FOR_BOTTOM_CLASSIFICATION,0.5,RECENT_2023_2025_EXO2_GEOMETRY,True,False,0.0,https://www.disl.edu/arcos/
disl_arcos_realtime_public_grafana,met,DISL_ARCOS_MP,mp,Meaher Park,30.667152,-87.936459,upper_bay_oxygen_loading_proxy,air_temperature_c,26.206666628519695,degC,2026-10-08T20:30:00+00:00,2026-10-09T02:28:39.047209+00:00,2026-10-09T02:28:39.047209+00:00,ARCOS_RANGE_CHECK_PASS,SOURCE_QC_NOT_EXPOSED_IN_PUBLIC_GRAFANA_FRAME,NOT_APPLICABLE,0.5,RECENT_2023_2025_EXO2_GEOMETRY,True,False,0.0,https://www.disl.edu/arcos/
disl_arcos_realtime_public_grafana,met,DISL_ARCOS_MP,mp,Meaher Park,30.667152,-87.936459,upper_bay_oxygen_loading_proxy,barometric_pressure_inhg,29.983314005533853,inHg,2026-10-08T20:30:00+00:00,2026-10-09T02:28:39.047209+00:00,2026-10-09T02:28:39.047209+00:00,ARCOS_RANGE_CHECK_PASS,SOURCE_QC_NOT_EXPOSED_IN_PUBLIC_GRAFANA_FRAME,NOT_APPLICABLE,0.5,RECENT_2023_2025_EXO2_GEOMETRY,True,False,0.0,https://www.disl.edu/arcos/
disl_arcos_realtime_public_grafana,met,DISL_ARCOS_MP,mp,Meaher Park,30.667152,-87.936459,upper_bay_oxygen_loading_proxy,precipitation,0.0,in,2026-10-08T20:30:00+00:00,2026-10-09T02:28:39.047209+00:00,2026-10-09T02:28:39.047209+00:00,NOT_RANGE_SCREENED,SOURCE_QC_NOT_EXPOSED_IN_PUBLIC_GRAFANA_FRAME,NOT_APPLICABLE,0.5,RECENT_2023_2025_EXO2_GEOMETRY,True,False,0.0,https://www.disl.edu/arcos/
disl_arcos_realtime_public_grafana,met,DISL_ARCOS_MP,mp,Meaher Park,30.667152,-87.936459,upper_bay_oxygen_loading_proxy,quantum_radiation_umol_m2_s,475.0500010172526,umol/m2/s,2026-10-08T20:30:00+00:00,2026-10-09T02:28:39.047209+00:00,2026-10-09T02:28:39.047209+00:00,ARCOS_RANGE_CHECK_PASS,SOURCE_QC_NOT_EXPOSED_IN_PUBLIC_GRAFANA_FRAME,NOT_APPLICABLE,0.5,RECENT_2023_2025_EXO2_GEOMETRY,True,False,0.0,https://www.disl.edu/arcos/
disl_arcos_realtime_public_grafana,met,DISL_ARCOS_MP,mp,Meaher Park,30.667152,-87.936459,upper_bay_oxygen_loading_proxy,relative_humidity_percent,74.7773333231608,%,2026-10-08T20:30:00+00:00,2026-10-09T02:28:39.047209+00:00,2026-10-09T02:28:39.047209+00:00,ARCOS_RANGE_CHECK_PASS,SOURCE_QC_NOT_EXPOSED_IN_PUBLIC_GRAFANA_FRAME,NOT_APPLICABLE,0.5,RECENT_2023_2025_EXO2_GEOMETRY,True,False,0.0,https://www.disl.edu/arcos/
disl_arcos_realtime_public_grafana,met,DISL_ARCOS_MP,mp,Meaher Park,30.667152,-87.936459,upper_bay_oxygen_loading_proxy,solar_radiation_kw_m2,0.2234999989469846,kW/m2,2026-10-08T20:30:00+00:00,2026-10-09T02:28:39.047209+00:00,2026-10-09T02:28:39.047209+00:00,ARCOS_RANGE_CHECK_PASS,SOURCE_QC_NOT_EXPOSED_IN_PUBLIC_GRAFANA_FRAME,NOT_APPLICABLE,0.5,RECENT_2023_2025_EXO2_GEOMETRY,True,False,0.0,https://www.disl.edu/arcos/
disl_arcos_realtime_public_grafana,met,DISL_ARCOS_MP,mp,Meaher Park,30.667152,-87.936459,upper_bay_oxygen_loading_proxy,wind_direction_deg,336.02431753788835,degree,2026-10-08T20:30:00+00:00,2026-10-09T02:28:39.047209+00:00,2026-10-09T02:28:39.047209+00:00,ARCOS_RANGE_CHECK_PASS,SOURCE_QC_NOT_EXPOSED_IN_PUBLIC_GRAFANA_FRAME,NOT_APPLICABLE,0.5,RECENT_2023_2025_EXO2_GEOMETRY,True,False,0.0,https://www.disl.edu/arcos/
disl_arcos_realtime_public_grafana,met,DISL_ARCOS_MP,mp,Meaher Park,30.667152,-87.936459,upper_bay_oxygen_loading_proxy,wind_speed,4.723333311080933,kn,2026-10-08T20:30:00+00:00,2026-10-09T02:28:39.047209+00:00,2026-10-09T02:28:39.047209+00:00,NOT_RANGE_SCREENED,SOURCE_QC_NOT_EXPOSED_IN_PUBLIC_GRAFANA_FRAME,NOT_APPLICABLE,0.5,RECENT_2023_2025_EXO2_GEOMETRY,True,False,0.0,https://www.disl.edu/arcos/
disl_arcos_realtime_public_grafana,hydro,DISL_ARCOS_PP,pp,Perdido Pass,30.2791,-87.5561,eastern_coastal_boundary_oxygen_context,depth_field_m,1.343000054359436,m,2026-10-08T20:30:00+00:00,2026-10-09T02:28:40.989977+00:00,2026-10-09T02:28:40.989977+00:00,SOURCE_QC_NOT_EXPOSED,SOURCE_QC_NOT_EXPOSED_IN_PUBLIC_GRAFANA_FRAME,UNKNOWN_GEOMETRY_DO_NOT_USE_FOR_BOTTOM_CLASSIFICATION,0.5,HISTORICAL_NEAR_BOTTOM_GEOMETRY,True,False,0.0,https://www.disl.edu/arcos/
disl_arcos_realtime_public_grafana,hydro,DISL_ARCOS_PP,pp,Perdido Pass,30.2791,-87.5561,eastern_coastal_boundary_oxygen_context,dissolved_oxygen_mg_l,6.059999942779541,mg/L,2026-10-08T20:30:00+00:00,2026-10-09T02:28:40.989977+00:00,2026-10-09T02:28:40.989977+00:00,ARCOS_RANGE_CHECK_PASS,SOURCE_QC_NOT_EXPOSED_IN_PUBLIC_GRAFANA_FRAME,UNKNOWN_GEOMETRY_DO_NOT_USE_FOR_BOTTOM_CLASSIFICATION,0.5,HISTORICAL_NEAR_BOTTOM_GEOMETRY,True,False,0.0,https://www.disl.edu/arcos/
disl_arcos_realtime_public_grafana,hydro,DISL_ARCOS_PP,pp,Perdido Pass,30.2791,-87.5561,eastern_coastal_boundary_oxygen_context,dissolved_oxygen_percent,106.0,%,2026-10-08T20:30:00+00:00,2026-10-09T02:28:40.989977+00:00,2026-10-09T02:28:40.989977+00:00,ARCOS_RANGE_CHECK_PASS,SOURCE_QC_NOT_EXPOSED_IN_PUBLIC_GRAFANA_FRAME,UNKNOWN_GEOMETRY_DO_NOT_USE_FOR_BOTTOM_CLASSIFICATION,0.5,HISTORICAL_NEAR_BOTTOM_GEOMETRY,True,False,0.0,https://www.disl.edu/arcos/
disl_arcos_realtime_public_grafana,hydro,DISL_ARCOS_PP,pp,Perdido Pass,30.2791,-87.5561,eastern_coastal_boundary_oxygen_context,pressure_psi,1.940000057220459,psi,2026-10-08T20:30:00+00:00,2026-10-09T02:28:40.989977+00:00,2026-10-09T02:28:40.989977+00:00,NOT_RANGE_SCREENED,SOURCE_QC_NOT_EXPOSED_IN_PUBLIC_GRAFANA_FRAME,UNKNOWN_GEOMETRY_DO_NOT_USE_FOR_BOTTOM_CLASSIFICATION,0.5,HISTORICAL_NEAR_BOTTOM_GEOMETRY,True,False,0.0,https://www.disl.edu/arcos/
disl_arcos_realtime_public_grafana,hydro,DISL_ARCOS_PP,pp,Perdido Pass,30.2791,-87.5561,eastern_coastal_boundary_oxygen_context,salinity_psu,25.190000534057617,PSU,2026-10-08T20:30:00+00:00,2026-10-09T02:28:40.989977+00:00,2026-10-09T02:28:40.989977+00:00,ARCOS_RANGE_CHECK_PASS,SOURCE_QC_NOT_EXPOSED_IN_PUBLIC_GRAFANA_FRAME,UNKNOWN_GEOMETRY_DO_NOT_USE_FOR_BOTTOM_CLASSIFICATION,0.5,HISTORICAL_NEAR_BOTTOM_GEOMETRY,True,False,0.0,https://www.disl.edu/arcos/
disl_arcos_realtime_public_grafana,hydro,DISL_ARCOS_PP,pp,Perdido Pass,30.2791,-87.5561,eastern_coastal_boundary_oxygen_context,turbidity_fnu,0.4000000059604645,FNU,2026-10-08T20:30:00+00:00,2026-10-09T02:28:40.989977+00:00,2026-10-09T02:28:40.989977+00:00,ARCOS_RANGE_CHECK_PASS,SOURCE_QC_NOT_EXPOSED_IN_PUBLIC_GRAFANA_FRAME,UNKNOWN_GEOMETRY_DO_NOT_USE_FOR_BOTTOM_CLASSIFICATION,0.5,HISTORICAL_NEAR_BOTTOM_GEOMETRY,True,False,0.0,https://www.disl.edu/arcos/
disl_arcos_realtime_public_grafana,hydro,DISL_ARCOS_PP,pp,Perdido Pass,30.2791,-87.5561,eastern_coastal_boundary_oxygen_context,water_temperature_c,26.979999542236328,degC,2026-10-08T20:30:00+00:00,2026-10-09T02:28:40.989977+00:00,2026-10-09T02:28:40.989977+00:00,ARCOS_RANGE_CHECK_PASS,SOURCE_QC_NOT_EXPOSED_IN_PUBLIC_GRAFANA_FRAME,UNKNOWN_GEOMETRY_DO_NOT_USE_FOR_BOTTOM_CLASSIFICATION,0.5,HISTORICAL_NEAR_BOTTOM_GEOMETRY,True,False,0.0,https://www.disl.edu/arcos/
disl_arcos_realtime_public_grafana,met,DISL_ARCOS_PP,pp,Perdido Pass,30.2791,-87.5561,eastern_coastal_boundary_oxygen_context,air_temperature_c,30.306999905904135,degC,2026-10-08T20:30:00+00:00,2026-10-09T02:28:41.324994+00:00,2026-10-09T02:28:41.324994+00:00,ARCOS_RANGE_CHECK_PASS,SOURCE_QC_NOT_EXPOSED_IN_PUBLIC_GRAFANA_FRAME,NOT_APPLICABLE,0.5,HISTORICAL_NEAR_BOTTOM_GEOMETRY,True,False,0.0,https://www.disl.edu/arcos/
disl_arcos_realtime_public_grafana,met,DISL_ARCOS_PP,pp,Perdido Pass,30.2791,-87.5561,eastern_coastal_boundary_oxygen_context,barometric_pressure_inhg,29.895662689208983,inHg,2026-10-08T20:30:00+00:00,2026-10-09T02:28:41.324994+00:00,2026-10-09T02:28:41.324994+00:00,ARCOS_RANGE_CHECK_PASS,SOURCE_QC_NOT_EXPOSED_IN_PUBLIC_GRAFANA_FRAME,NOT_APPLICABLE,0.5,HISTORICAL_NEAR_BOTTOM_GEOMETRY,True,False,0.0,https://www.disl.edu/arcos/
disl_arcos_realtime_public_grafana,met,DISL_ARCOS_PP,pp,Perdido Pass,30.2791,-87.5561,eastern_coastal_boundary_oxygen_context,precipitation,0.0,mm,2026-10-08T20:30:00+00:00,2026-10-09T02:28:41.324994+00:00,2026-10-09T02:28:41.324994+00:00,NOT_RANGE_SCREENED,SOURCE_QC_NOT_EXPOSED_IN_PUBLIC_GRAFANA_FRAME,NOT_APPLICABLE,0.5,HISTORICAL_NEAR_BOTTOM_GEOMETRY,True,False,0.0,https://www.disl.edu/arcos/
disl_arcos_realtime_public_grafana,met,DISL_ARCOS_PP,pp,Perdido Pass,30.2791,-87.5561,eastern_coastal_boundary_oxygen_context,quantum_radiation_umol_m2_s,516.3200022379557,umol/m2/s,2026-10-08T20:30:00+00:00,2026-10-09T02:28:41.324994+00:00,2026-10-09T02:28:41.324994+00:00,ARCOS_RANGE_CHECK_PASS,SOURCE_QC_NOT_EXPOSED_IN_PUBLIC_GRAFANA_FRAME,NOT_APPLICABLE,0.5,HISTORICAL_NEAR_BOTTOM_GEOMETRY,True,False,0.0,https://www.disl.edu/arcos/
disl_arcos_realtime_public_grafana,met,DISL_ARCOS_PP,pp,Perdido Pass,30.2791,-87.5561,eastern_coastal_boundary_oxygen_context,relative_humidity_percent,71.69633356730144,%,2026-10-08T20:30:00+00:00,2026-10-09T02:28:41.324994+00:00,2026-10-09T02:28:41.324994+00:00,ARCOS_RANGE_CHECK_PASS,SOURCE_QC_NOT_EXPOSED_IN_PUBLIC_GRAFANA_FRAME,NOT_APPLICABLE,0.5,HISTORICAL_NEAR_BOTTOM_GEOMETRY,True,False,0.0,https://www.disl.edu/arcos/
disl_arcos_realtime_public_grafana,met,DISL_ARCOS_PP,pp,Perdido Pass,30.2791,-87.5561,eastern_coastal_boundary_oxygen_context,solar_radiation_kw_m2,0.2062666669487953,kW/m2,2026-10-08T20:30:00+00:00,2026-10-09T02:28:41.324994+00:00,2026-10-09T02:28:41.324994+00:00,ARCOS_RANGE_CHECK_PASS,SOURCE_QC_NOT_EXPOSED_IN_PUBLIC_GRAFANA_FRAME,NOT_APPLICABLE,0.5,HISTORICAL_NEAR_BOTTOM_GEOMETRY,True,False,0.0,https://www.disl.edu/arcos/
disl_arcos_realtime_public_grafana,met,DISL_ARCOS_PP,pp,Perdido Pass,30.2791,-87.5561,eastern_coastal_boundary_oxygen_context,wind_direction_deg,85.3465580425484,degree,2026-10-08T20:30:00+00:00,2026-10-09T02:28:41.324994+00:00,2026-10-09T02:28:41.324994+00:00,ARCOS_RANGE_CHECK_PASS,SOURCE_QC_NOT_EXPOSED_IN_PUBLIC_GRAFANA_FRAME,NOT_APPLICABLE,0.5,HISTORICAL_NEAR_BOTTOM_GEOMETRY,True,False,0.0,https://www.disl.edu/arcos/
disl_arcos_realtime_public_grafana,met,DISL_ARCOS_PP,pp,Perdido Pass,30.2791,-87.5561,eastern_coastal_boundary_oxygen_context,wind_speed,11.455666700998941,kn,2026-10-08T20:30:00+00:00,2026-10-09T02:28:41.324994+00:00,2026-10-09T02:28:41.324994+00:00,NOT_RANGE_SCREENED,SOURCE_QC_NOT_EXPOSED_IN_PUBLIC_GRAFANA_FRAME,NOT_APPLICABLE,0.5,HISTORICAL_NEAR_BOTTOM_GEOMETRY,True,False,0.0,https://www.disl.edu/arcos/
disl_arcos_realtime_public_grafana,met,DISL_ARCOS_BS,bs,Bon Secour,30.328767,-87.829267,southeast_bay_oxygen_loading_context,air_temperature_c,27.108333333333334,degC,2026-10-08T21:00:00+00:00,2026-10-09T02:28:41.830857+00:00,2026-10-09T02:28:41.830857+00:00,ARCOS_RANGE_CHECK_PASS,SOURCE_QC_NOT_EXPOSED_IN_PUBLIC_GRAFANA_FRAME,NOT_APPLICABLE,0.5,HISTORICAL_2019_ARCOS_OBSERVATION_GEOMETRY,True,False,0.0,https://www.disl.edu/arcos/
disl_arcos_realtime_public_grafana,met,DISL_ARCOS_BS,bs,Bon Secour,30.328767,-87.829267,southeast_bay_oxygen_loading_context,barometric_pressure_inhg,29.89167175292969,inHg,2026-10-08T21:00:00+00:00,2026-10-09T02:28:41.830857+00:00,2026-10-09T02:28:41.830857+00:00,ARCOS_RANGE_CHECK_PASS,SOURCE_QC_NOT_EXPOSED_IN_PUBLIC_GRAFANA_FRAME,NOT_APPLICABLE,0.5,HISTORICAL_2019_ARCOS_OBSERVATION_GEOMETRY,True,False,0.0,https://www.disl.edu/arcos/
disl_arcos_realtime_public_grafana,met,DISL_ARCOS_BS,bs,Bon Secour,30.328767,-87.829267,southeast_bay_oxygen_loading_context,precipitation,0.0,mm,2026-10-08T21:00:00+00:00,2026-10-09T02:28:41.830857+00:00,2026-10-09T02:28:41.830857+00:00,NOT_RANGE_SCREENED,SOURCE_QC_NOT_EXPOSED_IN_PUBLIC_GRAFANA_FRAME,NOT_APPLICABLE,0.5,HISTORICAL_2019_ARCOS_OBSERVATION_GEOMETRY,True,False,0.0,https://www.disl.edu/arcos/
disl_arcos_realtime_public_grafana,met,DISL_ARCOS_BS,bs,Bon Secour,30.328767,-87.829267,southeast_bay_oxygen_loading_context,quantum_radiation_umol_m2_s,292.21666666666664,umol/m2/s,2026-10-08T21:00:00+00:00,2026-10-09T02:28:41.830857+00:00,2026-10-09T02:28:41.830857+00:00,ARCOS_RANGE_CHECK_PASS,SOURCE_QC_NOT_EXPOSED_IN_PUBLIC_GRAFANA_FRAME,NOT_APPLICABLE,0.5,HISTORICAL_2019_ARCOS_OBSERVATION_GEOMETRY,True,False,0.0,https://www.disl.edu/arcos/
disl_arcos_realtime_public_grafana,met,DISL_ARCOS_BS,bs,Bon Secour,30.328767,-87.829267,southeast_bay_oxygen_loading_context,relative_humidity_percent,78.99599939982096,%,2026-10-08T21:00:00+00:00,2026-10-09T02:28:41.830857+00:00,2026-10-09T02:28:41.830857+00:00,ARCOS_RANGE_CHECK_PASS,SOURCE_QC_NOT_EXPOSED_IN_PUBLIC_GRAFANA_FRAME,NOT_APPLICABLE,0.5,HISTORICAL_2019_ARCOS_OBSERVATION_GEOMETRY,True,False,0.0,https://www.disl.edu/arcos/
disl_arcos_realtime_public_grafana,met,DISL_ARCOS_BS,bs,Bon Secour,30.328767,-87.829267,southeast_bay_oxygen_loading_context,solar_radiation_kw_m2,0.14366666798790295,kW/m2,2026-10-08T21:00:00+00:00,2026-10-09T02:28:41.830857+00:00,2026-10-09T02:28:41.830857+00:00,ARCOS_RANGE_CHECK_PASS,SOURCE_QC_NOT_EXPOSED_IN_PUBLIC_GRAFANA_FRAME,NOT_APPLICABLE,0.5,HISTORICAL_2019_ARCOS_OBSERVATION_GEOMETRY,True,False,0.0,https://www.disl.edu/arcos/
disl_arcos_realtime_public_grafana,met,DISL_ARCOS_BS,bs,Bon Secour,30.328767,-87.829267,southeast_bay_oxygen_loading_context,wind_direction_deg,31.140333692336238,degree,2026-10-08T21:00:00+00:00,2026-10-09T02:28:41.830857+00:00,2026-10-09T02:28:41.830857+00:00,ARCOS_RANGE_CHECK_PASS,SOURCE_QC_NOT_EXPOSED_IN_PUBLIC_GRAFANA_FRAME,NOT_APPLICABLE,0.5,HISTORICAL_2019_ARCOS_OBSERVATION_GEOMETRY,True,False,0.0,https://www.disl.edu/arcos/
disl_arcos_realtime_public_grafana,met,DISL_ARCOS_BS,bs,Bon Secour,30.328767,-87.829267,southeast_bay_oxygen_loading_context,wind_speed,10.097900040944417,kn,2026-10-08T21:00:00+00:00,2026-10-09T02:28:41.830857+00:00,2026-10-09T02:28:41.830857+00:00,NOT_RANGE_SCREENED,SOURCE_QC_NOT_EXPOSED_IN_PUBLIC_GRAFANA_FRAME,NOT_APPLICABLE,0.5,HISTORICAL_2019_ARCOS_OBSERVATION_GEOMETRY,True,False,0.0,https://www.disl.edu/arcos/
disl_arcos_realtime_public_grafana,met,DISL_ARCOS_BSP,bsp,Battleship Park,30.682697,-88.012211,upper_bay_oxygen_loading_context,air_temperature_c,27.10966618855794,degC,2026-10-08T21:00:00+00:00,2026-10-09T02:28:42.233975+00:00,2026-10-09T02:28:42.233975+00:00,ARCOS_RANGE_CHECK_PASS,SOURCE_QC_NOT_EXPOSED_IN_PUBLIC_GRAFANA_FRAME,NOT_APPLICABLE,0.5,RECENT_2023_2025_EXO2_GEOMETRY,True,False,0.0,https://www.disl.edu/arcos/
disl_arcos_realtime_public_grafana,met,DISL_ARCOS_BSP,bsp,Battleship Park,30.682697,-88.012211,upper_bay_oxygen_loading_context,barometric_pressure_inhg,29.899103037516277,inHg,2026-10-08T21:00:00+00:00,2026-10-09T02:28:42.233975+00:00,2026-10-09T02:28:42.233975+00:00,ARCOS_RANGE_CHECK_PASS,SOURCE_QC_NOT_EXPOSED_IN_PUBLIC_GRAFANA_FRAME,NOT_APPLICABLE,0.5,RECENT_2023_2025_EXO2_GEOMETRY,True,False,0.0,https://www.disl.edu/arcos/
disl_arcos_realtime_public_grafana,met,DISL_ARCOS_BSP,bsp,Battleship Park,30.682697,-88.012211,upper_bay_oxygen_loading_context,precipitation,0.0,in,2026-10-08T21:00:00+00:00,2026-10-09T02:28:42.233975+00:00,2026-10-09T02:28:42.233975+00:00,NOT_RANGE_SCREENED,SOURCE_QC_NOT_EXPOSED_IN_PUBLIC_GRAFANA_FRAME,NOT_APPLICABLE,0.5,RECENT_2023_2025_EXO2_GEOMETRY,True,False,0.0,https://www.disl.edu/arcos/
disl_arcos_realtime_public_grafana,met,DISL_ARCOS_BSP,bsp,Battleship Park,30.682697,-88.012211,upper_bay_oxygen_loading_context,quantum_radiation_umol_m2_s,417.1766672770182,umol/m2/s,2026-10-08T21:00:00+00:00,2026-10-09T02:28:42.233975+00:00,2026-10-09T02:28:42.233975+00:00,ARCOS_RANGE_CHECK_PASS,SOURCE_QC_NOT_EXPOSED_IN_PUBLIC_GRAFANA_FRAME,NOT_APPLICABLE,0.5,RECENT_2023_2025_EXO2_GEOMETRY,True,False,0.0,https://www.disl.edu/arcos/
disl_arcos_realtime_public_grafana,met,DISL_ARCOS_BSP,bsp,Battleship Park,30.682697,-88.012211,upper_bay_oxygen_loading_context,relative_humidity_percent,81.40899963378907,%,2026-10-08T21:00:00+00:00,2026-10-09T02:28:42.233975+00:00,2026-10-09T02:28:42.233975+00:00,ARCOS_RANGE_CHECK_PASS,SOURCE_QC_NOT_EXPOSED_IN_PUBLIC_GRAFANA_FRAME,NOT_APPLICABLE,0.5,RECENT_2023_2025_EXO2_GEOMETRY,True,False,0.0,https://www.disl.edu/arcos/
disl_arcos_realtime_public_grafana,met,DISL_ARCOS_BSP,bsp,Battleship Park,30.682697,-88.012211,upper_bay_oxygen_loading_context,solar_radiation_kw_m2,0.18096666783094406,kW/m2,2026-10-08T21:00:00+00:00,2026-10-09T02:28:42.233975+00:00,2026-10-09T02:28:42.233975+00:00,ARCOS_RANGE_CHECK_PASS,SOURCE_QC_NOT_EXPOSED_IN_PUBLIC_GRAFANA_FRAME,NOT_APPLICABLE,0.5,RECENT_2023_2025_EXO2_GEOMETRY,True,False,0.0,https://www.disl.edu/arcos/
disl_arcos_realtime_public_grafana,met,DISL_ARCOS_BSP,bsp,Battleship Park,30.682697,-88.012211,upper_bay_oxygen_loading_context,wind_direction_deg,55.489563020720084,degree,2026-10-08T21:00:00+00:00,2026-10-09T02:28:42.233975+00:00,2026-10-09T02:28:42.233975+00:00,ARCOS_RANGE_CHECK_PASS,SOURCE_QC_NOT_EXPOSED_IN_PUBLIC_GRAFANA_FRAME,NOT_APPLICABLE,0.5,RECENT_2023_2025_EXO2_GEOMETRY,True,False,0.0,https://www.disl.edu/arcos/
disl_arcos_realtime_public_grafana,met,DISL_ARCOS_BSP,bsp,Battleship Park,30.682697,-88.012211,upper_bay_oxygen_loading_context,wind_speed,14.637333202362061,kn,2026-10-08T21:00:00+00:00,2026-10-09T02:28:42.233975+00:00,2026-10-09T02:28:42.233975+00:00,NOT_RANGE_SCREENED,SOURCE_QC_NOT_EXPOSED_IN_PUBLIC_GRAFANA_FRAME,NOT_APPLICABLE,0.5,RECENT_2023_2025_EXO2_GEOMETRY,True,False,0.0,https://www.disl.edu/arcos/
disl_arcos_realtime_public_grafana,hydro,DISL_ARCOS_CP,cp,Cedar Point,30.30845,-88.139533,lower_bay_west_boundary_oxygen_context,depth_field_m,1.8860000371932983,m,2026-10-08T21:00:00+00:00,2026-10-09T02:28:39.420240+00:00,2026-10-09T02:28:39.420240+00:00,SOURCE_QC_NOT_EXPOSED,SOURCE_QC_NOT_EXPOSED_IN_PUBLIC_GRAFANA_FRAME,UNKNOWN_GEOMETRY_DO_NOT_USE_FOR_BOTTOM_CLASSIFICATION,,NOT_FOUND_IN_CURRENT_RESEARCH_PASS,True,False,0.0,https://www.disl.edu/arcos/
disl_arcos_realtime_public_grafana,hydro,DISL_ARCOS_CP,cp,Cedar Point,30.30845,-88.139533,lower_bay_west_boundary_oxygen_context,dissolved_oxygen_mg_l,7.320000171661377,mg/L,2026-10-08T21:00:00+00:00,2026-10-09T02:28:39.420240+00:00,2026-10-09T02:28:39.420240+00:00,ARCOS_RANGE_CHECK_PASS,SOURCE_QC_NOT_EXPOSED_IN_PUBLIC_GRAFANA_FRAME,UNKNOWN_GEOMETRY_DO_NOT_USE_FOR_BOTTOM_CLASSIFICATION,,NOT_FOUND_IN_CURRENT_RESEARCH_PASS,True,False,0.0,https://www.disl.edu/arcos/
disl_arcos_realtime_public_grafana,hydro,DISL_ARCOS_CP,cp,Cedar Point,30.30845,-88.139533,lower_bay_west_boundary_oxygen_context,dissolved_oxygen_percent,101.0999984741211,%,2026-10-08T21:00:00+00:00,2026-10-09T02:28:39.420240+00:00,2026-10-09T02:28:39.420240+00:00,ARCOS_RANGE_CHECK_PASS,SOURCE_QC_NOT_EXPOSED_IN_PUBLIC_GRAFANA_FRAME,UNKNOWN_GEOMETRY_DO_NOT_USE_FOR_BOTTOM_CLASSIFICATION,,NOT_FOUND_IN_CURRENT_RESEARCH_PASS,True,False,0.0,https://www.disl.edu/arcos/
disl_arcos_realtime_public_grafana,hydro,DISL_ARCOS_CP,cp,Cedar Point,30.30845,-88.139533,lower_bay_west_boundary_oxygen_context,pressure_psi,2.7100000381469727,psi,2026-10-08T21:00:00+00:00,2026-10-09T02:28:39.420240+00:00,2026-10-09T02:28:39.420240+00:00,NOT_RANGE_SCREENED,SOURCE_QC_NOT_EXPOSED_IN_PUBLIC_GRAFANA_FRAME,UNKNOWN_GEOMETRY_DO_NOT_USE_FOR_BOTTOM_CLASSIFICATION,,NOT_FOUND_IN_CURRENT_RESEARCH_PASS,True,False,0.0,https://www.disl.edu/arcos/
disl_arcos_realtime_public_grafana,hydro,DISL_ARCOS_CP,cp,Cedar Point,30.30845,-88.139533,lower_bay_west_boundary_oxygen_context,salinity_psu,20.639999389648438,PSU,2026-10-08T21:00:00+00:00,2026-10-09T02:28:39.420240+00:00,2026-10-09T02:28:39.420240+00:00,ARCOS_RANGE_CHECK_PASS,SOURCE_QC_NOT_EXPOSED_IN_PUBLIC_GRAFANA_FRAME,UNKNOWN_GEOMETRY_DO_NOT_USE_FOR_BOTTOM_CLASSIFICATION,,NOT_FOUND_IN_CURRENT_RESEARCH_PASS,True,False,0.0,https://www.disl.edu/arcos/
disl_arcos_realtime_public_grafana,hydro,DISL_ARCOS_CP,cp,Cedar Point,30.30845,-88.139533,lower_bay_west_boundary_oxygen_context,turbidity_fnu,184.89999389648438,FNU,2026-10-08T21:00:00+00:00,2026-10-09T02:28:39.420240+00:00,2026-10-09T02:28:39.420240+00:00,ARCOS_RANGE_CHECK_PASS,SOURCE_QC_NOT_EXPOSED_IN_PUBLIC_GRAFANA_FRAME,UNKNOWN_GEOMETRY_DO_NOT_USE_FOR_BOTTOM_CLASSIFICATION,,NOT_FOUND_IN_CURRENT_RESEARCH_PASS,True,False,0.0,https://www.disl.edu/arcos/
disl_arcos_realtime_public_grafana,hydro,DISL_ARCOS_CP,cp,Cedar Point,30.30845,-88.139533,lower_bay_west_boundary_oxygen_context,water_temperature_c,25.860000610351562,degC,2026-10-08T21:00:00+00:00,2026-10-09T02:28:39.420240+00:00,2026-10-09T02:28:39.420240+00:00,ARCOS_RANGE_CHECK_PASS,SOURCE_QC_NOT_EXPOSED_IN_PUBLIC_GRAFANA_FRAME,UNKNOWN_GEOMETRY_DO_NOT_USE_FOR_BOTTOM_CLASSIFICATION,,NOT_FOUND_IN_CURRENT_RESEARCH_PASS,True,False,0.0,https://www.disl.edu/arcos/
disl_arcos_realtime_public_grafana,met,DISL_ARCOS_CP,cp,Cedar Point,30.30845,-88.139533,lower_bay_west_boundary_oxygen_context,air_temperature_c,26.412333297729493,degC,2026-10-08T21:00:00+00:00,2026-10-09T02:28:39.708368+00:00,2026-10-09T02:28:39.708368+00:00,ARCOS_RANGE_CHECK_PASS,SOURCE_QC_NOT_EXPOSED_IN_PUBLIC_GRAFANA_FRAME,NOT_APPLICABLE,,NOT_FOUND_IN_CURRENT_RESEARCH_PASS,True,False,0.0,https://www.disl.edu/arcos/
disl_arcos_realtime_public_grafana,met,DISL_ARCOS_CP,cp,Cedar Point,30.30845,-88.139533,lower_bay_west_boundary_oxygen_context,barometric_pressure_inhg,29.8636417388916,inHg,2026-10-08T21:00:00+00:00,2026-10-09T02:28:39.708368+00:00,2026-10-09T02:28:39.708368+00:00,ARCOS_RANGE_CHECK_PASS,SOURCE_QC_NOT_EXPOSED_IN_PUBLIC_GRAFANA_FRAME,NOT_APPLICABLE,,NOT_FOUND_IN_CURRENT_RESEARCH_PASS,True,False,0.0,https://www.disl.edu/arcos/
disl_arcos_realtime_public_grafana,met,DISL_ARCOS_CP,cp,Cedar Point,30.30845,-88.139533,lower_bay_west_boundary_oxygen_context,precipitation,0.0,mm,2026-10-08T21:00:00+00:00,2026-10-09T02:28:39.708368+00:00,2026-10-09T02:28:39.708368+00:00,NOT_RANGE_SCREENED,SOURCE_QC_NOT_EXPOSED_IN_PUBLIC_GRAFANA_FRAME,NOT_APPLICABLE,,NOT_FOUND_IN_CURRENT_RESEARCH_PASS,True,False,0.0,https://www.disl.edu/arcos/
disl_arcos_realtime_public_grafana,met,DISL_ARCOS_CP,cp,Cedar Point,30.30845,-88.139533,lower_bay_west_boundary_oxygen_context,quantum_radiation_umol_m2_s,372.14333292643227,umol/m2/s,2026-10-08T21:00:00+00:00,2026-10-09T02:28:39.708368+00:00,2026-10-09T02:28:39.708368+00:00,ARCOS_RANGE_CHECK_PASS,SOURCE_QC_NOT_EXPOSED_IN_PUBLIC_GRAFANA_FRAME,NOT_APPLICABLE,,NOT_FOUND_IN_CURRENT_RESEARCH_PASS,True,False,0.0,https://www.disl.edu/arcos/
disl_arcos_realtime_public_grafana,met,DISL_ARCOS_CP,cp,Cedar Point,30.30845,-88.139533,lower_bay_west_boundary_oxygen_context,relative_humidity_percent,74.1023333231608,%,2026-10-08T21:00:00+00:00,2026-10-09T02:28:39.708368+00:00,2026-10-09T02:28:39.708368+00:00,ARCOS_RANGE_CHECK_PASS,SOURCE_QC_NOT_EXPOSED_IN_PUBLIC_GRAFANA_FRAME,NOT_APPLICABLE,,NOT_FOUND_IN_CURRENT_RESEARCH_PASS,True,False,0.0,https://www.disl.edu/arcos/
disl_arcos_realtime_public_grafana,met,DISL_ARCOS_CP,cp,Cedar Point,30.30845,-88.139533,lower_bay_west_boundary_oxygen_context,solar_radiation_kw_m2,0.15553333361943564,kW/m2,2026-10-08T21:00:00+00:00,2026-10-09T02:28:39.708368+00:00,2026-10-09T02:28:39.708368+00:00,ARCOS_RANGE_CHECK_PASS,SOURCE_QC_NOT_EXPOSED_IN_PUBLIC_GRAFANA_FRAME,NOT_APPLICABLE,,NOT_FOUND_IN_CURRENT_RESEARCH_PASS,True,False,0.0,https://www.disl.edu/arcos/
disl_arcos_realtime_public_grafana,met,DISL_ARCOS_CP,cp,Cedar Point,30.30845,-88.139533,lower_bay_west_boundary_oxygen_context,wind_direction_deg,38.46443694515475,degree,2026-10-08T21:00:00+00:00,2026-10-09T02:28:39.708368+00:00,2026-10-09T02:28:39.708368+00:00,ARCOS_RANGE_CHECK_PASS,SOURCE_QC_NOT_EXPOSED_IN_PUBLIC_GRAFANA_FRAME,NOT_APPLICABLE,,NOT_FOUND_IN_CURRENT_RESEARCH_PASS,True,False,0.0,https://www.disl.edu/arcos/
disl_arcos_realtime_public_grafana,met,DISL_ARCOS_CP,cp,Cedar Point,30.30845,-88.139533,lower_bay_west_boundary_oxygen_context,wind_speed,13.870666694641113,kn,2026-10-08T21:00:00+00:00,2026-10-09T02:28:39.708368+00:00,2026-10-09T02:28:39.708368+00:00,NOT_RANGE_SCREENED,SOURCE_QC_NOT_EXPOSED_IN_PUBLIC_GRAFANA_FRAME,NOT_APPLICABLE,,NOT_FOUND_IN_CURRENT_RESEARCH_PASS,True,False,0.0,https://www.disl.edu/arcos/
disl_arcos_realtime_public_grafana,met,DISL_ARCOS_GSP,gsp,Gulf State Park Pier,,,coastal_context_if_hydro_available,air_temperature_c,27.126667149861653,degC,2026-10-08T21:00:00+00:00,2026-10-09T02:28:42.645009+00:00,2026-10-09T02:28:42.645009+00:00,ARCOS_RANGE_CHECK_PASS,SOURCE_QC_NOT_EXPOSED_IN_PUBLIC_GRAFANA_FRAME,NOT_APPLICABLE,,NOT_FOUND_IN_CURRENT_RESEARCH_PASS,True,False,0.0,https://www.disl.edu/arcos/
disl_arcos_realtime_public_grafana,met,DISL_ARCOS_GSP,gsp,Gulf State Park Pier,,,coastal_context_if_hydro_available,barometric_pressure_inhg,29.8550261815389,inHg,2026-10-08T21:00:00+00:00,2026-10-09T02:28:42.645009+00:00,2026-10-09T02:28:42.645009+00:00,ARCOS_RANGE_CHECK_PASS,SOURCE_QC_NOT_EXPOSED_IN_PUBLIC_GRAFANA_FRAME,NOT_APPLICABLE,,NOT_FOUND_IN_CURRENT_RESEARCH_PASS,True,False,0.0,https://www.disl.edu/arcos/
disl_arcos_realtime_public_grafana,met,DISL_ARCOS_GSP,gsp,Gulf State Park Pier,,,coastal_context_if_hydro_available,precipitation,0.0,mm,2026-10-08T21:00:00+00:00,2026-10-09T02:28:42.645009+00:00,2026-10-09T02:28:42.645009+00:00,NOT_RANGE_SCREENED,SOURCE_QC_NOT_EXPOSED_IN_PUBLIC_GRAFANA_FRAME,NOT_APPLICABLE,,NOT_FOUND_IN_CURRENT_RESEARCH_PASS,True,False,0.0,https://www.disl.edu/arcos/
disl_arcos_realtime_public_grafana,met,DISL_ARCOS_GSP,gsp,Gulf State Park Pier,,,coastal_context_if_hydro_available,quantum_radiation_umol_m2_s,340.180002339681,umol/m2/s,2026-10-08T21:00:00+00:00,2026-10-09T02:28:42.645009+00:00,2026-10-09T02:28:42.645009+00:00,ARCOS_RANGE_CHECK_PASS,SOURCE_QC_NOT_EXPOSED_IN_PUBLIC_GRAFANA_FRAME,NOT_APPLICABLE,,NOT_FOUND_IN_CURRENT_RESEARCH_PASS,True,False,0.0,https://www.disl.edu/arcos/
disl_arcos_realtime_public_grafana,met,DISL_ARCOS_GSP,gsp,Gulf State Park Pier,,,coastal_context_if_hydro_available,relative_humidity_percent,81.73333257039388,%,2026-10-08T21:00:00+00:00,2026-10-09T02:28:42.645009+00:00,2026-10-09T02:28:42.645009+00:00,ARCOS_RANGE_CHECK_PASS,SOURCE_QC_NOT_EXPOSED_IN_PUBLIC_GRAFANA_FRAME,NOT_APPLICABLE,,NOT_FOUND_IN_CURRENT_RESEARCH_PASS,True,False,0.0,https://www.disl.edu/arcos/
disl_arcos_realtime_public_grafana,met,DISL_ARCOS_GSP,gsp,Gulf State Park Pier,,,coastal_context_if_hydro_available,solar_radiation_kw_m2,0.15063333362340928,kW/m2,2026-10-08T21:00:00+00:00,2026-10-09T02:28:42.645009+00:00,2026-10-09T02:28:42.645009+00:00,ARCOS_RANGE_CHECK_PASS,SOURCE_QC_NOT_EXPOSED_IN_PUBLIC_GRAFANA_FRAME,NOT_APPLICABLE,,NOT_FOUND_IN_CURRENT_RESEARCH_PASS,True,False,0.0,https://www.disl.edu/arcos/
disl_arcos_realtime_public_grafana,met,DISL_ARCOS_GSP,gsp,Gulf State Park Pier,,,coastal_context_if_hydro_available,wind_direction_deg,81.47454286621368,degree,2026-10-08T21:00:00+00:00,2026-10-09T02:28:42.645009+00:00,2026-10-09T02:28:42.645009+00:00,ARCOS_RANGE_CHECK_PASS,SOURCE_QC_NOT_EXPOSED_IN_PUBLIC_GRAFANA_FRAME,NOT_APPLICABLE,,NOT_FOUND_IN_CURRENT_RESEARCH_PASS,True,False,0.0,https://www.disl.edu/arcos/
disl_arcos_realtime_public_grafana,met,DISL_ARCOS_GSP,gsp,Gulf State Park Pier,,,coastal_context_if_hydro_available,wind_speed,12.09879994392395,kn,2026-10-08T21:00:00+00:00,2026-10-09T02:28:42.645009+00:00,2026-10-09T02:28:42.645009+00:00,NOT_RANGE_SCREENED,SOURCE_QC_NOT_EXPOSED_IN_PUBLIC_GRAFANA_FRAME,NOT_APPLICABLE,,NOT_FOUND_IN_CURRENT_RESEARCH_PASS,True,False,0.0,https://www.disl.edu/arcos/
disl_arcos_realtime_public_grafana,hydro,DISL_ARCOS_KC,kc,Katrina Cut,30.2583,-88.2131,western_bay_mouth_oxygen_context,depth_field_m,4.058000087738037,m,2026-10-08T21:00:00+00:00,2026-10-09T02:28:40.542948+00:00,2026-10-09T02:28:40.542948+00:00,SOURCE_QC_NOT_EXPOSED,SOURCE_QC_NOT_EXPOSED_IN_PUBLIC_GRAFANA_FRAME,UNKNOWN_GEOMETRY_DO_NOT_USE_FOR_BOTTOM_CLASSIFICATION,0.5,HISTORICAL_ARCOS_OBSERVATION_GEOMETRY,True,False,0.0,https://www.disl.edu/arcos/
disl_arcos_realtime_public_grafana,hydro,DISL_ARCOS_KC,kc,Katrina Cut,30.2583,-88.2131,western_bay_mouth_oxygen_context,dissolved_oxygen_mg_l,7.03000020980835,mg/L,2026-10-08T21:00:00+00:00,2026-10-09T02:28:40.542948+00:00,2026-10-09T02:28:40.542948+00:00,ARCOS_RANGE_CHECK_PASS,SOURCE_QC_NOT_EXPOSED_IN_PUBLIC_GRAFANA_FRAME,UNKNOWN_GEOMETRY_DO_NOT_USE_FOR_BOTTOM_CLASSIFICATION,0.5,HISTORICAL_ARCOS_OBSERVATION_GEOMETRY,True,False,0.0,https://www.disl.edu/arcos/
disl_arcos_realtime_public_grafana,hydro,DISL_ARCOS_KC,kc,Katrina Cut,30.2583,-88.2131,western_bay_mouth_oxygen_context,dissolved_oxygen_percent,100.0,%,2026-10-08T21:00:00+00:00,2026-10-09T02:28:40.542948+00:00,2026-10-09T02:28:40.542948+00:00,ARCOS_RANGE_CHECK_PASS,SOURCE_QC_NOT_EXPOSED_IN_PUBLIC_GRAFANA_FRAME,UNKNOWN_GEOMETRY_DO_NOT_USE_FOR_BOTTOM_CLASSIFICATION,0.5,HISTORICAL_ARCOS_OBSERVATION_GEOMETRY,True,False,0.0,https://www.disl.edu/arcos/
disl_arcos_realtime_public_grafana,hydro,DISL_ARCOS_KC,kc,Katrina Cut,30.2583,-88.2131,western_bay_mouth_oxygen_context,pressure_psi,5.849999904632568,psi,2026-10-08T21:00:00+00:00,2026-10-09T02:28:40.542948+00:00,2026-10-09T02:28:40.542948+00:00,NOT_RANGE_SCREENED,SOURCE_QC_NOT_EXPOSED_IN_PUBLIC_GRAFANA_FRAME,UNKNOWN_GEOMETRY_DO_NOT_USE_FOR_BOTTOM_CLASSIFICATION,0.5,HISTORICAL_ARCOS_OBSERVATION_GEOMETRY,True,False,0.0,https://www.disl.edu/arcos/
disl_arcos_realtime_public_grafana,hydro,DISL_ARCOS_KC,kc,Katrina Cut,30.2583,-88.2131,western_bay_mouth_oxygen_context,salinity_psu,25.299999237060547,PSU,2026-10-08T21:00:00+00:00,2026-10-09T02:28:40.542948+00:00,2026-10-09T02:28:40.542948+00:00,ARCOS_RANGE_CHECK_PASS,SOURCE_QC_NOT_EXPOSED_IN_PUBLIC_GRAFANA_FRAME,UNKNOWN_GEOMETRY_DO_NOT_USE_FOR_BOTTOM_CLASSIFICATION,0.5,HISTORICAL_ARCOS_OBSERVATION_GEOMETRY,True,False,0.0,https://www.disl.edu/arcos/
disl_arcos_realtime_public_grafana,hydro,DISL_ARCOS_KC,kc,Katrina Cut,30.2583,-88.2131,western_bay_mouth_oxygen_context,turbidity_fnu,8.65999984741211,FNU,2026-10-08T21:00:00+00:00,2026-10-09T02:28:40.542948+00:00,2026-10-09T02:28:40.542948+00:00,ARCOS_RANGE_CHECK_PASS,SOURCE_QC_NOT_EXPOSED_IN_PUBLIC_GRAFANA_FRAME,UNKNOWN_GEOMETRY_DO_NOT_USE_FOR_BOTTOM_CLASSIFICATION,0.5,HISTORICAL_ARCOS_OBSERVATION_GEOMETRY,True,False,0.0,https://www.disl.edu/arcos/
disl_arcos_realtime_public_grafana,hydro,DISL_ARCOS_KC,kc,Katrina Cut,30.2583,-88.2131,western_bay_mouth_oxygen_context,water_temperature_c,26.010000228881836,degC,2026-10-08T21:00:00+00:00,2026-10-09T02:28:40.542948+00:00,2026-10-09T02:28:40.542948+00:00,ARCOS_RANGE_CHECK_PASS,SOURCE_QC_NOT_EXPOSED_IN_PUBLIC_GRAFANA_FRAME,UNKNOWN_GEOMETRY_DO_NOT_USE_FOR_BOTTOM_CLASSIFICATION,0.5,HISTORICAL_ARCOS_OBSERVATION_GEOMETRY,True,False,0.0,https://www.disl.edu/arcos/
disl_arcos_realtime_public_grafana,met,DISL_ARCOS_KC,kc,Katrina Cut,30.2583,-88.2131,western_bay_mouth_oxygen_context,air_temperature_c,26.584000078837075,degC,2026-10-08T21:00:00+00:00,2026-10-09T02:28:40.744126+00:00,2026-10-09T02:28:40.744126+00:00,ARCOS_RANGE_CHECK_PASS,SOURCE_QC_NOT_EXPOSED_IN_PUBLIC_GRAFANA_FRAME,NOT_APPLICABLE,0.5,HISTORICAL_ARCOS_OBSERVATION_GEOMETRY,True,False,0.0,https://www.disl.edu/arcos/
disl_arcos_realtime_public_grafana,met,DISL_ARCOS_KC,kc,Katrina Cut,30.2583,-88.2131,western_bay_mouth_oxygen_context,barometric_pressure_inhg,29.895575586954752,inHg,2026-10-08T21:00:00+00:00,2026-10-09T02:28:40.744126+00:00,2026-10-09T02:28:40.744126+00:00,ARCOS_RANGE_CHECK_PASS,SOURCE_QC_NOT_EXPOSED_IN_PUBLIC_GRAFANA_FRAME,NOT_APPLICABLE,0.5,HISTORICAL_ARCOS_OBSERVATION_GEOMETRY,True,False,0.0,https://www.disl.edu/arcos/
disl_arcos_realtime_public_grafana,met,DISL_ARCOS_KC,kc,Katrina Cut,30.2583,-88.2131,western_bay_mouth_oxygen_context,precipitation,0.0,mm,2026-10-08T21:00:00+00:00,2026-10-09T02:28:40.744126+00:00,2026-10-09T02:28:40.744126+00:00,NOT_RANGE_SCREENED,SOURCE_QC_NOT_EXPOSED_IN_PUBLIC_GRAFANA_FRAME,NOT_APPLICABLE,0.5,HISTORICAL_ARCOS_OBSERVATION_GEOMETRY,True,False,0.0,https://www.disl.edu/arcos/
disl_arcos_realtime_public_grafana,met,DISL_ARCOS_KC,kc,Katrina Cut,30.2583,-88.2131,western_bay_mouth_oxygen_context,quantum_radiation_umol_m2_s,540.5666646321614,umol/m2/s,2026-10-08T21:00:00+00:00,2026-10-09T02:28:40.744126+00:00,2026-10-09T02:28:40.744126+00:00,ARCOS_RANGE_CHECK_PASS,SOURCE_QC_NOT_EXPOSED_IN_PUBLIC_GRAFANA_FRAME,NOT_APPLICABLE,0.5,HISTORICAL_ARCOS_OBSERVATION_GEOMETRY,True,False,0.0,https://www.disl.edu/arcos/
disl_arcos_realtime_public_grafana,met,DISL_ARCOS_KC,kc,Katrina Cut,30.2583,-88.2131,western_bay_mouth_oxygen_context,relative_humidity_percent,87.24999872843425,%,2026-10-08T21:00:00+00:00,2026-10-09T02:28:40.744126+00:00,2026-10-09T02:28:40.744126+00:00,ARCOS_RANGE_CHECK_PASS,SOURCE_QC_NOT_EXPOSED_IN_PUBLIC_GRAFANA_FRAME,NOT_APPLICABLE,0.5,HISTORICAL_ARCOS_OBSERVATION_GEOMETRY,True,False,0.0,https://www.disl.edu/arcos/
disl_arcos_realtime_public_grafana,met,DISL_ARCOS_KC,kc,Katrina Cut,30.2583,-88.2131,western_bay_mouth_oxygen_context,solar_radiation_kw_m2,0.24406666706005734,kW/m2,2026-10-08T21:00:00+00:00,2026-10-09T02:28:40.744126+00:00,2026-10-09T02:28:40.744126+00:00,ARCOS_RANGE_CHECK_PASS,SOURCE_QC_NOT_EXPOSED_IN_PUBLIC_GRAFANA_FRAME,NOT_APPLICABLE,0.5,HISTORICAL_ARCOS_OBSERVATION_GEOMETRY,True,False,0.0,https://www.disl.edu/arcos/
disl_arcos_realtime_public_grafana,met,DISL_ARCOS_KC,kc,Katrina Cut,30.2583,-88.2131,western_bay_mouth_oxygen_context,wind_direction_deg,43.48030410922857,degree,2026-10-08T21:00:00+00:00,2026-10-09T02:28:40.744126+00:00,2026-10-09T02:28:40.744126+00:00,ARCOS_RANGE_CHECK_PASS,SOURCE_QC_NOT_EXPOSED_IN_PUBLIC_GRAFANA_FRAME,NOT_APPLICABLE,0.5,HISTORICAL_ARCOS_OBSERVATION_GEOMETRY,True,False,0.0,https://www.disl.edu/arcos/
disl_arcos_realtime_public_grafana,met,DISL_ARCOS_KC,kc,Katrina Cut,30.2583,-88.2131,western_bay_mouth_oxygen_context,wind_speed,28.57666670481364,kn,2026-10-08T21:00:00+00:00,2026-10-09T02:28:40.744126+00:00,2026-10-09T02:28:40.744126+00:00,NOT_RANGE_SCREENED,SOURCE_QC_NOT_EXPOSED_IN_PUBLIC_GRAFANA_FRAME,NOT_APPLICABLE,0.5,HISTORICAL_ARCOS_OBSERVATION_GEOMETRY,True,False,0.0,https://www.disl.edu/arcos/
disl_arcos_realtime_public_grafana,hydro,DISL_ARCOS_MP,mp,Meaher Park,30.667152,-87.936459,upper_bay_oxygen_loading_proxy,depth_field_m,0.0,m,2026-10-08T21:00:00+00:00,2026-10-09T02:28:38.811269+00:00,2026-10-09T02:28:38.811269+00:00,SOURCE_QC_NOT_EXPOSED,SOURCE_QC_NOT_EXPOSED_IN_PUBLIC_GRAFANA_FRAME,UNKNOWN_GEOMETRY_DO_NOT_USE_FOR_BOTTOM_CLASSIFICATION,0.5,RECENT_2023_2025_EXO2_GEOMETRY,True,False,0.0,https://www.disl.edu/arcos/
disl_arcos_realtime_public_grafana,hydro,DISL_ARCOS_MP,mp,Meaher Park,30.667152,-87.936459,upper_bay_oxygen_loading_proxy,dissolved_oxygen_mg_l,0.9200000166893005,mg/L,2026-10-08T21:00:00+00:00,2026-10-09T02:28:38.811269+00:00,2026-10-09T02:28:38.811269+00:00,ARCOS_RANGE_CHECK_PASS,SOURCE_QC_NOT_EXPOSED_IN_PUBLIC_GRAFANA_FRAME,UNKNOWN_GEOMETRY_DO_NOT_USE_FOR_BOTTOM_CLASSIFICATION,0.5,RECENT_2023_2025_EXO2_GEOMETRY,True,False,0.0,https://www.disl.edu/arcos/
disl_arcos_realtime_public_grafana,hydro,DISL_ARCOS_MP,mp,Meaher Park,30.667152,-87.936459,upper_bay_oxygen_loading_proxy,dissolved_oxygen_percent,12.430000305175781,%,2026-10-08T21:00:00+00:00,2026-10-09T02:28:38.811269+00:00,2026-10-09T02:28:38.811269+00:00,ARCOS_RANGE_CHECK_PASS,SOURCE_QC_NOT_EXPOSED_IN_PUBLIC_GRAFANA_FRAME,UNKNOWN_GEOMETRY_DO_NOT_USE_FOR_BOTTOM_CLASSIFICATION,0.5,RECENT_2023_2025_EXO2_GEOMETRY,True,False,0.0,https://www.disl.edu/arcos/
disl_arcos_realtime_public_grafana,hydro,DISL_ARCOS_MP,mp,Meaher Park,30.667152,-87.936459,upper_bay_oxygen_loading_proxy,pressure_psi,0.0,psi,2026-10-08T21:00:00+00:00,2026-10-09T02:28:38.811269+00:00,2026-10-09T02:28:38.811269+00:00,NOT_RANGE_SCREENED,SOURCE_QC_NOT_EXPOSED_IN_PUBLIC_GRAFANA_FRAME,UNKNOWN_GEOMETRY_DO_NOT_USE_FOR_BOTTOM_CLASSIFICATION,0.5,RECENT_2023_2025_EXO2_GEOMETRY,True,False,0.0,https://www.disl.edu/arcos/
disl_arcos_realtime_public_grafana,hydro,DISL_ARCOS_MP,mp,Meaher Park,30.667152,-87.936459,upper_bay_oxygen_loading_proxy,salinity_psu,11.180000305175781,PSU,2026-10-08T21:00:00+00:00,2026-10-09T02:28:38.811269+00:00,2026-10-09T02:28:38.811269+00:00,ARCOS_RANGE_CHECK_PASS,SOURCE_QC_NOT_EXPOSED_IN_PUBLIC_GRAFANA_FRAME,UNKNOWN_GEOMETRY_DO_NOT_USE_FOR_BOTTOM_CLASSIFICATION,0.5,RECENT_2023_2025_EXO2_GEOMETRY,True,False,0.0,https://www.disl.edu/arcos/
disl_arcos_realtime_public_grafana,hydro,DISL_ARCOS_MP,mp,Meaher Park,30.667152,-87.936459,upper_bay_oxygen_loading_proxy,turbidity_fnu,3.630000114440918,FNU,2026-10-08T21:00:00+00:00,2026-10-09T02:28:38.811269+00:00,2026-10-09T02:28:38.811269+00:00,ARCOS_RANGE_CHECK_PASS,SOURCE_QC_NOT_EXPOSED_IN_PUBLIC_GRAFANA_FRAME,UNKNOWN_GEOMETRY_DO_NOT_USE_FOR_BOTTOM_CLASSIFICATION,0.5,RECENT_2023_2025_EXO2_GEOMETRY,True,False,0.0,https://www.disl.edu/arcos/
disl_arcos_realtime_public_grafana,hydro,DISL_ARCOS_MP,mp,Meaher Park,30.667152,-87.936459,upper_bay_oxygen_loading_proxy,water_temperature_c,27.3799991607666,degC,2026-10-08T21:00:00+00:00,2026-10-09T02:28:38.811269+00:00,2026-10-09T02:28:38.811269+00:00,ARCOS_RANGE_CHECK_PASS,SOURCE_QC_NOT_EXPOSED_IN_PUBLIC_GRAFANA_FRAME,UNKNOWN_GEOMETRY_DO_NOT_USE_FOR_BOTTOM_CLASSIFICATION,0.5,RECENT_2023_2025_EXO2_GEOMETRY,True,False,0.0,https://www.disl.edu/arcos/
disl_arcos_realtime_public_grafana,met,DISL_ARCOS_MP,mp,Meaher Park,30.667152,-87.936459,upper_bay_oxygen_loading_proxy,air_temperature_c,26.103999900817872,degC,2026-10-08T21:00:00+00:00,2026-10-09T02:28:39.047209+00:00,2026-10-09T02:28:39.047209+00:00,ARCOS_RANGE_CHECK_PASS,SOURCE_QC_NOT_EXPOSED_IN_PUBLIC_GRAFANA_FRAME,NOT_APPLICABLE,0.5,RECENT_2023_2025_EXO2_GEOMETRY,True,False,0.0,https://www.disl.edu/arcos/
disl_arcos_realtime_public_grafana,met,DISL_ARCOS_MP,mp,Meaher Park,30.667152,-87.936459,upper_bay_oxygen_loading_proxy,barometric_pressure_inhg,29.98051643371582,inHg,2026-10-08T21:00:00+00:00,2026-10-09T02:28:39.047209+00:00,2026-10-09T02:28:39.047209+00:00,ARCOS_RANGE_CHECK_PASS,SOURCE_QC_NOT_EXPOSED_IN_PUBLIC_GRAFANA_FRAME,NOT_APPLICABLE,0.5,RECENT_2023_2025_EXO2_GEOMETRY,True,False,0.0,https://www.disl.edu/arcos/
disl_arcos_realtime_public_grafana,met,DISL_ARCOS_MP,mp,Meaher Park,30.667152,-87.936459,upper_bay_oxygen_loading_proxy,precipitation,0.0,in,2026-10-08T21:00:00+00:00,2026-10-09T02:28:39.047209+00:00,2026-10-09T02:28:39.047209+00:00,NOT_RANGE_SCREENED,SOURCE_QC_NOT_EXPOSED_IN_PUBLIC_GRAFANA_FRAME,NOT_APPLICABLE,0.5,RECENT_2023_2025_EXO2_GEOMETRY,True,False,0.0,https://www.disl.edu/arcos/
disl_arcos_realtime_public_grafana,met,DISL_ARCOS_MP,mp,Meaher Park,30.667152,-87.936459,upper_bay_oxygen_loading_proxy,quantum_radiation_umol_m2_s,411.8333333333333,umol/m2/s,2026-10-08T21:00:00+00:00,2026-10-09T02:28:39.047209+00:00,2026-10-09T02:28:39.047209+00:00,ARCOS_RANGE_CHECK_PASS,SOURCE_QC_NOT_EXPOSED_IN_PUBLIC_GRAFANA_FRAME,NOT_APPLICABLE,0.5,RECENT_2023_2025_EXO2_GEOMETRY,True,False,0.0,https://www.disl.edu/arcos/
disl_arcos_realtime_public_grafana,met,DISL_ARCOS_MP,mp,Meaher Park,30.667152,-87.936459,upper_bay_oxygen_loading_proxy,relative_humidity_percent,76.80999984741212,%,2026-10-08T21:00:00+00:00,2026-10-09T02:28:39.047209+00:00,2026-10-09T02:28:39.047209+00:00,ARCOS_RANGE_CHECK_PASS,SOURCE_QC_NOT_EXPOSED_IN_PUBLIC_GRAFANA_FRAME,NOT_APPLICABLE,0.5,RECENT_2023_2025_EXO2_GEOMETRY,True,False,0.0,https://www.disl.edu/arcos/
disl_arcos_realtime_public_grafana,met,DISL_ARCOS_MP,mp,Meaher Park,30.667152,-87.936459,upper_bay_oxygen_loading_proxy,solar_radiation_kw_m2,0.1933666671315829,kW/m2,2026-10-08T21:00:00+00:00,2026-10-09T02:28:39.047209+00:00,2026-10-09T02:28:39.047209+00:00,ARCOS_RANGE_CHECK_PASS,SOURCE_QC_NOT_EXPOSED_IN_PUBLIC_GRAFANA_FRAME,NOT_APPLICABLE,0.5,RECENT_2023_2025_EXO2_GEOMETRY,True,False,0.0,https://www.disl.edu/arcos/
disl_arcos_realtime_public_grafana,met,DISL_ARCOS_MP,mp,Meaher Park,30.667152,-87.936459,upper_bay_oxygen_loading_proxy,wind_direction_deg,331.85102638477434,degree,2026-10-08T21:00:00+00:00,2026-10-09T02:28:39.047209+00:00,2026-10-09T02:28:39.047209+00:00,ARCOS_RANGE_CHECK_PASS,SOURCE_QC_NOT_EXPOSED_IN_PUBLIC_GRAFANA_FRAME,NOT_APPLICABLE,0.5,RECENT_2023_2025_EXO2_GEOMETRY,True,False,0.0,https://www.disl.edu/arcos/
disl_arcos_realtime_public_grafana,met,DISL_ARCOS_MP,mp,Meaher Park,30.667152,-87.936459,upper_bay_oxygen_loading_proxy,wind_speed,4.680066649119059,kn,2026-10-08T21:00:00+00:00,2026-10-09T02:28:39.047209+00:00,2026-10-09T02:28:39.047209+00:00,NOT_RANGE_SCREENED,SOURCE_QC_NOT_EXPOSED_IN_PUBLIC_GRAFANA_FRAME,NOT_APPLICABLE,0.5,RECENT_2023_2025_EXO2_GEOMETRY,True,False,0.0,https://www.disl.edu/arcos/
disl_arcos_realtime_public_grafana,hydro,DISL_ARCOS_PP,pp,Perdido Pass,30.2791,-87.5561,eastern_coastal_boundary_oxygen_context,depth_field_m,1.3550000190734863,m,2026-10-08T21:00:00+00:00,2026-10-09T02:28:40.989977+00:00,2026-10-09T02:28:40.989977+00:00,SOURCE_QC_NOT_EXPOSED,SOURCE_QC_NOT_EXPOSED_IN_PUBLIC_GRAFANA_FRAME,UNKNOWN_GEOMETRY_DO_NOT_USE_FOR_BOTTOM_CLASSIFICATION,0.5,HISTORICAL_NEAR_BOTTOM_GEOMETRY,True,False,0.0,https://www.disl.edu/arcos/
disl_arcos_realtime_public_grafana,hydro,DISL_ARCOS_PP,pp,Perdido Pass,30.2791,-87.5561,eastern_coastal_boundary_oxygen_context,dissolved_oxygen_mg_l,6.059999942779541,mg/L,2026-10-08T21:00:00+00:00,2026-10-09T02:28:40.989977+00:00,2026-10-09T02:28:40.989977+00:00,ARCOS_RANGE_CHECK_PASS,SOURCE_QC_NOT_EXPOSED_IN_PUBLIC_GRAFANA_FRAME,UNKNOWN_GEOMETRY_DO_NOT_USE_FOR_BOTTOM_CLASSIFICATION,0.5,HISTORICAL_NEAR_BOTTOM_GEOMETRY,True,False,0.0,https://www.disl.edu/arcos/
disl_arcos_realtime_public_grafana,hydro,DISL_ARCOS_PP,pp,Perdido Pass,30.2791,-87.5561,eastern_coastal_boundary_oxygen_context,dissolved_oxygen_percent,106.5,%,2026-10-08T21:00:00+00:00,2026-10-09T02:28:40.989977+00:00,2026-10-09T02:28:40.989977+00:00,ARCOS_RANGE_CHECK_PASS,SOURCE_QC_NOT_EXPOSED_IN_PUBLIC_GRAFANA_FRAME,UNKNOWN_GEOMETRY_DO_NOT_USE_FOR_BOTTOM_CLASSIFICATION,0.5,HISTORICAL_NEAR_BOTTOM_GEOMETRY,True,False,0.0,https://www.disl.edu/arcos/
disl_arcos_realtime_public_grafana,hydro,DISL_ARCOS_PP,pp,Perdido Pass,30.2791,-87.5561,eastern_coastal_boundary_oxygen_context,pressure_psi,1.9500000476837158,psi,2026-10-08T21:00:00+00:00,2026-10-09T02:28:40.989977+00:00,2026-10-09T02:28:40.989977+00:00,NOT_RANGE_SCREENED,SOURCE_QC_NOT_EXPOSED_IN_PUBLIC_GRAFANA_FRAME,UNKNOWN_GEOMETRY_DO_NOT_USE_FOR_BOTTOM_CLASSIFICATION,0.5,HISTORICAL_NEAR_BOTTOM_GEOMETRY,True,False,0.0,https://www.disl.edu/arcos/
disl_arcos_realtime_public_grafana,hydro,DISL_ARCOS_PP,pp,Perdido Pass,30.2791,-87.5561,eastern_coastal_boundary_oxygen_context,salinity_psu,24.56999969482422,PSU,2026-10-08T21:00:00+00:00,2026-10-09T02:28:40.989977+00:00,2026-10-09T02:28:40.989977+00:00,ARCOS_RANGE_CHECK_PASS,SOURCE_QC_NOT_EXPOSED_IN_PUBLIC_GRAFANA_FRAME,UNKNOWN_GEOMETRY_DO_NOT_USE_FOR_BOTTOM_CLASSIFICATION,0.5,HISTORICAL_NEAR_BOTTOM_GEOMETRY,True,False,0.0,https://www.disl.edu/arcos/
disl_arcos_realtime_public_grafana,hydro,DISL_ARCOS_PP,pp,Perdido Pass,30.2791,-87.5561,eastern_coastal_boundary_oxygen_context,turbidity_fnu,4.0,FNU,2026-10-08T21:00:00+00:00,2026-10-09T02:28:40.989977+00:00,2026-10-09T02:28:40.989977+00:00,ARCOS_RANGE_CHECK_PASS,SOURCE_QC_NOT_EXPOSED_IN_PUBLIC_GRAFANA_FRAME,UNKNOWN_GEOMETRY_DO_NOT_USE_FOR_BOTTOM_CLASSIFICATION,0.5,HISTORICAL_NEAR_BOTTOM_GEOMETRY,True,False,0.0,https://www.disl.edu/arcos/
disl_arcos_realtime_public_grafana,hydro,DISL_ARCOS_PP,pp,Perdido Pass,30.2791,-87.5561,eastern_coastal_boundary_oxygen_context,water_temperature_c,26.90999984741211,degC,2026-10-08T21:00:00+00:00,2026-10-09T02:28:40.989977+00:00,2026-10-09T02:28:40.989977+00:00,ARCOS_RANGE_CHECK_PASS,SOURCE_QC_NOT_EXPOSED_IN_PUBLIC_GRAFANA_FRAME,UNKNOWN_GEOMETRY_DO_NOT_USE_FOR_BOTTOM_CLASSIFICATION,0.5,HISTORICAL_NEAR_BOTTOM_GEOMETRY,True,False,0.0,https://www.disl.edu/arcos/
disl_arcos_realtime_public_grafana,met,DISL_ARCOS_PP,pp,Perdido Pass,30.2791,-87.5561,eastern_coastal_boundary_oxygen_context,air_temperature_c,30.273000081380207,degC,2026-10-08T21:00:00+00:00,2026-10-09T02:28:41.324994+00:00,2026-10-09T02:28:41.324994+00:00,ARCOS_RANGE_CHECK_PASS,SOURCE_QC_NOT_EXPOSED_IN_PUBLIC_GRAFANA_FRAME,NOT_APPLICABLE,0.5,HISTORICAL_NEAR_BOTTOM_GEOMETRY,True,False,0.0,https://www.disl.edu/arcos/
disl_arcos_realtime_public_grafana,met,DISL_ARCOS_PP,pp,Perdido Pass,30.2791,-87.5561,eastern_coastal_boundary_oxygen_context,barometric_pressure_inhg,29.893095397949217,inHg,2026-10-08T21:00:00+00:00,2026-10-09T02:28:41.324994+00:00,2026-10-09T02:28:41.324994+00:00,ARCOS_RANGE_CHECK_PASS,SOURCE_QC_NOT_EXPOSED_IN_PUBLIC_GRAFANA_FRAME,NOT_APPLICABLE,0.5,HISTORICAL_NEAR_BOTTOM_GEOMETRY,True,False,0.0,https://www.disl.edu/arcos/
disl_arcos_realtime_public_grafana,met,DISL_ARCOS_PP,pp,Perdido Pass,30.2791,-87.5561,eastern_coastal_boundary_oxygen_context,precipitation,0.0,mm,2026-10-08T21:00:00+00:00,2026-10-09T02:28:41.324994+00:00,2026-10-09T02:28:41.324994+00:00,NOT_RANGE_SCREENED,SOURCE_QC_NOT_EXPOSED_IN_PUBLIC_GRAFANA_FRAME,NOT_APPLICABLE,0.5,HISTORICAL_NEAR_BOTTOM_GEOMETRY,True,False,0.0,https://www.disl.edu/arcos/
disl_arcos_realtime_public_grafana,met,DISL_ARCOS_PP,pp,Perdido Pass,30.2791,-87.5561,eastern_coastal_boundary_oxygen_context,quantum_radiation_umol_m2_s,312.69666646321616,umol/m2/s,2026-10-08T21:00:00+00:00,2026-10-09T02:28:41.324994+00:00,2026-10-09T02:28:41.324994+00:00,ARCOS_RANGE_CHECK_PASS,SOURCE_QC_NOT_EXPOSED_IN_PUBLIC_GRAFANA_FRAME,NOT_APPLICABLE,0.5,HISTORICAL_NEAR_BOTTOM_GEOMETRY,True,False,0.0,https://www.disl.edu/arcos/
disl_arcos_realtime_public_grafana,met,DISL_ARCOS_PP,pp,Perdido Pass,30.2791,-87.5561,eastern_coastal_boundary_oxygen_context,relative_humidity_percent,72.59633280436198,%,2026-10-08T21:00:00+00:00,2026-10-09T02:28:41.324994+00:00,2026-10-09T02:28:41.324994+00:00,ARCOS_RANGE_CHECK_PASS,SOURCE_QC_NOT_EXPOSED_IN_PUBLIC_GRAFANA_FRAME,NOT_APPLICABLE,0.5,HISTORICAL_NEAR_BOTTOM_GEOMETRY,True,False,0.0,https://www.disl.edu/arcos/
disl_arcos_realtime_public_grafana,met,DISL_ARCOS_PP,pp,Perdido Pass,30.2791,-87.5561,eastern_coastal_boundary_oxygen_context,solar_radiation_kw_m2,0.12216666638851166,kW/m2,2026-10-08T21:00:00+00:00,2026-10-09T02:28:41.324994+00:00,2026-10-09T02:28:41.324994+00:00,ARCOS_RANGE_CHECK_PASS,SOURCE_QC_NOT_EXPOSED_IN_PUBLIC_GRAFANA_FRAME,NOT_APPLICABLE,0.5,HISTORICAL_NEAR_BOTTOM_GEOMETRY,True,False,0.0,https://www.disl.edu/arcos/
disl_arcos_realtime_public_grafana,met,DISL_ARCOS_PP,pp,Perdido Pass,30.2791,-87.5561,eastern_coastal_boundary_oxygen_context,wind_direction_deg,87.47241842166561,degree,2026-10-08T21:00:00+00:00,2026-10-09T02:28:41.324994+00:00,2026-10-09T02:28:41.324994+00:00,ARCOS_RANGE_CHECK_PASS,SOURCE_QC_NOT_EXPOSED_IN_PUBLIC_GRAFANA_FRAME,NOT_APPLICABLE,0.5,HISTORICAL_NEAR_BOTTOM_GEOMETRY,True,False,0.0,https://www.disl.edu/arcos/
disl_arcos_realtime_public_grafana,met,DISL_ARCOS_PP,pp,Perdido Pass,30.2791,-87.5561,eastern_coastal_boundary_oxygen_context,wind_speed,10.695566765467326,kn,2026-10-08T21:00:00+00:00,2026-10-09T02:28:41.324994+00:00,2026-10-09T02:28:41.324994+00:00,NOT_RANGE_SCREENED,SOURCE_QC_NOT_EXPOSED_IN_PUBLIC_GRAFANA_FRAME,NOT_APPLICABLE,0.5,HISTORICAL_NEAR_BOTTOM_GEOMETRY,True,False,0.0,https://www.disl.edu/arcos/
disl_arcos_realtime_public_grafana,met,DISL_ARCOS_BS,bs,Bon Secour,30.328767,-87.829267,southeast_bay_oxygen_loading_context,air_temperature_c,26.93666655222575,degC,2026-10-08T21:30:00+00:00,2026-10-09T02:28:41.830857+00:00,2026-10-09T02:28:41.830857+00:00,ARCOS_RANGE_CHECK_PASS,SOURCE_QC_NOT_EXPOSED_IN_PUBLIC_GRAFANA_FRAME,NOT_APPLICABLE,0.5,HISTORICAL_2019_ARCOS_OBSERVATION_GEOMETRY,True,False,0.0,https://www.disl.edu/arcos/
disl_arcos_realtime_public_grafana,met,DISL_ARCOS_BS,bs,Bon Secour,30.328767,-87.829267,southeast_bay_oxygen_loading_context,barometric_pressure_inhg,29.886128743489582,inHg,2026-10-08T21:30:00+00:00,2026-10-09T02:28:41.830857+00:00,2026-10-09T02:28:41.830857+00:00,ARCOS_RANGE_CHECK_PASS,SOURCE_QC_NOT_EXPOSED_IN_PUBLIC_GRAFANA_FRAME,NOT_APPLICABLE,0.5,HISTORICAL_2019_ARCOS_OBSERVATION_GEOMETRY,True,False,0.0,https://www.disl.edu/arcos/
disl_arcos_realtime_public_grafana,met,DISL_ARCOS_BS,bs,Bon Secour,30.328767,-87.829267,southeast_bay_oxygen_loading_context,precipitation,0.0,mm,2026-10-08T21:30:00+00:00,2026-10-09T02:28:41.830857+00:00,2026-10-09T02:28:41.830857+00:00,NOT_RANGE_SCREENED,SOURCE_QC_NOT_EXPOSED_IN_PUBLIC_GRAFANA_FRAME,NOT_APPLICABLE,0.5,HISTORICAL_2019_ARCOS_OBSERVATION_GEOMETRY,True,False,0.0,https://www.disl.edu/arcos/
disl_arcos_realtime_public_grafana,met,DISL_ARCOS_BS,bs,Bon Secour,30.328767,-87.829267,southeast_bay_oxygen_loading_context,quantum_radiation_umol_m2_s,197.24000091552733,umol/m2/s,2026-10-08T21:30:00+00:00,2026-10-09T02:28:41.830857+00:00,2026-10-09T02:28:41.830857+00:00,ARCOS_RANGE_CHECK_PASS,SOURCE_QC_NOT_EXPOSED_IN_PUBLIC_GRAFANA_FRAME,NOT_APPLICABLE,0.5,HISTORICAL_2019_ARCOS_OBSERVATION_GEOMETRY,True,False,0.0,https://www.disl.edu/arcos/
disl_arcos_realtime_public_grafana,met,DISL_ARCOS_BS,bs,Bon Secour,30.328767,-87.829267,southeast_bay_oxygen_loading_context,relative_humidity_percent,80.38933334350585,%,2026-10-08T21:30:00+00:00,2026-10-09T02:28:41.830857+00:00,2026-10-09T02:28:41.830857+00:00,ARCOS_RANGE_CHECK_PASS,SOURCE_QC_NOT_EXPOSED_IN_PUBLIC_GRAFANA_FRAME,NOT_APPLICABLE,0.5,HISTORICAL_2019_ARCOS_OBSERVATION_GEOMETRY,True,False,0.0,https://www.disl.edu/arcos/
disl_arcos_realtime_public_grafana,met,DISL_ARCOS_BS,bs,Bon Secour,30.328767,-87.829267,southeast_bay_oxygen_loading_context,solar_radiation_kw_m2,0.09526666676004727,kW/m2,2026-10-08T21:30:00+00:00,2026-10-09T02:28:41.830857+00:00,2026-10-09T02:28:41.830857+00:00,ARCOS_RANGE_CHECK_PASS,SOURCE_QC_NOT_EXPOSED_IN_PUBLIC_GRAFANA_FRAME,NOT_APPLICABLE,0.5,HISTORICAL_2019_ARCOS_OBSERVATION_GEOMETRY,True,False,0.0,https://www.disl.edu/arcos/
disl_arcos_realtime_public_grafana,met,DISL_ARCOS_BS,bs,Bon Secour,30.328767,-87.829267,southeast_bay_oxygen_loading_context,wind_direction_deg,20.75538636104243,degree,2026-10-08T21:30:00+00:00,2026-10-09T02:28:41.830857+00:00,2026-10-09T02:28:41.830857+00:00,ARCOS_RANGE_CHECK_PASS,SOURCE_QC_NOT_EXPOSED_IN_PUBLIC_GRAFANA_FRAME,NOT_APPLICABLE,0.5,HISTORICAL_2019_ARCOS_OBSERVATION_GEOMETRY,True,False,0.0,https://www.disl.edu/arcos/
disl_arcos_realtime_public_grafana,met,DISL_ARCOS_BS,bs,Bon Secour,30.328767,-87.829267,southeast_bay_oxygen_loading_context,wind_speed,8.826900021235149,kn,2026-10-08T21:30:00+00:00,2026-10-09T02:28:41.830857+00:00,2026-10-09T02:28:41.830857+00:00,NOT_RANGE_SCREENED,SOURCE_QC_NOT_EXPOSED_IN_PUBLIC_GRAFANA_FRAME,NOT_APPLICABLE,0.5,HISTORICAL_2019_ARCOS_OBSERVATION_GEOMETRY,True,False,0.0,https://www.disl.edu/arcos/
disl_arcos_realtime_public_grafana,met,DISL_ARCOS_BSP,bsp,Battleship Park,30.682697,-88.012211,upper_bay_oxygen_loading_context,air_temperature_c,27.061333084106444,degC,2026-10-08T21:30:00+00:00,2026-10-09T02:28:42.233975+00:00,2026-10-09T02:28:42.233975+00:00,ARCOS_RANGE_CHECK_PASS,SOURCE_QC_NOT_EXPOSED_IN_PUBLIC_GRAFANA_FRAME,NOT_APPLICABLE,0.5,RECENT_2023_2025_EXO2_GEOMETRY,True,False,0.0,https://www.disl.edu/arcos/
disl_arcos_realtime_public_grafana,met,DISL_ARCOS_BSP,bsp,Battleship Park,30.682697,-88.012211,upper_bay_oxygen_loading_context,barometric_pressure_inhg,29.890455945332846,inHg,2026-10-08T21:30:00+00:00,2026-10-09T02:28:42.233975+00:00,2026-10-09T02:28:42.233975+00:00,ARCOS_RANGE_CHECK_PASS,SOURCE_QC_NOT_EXPOSED_IN_PUBLIC_GRAFANA_FRAME,NOT_APPLICABLE,0.5,RECENT_2023_2025_EXO2_GEOMETRY,True,False,0.0,https://www.disl.edu/arcos/
disl_arcos_realtime_public_grafana,met,DISL_ARCOS_BSP,bsp,Battleship Park,30.682697,-88.012211,upper_bay_oxygen_loading_context,precipitation,0.0,in,2026-10-08T21:30:00+00:00,2026-10-09T02:28:42.233975+00:00,2026-10-09T02:28:42.233975+00:00,NOT_RANGE_SCREENED,SOURCE_QC_NOT_EXPOSED_IN_PUBLIC_GRAFANA_FRAME,NOT_APPLICABLE,0.5,RECENT_2023_2025_EXO2_GEOMETRY,True,False,0.0,https://www.disl.edu/arcos/
disl_arcos_realtime_public_grafana,met,DISL_ARCOS_BSP,bsp,Battleship Park,30.682697,-88.012211,upper_bay_oxygen_loading_context,quantum_radiation_umol_m2_s,312.0699991861979,umol/m2/s,2026-10-08T21:30:00+00:00,2026-10-09T02:28:42.233975+00:00,2026-10-09T02:28:42.233975+00:00,ARCOS_RANGE_CHECK_PASS,SOURCE_QC_NOT_EXPOSED_IN_PUBLIC_GRAFANA_FRAME,NOT_APPLICABLE,0.5,RECENT_2023_2025_EXO2_GEOMETRY,True,False,0.0,https://www.disl.edu/arcos/
disl_arcos_realtime_public_grafana,met,DISL_ARCOS_BSP,bsp,Battleship Park,30.682697,-88.012211,upper_bay_oxygen_loading_context,relative_humidity_percent,82.11333338419597,%,2026-10-08T21:30:00+00:00,2026-10-09T02:28:42.233975+00:00,2026-10-09T02:28:42.233975+00:00,ARCOS_RANGE_CHECK_PASS,SOURCE_QC_NOT_EXPOSED_IN_PUBLIC_GRAFANA_FRAME,NOT_APPLICABLE,0.5,RECENT_2023_2025_EXO2_GEOMETRY,True,False,0.0,https://www.disl.edu/arcos/
disl_arcos_realtime_public_grafana,met,DISL_ARCOS_BSP,bsp,Battleship Park,30.682697,-88.012211,upper_bay_oxygen_loading_context,solar_radiation_kw_m2,0.13513333573937417,kW/m2,2026-10-08T21:30:00+00:00,2026-10-09T02:28:42.233975+00:00,2026-10-09T02:28:42.233975+00:00,ARCOS_RANGE_CHECK_PASS,SOURCE_QC_NOT_EXPOSED_IN_PUBLIC_GRAFANA_FRAME,NOT_APPLICABLE,0.5,RECENT_2023_2025_EXO2_GEOMETRY,True,False,0.0,https://www.disl.edu/arcos/
disl_arcos_realtime_public_grafana,met,DISL_ARCOS_BSP,bsp,Battleship Park,30.682697,-88.012211,upper_bay_oxygen_loading_context,wind_direction_deg,50.62984084087571,degree,2026-10-08T21:30:00+00:00,2026-10-09T02:28:42.233975+00:00,2026-10-09T02:28:42.233975+00:00,ARCOS_RANGE_CHECK_PASS,SOURCE_QC_NOT_EXPOSED_IN_PUBLIC_GRAFANA_FRAME,NOT_APPLICABLE,0.5,RECENT_2023_2025_EXO2_GEOMETRY,True,False,0.0,https://www.disl.edu/arcos/
disl_arcos_realtime_public_grafana,met,DISL_ARCOS_BSP,bsp,Battleship Park,30.682697,-88.012211,upper_bay_oxygen_loading_context,wind_speed,15.817666625976562,kn,2026-10-08T21:30:00+00:00,2026-10-09T02:28:42.233975+00:00,2026-10-09T02:28:42.233975+00:00,NOT_RANGE_SCREENED,SOURCE_QC_NOT_EXPOSED_IN_PUBLIC_GRAFANA_FRAME,NOT_APPLICABLE,0.5,RECENT_2023_2025_EXO2_GEOMETRY,True,False,0.0,https://www.disl.edu/arcos/
disl_arcos_realtime_public_grafana,hydro,DISL_ARCOS_CP,cp,Cedar Point,30.30845,-88.139533,lower_bay_west_boundary_oxygen_context,depth_field_m,1.871999979019165,m,2026-10-08T21:30:00+00:00,2026-10-09T02:28:39.420240+00:00,2026-10-09T02:28:39.420240+00:00,SOURCE_QC_NOT_EXPOSED,SOURCE_QC_NOT_EXPOSED_IN_PUBLIC_GRAFANA_FRAME,UNKNOWN_GEOMETRY_DO_NOT_USE_FOR_BOTTOM_CLASSIFICATION,,NOT_FOUND_IN_CURRENT_RESEARCH_PASS,True,False,0.0,https://www.disl.edu/arcos/
disl_arcos_realtime_public_grafana,hydro,DISL_ARCOS_CP,cp,Cedar Point,30.30845,-88.139533,lower_bay_west_boundary_oxygen_context,dissolved_oxygen_mg_l,7.110000133514404,mg/L,2026-10-08T21:30:00+00:00,2026-10-09T02:28:39.420240+00:00,2026-10-09T02:28:39.420240+00:00,ARCOS_RANGE_CHECK_PASS,SOURCE_QC_NOT_EXPOSED_IN_PUBLIC_GRAFANA_FRAME,UNKNOWN_GEOMETRY_DO_NOT_USE_FOR_BOTTOM_CLASSIFICATION,,NOT_FOUND_IN_CURRENT_RESEARCH_PASS,True,False,0.0,https://www.disl.edu/arcos/
disl_arcos_realtime_public_grafana,hydro,DISL_ARCOS_CP,cp,Cedar Point,30.30845,-88.139533,lower_bay_west_boundary_oxygen_context,dissolved_oxygen_percent,98.0,%,2026-10-08T21:30:00+00:00,2026-10-09T02:28:39.420240+00:00,2026-10-09T02:28:39.420240+00:00,ARCOS_RANGE_CHECK_PASS,SOURCE_QC_NOT_EXPOSED_IN_PUBLIC_GRAFANA_FRAME,UNKNOWN_GEOMETRY_DO_NOT_USE_FOR_BOTTOM_CLASSIFICATION,,NOT_FOUND_IN_CURRENT_RESEARCH_PASS,True,False,0.0,https://www.disl.edu/arcos/
disl_arcos_realtime_public_grafana,hydro,DISL_ARCOS_CP,cp,Cedar Point,30.30845,-88.139533,lower_bay_west_boundary_oxygen_context,pressure_psi,2.690000057220459,psi,2026-10-08T21:30:00+00:00,2026-10-09T02:28:39.420240+00:00,2026-10-09T02:28:39.420240+00:00,NOT_RANGE_SCREENED,SOURCE_QC_NOT_EXPOSED_IN_PUBLIC_GRAFANA_FRAME,UNKNOWN_GEOMETRY_DO_NOT_USE_FOR_BOTTOM_CLASSIFICATION,,NOT_FOUND_IN_CURRENT_RESEARCH_PASS,True,False,0.0,https://www.disl.edu/arcos/
disl_arcos_realtime_public_grafana,hydro,DISL_ARCOS_CP,cp,Cedar Point,30.30845,-88.139533,lower_bay_west_boundary_oxygen_context,salinity_psu,20.389999389648438,PSU,2026-10-08T21:30:00+00:00,2026-10-09T02:28:39.420240+00:00,2026-10-09T02:28:39.420240+00:00,ARCOS_RANGE_CHECK_PASS,SOURCE_QC_NOT_EXPOSED_IN_PUBLIC_GRAFANA_FRAME,UNKNOWN_GEOMETRY_DO_NOT_USE_FOR_BOTTOM_CLASSIFICATION,,NOT_FOUND_IN_CURRENT_RESEARCH_PASS,True,False,0.0,https://www.disl.edu/arcos/
disl_arcos_realtime_public_grafana,hydro,DISL_ARCOS_CP,cp,Cedar Point,30.30845,-88.139533,lower_bay_west_boundary_oxygen_context,turbidity_fnu,187.6999969482422,FNU,2026-10-08T21:30:00+00:00,2026-10-09T02:28:39.420240+00:00,2026-10-09T02:28:39.420240+00:00,ARCOS_RANGE_CHECK_PASS,SOURCE_QC_NOT_EXPOSED_IN_PUBLIC_GRAFANA_FRAME,UNKNOWN_GEOMETRY_DO_NOT_USE_FOR_BOTTOM_CLASSIFICATION,,NOT_FOUND_IN_CURRENT_RESEARCH_PASS,True,False,0.0,https://www.disl.edu/arcos/
disl_arcos_realtime_public_grafana,hydro,DISL_ARCOS_CP,cp,Cedar Point,30.30845,-88.139533,lower_bay_west_boundary_oxygen_context,water_temperature_c,25.81999969482422,degC,2026-10-08T21:30:00+00:00,2026-10-09T02:28:39.420240+00:00,2026-10-09T02:28:39.420240+00:00,ARCOS_RANGE_CHECK_PASS,SOURCE_QC_NOT_EXPOSED_IN_PUBLIC_GRAFANA_FRAME,UNKNOWN_GEOMETRY_DO_NOT_USE_FOR_BOTTOM_CLASSIFICATION,,NOT_FOUND_IN_CURRENT_RESEARCH_PASS,True,False,0.0,https://www.disl.edu/arcos/
disl_arcos_realtime_public_grafana,met,DISL_ARCOS_CP,cp,Cedar Point,30.30845,-88.139533,lower_bay_west_boundary_oxygen_context,air_temperature_c,26.357999992370605,degC,2026-10-08T21:30:00+00:00,2026-10-09T02:28:39.708368+00:00,2026-10-09T02:28:39.708368+00:00,ARCOS_RANGE_CHECK_PASS,SOURCE_QC_NOT_EXPOSED_IN_PUBLIC_GRAFANA_FRAME,NOT_APPLICABLE,,NOT_FOUND_IN_CURRENT_RESEARCH_PASS,True,False,0.0,https://www.disl.edu/arcos/
disl_arcos_realtime_public_grafana,met,DISL_ARCOS_CP,cp,Cedar Point,30.30845,-88.139533,lower_bay_west_boundary_oxygen_context,barometric_pressure_inhg,29.86104621887207,inHg,2026-10-08T21:30:00+00:00,2026-10-09T02:28:39.708368+00:00,2026-10-09T02:28:39.708368+00:00,ARCOS_RANGE_CHECK_PASS,SOURCE_QC_NOT_EXPOSED_IN_PUBLIC_GRAFANA_FRAME,NOT_APPLICABLE,,NOT_FOUND_IN_CURRENT_RESEARCH_PASS,True,False,0.0,https://www.disl.edu/arcos/
disl_arcos_realtime_public_grafana,met,DISL_ARCOS_CP,cp,Cedar Point,30.30845,-88.139533,lower_bay_west_boundary_oxygen_context,precipitation,0.0,mm,2026-10-08T21:30:00+00:00,2026-10-09T02:28:39.708368+00:00,2026-10-09T02:28:39.708368+00:00,NOT_RANGE_SCREENED,SOURCE_QC_NOT_EXPOSED_IN_PUBLIC_GRAFANA_FRAME,NOT_APPLICABLE,,NOT_FOUND_IN_CURRENT_RESEARCH_PASS,True,False,0.0,https://www.disl.edu/arcos/
disl_arcos_realtime_public_grafana,met,DISL_ARCOS_CP,cp,Cedar Point,30.30845,-88.139533,lower_bay_west_boundary_oxygen_context,quantum_radiation_umol_m2_s,265.8633331298828,umol/m2/s,2026-10-08T21:30:00+00:00,2026-10-09T02:28:39.708368+00:00,2026-10-09T02:28:39.708368+00:00,ARCOS_RANGE_CHECK_PASS,SOURCE_QC_NOT_EXPOSED_IN_PUBLIC_GRAFANA_FRAME,NOT_APPLICABLE,,NOT_FOUND_IN_CURRENT_RESEARCH_PASS,True,False,0.0,https://www.disl.edu/arcos/
disl_arcos_realtime_public_grafana,met,DISL_ARCOS_CP,cp,Cedar Point,30.30845,-88.139533,lower_bay_west_boundary_oxygen_context,relative_humidity_percent,75.26399993896484,%,2026-10-08T21:30:00+00:00,2026-10-09T02:28:39.708368+00:00,2026-10-09T02:28:39.708368+00:00,ARCOS_RANGE_CHECK_PASS,SOURCE_QC_NOT_EXPOSED_IN_PUBLIC_GRAFANA_FRAME,NOT_APPLICABLE,,NOT_FOUND_IN_CURRENT_RESEARCH_PASS,True,False,0.0,https://www.disl.edu/arcos/
disl_arcos_realtime_public_grafana,met,DISL_ARCOS_CP,cp,Cedar Point,30.30845,-88.139533,lower_bay_west_boundary_oxygen_context,solar_radiation_kw_m2,0.11096666703621547,kW/m2,2026-10-08T21:30:00+00:00,2026-10-09T02:28:39.708368+00:00,2026-10-09T02:28:39.708368+00:00,ARCOS_RANGE_CHECK_PASS,SOURCE_QC_NOT_EXPOSED_IN_PUBLIC_GRAFANA_FRAME,NOT_APPLICABLE,,NOT_FOUND_IN_CURRENT_RESEARCH_PASS,True,False,0.0,https://www.disl.edu/arcos/
disl_arcos_realtime_public_grafana,met,DISL_ARCOS_CP,cp,Cedar Point,30.30845,-88.139533,lower_bay_west_boundary_oxygen_context,wind_direction_deg,40.33393913933382,degree,2026-10-08T21:30:00+00:00,2026-10-09T02:28:39.708368+00:00,2026-10-09T02:28:39.708368+00:00,ARCOS_RANGE_CHECK_PASS,SOURCE_QC_NOT_EXPOSED_IN_PUBLIC_GRAFANA_FRAME,NOT_APPLICABLE,,NOT_FOUND_IN_CURRENT_RESEARCH_PASS,True,False,0.0,https://www.disl.edu/arcos/
disl_arcos_realtime_public_grafana,met,DISL_ARCOS_CP,cp,Cedar Point,30.30845,-88.139533,lower_bay_west_boundary_oxygen_context,wind_speed,12.281333414713542,kn,2026-10-08T21:30:00+00:00,2026-10-09T02:28:39.708368+00:00,2026-10-09T02:28:39.708368+00:00,NOT_RANGE_SCREENED,SOURCE_QC_NOT_EXPOSED_IN_PUBLIC_GRAFANA_FRAME,NOT_APPLICABLE,,NOT_FOUND_IN_CURRENT_RESEARCH_PASS,True,False,0.0,https://www.disl.edu/arcos/
disl_arcos_realtime_public_grafana,met,DISL_ARCOS_GSP,gsp,Gulf State Park Pier,,,coastal_context_if_hydro_available,air_temperature_c,26.986666615804037,degC,2026-10-08T21:30:00+00:00,2026-10-09T02:28:42.645009+00:00,2026-10-09T02:28:42.645009+00:00,ARCOS_RANGE_CHECK_PASS,SOURCE_QC_NOT_EXPOSED_IN_PUBLIC_GRAFANA_FRAME,NOT_APPLICABLE,,NOT_FOUND_IN_CURRENT_RESEARCH_PASS,True,False,0.0,https://www.disl.edu/arcos/
disl_arcos_realtime_public_grafana,met,DISL_ARCOS_GSP,gsp,Gulf State Park Pier,,,coastal_context_if_hydro_available,barometric_pressure_inhg,29.850498326619466,inHg,2026-10-08T21:30:00+00:00,2026-10-09T02:28:42.645009+00:00,2026-10-09T02:28:42.645009+00:00,ARCOS_RANGE_CHECK_PASS,SOURCE_QC_NOT_EXPOSED_IN_PUBLIC_GRAFANA_FRAME,NOT_APPLICABLE,,NOT_FOUND_IN_CURRENT_RESEARCH_PASS,True,False,0.0,https://www.disl.edu/arcos/
disl_arcos_realtime_public_grafana,met,DISL_ARCOS_GSP,gsp,Gulf State Park Pier,,,coastal_context_if_hydro_available,precipitation,0.0,mm,2026-10-08T21:30:00+00:00,2026-10-09T02:28:42.645009+00:00,2026-10-09T02:28:42.645009+00:00,NOT_RANGE_SCREENED,SOURCE_QC_NOT_EXPOSED_IN_PUBLIC_GRAFANA_FRAME,NOT_APPLICABLE,,NOT_FOUND_IN_CURRENT_RESEARCH_PASS,True,False,0.0,https://www.disl.edu/arcos/
disl_arcos_realtime_public_grafana,met,DISL_ARCOS_GSP,gsp,Gulf State Park Pier,,,coastal_context_if_hydro_available,quantum_radiation_umol_m2_s,179.77666676839192,umol/m2/s,2026-10-08T21:30:00+00:00,2026-10-09T02:28:42.645009+00:00,2026-10-09T02:28:42.645009+00:00,ARCOS_RANGE_CHECK_PASS,SOURCE_QC_NOT_EXPOSED_IN_PUBLIC_GRAFANA_FRAME,NOT_APPLICABLE,,NOT_FOUND_IN_CURRENT_RESEARCH_PASS,True,False,0.0,https://www.disl.edu/arcos/
disl_arcos_realtime_public_grafana,met,DISL_ARCOS_GSP,gsp,Gulf State Park Pier,,,coastal_context_if_hydro_available,relative_humidity_percent,82.08333333333333,%,2026-10-08T21:30:00+00:00,2026-10-09T02:28:42.645009+00:00,2026-10-09T02:28:42.645009+00:00,ARCOS_RANGE_CHECK_PASS,SOURCE_QC_NOT_EXPOSED_IN_PUBLIC_GRAFANA_FRAME,NOT_APPLICABLE,,NOT_FOUND_IN_CURRENT_RESEARCH_PASS,True,False,0.0,https://www.disl.edu/arcos/
disl_arcos_realtime_public_grafana,met,DISL_ARCOS_GSP,gsp,Gulf State Park Pier,,,coastal_context_if_hydro_available,solar_radiation_kw_m2,0.0795666662355264,kW/m2,2026-10-08T21:30:00+00:00,2026-10-09T02:28:42.645009+00:00,2026-10-09T02:28:42.645009+00:00,ARCOS_RANGE_CHECK_PASS,SOURCE_QC_NOT_EXPOSED_IN_PUBLIC_GRAFANA_FRAME,NOT_APPLICABLE,,NOT_FOUND_IN_CURRENT_RESEARCH_PASS,True,False,0.0,https://www.disl.edu/arcos/
disl_arcos_realtime_public_grafana,met,DISL_ARCOS_GSP,gsp,Gulf State Park Pier,,,coastal_context_if_hydro_available,wind_direction_deg,89.064151864949,degree,2026-10-08T21:30:00+00:00,2026-10-09T02:28:42.645009+00:00,2026-10-09T02:28:42.645009+00:00,ARCOS_RANGE_CHECK_PASS,SOURCE_QC_NOT_EXPOSED_IN_PUBLIC_GRAFANA_FRAME,NOT_APPLICABLE,,NOT_FOUND_IN_CURRENT_RESEARCH_PASS,True,False,0.0,https://www.disl.edu/arcos/
disl_arcos_realtime_public_grafana,met,DISL_ARCOS_GSP,gsp,Gulf State Park Pier,,,coastal_context_if_hydro_available,wind_speed,10.389333295822144,kn,2026-10-08T21:30:00+00:00,2026-10-09T02:28:42.645009+00:00,2026-10-09T02:28:42.645009+00:00,NOT_RANGE_SCREENED,SOURCE_QC_NOT_EXPOSED_IN_PUBLIC_GRAFANA_FRAME,NOT_APPLICABLE,,NOT_FOUND_IN_CURRENT_RESEARCH_PASS,True,False,0.0,https://www.disl.edu/arcos/
disl_arcos_realtime_public_grafana,hydro,DISL_ARCOS_KC,kc,Katrina Cut,30.2583,-88.2131,western_bay_mouth_oxygen_context,depth_field_m,4.046999931335449,m,2026-10-08T21:30:00+00:00,2026-10-09T02:28:40.542948+00:00,2026-10-09T02:28:40.542948+00:00,SOURCE_QC_NOT_EXPOSED,SOURCE_QC_NOT_EXPOSED_IN_PUBLIC_GRAFANA_FRAME,UNKNOWN_GEOMETRY_DO_NOT_USE_FOR_BOTTOM_CLASSIFICATION,0.5,HISTORICAL_ARCOS_OBSERVATION_GEOMETRY,True,False,0.0,https://www.disl.edu/arcos/
disl_arcos_realtime_public_grafana,hydro,DISL_ARCOS_KC,kc,Katrina Cut,30.2583,-88.2131,western_bay_mouth_oxygen_context,dissolved_oxygen_mg_l,7.079999923706055,mg/L,2026-10-08T21:30:00+00:00,2026-10-09T02:28:40.542948+00:00,2026-10-09T02:28:40.542948+00:00,ARCOS_RANGE_CHECK_PASS,SOURCE_QC_NOT_EXPOSED_IN_PUBLIC_GRAFANA_FRAME,UNKNOWN_GEOMETRY_DO_NOT_USE_FOR_BOTTOM_CLASSIFICATION,0.5,HISTORICAL_ARCOS_OBSERVATION_GEOMETRY,True,False,0.0,https://www.disl.edu/arcos/
disl_arcos_realtime_public_grafana,hydro,DISL_ARCOS_KC,kc,Katrina Cut,30.2583,-88.2131,western_bay_mouth_oxygen_context,dissolved_oxygen_percent,100.80000305175781,%,2026-10-08T21:30:00+00:00,2026-10-09T02:28:40.542948+00:00,2026-10-09T02:28:40.542948+00:00,ARCOS_RANGE_CHECK_PASS,SOURCE_QC_NOT_EXPOSED_IN_PUBLIC_GRAFANA_FRAME,UNKNOWN_GEOMETRY_DO_NOT_USE_FOR_BOTTOM_CLASSIFICATION,0.5,HISTORICAL_ARCOS_OBSERVATION_GEOMETRY,True,False,0.0,https://www.disl.edu/arcos/
disl_arcos_realtime_public_grafana,hydro,DISL_ARCOS_KC,kc,Katrina Cut,30.2583,-88.2131,western_bay_mouth_oxygen_context,pressure_psi,5.829999923706055,psi,2026-10-08T21:30:00+00:00,2026-10-09T02:28:40.542948+00:00,2026-10-09T02:28:40.542948+00:00,NOT_RANGE_SCREENED,SOURCE_QC_NOT_EXPOSED_IN_PUBLIC_GRAFANA_FRAME,UNKNOWN_GEOMETRY_DO_NOT_USE_FOR_BOTTOM_CLASSIFICATION,0.5,HISTORICAL_ARCOS_OBSERVATION_GEOMETRY,True,False,0.0,https://www.disl.edu/arcos/
disl_arcos_realtime_public_grafana,hydro,DISL_ARCOS_KC,kc,Katrina Cut,30.2583,-88.2131,western_bay_mouth_oxygen_context,salinity_psu,25.229999542236328,PSU,2026-10-08T21:30:00+00:00,2026-10-09T02:28:40.542948+00:00,2026-10-09T02:28:40.542948+00:00,ARCOS_RANGE_CHECK_PASS,SOURCE_QC_NOT_EXPOSED_IN_PUBLIC_GRAFANA_FRAME,UNKNOWN_GEOMETRY_DO_NOT_USE_FOR_BOTTOM_CLASSIFICATION,0.5,HISTORICAL_ARCOS_OBSERVATION_GEOMETRY,True,False,0.0,https://www.disl.edu/arcos/
disl_arcos_realtime_public_grafana,hydro,DISL_ARCOS_KC,kc,Katrina Cut,30.2583,-88.2131,western_bay_mouth_oxygen_context,turbidity_fnu,11.09000015258789,FNU,2026-10-08T21:30:00+00:00,2026-10-09T02:28:40.542948+00:00,2026-10-09T02:28:40.542948+00:00,ARCOS_RANGE_CHECK_PASS,SOURCE_QC_NOT_EXPOSED_IN_PUBLIC_GRAFANA_FRAME,UNKNOWN_GEOMETRY_DO_NOT_USE_FOR_BOTTOM_CLASSIFICATION,0.5,HISTORICAL_ARCOS_OBSERVATION_GEOMETRY,True,False,0.0,https://www.disl.edu/arcos/
disl_arcos_realtime_public_grafana,hydro,DISL_ARCOS_KC,kc,Katrina Cut,30.2583,-88.2131,western_bay_mouth_oxygen_context,water_temperature_c,26.1200008392334,degC,2026-10-08T21:30:00+00:00,2026-10-09T02:28:40.542948+00:00,2026-10-09T02:28:40.542948+00:00,ARCOS_RANGE_CHECK_PASS,SOURCE_QC_NOT_EXPOSED_IN_PUBLIC_GRAFANA_FRAME,UNKNOWN_GEOMETRY_DO_NOT_USE_FOR_BOTTOM_CLASSIFICATION,0.5,HISTORICAL_ARCOS_OBSERVATION_GEOMETRY,True,False,0.0,https://www.disl.edu/arcos/
disl_arcos_realtime_public_grafana,met,DISL_ARCOS_KC,kc,Katrina Cut,30.2583,-88.2131,western_bay_mouth_oxygen_context,air_temperature_c,26.75833339691162,degC,2026-10-08T21:30:00+00:00,2026-10-09T02:28:40.744126+00:00,2026-10-09T02:28:40.744126+00:00,ARCOS_RANGE_CHECK_PASS,SOURCE_QC_NOT_EXPOSED_IN_PUBLIC_GRAFANA_FRAME,NOT_APPLICABLE,0.5,HISTORICAL_ARCOS_OBSERVATION_GEOMETRY,True,False,0.0,https://www.disl.edu/arcos/
disl_arcos_realtime_public_grafana,met,DISL_ARCOS_KC,kc,Katrina Cut,30.2583,-88.2131,western_bay_mouth_oxygen_context,barometric_pressure_inhg,29.89293924967448,inHg,2026-10-08T21:30:00+00:00,2026-10-09T02:28:40.744126+00:00,2026-10-09T02:28:40.744126+00:00,ARCOS_RANGE_CHECK_PASS,SOURCE_QC_NOT_EXPOSED_IN_PUBLIC_GRAFANA_FRAME,NOT_APPLICABLE,0.5,HISTORICAL_ARCOS_OBSERVATION_GEOMETRY,True,False,0.0,https://www.disl.edu/arcos/
disl_arcos_realtime_public_grafana,met,DISL_ARCOS_KC,kc,Katrina Cut,30.2583,-88.2131,western_bay_mouth_oxygen_context,precipitation,0.0,mm,2026-10-08T21:30:00+00:00,2026-10-09T02:28:40.744126+00:00,2026-10-09T02:28:40.744126+00:00,NOT_RANGE_SCREENED,SOURCE_QC_NOT_EXPOSED_IN_PUBLIC_GRAFANA_FRAME,NOT_APPLICABLE,0.5,HISTORICAL_ARCOS_OBSERVATION_GEOMETRY,True,False,0.0,https://www.disl.edu/arcos/
disl_arcos_realtime_public_grafana,met,DISL_ARCOS_KC,kc,Katrina Cut,30.2583,-88.2131,western_bay_mouth_oxygen_context,quantum_radiation_umol_m2_s,389.77000020345054,umol/m2/s,2026-10-08T21:30:00+00:00,2026-10-09T02:28:40.744126+00:00,2026-10-09T02:28:40.744126+00:00,ARCOS_RANGE_CHECK_PASS,SOURCE_QC_NOT_EXPOSED_IN_PUBLIC_GRAFANA_FRAME,NOT_APPLICABLE,0.5,HISTORICAL_ARCOS_OBSERVATION_GEOMETRY,True,False,0.0,https://www.disl.edu/arcos/
disl_arcos_realtime_public_grafana,met,DISL_ARCOS_KC,kc,Katrina Cut,30.2583,-88.2131,western_bay_mouth_oxygen_context,relative_humidity_percent,87.51000035603842,%,2026-10-08T21:30:00+00:00,2026-10-09T02:28:40.744126+00:00,2026-10-09T02:28:40.744126+00:00,ARCOS_RANGE_CHECK_PASS,SOURCE_QC_NOT_EXPOSED_IN_PUBLIC_GRAFANA_FRAME,NOT_APPLICABLE,0.5,HISTORICAL_ARCOS_OBSERVATION_GEOMETRY,True,False,0.0,https://www.disl.edu/arcos/
disl_arcos_realtime_public_grafana,met,DISL_ARCOS_KC,kc,Katrina Cut,30.2583,-88.2131,western_bay_mouth_oxygen_context,solar_radiation_kw_m2,0.17389999975760778,kW/m2,2026-10-08T21:30:00+00:00,2026-10-09T02:28:40.744126+00:00,2026-10-09T02:28:40.744126+00:00,ARCOS_RANGE_CHECK_PASS,SOURCE_QC_NOT_EXPOSED_IN_PUBLIC_GRAFANA_FRAME,NOT_APPLICABLE,0.5,HISTORICAL_ARCOS_OBSERVATION_GEOMETRY,True,False,0.0,https://www.disl.edu/arcos/
disl_arcos_realtime_public_grafana,met,DISL_ARCOS_KC,kc,Katrina Cut,30.2583,-88.2131,western_bay_mouth_oxygen_context,wind_direction_deg,44.79438797535383,degree,2026-10-08T21:30:00+00:00,2026-10-09T02:28:40.744126+00:00,2026-10-09T02:28:40.744126+00:00,ARCOS_RANGE_CHECK_PASS,SOURCE_QC_NOT_EXPOSED_IN_PUBLIC_GRAFANA_FRAME,NOT_APPLICABLE,0.5,HISTORICAL_ARCOS_OBSERVATION_GEOMETRY,True,False,0.0,https://www.disl.edu/arcos/
disl_arcos_realtime_public_grafana,met,DISL_ARCOS_KC,kc,Katrina Cut,30.2583,-88.2131,western_bay_mouth_oxygen_context,wind_speed,28.689333216349283,kn,2026-10-08T21:30:00+00:00,2026-10-09T02:28:40.744126+00:00,2026-10-09T02:28:40.744126+00:00,NOT_RANGE_SCREENED,SOURCE_QC_NOT_EXPOSED_IN_PUBLIC_GRAFANA_FRAME,NOT_APPLICABLE,0.5,HISTORICAL_ARCOS_OBSERVATION_GEOMETRY,True,False,0.0,https://www.disl.edu/arcos/
disl_arcos_realtime_public_grafana,hydro,DISL_ARCOS_MP,mp,Meaher Park,30.667152,-87.936459,upper_bay_oxygen_loading_proxy,depth_field_m,0.0,m,2026-10-08T21:30:00+00:00,2026-10-09T02:28:38.811269+00:00,2026-10-09T02:28:38.811269+00:00,SOURCE_QC_NOT_EXPOSED,SOURCE_QC_NOT_EXPOSED_IN_PUBLIC_GRAFANA_FRAME,UNKNOWN_GEOMETRY_DO_NOT_USE_FOR_BOTTOM_CLASSIFICATION,0.5,RECENT_2023_2025_EXO2_GEOMETRY,True,False,0.0,https://www.disl.edu/arcos/
disl_arcos_realtime_public_grafana,hydro,DISL_ARCOS_MP,mp,Meaher Park,30.667152,-87.936459,upper_bay_oxygen_loading_proxy,dissolved_oxygen_mg_l,0.949999988079071,mg/L,2026-10-08T21:30:00+00:00,2026-10-09T02:28:38.811269+00:00,2026-10-09T02:28:38.811269+00:00,ARCOS_RANGE_CHECK_PASS,SOURCE_QC_NOT_EXPOSED_IN_PUBLIC_GRAFANA_FRAME,UNKNOWN_GEOMETRY_DO_NOT_USE_FOR_BOTTOM_CLASSIFICATION,0.5,RECENT_2023_2025_EXO2_GEOMETRY,True,False,0.0,https://www.disl.edu/arcos/
disl_arcos_realtime_public_grafana,hydro,DISL_ARCOS_MP,mp,Meaher Park,30.667152,-87.936459,upper_bay_oxygen_loading_proxy,dissolved_oxygen_percent,12.829999923706055,%,2026-10-08T21:30:00+00:00,2026-10-09T02:28:38.811269+00:00,2026-10-09T02:28:38.811269+00:00,ARCOS_RANGE_CHECK_PASS,SOURCE_QC_NOT_EXPOSED_IN_PUBLIC_GRAFANA_FRAME,UNKNOWN_GEOMETRY_DO_NOT_USE_FOR_BOTTOM_CLASSIFICATION,0.5,RECENT_2023_2025_EXO2_GEOMETRY,True,False,0.0,https://www.disl.edu/arcos/
disl_arcos_realtime_public_grafana,hydro,DISL_ARCOS_MP,mp,Meaher Park,30.667152,-87.936459,upper_bay_oxygen_loading_proxy,pressure_psi,0.0,psi,2026-10-08T21:30:00+00:00,2026-10-09T02:28:38.811269+00:00,2026-10-09T02:28:38.811269+00:00,NOT_RANGE_SCREENED,SOURCE_QC_NOT_EXPOSED_IN_PUBLIC_GRAFANA_FRAME,UNKNOWN_GEOMETRY_DO_NOT_USE_FOR_BOTTOM_CLASSIFICATION,0.5,RECENT_2023_2025_EXO2_GEOMETRY,True,False,0.0,https://www.disl.edu/arcos/
disl_arcos_realtime_public_grafana,hydro,DISL_ARCOS_MP,mp,Meaher Park,30.667152,-87.936459,upper_bay_oxygen_loading_proxy,salinity_psu,11.039999961853027,PSU,2026-10-08T21:30:00+00:00,2026-10-09T02:28:38.811269+00:00,2026-10-09T02:28:38.811269+00:00,ARCOS_RANGE_CHECK_PASS,SOURCE_QC_NOT_EXPOSED_IN_PUBLIC_GRAFANA_FRAME,UNKNOWN_GEOMETRY_DO_NOT_USE_FOR_BOTTOM_CLASSIFICATION,0.5,RECENT_2023_2025_EXO2_GEOMETRY,True,False,0.0,https://www.disl.edu/arcos/
disl_arcos_realtime_public_grafana,hydro,DISL_ARCOS_MP,mp,Meaher Park,30.667152,-87.936459,upper_bay_oxygen_loading_proxy,turbidity_fnu,4.050000190734863,FNU,2026-10-08T21:30:00+00:00,2026-10-09T02:28:38.811269+00:00,2026-10-09T02:28:38.811269+00:00,ARCOS_RANGE_CHECK_PASS,SOURCE_QC_NOT_EXPOSED_IN_PUBLIC_GRAFANA_FRAME,UNKNOWN_GEOMETRY_DO_NOT_USE_FOR_BOTTOM_CLASSIFICATION,0.5,RECENT_2023_2025_EXO2_GEOMETRY,True,False,0.0,https://www.disl.edu/arcos/
disl_arcos_realtime_public_grafana,hydro,DISL_ARCOS_MP,mp,Meaher Park,30.667152,-87.936459,upper_bay_oxygen_loading_proxy,water_temperature_c,27.389999389648438,degC,2026-10-08T21:30:00+00:00,2026-10-09T02:28:38.811269+00:00,2026-10-09T02:28:38.811269+00:00,ARCOS_RANGE_CHECK_PASS,SOURCE_QC_NOT_EXPOSED_IN_PUBLIC_GRAFANA_FRAME,UNKNOWN_GEOMETRY_DO_NOT_USE_FOR_BOTTOM_CLASSIFICATION,0.5,RECENT_2023_2025_EXO2_GEOMETRY,True,False,0.0,https://www.disl.edu/arcos/
disl_arcos_realtime_public_grafana,met,DISL_ARCOS_MP,mp,Meaher Park,30.667152,-87.936459,upper_bay_oxygen_loading_proxy,air_temperature_c,25.86633326212565,degC,2026-10-08T21:30:00+00:00,2026-10-09T02:28:39.047209+00:00,2026-10-09T02:28:39.047209+00:00,ARCOS_RANGE_CHECK_PASS,SOURCE_QC_NOT_EXPOSED_IN_PUBLIC_GRAFANA_FRAME,NOT_APPLICABLE,0.5,RECENT_2023_2025_EXO2_GEOMETRY,True,False,0.0,https://www.disl.edu/arcos/
disl_arcos_realtime_public_grafana,met,DISL_ARCOS_MP,mp,Meaher Park,30.667152,-87.936459,upper_bay_oxygen_loading_proxy,barometric_pressure_inhg,29.972633997599285,inHg,2026-10-08T21:30:00+00:00,2026-10-09T02:28:39.047209+00:00,2026-10-09T02:28:39.047209+00:00,ARCOS_RANGE_CHECK_PASS,SOURCE_QC_NOT_EXPOSED_IN_PUBLIC_GRAFANA_FRAME,NOT_APPLICABLE,0.5,RECENT_2023_2025_EXO2_GEOMETRY,True,False,0.0,https://www.disl.edu/arcos/
disl_arcos_realtime_public_grafana,met,DISL_ARCOS_MP,mp,Meaher Park,30.667152,-87.936459,upper_bay_oxygen_loading_proxy,precipitation,0.0,in,2026-10-08T21:30:00+00:00,2026-10-09T02:28:39.047209+00:00,2026-10-09T02:28:39.047209+00:00,NOT_RANGE_SCREENED,SOURCE_QC_NOT_EXPOSED_IN_PUBLIC_GRAFANA_FRAME,NOT_APPLICABLE,0.5,RECENT_2023_2025_EXO2_GEOMETRY,True,False,0.0,https://www.disl.edu/arcos/
disl_arcos_realtime_public_grafana,met,DISL_ARCOS_MP,mp,Meaher Park,30.667152,-87.936459,upper_bay_oxygen_loading_proxy,quantum_radiation_umol_m2_s,288.69666748046876,umol/m2/s,2026-10-08T21:30:00+00:00,2026-10-09T02:28:39.047209+00:00,2026-10-09T02:28:39.047209+00:00,ARCOS_RANGE_CHECK_PASS,SOURCE_QC_NOT_EXPOSED_IN_PUBLIC_GRAFANA_FRAME,NOT_APPLICABLE,0.5,RECENT_2023_2025_EXO2_GEOMETRY,True,False,0.0,https://www.disl.edu/arcos/
disl_arcos_realtime_public_grafana,met,DISL_ARCOS_MP,mp,Meaher Park,30.667152,-87.936459,upper_bay_oxygen_loading_proxy,relative_humidity_percent,78.6479995727539,%,2026-10-08T21:30:00+00:00,2026-10-09T02:28:39.047209+00:00,2026-10-09T02:28:39.047209+00:00,ARCOS_RANGE_CHECK_PASS,SOURCE_QC_NOT_EXPOSED_IN_PUBLIC_GRAFANA_FRAME,NOT_APPLICABLE,0.5,RECENT_2023_2025_EXO2_GEOMETRY,True,False,0.0,https://www.disl.edu/arcos/
disl_arcos_realtime_public_grafana,met,DISL_ARCOS_MP,mp,Meaher Park,30.667152,-87.936459,upper_bay_oxygen_loading_proxy,solar_radiation_kw_m2,0.13600000043710073,kW/m2,2026-10-08T21:30:00+00:00,2026-10-09T02:28:39.047209+00:00,2026-10-09T02:28:39.047209+00:00,ARCOS_RANGE_CHECK_PASS,SOURCE_QC_NOT_EXPOSED_IN_PUBLIC_GRAFANA_FRAME,NOT_APPLICABLE,0.5,RECENT_2023_2025_EXO2_GEOMETRY,True,False,0.0,https://www.disl.edu/arcos/
disl_arcos_realtime_public_grafana,met,DISL_ARCOS_MP,mp,Meaher Park,30.667152,-87.936459,upper_bay_oxygen_loading_proxy,wind_direction_deg,332.02234947935517,degree,2026-10-08T21:30:00+00:00,2026-10-09T02:28:39.047209+00:00,2026-10-09T02:28:39.047209+00:00,ARCOS_RANGE_CHECK_PASS,SOURCE_QC_NOT_EXPOSED_IN_PUBLIC_GRAFANA_FRAME,NOT_APPLICABLE,0.5,RECENT_2023_2025_EXO2_GEOMETRY,True,False,0.0,https://www.disl.edu/arcos/
disl_arcos_realtime_public_grafana,met,DISL_ARCOS_MP,mp,Meaher Park,30.667152,-87.936459,upper_bay_oxygen_loading_proxy,wind_speed,5.4871000289917,kn,2026-10-08T21:30:00+00:00,2026-10-09T02:28:39.047209+00:00,2026-10-09T02:28:39.047209+00:00,NOT_RANGE_SCREENED,SOURCE_QC_NOT_EXPOSED_IN_PUBLIC_GRAFANA_FRAME,NOT_APPLICABLE,0.5,RECENT_2023_2025_EXO2_GEOMETRY,True,False,0.0,https://www.disl.edu/arcos/
disl_arcos_realtime_public_grafana,hydro,DISL_ARCOS_PP,pp,Perdido Pass,30.2791,-87.5561,eastern_coastal_boundary_oxygen_context,depth_field_m,1.3539999723434448,m,2026-10-08T21:30:00+00:00,2026-10-09T02:28:40.989977+00:00,2026-10-09T02:28:40.989977+00:00,SOURCE_QC_NOT_EXPOSED,SOURCE_QC_NOT_EXPOSED_IN_PUBLIC_GRAFANA_FRAME,UNKNOWN_GEOMETRY_DO_NOT_USE_FOR_BOTTOM_CLASSIFICATION,0.5,HISTORICAL_NEAR_BOTTOM_GEOMETRY,True,False,0.0,https://www.disl.edu/arcos/
disl_arcos_realtime_public_grafana,hydro,DISL_ARCOS_PP,pp,Perdido Pass,30.2791,-87.5561,eastern_coastal_boundary_oxygen_context,dissolved_oxygen_mg_l,6.050000190734863,mg/L,2026-10-08T21:30:00+00:00,2026-10-09T02:28:40.989977+00:00,2026-10-09T02:28:40.989977+00:00,ARCOS_RANGE_CHECK_PASS,SOURCE_QC_NOT_EXPOSED_IN_PUBLIC_GRAFANA_FRAME,UNKNOWN_GEOMETRY_DO_NOT_USE_FOR_BOTTOM_CLASSIFICATION,0.5,HISTORICAL_NEAR_BOTTOM_GEOMETRY,True,False,0.0,https://www.disl.edu/arcos/
disl_arcos_realtime_public_grafana,hydro,DISL_ARCOS_PP,pp,Perdido Pass,30.2791,-87.5561,eastern_coastal_boundary_oxygen_context,dissolved_oxygen_percent,108.0999984741211,%,2026-10-08T21:30:00+00:00,2026-10-09T02:28:40.989977+00:00,2026-10-09T02:28:40.989977+00:00,ARCOS_RANGE_CHECK_PASS,SOURCE_QC_NOT_EXPOSED_IN_PUBLIC_GRAFANA_FRAME,UNKNOWN_GEOMETRY_DO_NOT_USE_FOR_BOTTOM_CLASSIFICATION,0.5,HISTORICAL_NEAR_BOTTOM_GEOMETRY,True,False,0.0,https://www.disl.edu/arcos/
disl_arcos_realtime_public_grafana,hydro,DISL_ARCOS_PP,pp,Perdido Pass,30.2791,-87.5561,eastern_coastal_boundary_oxygen_context,pressure_psi,1.9500000476837158,psi,2026-10-08T21:30:00+00:00,2026-10-09T02:28:40.989977+00:00,2026-10-09T02:28:40.989977+00:00,NOT_RANGE_SCREENED,SOURCE_QC_NOT_EXPOSED_IN_PUBLIC_GRAFANA_FRAME,UNKNOWN_GEOMETRY_DO_NOT_USE_FOR_BOTTOM_CLASSIFICATION,0.5,HISTORICAL_NEAR_BOTTOM_GEOMETRY,True,False,0.0,https://www.disl.edu/arcos/
disl_arcos_realtime_public_grafana,hydro,DISL_ARCOS_PP,pp,Perdido Pass,30.2791,-87.5561,eastern_coastal_boundary_oxygen_context,salinity_psu,24.049999237060547,PSU,2026-10-08T21:30:00+00:00,2026-10-09T02:28:40.989977+00:00,2026-10-09T02:28:40.989977+00:00,ARCOS_RANGE_CHECK_PASS,SOURCE_QC_NOT_EXPOSED_IN_PUBLIC_GRAFANA_FRAME,UNKNOWN_GEOMETRY_DO_NOT_USE_FOR_BOTTOM_CLASSIFICATION,0.5,HISTORICAL_NEAR_BOTTOM_GEOMETRY,True,False,0.0,https://www.disl.edu/arcos/
disl_arcos_realtime_public_grafana,hydro,DISL_ARCOS_PP,pp,Perdido Pass,30.2791,-87.5561,eastern_coastal_boundary_oxygen_context,turbidity_fnu,6.139999866485596,FNU,2026-10-08T21:30:00+00:00,2026-10-09T02:28:40.989977+00:00,2026-10-09T02:28:40.989977+00:00,ARCOS_RANGE_CHECK_PASS,SOURCE_QC_NOT_EXPOSED_IN_PUBLIC_GRAFANA_FRAME,UNKNOWN_GEOMETRY_DO_NOT_USE_FOR_BOTTOM_CLASSIFICATION,0.5,HISTORICAL_NEAR_BOTTOM_GEOMETRY,True,False,0.0,https://www.disl.edu/arcos/
disl_arcos_realtime_public_grafana,hydro,DISL_ARCOS_PP,pp,Perdido Pass,30.2791,-87.5561,eastern_coastal_boundary_oxygen_context,water_temperature_c,26.84000015258789,degC,2026-10-08T21:30:00+00:00,2026-10-09T02:28:40.989977+00:00,2026-10-09T02:28:40.989977+00:00,ARCOS_RANGE_CHECK_PASS,SOURCE_QC_NOT_EXPOSED_IN_PUBLIC_GRAFANA_FRAME,UNKNOWN_GEOMETRY_DO_NOT_USE_FOR_BOTTOM_CLASSIFICATION,0.5,HISTORICAL_NEAR_BOTTOM_GEOMETRY,True,False,0.0,https://www.disl.edu/arcos/
disl_arcos_realtime_public_grafana,met,DISL_ARCOS_PP,pp,Perdido Pass,30.2791,-87.5561,eastern_coastal_boundary_oxygen_context,air_temperature_c,30.164999961853027,degC,2026-10-08T21:30:00+00:00,2026-10-09T02:28:41.324994+00:00,2026-10-09T02:28:41.324994+00:00,ARCOS_RANGE_CHECK_PASS,SOURCE_QC_NOT_EXPOSED_IN_PUBLIC_GRAFANA_FRAME,NOT_APPLICABLE,0.5,HISTORICAL_NEAR_BOTTOM_GEOMETRY,True,False,0.0,https://www.disl.edu/arcos/
disl_arcos_realtime_public_grafana,met,DISL_ARCOS_PP,pp,Perdido Pass,30.2791,-87.5561,eastern_coastal_boundary_oxygen_context,barometric_pressure_inhg,29.88563804626465,inHg,2026-10-08T21:30:00+00:00,2026-10-09T02:28:41.324994+00:00,2026-10-09T02:28:41.324994+00:00,ARCOS_RANGE_CHECK_PASS,SOURCE_QC_NOT_EXPOSED_IN_PUBLIC_GRAFANA_FRAME,NOT_APPLICABLE,0.5,HISTORICAL_NEAR_BOTTOM_GEOMETRY,True,False,0.0,https://www.disl.edu/arcos/
disl_arcos_realtime_public_grafana,met,DISL_ARCOS_PP,pp,Perdido Pass,30.2791,-87.5561,eastern_coastal_boundary_oxygen_context,precipitation,0.0,mm,2026-10-08T21:30:00+00:00,2026-10-09T02:28:41.324994+00:00,2026-10-09T02:28:41.324994+00:00,NOT_RANGE_SCREENED,SOURCE_QC_NOT_EXPOSED_IN_PUBLIC_GRAFANA_FRAME,NOT_APPLICABLE,0.5,HISTORICAL_NEAR_BOTTOM_GEOMETRY,True,False,0.0,https://www.disl.edu/arcos/
disl_arcos_realtime_public_grafana,met,DISL_ARCOS_PP,pp,Perdido Pass,30.2791,-87.5561,eastern_coastal_boundary_oxygen_context,quantum_radiation_umol_m2_s,168.68333409627277,umol/m2/s,2026-10-08T21:30:00+00:00,2026-10-09T02:28:41.324994+00:00,2026-10-09T02:28:41.324994+00:00,ARCOS_RANGE_CHECK_PASS,SOURCE_QC_NOT_EXPOSED_IN_PUBLIC_GRAFANA_FRAME,NOT_APPLICABLE,0.5,HISTORICAL_NEAR_BOTTOM_GEOMETRY,True,False,0.0,https://www.disl.edu/arcos/
disl_arcos_realtime_public_grafana,met,DISL_ARCOS_PP,pp,Perdido Pass,30.2791,-87.5561,eastern_coastal_boundary_oxygen_context,relative_humidity_percent,73.22000020345052,%,2026-10-08T21:30:00+00:00,2026-10-09T02:28:41.324994+00:00,2026-10-09T02:28:41.324994+00:00,ARCOS_RANGE_CHECK_PASS,SOURCE_QC_NOT_EXPOSED_IN_PUBLIC_GRAFANA_FRAME,NOT_APPLICABLE,0.5,HISTORICAL_NEAR_BOTTOM_GEOMETRY,True,False,0.0,https://www.disl.edu/arcos/
disl_arcos_realtime_public_grafana,met,DISL_ARCOS_PP,pp,Perdido Pass,30.2791,-87.5561,eastern_coastal_boundary_oxygen_context,solar_radiation_kw_m2,0.06576666670540969,kW/m2,2026-10-08T21:30:00+00:00,2026-10-09T02:28:41.324994+00:00,2026-10-09T02:28:41.324994+00:00,ARCOS_RANGE_CHECK_PASS,SOURCE_QC_NOT_EXPOSED_IN_PUBLIC_GRAFANA_FRAME,NOT_APPLICABLE,0.5,HISTORICAL_NEAR_BOTTOM_GEOMETRY,True,False,0.0,https://www.disl.edu/arcos/
disl_arcos_realtime_public_grafana,met,DISL_ARCOS_PP,pp,Perdido Pass,30.2791,-87.5561,eastern_coastal_boundary_oxygen_context,wind_direction_deg,84.94986350628608,degree,2026-10-08T21:30:00+00:00,2026-10-09T02:28:41.324994+00:00,2026-10-09T02:28:41.324994+00:00,ARCOS_RANGE_CHECK_PASS,SOURCE_QC_NOT_EXPOSED_IN_PUBLIC_GRAFANA_FRAME,NOT_APPLICABLE,0.5,HISTORICAL_NEAR_BOTTOM_GEOMETRY,True,False,0.0,https://www.disl.edu/arcos/
disl_arcos_realtime_public_grafana,met,DISL_ARCOS_PP,pp,Perdido Pass,30.2791,-87.5561,eastern_coastal_boundary_oxygen_context,wind_speed,11.059999942779541,kn,2026-10-08T21:30:00+00:00,2026-10-09T02:28:41.324994+00:00,2026-10-09T02:28:41.324994+00:00,NOT_RANGE_SCREENED,SOURCE_QC_NOT_EXPOSED_IN_PUBLIC_GRAFANA_FRAME,NOT_APPLICABLE,0.5,HISTORICAL_NEAR_BOTTOM_GEOMETRY,True,False,0.0,https://www.disl.edu/arcos/
disl_arcos_realtime_public_grafana,met,DISL_ARCOS_BS,bs,Bon Secour,30.328767,-87.829267,southeast_bay_oxygen_loading_context,air_temperature_c,26.75,degC,2026-10-08T22:00:00+00:00,2026-10-09T02:28:41.830857+00:00,2026-10-09T02:28:41.830857+00:00,ARCOS_RANGE_CHECK_PASS,SOURCE_QC_NOT_EXPOSED_IN_PUBLIC_GRAFANA_FRAME,NOT_APPLICABLE,0.5,HISTORICAL_2019_ARCOS_OBSERVATION_GEOMETRY,True,False,0.0,https://www.disl.edu/arcos/
disl_arcos_realtime_public_grafana,met,DISL_ARCOS_BS,bs,Bon Secour,30.328767,-87.829267,southeast_bay_oxygen_loading_context,barometric_pressure_inhg,29.887847052680122,inHg,2026-10-08T22:00:00+00:00,2026-10-09T02:28:41.830857+00:00,2026-10-09T02:28:41.830857+00:00,ARCOS_RANGE_CHECK_PASS,SOURCE_QC_NOT_EXPOSED_IN_PUBLIC_GRAFANA_FRAME,NOT_APPLICABLE,0.5,HISTORICAL_2019_ARCOS_OBSERVATION_GEOMETRY,True,False,0.0,https://www.disl.edu/arcos/
disl_arcos_realtime_public_grafana,met,DISL_ARCOS_BS,bs,Bon Secour,30.328767,-87.829267,southeast_bay_oxygen_loading_context,precipitation,0.10999999,mm,2026-10-08T22:00:00+00:00,2026-10-09T02:28:41.830857+00:00,2026-10-09T02:28:41.830857+00:00,NOT_RANGE_SCREENED,SOURCE_QC_NOT_EXPOSED_IN_PUBLIC_GRAFANA_FRAME,NOT_APPLICABLE,0.5,HISTORICAL_2019_ARCOS_OBSERVATION_GEOMETRY,True,False,0.0,https://www.disl.edu/arcos/
disl_arcos_realtime_public_grafana,met,DISL_ARCOS_BS,bs,Bon Secour,30.328767,-87.829267,southeast_bay_oxygen_loading_context,quantum_radiation_umol_m2_s,129.7111112806532,umol/m2/s,2026-10-08T22:00:00+00:00,2026-10-09T02:28:41.830857+00:00,2026-10-09T02:28:41.830857+00:00,ARCOS_RANGE_CHECK_PASS,SOURCE_QC_NOT_EXPOSED_IN_PUBLIC_GRAFANA_FRAME,NOT_APPLICABLE,0.5,HISTORICAL_2019_ARCOS_OBSERVATION_GEOMETRY,True,False,0.0,https://www.disl.edu/arcos/
disl_arcos_realtime_public_grafana,met,DISL_ARCOS_BS,bs,Bon Secour,30.328767,-87.829267,southeast_bay_oxygen_loading_context,relative_humidity_percent,81.45555538601346,%,2026-10-08T22:00:00+00:00,2026-10-09T02:28:41.830857+00:00,2026-10-09T02:28:41.830857+00:00,ARCOS_RANGE_CHECK_PASS,SOURCE_QC_NOT_EXPOSED_IN_PUBLIC_GRAFANA_FRAME,NOT_APPLICABLE,0.5,HISTORICAL_2019_ARCOS_OBSERVATION_GEOMETRY,True,False,0.0,https://www.disl.edu/arcos/
disl_arcos_realtime_public_grafana,met,DISL_ARCOS_BS,bs,Bon Secour,30.328767,-87.829267,southeast_bay_oxygen_loading_context,solar_radiation_kw_m2,0.06744444453054005,kW/m2,2026-10-08T22:00:00+00:00,2026-10-09T02:28:41.830857+00:00,2026-10-09T02:28:41.830857+00:00,ARCOS_RANGE_CHECK_PASS,SOURCE_QC_NOT_EXPOSED_IN_PUBLIC_GRAFANA_FRAME,NOT_APPLICABLE,0.5,HISTORICAL_2019_ARCOS_OBSERVATION_GEOMETRY,True,False,0.0,https://www.disl.edu/arcos/
disl_arcos_realtime_public_grafana,met,DISL_ARCOS_BS,bs,Bon Secour,30.328767,-87.829267,southeast_bay_oxygen_loading_context,wind_direction_deg,20.550509995951234,degree,2026-10-08T22:00:00+00:00,2026-10-09T02:28:41.830857+00:00,2026-10-09T02:28:41.830857+00:00,ARCOS_RANGE_CHECK_PASS,SOURCE_QC_NOT_EXPOSED_IN_PUBLIC_GRAFANA_FRAME,NOT_APPLICABLE,0.5,HISTORICAL_2019_ARCOS_OBSERVATION_GEOMETRY,True,False,0.0,https://www.disl.edu/arcos/
disl_arcos_realtime_public_grafana,met,DISL_ARCOS_BS,bs,Bon Secour,30.328767,-87.829267,southeast_bay_oxygen_loading_context,wind_speed,8.219111071692573,kn,2026-10-08T22:00:00+00:00,2026-10-09T02:28:41.830857+00:00,2026-10-09T02:28:41.830857+00:00,NOT_RANGE_SCREENED,SOURCE_QC_NOT_EXPOSED_IN_PUBLIC_GRAFANA_FRAME,NOT_APPLICABLE,0.5,HISTORICAL_2019_ARCOS_OBSERVATION_GEOMETRY,True,False,0.0,https://www.disl.edu/arcos/
disl_arcos_realtime_public_grafana,met,DISL_ARCOS_BSP,bsp,Battleship Park,30.682697,-88.012211,upper_bay_oxygen_loading_context,air_temperature_c,26.921000289916993,degC,2026-10-08T22:00:00+00:00,2026-10-09T02:28:42.233975+00:00,2026-10-09T02:28:42.233975+00:00,ARCOS_RANGE_CHECK_PASS,SOURCE_QC_NOT_EXPOSED_IN_PUBLIC_GRAFANA_FRAME,NOT_APPLICABLE,0.5,RECENT_2023_2025_EXO2_GEOMETRY,True,False,0.0,https://www.disl.edu/arcos/
disl_arcos_realtime_public_grafana,met,DISL_ARCOS_BSP,bsp,Battleship Park,30.682697,-88.012211,upper_bay_oxygen_loading_context,barometric_pressure_inhg,29.891542943318687,inHg,2026-10-08T22:00:00+00:00,2026-10-09T02:28:42.233975+00:00,2026-10-09T02:28:42.233975+00:00,ARCOS_RANGE_CHECK_PASS,SOURCE_QC_NOT_EXPOSED_IN_PUBLIC_GRAFANA_FRAME,NOT_APPLICABLE,0.5,RECENT_2023_2025_EXO2_GEOMETRY,True,False,0.0,https://www.disl.edu/arcos/
disl_arcos_realtime_public_grafana,met,DISL_ARCOS_BSP,bsp,Battleship Park,30.682697,-88.012211,upper_bay_oxygen_loading_context,precipitation,0.0,in,2026-10-08T22:00:00+00:00,2026-10-09T02:28:42.233975+00:00,2026-10-09T02:28:42.233975+00:00,NOT_RANGE_SCREENED,SOURCE_QC_NOT_EXPOSED_IN_PUBLIC_GRAFANA_FRAME,NOT_APPLICABLE,0.5,RECENT_2023_2025_EXO2_GEOMETRY,True,False,0.0,https://www.disl.edu/arcos/
disl_arcos_realtime_public_grafana,met,DISL_ARCOS_BSP,bsp,Battleship Park,30.682697,-88.012211,upper_bay_oxygen_loading_context,quantum_radiation_umol_m2_s,188.52666575113932,umol/m2/s,2026-10-08T22:00:00+00:00,2026-10-09T02:28:42.233975+00:00,2026-10-09T02:28:42.233975+00:00,ARCOS_RANGE_CHECK_PASS,SOURCE_QC_NOT_EXPOSED_IN_PUBLIC_GRAFANA_FRAME,NOT_APPLICABLE,0.5,RECENT_2023_2025_EXO2_GEOMETRY,True,False,0.0,https://www.disl.edu/arcos/
disl_arcos_realtime_public_grafana,met,DISL_ARCOS_BSP,bsp,Battleship Park,30.682697,-88.012211,upper_bay_oxygen_loading_context,relative_humidity_percent,83.07333323160807,%,2026-10-08T22:00:00+00:00,2026-10-09T02:28:42.233975+00:00,2026-10-09T02:28:42.233975+00:00,ARCOS_RANGE_CHECK_PASS,SOURCE_QC_NOT_EXPOSED_IN_PUBLIC_GRAFANA_FRAME,NOT_APPLICABLE,0.5,RECENT_2023_2025_EXO2_GEOMETRY,True,False,0.0,https://www.disl.edu/arcos/
disl_arcos_realtime_public_grafana,met,DISL_ARCOS_BSP,bsp,Battleship Park,30.682697,-88.012211,upper_bay_oxygen_loading_context,solar_radiation_kw_m2,0.08156666656335194,kW/m2,2026-10-08T22:00:00+00:00,2026-10-09T02:28:42.233975+00:00,2026-10-09T02:28:42.233975+00:00,ARCOS_RANGE_CHECK_PASS,SOURCE_QC_NOT_EXPOSED_IN_PUBLIC_GRAFANA_FRAME,NOT_APPLICABLE,0.5,RECENT_2023_2025_EXO2_GEOMETRY,True,False,0.0,https://www.disl.edu/arcos/
disl_arcos_realtime_public_grafana,met,DISL_ARCOS_BSP,bsp,Battleship Park,30.682697,-88.012211,upper_bay_oxygen_loading_context,wind_direction_deg,45.607901899523576,degree,2026-10-08T22:00:00+00:00,2026-10-09T02:28:42.233975+00:00,2026-10-09T02:28:42.233975+00:00,ARCOS_RANGE_CHECK_PASS,SOURCE_QC_NOT_EXPOSED_IN_PUBLIC_GRAFANA_FRAME,NOT_APPLICABLE,0.5,RECENT_2023_2025_EXO2_GEOMETRY,True,False,0.0,https://www.disl.edu/arcos/
disl_arcos_realtime_public_grafana,met,DISL_ARCOS_BSP,bsp,Battleship Park,30.682697,-88.012211,upper_bay_oxygen_loading_context,wind_speed,14.923666667938232,kn,2026-10-08T22:00:00+00:00,2026-10-09T02:28:42.233975+00:00,2026-10-09T02:28:42.233975+00:00,NOT_RANGE_SCREENED,SOURCE_QC_NOT_EXPOSED_IN_PUBLIC_GRAFANA_FRAME,NOT_APPLICABLE,0.5,RECENT_2023_2025_EXO2_GEOMETRY,True,False,0.0,https://www.disl.edu/arcos/
disl_arcos_realtime_public_grafana,hydro,DISL_ARCOS_CP,cp,Cedar Point,30.30845,-88.139533,lower_bay_west_boundary_oxygen_context,depth_field_m,1.871000051498413,m,2026-10-08T22:00:00+00:00,2026-10-09T02:28:39.420240+00:00,2026-10-09T02:28:39.420240+00:00,SOURCE_QC_NOT_EXPOSED,SOURCE_QC_NOT_EXPOSED_IN_PUBLIC_GRAFANA_FRAME,UNKNOWN_GEOMETRY_DO_NOT_USE_FOR_BOTTOM_CLASSIFICATION,,NOT_FOUND_IN_CURRENT_RESEARCH_PASS,True,False,0.0,https://www.disl.edu/arcos/
disl_arcos_realtime_public_grafana,hydro,DISL_ARCOS_CP,cp,Cedar Point,30.30845,-88.139533,lower_bay_west_boundary_oxygen_context,dissolved_oxygen_mg_l,7.190000057220459,mg/L,2026-10-08T22:00:00+00:00,2026-10-09T02:28:39.420240+00:00,2026-10-09T02:28:39.420240+00:00,ARCOS_RANGE_CHECK_PASS,SOURCE_QC_NOT_EXPOSED_IN_PUBLIC_GRAFANA_FRAME,UNKNOWN_GEOMETRY_DO_NOT_USE_FOR_BOTTOM_CLASSIFICATION,,NOT_FOUND_IN_CURRENT_RESEARCH_PASS,True,False,0.0,https://www.disl.edu/arcos/
disl_arcos_realtime_public_grafana,hydro,DISL_ARCOS_CP,cp,Cedar Point,30.30845,-88.139533,lower_bay_west_boundary_oxygen_context,dissolved_oxygen_percent,98.9000015258789,%,2026-10-08T22:00:00+00:00,2026-10-09T02:28:39.420240+00:00,2026-10-09T02:28:39.420240+00:00,ARCOS_RANGE_CHECK_PASS,SOURCE_QC_NOT_EXPOSED_IN_PUBLIC_GRAFANA_FRAME,UNKNOWN_GEOMETRY_DO_NOT_USE_FOR_BOTTOM_CLASSIFICATION,,NOT_FOUND_IN_CURRENT_RESEARCH_PASS,True,False,0.0,https://www.disl.edu/arcos/
disl_arcos_realtime_public_grafana,hydro,DISL_ARCOS_CP,cp,Cedar Point,30.30845,-88.139533,lower_bay_west_boundary_oxygen_context,pressure_psi,2.690000057220459,psi,2026-10-08T22:00:00+00:00,2026-10-09T02:28:39.420240+00:00,2026-10-09T02:28:39.420240+00:00,NOT_RANGE_SCREENED,SOURCE_QC_NOT_EXPOSED_IN_PUBLIC_GRAFANA_FRAME,UNKNOWN_GEOMETRY_DO_NOT_USE_FOR_BOTTOM_CLASSIFICATION,,NOT_FOUND_IN_CURRENT_RESEARCH_PASS,True,False,0.0,https://www.disl.edu/arcos/
disl_arcos_realtime_public_grafana,hydro,DISL_ARCOS_CP,cp,Cedar Point,30.30845,-88.139533,lower_bay_west_boundary_oxygen_context,salinity_psu,20.190000534057617,PSU,2026-10-08T22:00:00+00:00,2026-10-09T02:28:39.420240+00:00,2026-10-09T02:28:39.420240+00:00,ARCOS_RANGE_CHECK_PASS,SOURCE_QC_NOT_EXPOSED_IN_PUBLIC_GRAFANA_FRAME,UNKNOWN_GEOMETRY_DO_NOT_USE_FOR_BOTTOM_CLASSIFICATION,,NOT_FOUND_IN_CURRENT_RESEARCH_PASS,True,False,0.0,https://www.disl.edu/arcos/
disl_arcos_realtime_public_grafana,hydro,DISL_ARCOS_CP,cp,Cedar Point,30.30845,-88.139533,lower_bay_west_boundary_oxygen_context,turbidity_fnu,185.1999969482422,FNU,2026-10-08T22:00:00+00:00,2026-10-09T02:28:39.420240+00:00,2026-10-09T02:28:39.420240+00:00,ARCOS_RANGE_CHECK_PASS,SOURCE_QC_NOT_EXPOSED_IN_PUBLIC_GRAFANA_FRAME,UNKNOWN_GEOMETRY_DO_NOT_USE_FOR_BOTTOM_CLASSIFICATION,,NOT_FOUND_IN_CURRENT_RESEARCH_PASS,True,False,0.0,https://www.disl.edu/arcos/
disl_arcos_realtime_public_grafana,hydro,DISL_ARCOS_CP,cp,Cedar Point,30.30845,-88.139533,lower_bay_west_boundary_oxygen_context,water_temperature_c,25.790000915527344,degC,2026-10-08T22:00:00+00:00,2026-10-09T02:28:39.420240+00:00,2026-10-09T02:28:39.420240+00:00,ARCOS_RANGE_CHECK_PASS,SOURCE_QC_NOT_EXPOSED_IN_PUBLIC_GRAFANA_FRAME,UNKNOWN_GEOMETRY_DO_NOT_USE_FOR_BOTTOM_CLASSIFICATION,,NOT_FOUND_IN_CURRENT_RESEARCH_PASS,True,False,0.0,https://www.disl.edu/arcos/
disl_arcos_realtime_public_grafana,met,DISL_ARCOS_CP,cp,Cedar Point,30.30845,-88.139533,lower_bay_west_boundary_oxygen_context,air_temperature_c,26.26966667175293,degC,2026-10-08T22:00:00+00:00,2026-10-09T02:28:39.708368+00:00,2026-10-09T02:28:39.708368+00:00,ARCOS_RANGE_CHECK_PASS,SOURCE_QC_NOT_EXPOSED_IN_PUBLIC_GRAFANA_FRAME,NOT_APPLICABLE,,NOT_FOUND_IN_CURRENT_RESEARCH_PASS,True,False,0.0,https://www.disl.edu/arcos/
disl_arcos_realtime_public_grafana,met,DISL_ARCOS_CP,cp,Cedar Point,30.30845,-88.139533,lower_bay_west_boundary_oxygen_context,barometric_pressure_inhg,29.864318339029946,inHg,2026-10-08T22:00:00+00:00,2026-10-09T02:28:39.708368+00:00,2026-10-09T02:28:39.708368+00:00,ARCOS_RANGE_CHECK_PASS,SOURCE_QC_NOT_EXPOSED_IN_PUBLIC_GRAFANA_FRAME,NOT_APPLICABLE,,NOT_FOUND_IN_CURRENT_RESEARCH_PASS,True,False,0.0,https://www.disl.edu/arcos/
disl_arcos_realtime_public_grafana,met,DISL_ARCOS_CP,cp,Cedar Point,30.30845,-88.139533,lower_bay_west_boundary_oxygen_context,precipitation,0.0,mm,2026-10-08T22:00:00+00:00,2026-10-09T02:28:39.708368+00:00,2026-10-09T02:28:39.708368+00:00,NOT_RANGE_SCREENED,SOURCE_QC_NOT_EXPOSED_IN_PUBLIC_GRAFANA_FRAME,NOT_APPLICABLE,,NOT_FOUND_IN_CURRENT_RESEARCH_PASS,True,False,0.0,https://www.disl.edu/arcos/
disl_arcos_realtime_public_grafana,met,DISL_ARCOS_CP,cp,Cedar Point,30.30845,-88.139533,lower_bay_west_boundary_oxygen_context,quantum_radiation_umol_m2_s,131.34666646321614,umol/m2/s,2026-10-08T22:00:00+00:00,2026-10-09T02:28:39.708368+00:00,2026-10-09T02:28:39.708368+00:00,ARCOS_RANGE_CHECK_PASS,SOURCE_QC_NOT_EXPOSED_IN_PUBLIC_GRAFANA_FRAME,NOT_APPLICABLE,,NOT_FOUND_IN_CURRENT_RESEARCH_PASS,True,False,0.0,https://www.disl.edu/arcos/
disl_arcos_realtime_public_grafana,met,DISL_ARCOS_CP,cp,Cedar Point,30.30845,-88.139533,lower_bay_west_boundary_oxygen_context,relative_humidity_percent,74.775,%,2026-10-08T22:00:00+00:00,2026-10-09T02:28:39.708368+00:00,2026-10-09T02:28:39.708368+00:00,ARCOS_RANGE_CHECK_PASS,SOURCE_QC_NOT_EXPOSED_IN_PUBLIC_GRAFANA_FRAME,NOT_APPLICABLE,,NOT_FOUND_IN_CURRENT_RESEARCH_PASS,True,False,0.0,https://www.disl.edu/arcos/
disl_arcos_realtime_public_grafana,met,DISL_ARCOS_CP,cp,Cedar Point,30.30845,-88.139533,lower_bay_west_boundary_oxygen_context,solar_radiation_kw_m2,0.054100000361601515,kW/m2,2026-10-08T22:00:00+00:00,2026-10-09T02:28:39.708368+00:00,2026-10-09T02:28:39.708368+00:00,ARCOS_RANGE_CHECK_PASS,SOURCE_QC_NOT_EXPOSED_IN_PUBLIC_GRAFANA_FRAME,NOT_APPLICABLE,,NOT_FOUND_IN_CURRENT_RESEARCH_PASS,True,False,0.0,https://www.disl.edu/arcos/
disl_arcos_realtime_public_grafana,met,DISL_ARCOS_CP,cp,Cedar Point,30.30845,-88.139533,lower_bay_west_boundary_oxygen_context,wind_direction_deg,37.97860615661545,degree,2026-10-08T22:00:00+00:00,2026-10-09T02:28:39.708368+00:00,2026-10-09T02:28:39.708368+00:00,ARCOS_RANGE_CHECK_PASS,SOURCE_QC_NOT_EXPOSED_IN_PUBLIC_GRAFANA_FRAME,NOT_APPLICABLE,,NOT_FOUND_IN_CURRENT_RESEARCH_PASS,True,False,0.0,https://www.disl.edu/arcos/
disl_arcos_realtime_public_grafana,met,DISL_ARCOS_CP,cp,Cedar Point,30.30845,-88.139533,lower_bay_west_boundary_oxygen_context,wind_speed,13.67699998219808,kn,2026-10-08T22:00:00+00:00,2026-10-09T02:28:39.708368+00:00,2026-10-09T02:28:39.708368+00:00,NOT_RANGE_SCREENED,SOURCE_QC_NOT_EXPOSED_IN_PUBLIC_GRAFANA_FRAME,NOT_APPLICABLE,,NOT_FOUND_IN_CURRENT_RESEARCH_PASS,True,False,0.0,https://www.disl.edu/arcos/
disl_arcos_realtime_public_grafana,met,DISL_ARCOS_GSP,gsp,Gulf State Park Pier,,,coastal_context_if_hydro_available,air_temperature_c,26.853332901000975,degC,2026-10-08T22:00:00+00:00,2026-10-09T02:28:42.645009+00:00,2026-10-09T02:28:42.645009+00:00,ARCOS_RANGE_CHECK_PASS,SOURCE_QC_NOT_EXPOSED_IN_PUBLIC_GRAFANA_FRAME,NOT_APPLICABLE,,NOT_FOUND_IN_CURRENT_RESEARCH_PASS,True,False,0.0,https://www.disl.edu/arcos/
disl_arcos_realtime_public_grafana,met,DISL_ARCOS_GSP,gsp,Gulf State Park Pier,,,coastal_context_if_hydro_available,barometric_pressure_inhg,29.855911763509116,inHg,2026-10-08T22:00:00+00:00,2026-10-09T02:28:42.645009+00:00,2026-10-09T02:28:42.645009+00:00,ARCOS_RANGE_CHECK_PASS,SOURCE_QC_NOT_EXPOSED_IN_PUBLIC_GRAFANA_FRAME,NOT_APPLICABLE,,NOT_FOUND_IN_CURRENT_RESEARCH_PASS,True,False,0.0,https://www.disl.edu/arcos/
disl_arcos_realtime_public_grafana,met,DISL_ARCOS_GSP,gsp,Gulf State Park Pier,,,coastal_context_if_hydro_available,precipitation,0.0,mm,2026-10-08T22:00:00+00:00,2026-10-09T02:28:42.645009+00:00,2026-10-09T02:28:42.645009+00:00,NOT_RANGE_SCREENED,SOURCE_QC_NOT_EXPOSED_IN_PUBLIC_GRAFANA_FRAME,NOT_APPLICABLE,,NOT_FOUND_IN_CURRENT_RESEARCH_PASS,True,False,0.0,https://www.disl.edu/arcos/
disl_arcos_realtime_public_grafana,met,DISL_ARCOS_GSP,gsp,Gulf State Park Pier,,,coastal_context_if_hydro_available,quantum_radiation_umol_m2_s,131.1233337402344,umol/m2/s,2026-10-08T22:00:00+00:00,2026-10-09T02:28:42.645009+00:00,2026-10-09T02:28:42.645009+00:00,ARCOS_RANGE_CHECK_PASS,SOURCE_QC_NOT_EXPOSED_IN_PUBLIC_GRAFANA_FRAME,NOT_APPLICABLE,,NOT_FOUND_IN_CURRENT_RESEARCH_PASS,True,False,0.0,https://www.disl.edu/arcos/
disl_arcos_realtime_public_grafana,met,DISL_ARCOS_GSP,gsp,Gulf State Park Pier,,,coastal_context_if_hydro_available,relative_humidity_percent,82.63333333333334,%,2026-10-08T22:00:00+00:00,2026-10-09T02:28:42.645009+00:00,2026-10-09T02:28:42.645009+00:00,ARCOS_RANGE_CHECK_PASS,SOURCE_QC_NOT_EXPOSED_IN_PUBLIC_GRAFANA_FRAME,NOT_APPLICABLE,,NOT_FOUND_IN_CURRENT_RESEARCH_PASS,True,False,0.0,https://www.disl.edu/arcos/
disl_arcos_realtime_public_grafana,met,DISL_ARCOS_GSP,gsp,Gulf State Park Pier,,,coastal_context_if_hydro_available,solar_radiation_kw_m2,0.05836666723092397,kW/m2,2026-10-08T22:00:00+00:00,2026-10-09T02:28:42.645009+00:00,2026-10-09T02:28:42.645009+00:00,ARCOS_RANGE_CHECK_PASS,SOURCE_QC_NOT_EXPOSED_IN_PUBLIC_GRAFANA_FRAME,NOT_APPLICABLE,,NOT_FOUND_IN_CURRENT_RESEARCH_PASS,True,False,0.0,https://www.disl.edu/arcos/
disl_arcos_realtime_public_grafana,met,DISL_ARCOS_GSP,gsp,Gulf State Park Pier,,,coastal_context_if_hydro_available,wind_direction_deg,79.73774438621004,degree,2026-10-08T22:00:00+00:00,2026-10-09T02:28:42.645009+00:00,2026-10-09T02:28:42.645009+00:00,ARCOS_RANGE_CHECK_PASS,SOURCE_QC_NOT_EXPOSED_IN_PUBLIC_GRAFANA_FRAME,NOT_APPLICABLE,,NOT_FOUND_IN_CURRENT_RESEARCH_PASS,True,False,0.0,https://www.disl.edu/arcos/
disl_arcos_realtime_public_grafana,met,DISL_ARCOS_GSP,gsp,Gulf State Park Pier,,,coastal_context_if_hydro_available,wind_speed,9.913733323415121,kn,2026-10-08T22:00:00+00:00,2026-10-09T02:28:42.645009+00:00,2026-10-09T02:28:42.645009+00:00,NOT_RANGE_SCREENED,SOURCE_QC_NOT_EXPOSED_IN_PUBLIC_GRAFANA_FRAME,NOT_APPLICABLE,,NOT_FOUND_IN_CURRENT_RESEARCH_PASS,True,False,0.0,https://www.disl.edu/arcos/
disl_arcos_realtime_public_grafana,hydro,DISL_ARCOS_KC,kc,Katrina Cut,30.2583,-88.2131,western_bay_mouth_oxygen_context,depth_field_m,4.041999816894531,m,2026-10-08T22:00:00+00:00,2026-10-09T02:28:40.542948+00:00,2026-10-09T02:28:40.542948+00:00,SOURCE_QC_NOT_EXPOSED,SOURCE_QC_NOT_EXPOSED_IN_PUBLIC_GRAFANA_FRAME,UNKNOWN_GEOMETRY_DO_NOT_USE_FOR_BOTTOM_CLASSIFICATION,0.5,HISTORICAL_ARCOS_OBSERVATION_GEOMETRY,True,False,0.0,https://www.disl.edu/arcos/
disl_arcos_realtime_public_grafana,hydro,DISL_ARCOS_KC,kc,Katrina Cut,30.2583,-88.2131,western_bay_mouth_oxygen_context,dissolved_oxygen_mg_l,6.949999809265137,mg/L,2026-10-08T22:00:00+00:00,2026-10-09T02:28:40.542948+00:00,2026-10-09T02:28:40.542948+00:00,ARCOS_RANGE_CHECK_PASS,SOURCE_QC_NOT_EXPOSED_IN_PUBLIC_GRAFANA_FRAME,UNKNOWN_GEOMETRY_DO_NOT_USE_FOR_BOTTOM_CLASSIFICATION,0.5,HISTORICAL_ARCOS_OBSERVATION_GEOMETRY,True,False,0.0,https://www.disl.edu/arcos/
disl_arcos_realtime_public_grafana,hydro,DISL_ARCOS_KC,kc,Katrina Cut,30.2583,-88.2131,western_bay_mouth_oxygen_context,dissolved_oxygen_percent,99.0,%,2026-10-08T22:00:00+00:00,2026-10-09T02:28:40.542948+00:00,2026-10-09T02:28:40.542948+00:00,ARCOS_RANGE_CHECK_PASS,SOURCE_QC_NOT_EXPOSED_IN_PUBLIC_GRAFANA_FRAME,UNKNOWN_GEOMETRY_DO_NOT_USE_FOR_BOTTOM_CLASSIFICATION,0.5,HISTORICAL_ARCOS_OBSERVATION_GEOMETRY,True,False,0.0,https://www.disl.edu/arcos/
disl_arcos_realtime_public_grafana,hydro,DISL_ARCOS_KC,kc,Katrina Cut,30.2583,-88.2131,western_bay_mouth_oxygen_context,pressure_psi,5.820000171661377,psi,2026-10-08T22:00:00+00:00,2026-10-09T02:28:40.542948+00:00,2026-10-09T02:28:40.542948+00:00,NOT_RANGE_SCREENED,SOURCE_QC_NOT_EXPOSED_IN_PUBLIC_GRAFANA_FRAME,UNKNOWN_GEOMETRY_DO_NOT_USE_FOR_BOTTOM_CLASSIFICATION,0.5,HISTORICAL_ARCOS_OBSERVATION_GEOMETRY,True,False,0.0,https://www.disl.edu/arcos/
disl_arcos_realtime_public_grafana,hydro,DISL_ARCOS_KC,kc,Katrina Cut,30.2583,-88.2131,western_bay_mouth_oxygen_context,salinity_psu,25.350000381469727,PSU,2026-10-08T22:00:00+00:00,2026-10-09T02:28:40.542948+00:00,2026-10-09T02:28:40.542948+00:00,ARCOS_RANGE_CHECK_PASS,SOURCE_QC_NOT_EXPOSED_IN_PUBLIC_GRAFANA_FRAME,UNKNOWN_GEOMETRY_DO_NOT_USE_FOR_BOTTOM_CLASSIFICATION,0.5,HISTORICAL_ARCOS_OBSERVATION_GEOMETRY,True,False,0.0,https://www.disl.edu/arcos/
disl_arcos_realtime_public_grafana,hydro,DISL_ARCOS_KC,kc,Katrina Cut,30.2583,-88.2131,western_bay_mouth_oxygen_context,turbidity_fnu,11.3100004196167,FNU,2026-10-08T22:00:00+00:00,2026-10-09T02:28:40.542948+00:00,2026-10-09T02:28:40.542948+00:00,ARCOS_RANGE_CHECK_PASS,SOURCE_QC_NOT_EXPOSED_IN_PUBLIC_GRAFANA_FRAME,UNKNOWN_GEOMETRY_DO_NOT_USE_FOR_BOTTOM_CLASSIFICATION,0.5,HISTORICAL_ARCOS_OBSERVATION_GEOMETRY,True,False,0.0,https://www.disl.edu/arcos/
disl_arcos_realtime_public_grafana,hydro,DISL_ARCOS_KC,kc,Katrina Cut,30.2583,-88.2131,western_bay_mouth_oxygen_context,water_temperature_c,26.09000015258789,degC,2026-10-08T22:00:00+00:00,2026-10-09T02:28:40.542948+00:00,2026-10-09T02:28:40.542948+00:00,ARCOS_RANGE_CHECK_PASS,SOURCE_QC_NOT_EXPOSED_IN_PUBLIC_GRAFANA_FRAME,UNKNOWN_GEOMETRY_DO_NOT_USE_FOR_BOTTOM_CLASSIFICATION,0.5,HISTORICAL_ARCOS_OBSERVATION_GEOMETRY,True,False,0.0,https://www.disl.edu/arcos/
disl_arcos_realtime_public_grafana,met,DISL_ARCOS_KC,kc,Katrina Cut,30.2583,-88.2131,western_bay_mouth_oxygen_context,air_temperature_c,26.94099973042806,degC,2026-10-08T22:00:00+00:00,2026-10-09T02:28:40.744126+00:00,2026-10-09T02:28:40.744126+00:00,ARCOS_RANGE_CHECK_PASS,SOURCE_QC_NOT_EXPOSED_IN_PUBLIC_GRAFANA_FRAME,NOT_APPLICABLE,0.5,HISTORICAL_ARCOS_OBSERVATION_GEOMETRY,True,False,0.0,https://www.disl.edu/arcos/
disl_arcos_realtime_public_grafana,met,DISL_ARCOS_KC,kc,Katrina Cut,30.2583,-88.2131,western_bay_mouth_oxygen_context,barometric_pressure_inhg,29.883148447672525,inHg,2026-10-08T22:00:00+00:00,2026-10-09T02:28:40.744126+00:00,2026-10-09T02:28:40.744126+00:00,ARCOS_RANGE_CHECK_PASS,SOURCE_QC_NOT_EXPOSED_IN_PUBLIC_GRAFANA_FRAME,NOT_APPLICABLE,0.5,HISTORICAL_ARCOS_OBSERVATION_GEOMETRY,True,False,0.0,https://www.disl.edu/arcos/
disl_arcos_realtime_public_grafana,met,DISL_ARCOS_KC,kc,Katrina Cut,30.2583,-88.2131,western_bay_mouth_oxygen_context,precipitation,0.0,mm,2026-10-08T22:00:00+00:00,2026-10-09T02:28:40.744126+00:00,2026-10-09T02:28:40.744126+00:00,NOT_RANGE_SCREENED,SOURCE_QC_NOT_EXPOSED_IN_PUBLIC_GRAFANA_FRAME,NOT_APPLICABLE,0.5,HISTORICAL_ARCOS_OBSERVATION_GEOMETRY,True,False,0.0,https://www.disl.edu/arcos/
disl_arcos_realtime_public_grafana,met,DISL_ARCOS_KC,kc,Katrina Cut,30.2583,-88.2131,western_bay_mouth_oxygen_context,quantum_radiation_umol_m2_s,311.21666666666664,umol/m2/s,2026-10-08T22:00:00+00:00,2026-10-09T02:28:40.744126+00:00,2026-10-09T02:28:40.744126+00:00,ARCOS_RANGE_CHECK_PASS,SOURCE_QC_NOT_EXPOSED_IN_PUBLIC_GRAFANA_FRAME,NOT_APPLICABLE,0.5,HISTORICAL_ARCOS_OBSERVATION_GEOMETRY,True,False,0.0,https://www.disl.edu/arcos/
disl_arcos_realtime_public_grafana,met,DISL_ARCOS_KC,kc,Katrina Cut,30.2583,-88.2131,western_bay_mouth_oxygen_context,relative_humidity_percent,87.88666636149088,%,2026-10-08T22:00:00+00:00,2026-10-09T02:28:40.744126+00:00,2026-10-09T02:28:40.744126+00:00,ARCOS_RANGE_CHECK_PASS,SOURCE_QC_NOT_EXPOSED_IN_PUBLIC_GRAFANA_FRAME,NOT_APPLICABLE,0.5,HISTORICAL_ARCOS_OBSERVATION_GEOMETRY,True,False,0.0,https://www.disl.edu/arcos/
disl_arcos_realtime_public_grafana,met,DISL_ARCOS_KC,kc,Katrina Cut,30.2583,-88.2131,western_bay_mouth_oxygen_context,solar_radiation_kw_m2,0.1356666679183642,kW/m2,2026-10-08T22:00:00+00:00,2026-10-09T02:28:40.744126+00:00,2026-10-09T02:28:40.744126+00:00,ARCOS_RANGE_CHECK_PASS,SOURCE_QC_NOT_EXPOSED_IN_PUBLIC_GRAFANA_FRAME,NOT_APPLICABLE,0.5,HISTORICAL_ARCOS_OBSERVATION_GEOMETRY,True,False,0.0,https://www.disl.edu/arcos/
disl_arcos_realtime_public_grafana,met,DISL_ARCOS_KC,kc,Katrina Cut,30.2583,-88.2131,western_bay_mouth_oxygen_context,wind_direction_deg,51.879091888103396,degree,2026-10-08T22:00:00+00:00,2026-10-09T02:28:40.744126+00:00,2026-10-09T02:28:40.744126+00:00,ARCOS_RANGE_CHECK_PASS,SOURCE_QC_NOT_EXPOSED_IN_PUBLIC_GRAFANA_FRAME,NOT_APPLICABLE,0.5,HISTORICAL_ARCOS_OBSERVATION_GEOMETRY,True,False,0.0,https://www.disl.edu/arcos/
disl_arcos_realtime_public_grafana,met,DISL_ARCOS_KC,kc,Katrina Cut,30.2583,-88.2131,western_bay_mouth_oxygen_context,wind_speed,31.760333315531412,kn,2026-10-08T22:00:00+00:00,2026-10-09T02:28:40.744126+00:00,2026-10-09T02:28:40.744126+00:00,NOT_RANGE_SCREENED,SOURCE_QC_NOT_EXPOSED_IN_PUBLIC_GRAFANA_FRAME,NOT_APPLICABLE,0.5,HISTORICAL_ARCOS_OBSERVATION_GEOMETRY,True,False,0.0,https://www.disl.edu/arcos/
disl_arcos_realtime_public_grafana,hydro,DISL_ARCOS_MP,mp,Meaher Park,30.667152,-87.936459,upper_bay_oxygen_loading_proxy,depth_field_m,0.0,m,2026-10-08T22:00:00+00:00,2026-10-09T02:28:38.811269+00:00,2026-10-09T02:28:38.811269+00:00,SOURCE_QC_NOT_EXPOSED,SOURCE_QC_NOT_EXPOSED_IN_PUBLIC_GRAFANA_FRAME,UNKNOWN_GEOMETRY_DO_NOT_USE_FOR_BOTTOM_CLASSIFICATION,0.5,RECENT_2023_2025_EXO2_GEOMETRY,True,False,0.0,https://www.disl.edu/arcos/
disl_arcos_realtime_public_grafana,hydro,DISL_ARCOS_MP,mp,Meaher Park,30.667152,-87.936459,upper_bay_oxygen_loading_proxy,dissolved_oxygen_mg_l,0.6000000238418579,mg/L,2026-10-08T22:00:00+00:00,2026-10-09T02:28:38.811269+00:00,2026-10-09T02:28:38.811269+00:00,ARCOS_RANGE_CHECK_PASS,SOURCE_QC_NOT_EXPOSED_IN_PUBLIC_GRAFANA_FRAME,UNKNOWN_GEOMETRY_DO_NOT_USE_FOR_BOTTOM_CLASSIFICATION,0.5,RECENT_2023_2025_EXO2_GEOMETRY,True,False,0.0,https://www.disl.edu/arcos/
disl_arcos_realtime_public_grafana,hydro,DISL_ARCOS_MP,mp,Meaher Park,30.667152,-87.936459,upper_bay_oxygen_loading_proxy,dissolved_oxygen_percent,8.119999885559082,%,2026-10-08T22:00:00+00:00,2026-10-09T02:28:38.811269+00:00,2026-10-09T02:28:38.811269+00:00,ARCOS_RANGE_CHECK_PASS,SOURCE_QC_NOT_EXPOSED_IN_PUBLIC_GRAFANA_FRAME,UNKNOWN_GEOMETRY_DO_NOT_USE_FOR_BOTTOM_CLASSIFICATION,0.5,RECENT_2023_2025_EXO2_GEOMETRY,True,False,0.0,https://www.disl.edu/arcos/
disl_arcos_realtime_public_grafana,hydro,DISL_ARCOS_MP,mp,Meaher Park,30.667152,-87.936459,upper_bay_oxygen_loading_proxy,pressure_psi,0.0,psi,2026-10-08T22:00:00+00:00,2026-10-09T02:28:38.811269+00:00,2026-10-09T02:28:38.811269+00:00,NOT_RANGE_SCREENED,SOURCE_QC_NOT_EXPOSED_IN_PUBLIC_GRAFANA_FRAME,UNKNOWN_GEOMETRY_DO_NOT_USE_FOR_BOTTOM_CLASSIFICATION,0.5,RECENT_2023_2025_EXO2_GEOMETRY,True,False,0.0,https://www.disl.edu/arcos/
disl_arcos_realtime_public_grafana,hydro,DISL_ARCOS_MP,mp,Meaher Park,30.667152,-87.936459,upper_bay_oxygen_loading_proxy,salinity_psu,11.140000343322754,PSU,2026-10-08T22:00:00+00:00,2026-10-09T02:28:38.811269+00:00,2026-10-09T02:28:38.811269+00:00,ARCOS_RANGE_CHECK_PASS,SOURCE_QC_NOT_EXPOSED_IN_PUBLIC_GRAFANA_FRAME,UNKNOWN_GEOMETRY_DO_NOT_USE_FOR_BOTTOM_CLASSIFICATION,0.5,RECENT_2023_2025_EXO2_GEOMETRY,True,False,0.0,https://www.disl.edu/arcos/
disl_arcos_realtime_public_grafana,hydro,DISL_ARCOS_MP,mp,Meaher Park,30.667152,-87.936459,upper_bay_oxygen_loading_proxy,turbidity_fnu,4.170000076293945,FNU,2026-10-08T22:00:00+00:00,2026-10-09T02:28:38.811269+00:00,2026-10-09T02:28:38.811269+00:00,ARCOS_RANGE_CHECK_PASS,SOURCE_QC_NOT_EXPOSED_IN_PUBLIC_GRAFANA_FRAME,UNKNOWN_GEOMETRY_DO_NOT_USE_FOR_BOTTOM_CLASSIFICATION,0.5,RECENT_2023_2025_EXO2_GEOMETRY,True,False,0.0,https://www.disl.edu/arcos/
disl_arcos_realtime_public_grafana,hydro,DISL_ARCOS_MP,mp,Meaher Park,30.667152,-87.936459,upper_bay_oxygen_loading_proxy,water_temperature_c,27.389999389648438,degC,2026-10-08T22:00:00+00:00,2026-10-09T02:28:38.811269+00:00,2026-10-09T02:28:38.811269+00:00,ARCOS_RANGE_CHECK_PASS,SOURCE_QC_NOT_EXPOSED_IN_PUBLIC_GRAFANA_FRAME,UNKNOWN_GEOMETRY_DO_NOT_USE_FOR_BOTTOM_CLASSIFICATION,0.5,RECENT_2023_2025_EXO2_GEOMETRY,True,False,0.0,https://www.disl.edu/arcos/
disl_arcos_realtime_public_grafana,met,DISL_ARCOS_MP,mp,Meaher Park,30.667152,-87.936459,upper_bay_oxygen_loading_proxy,air_temperature_c,25.547999954223634,degC,2026-10-08T22:00:00+00:00,2026-10-09T02:28:39.047209+00:00,2026-10-09T02:28:39.047209+00:00,ARCOS_RANGE_CHECK_PASS,SOURCE_QC_NOT_EXPOSED_IN_PUBLIC_GRAFANA_FRAME,NOT_APPLICABLE,0.5,RECENT_2023_2025_EXO2_GEOMETRY,True,False,0.0,https://www.disl.edu/arcos/
disl_arcos_realtime_public_grafana,met,DISL_ARCOS_MP,mp,Meaher Park,30.667152,-87.936459,upper_bay_oxygen_loading_proxy,barometric_pressure_inhg,29.973115730285645,inHg,2026-10-08T22:00:00+00:00,2026-10-09T02:28:39.047209+00:00,2026-10-09T02:28:39.047209+00:00,ARCOS_RANGE_CHECK_PASS,SOURCE_QC_NOT_EXPOSED_IN_PUBLIC_GRAFANA_FRAME,NOT_APPLICABLE,0.5,RECENT_2023_2025_EXO2_GEOMETRY,True,False,0.0,https://www.disl.edu/arcos/
disl_arcos_realtime_public_grafana,met,DISL_ARCOS_MP,mp,Meaher Park,30.667152,-87.936459,upper_bay_oxygen_loading_proxy,precipitation,0.0,in,2026-10-08T22:00:00+00:00,2026-10-09T02:28:39.047209+00:00,2026-10-09T02:28:39.047209+00:00,NOT_RANGE_SCREENED,SOURCE_QC_NOT_EXPOSED_IN_PUBLIC_GRAFANA_FRAME,NOT_APPLICABLE,0.5,RECENT_2023_2025_EXO2_GEOMETRY,True,False,0.0,https://www.disl.edu/arcos/
disl_arcos_realtime_public_grafana,met,DISL_ARCOS_MP,mp,Meaher Park,30.667152,-87.936459,upper_bay_oxygen_loading_proxy,quantum_radiation_umol_m2_s,164.57666702270507,umol/m2/s,2026-10-08T22:00:00+00:00,2026-10-09T02:28:39.047209+00:00,2026-10-09T02:28:39.047209+00:00,ARCOS_RANGE_CHECK_PASS,SOURCE_QC_NOT_EXPOSED_IN_PUBLIC_GRAFANA_FRAME,NOT_APPLICABLE,0.5,RECENT_2023_2025_EXO2_GEOMETRY,True,False,0.0,https://www.disl.edu/arcos/
disl_arcos_realtime_public_grafana,met,DISL_ARCOS_MP,mp,Meaher Park,30.667152,-87.936459,upper_bay_oxygen_loading_proxy,relative_humidity_percent,80.93400039672852,%,2026-10-08T22:00:00+00:00,2026-10-09T02:28:39.047209+00:00,2026-10-09T02:28:39.047209+00:00,ARCOS_RANGE_CHECK_PASS,SOURCE_QC_NOT_EXPOSED_IN_PUBLIC_GRAFANA_FRAME,NOT_APPLICABLE,0.5,RECENT_2023_2025_EXO2_GEOMETRY,True,False,0.0,https://www.disl.edu/arcos/
disl_arcos_realtime_public_grafana,met,DISL_ARCOS_MP,mp,Meaher Park,30.667152,-87.936459,upper_bay_oxygen_loading_proxy,solar_radiation_kw_m2,0.07760000017782052,kW/m2,2026-10-08T22:00:00+00:00,2026-10-09T02:28:39.047209+00:00,2026-10-09T02:28:39.047209+00:00,ARCOS_RANGE_CHECK_PASS,SOURCE_QC_NOT_EXPOSED_IN_PUBLIC_GRAFANA_FRAME,NOT_APPLICABLE,0.5,RECENT_2023_2025_EXO2_GEOMETRY,True,False,0.0,https://www.disl.edu/arcos/
disl_arcos_realtime_public_grafana,met,DISL_ARCOS_MP,mp,Meaher Park,30.667152,-87.936459,upper_bay_oxygen_loading_proxy,wind_direction_deg,336.58748090787105,degree,2026-10-08T22:00:00+00:00,2026-10-09T02:28:39.047209+00:00,2026-10-09T02:28:39.047209+00:00,ARCOS_RANGE_CHECK_PASS,SOURCE_QC_NOT_EXPOSED_IN_PUBLIC_GRAFANA_FRAME,NOT_APPLICABLE,0.5,RECENT_2023_2025_EXO2_GEOMETRY,True,False,0.0,https://www.disl.edu/arcos/
disl_arcos_realtime_public_grafana,met,DISL_ARCOS_MP,mp,Meaher Park,30.667152,-87.936459,upper_bay_oxygen_loading_proxy,wind_speed,4.742633326848348,kn,2026-10-08T22:00:00+00:00,2026-10-09T02:28:39.047209+00:00,2026-10-09T02:28:39.047209+00:00,NOT_RANGE_SCREENED,SOURCE_QC_NOT_EXPOSED_IN_PUBLIC_GRAFANA_FRAME,NOT_APPLICABLE,0.5,RECENT_2023_2025_EXO2_GEOMETRY,True,False,0.0,https://www.disl.edu/arcos/
disl_arcos_realtime_public_grafana,hydro,DISL_ARCOS_PP,pp,Perdido Pass,30.2791,-87.5561,eastern_coastal_boundary_oxygen_context,depth_field_m,1.3539999723434448,m,2026-10-08T22:00:00+00:00,2026-10-09T02:28:40.989977+00:00,2026-10-09T02:28:40.989977+00:00,SOURCE_QC_NOT_EXPOSED,SOURCE_QC_NOT_EXPOSED_IN_PUBLIC_GRAFANA_FRAME,UNKNOWN_GEOMETRY_DO_NOT_USE_FOR_BOTTOM_CLASSIFICATION,0.5,HISTORICAL_NEAR_BOTTOM_GEOMETRY,True,False,0.0,https://www.disl.edu/arcos/
disl_arcos_realtime_public_grafana,hydro,DISL_ARCOS_PP,pp,Perdido Pass,30.2791,-87.5561,eastern_coastal_boundary_oxygen_context,dissolved_oxygen_mg_l,6.059999942779541,mg/L,2026-10-08T22:00:00+00:00,2026-10-09T02:28:40.989977+00:00,2026-10-09T02:28:40.989977+00:00,ARCOS_RANGE_CHECK_PASS,SOURCE_QC_NOT_EXPOSED_IN_PUBLIC_GRAFANA_FRAME,UNKNOWN_GEOMETRY_DO_NOT_USE_FOR_BOTTOM_CLASSIFICATION,0.5,HISTORICAL_NEAR_BOTTOM_GEOMETRY,True,False,0.0,https://www.disl.edu/arcos/
disl_arcos_realtime_public_grafana,hydro,DISL_ARCOS_PP,pp,Perdido Pass,30.2791,-87.5561,eastern_coastal_boundary_oxygen_context,dissolved_oxygen_percent,109.0,%,2026-10-08T22:00:00+00:00,2026-10-09T02:28:40.989977+00:00,2026-10-09T02:28:40.989977+00:00,ARCOS_RANGE_CHECK_PASS,SOURCE_QC_NOT_EXPOSED_IN_PUBLIC_GRAFANA_FRAME,UNKNOWN_GEOMETRY_DO_NOT_USE_FOR_BOTTOM_CLASSIFICATION,0.5,HISTORICAL_NEAR_BOTTOM_GEOMETRY,True,False,0.0,https://www.disl.edu/arcos/
disl_arcos_realtime_public_grafana,hydro,DISL_ARCOS_PP,pp,Perdido Pass,30.2791,-87.5561,eastern_coastal_boundary_oxygen_context,pressure_psi,1.9500000476837158,psi,2026-10-08T22:00:00+00:00,2026-10-09T02:28:40.989977+00:00,2026-10-09T02:28:40.989977+00:00,NOT_RANGE_SCREENED,SOURCE_QC_NOT_EXPOSED_IN_PUBLIC_GRAFANA_FRAME,UNKNOWN_GEOMETRY_DO_NOT_USE_FOR_BOTTOM_CLASSIFICATION,0.5,HISTORICAL_NEAR_BOTTOM_GEOMETRY,True,False,0.0,https://www.disl.edu/arcos/
disl_arcos_realtime_public_grafana,hydro,DISL_ARCOS_PP,pp,Perdido Pass,30.2791,-87.5561,eastern_coastal_boundary_oxygen_context,salinity_psu,23.610000610351562,PSU,2026-10-08T22:00:00+00:00,2026-10-09T02:28:40.989977+00:00,2026-10-09T02:28:40.989977+00:00,ARCOS_RANGE_CHECK_PASS,SOURCE_QC_NOT_EXPOSED_IN_PUBLIC_GRAFANA_FRAME,UNKNOWN_GEOMETRY_DO_NOT_USE_FOR_BOTTOM_CLASSIFICATION,0.5,HISTORICAL_NEAR_BOTTOM_GEOMETRY,True,False,0.0,https://www.disl.edu/arcos/
disl_arcos_realtime_public_grafana,hydro,DISL_ARCOS_PP,pp,Perdido Pass,30.2791,-87.5561,eastern_coastal_boundary_oxygen_context,turbidity_fnu,2.130000114440918,FNU,2026-10-08T22:00:00+00:00,2026-10-09T02:28:40.989977+00:00,2026-10-09T02:28:40.989977+00:00,ARCOS_RANGE_CHECK_PASS,SOURCE_QC_NOT_EXPOSED_IN_PUBLIC_GRAFANA_FRAME,UNKNOWN_GEOMETRY_DO_NOT_USE_FOR_BOTTOM_CLASSIFICATION,0.5,HISTORICAL_NEAR_BOTTOM_GEOMETRY,True,False,0.0,https://www.disl.edu/arcos/
disl_arcos_realtime_public_grafana,hydro,DISL_ARCOS_PP,pp,Perdido Pass,30.2791,-87.5561,eastern_coastal_boundary_oxygen_context,water_temperature_c,26.760000228881836,degC,2026-10-08T22:00:00+00:00,2026-10-09T02:28:40.989977+00:00,2026-10-09T02:28:40.989977+00:00,ARCOS_RANGE_CHECK_PASS,SOURCE_QC_NOT_EXPOSED_IN_PUBLIC_GRAFANA_FRAME,UNKNOWN_GEOMETRY_DO_NOT_USE_FOR_BOTTOM_CLASSIFICATION,0.5,HISTORICAL_NEAR_BOTTOM_GEOMETRY,True,False,0.0,https://www.disl.edu/arcos/
disl_arcos_realtime_public_grafana,met,DISL_ARCOS_PP,pp,Perdido Pass,30.2791,-87.5561,eastern_coastal_boundary_oxygen_context,air_temperature_c,30.209999910990398,degC,2026-10-08T22:00:00+00:00,2026-10-09T02:28:41.324994+00:00,2026-10-09T02:28:41.324994+00:00,ARCOS_RANGE_CHECK_PASS,SOURCE_QC_NOT_EXPOSED_IN_PUBLIC_GRAFANA_FRAME,NOT_APPLICABLE,0.5,HISTORICAL_NEAR_BOTTOM_GEOMETRY,True,False,0.0,https://www.disl.edu/arcos/
disl_arcos_realtime_public_grafana,met,DISL_ARCOS_PP,pp,Perdido Pass,30.2791,-87.5561,eastern_coastal_boundary_oxygen_context,barometric_pressure_inhg,29.890769322713215,inHg,2026-10-08T22:00:00+00:00,2026-10-09T02:28:41.324994+00:00,2026-10-09T02:28:41.324994+00:00,ARCOS_RANGE_CHECK_PASS,SOURCE_QC_NOT_EXPOSED_IN_PUBLIC_GRAFANA_FRAME,NOT_APPLICABLE,0.5,HISTORICAL_NEAR_BOTTOM_GEOMETRY,True,False,0.0,https://www.disl.edu/arcos/
disl_arcos_realtime_public_grafana,met,DISL_ARCOS_PP,pp,Perdido Pass,30.2791,-87.5561,eastern_coastal_boundary_oxygen_context,precipitation,0.0,mm,2026-10-08T22:00:00+00:00,2026-10-09T02:28:41.324994+00:00,2026-10-09T02:28:41.324994+00:00,NOT_RANGE_SCREENED,SOURCE_QC_NOT_EXPOSED_IN_PUBLIC_GRAFANA_FRAME,NOT_APPLICABLE,0.5,HISTORICAL_NEAR_BOTTOM_GEOMETRY,True,False,0.0,https://www.disl.edu/arcos/
disl_arcos_realtime_public_grafana,met,DISL_ARCOS_PP,pp,Perdido Pass,30.2791,-87.5561,eastern_coastal_boundary_oxygen_context,quantum_radiation_umol_m2_s,143.9033327738444,umol/m2/s,2026-10-08T22:00:00+00:00,2026-10-09T02:28:41.324994+00:00,2026-10-09T02:28:41.324994+00:00,ARCOS_RANGE_CHECK_PASS,SOURCE_QC_NOT_EXPOSED_IN_PUBLIC_GRAFANA_FRAME,NOT_APPLICABLE,0.5,HISTORICAL_NEAR_BOTTOM_GEOMETRY,True,False,0.0,https://www.disl.edu/arcos/
disl_arcos_realtime_public_grafana,met,DISL_ARCOS_PP,pp,Perdido Pass,30.2791,-87.5561,eastern_coastal_boundary_oxygen_context,relative_humidity_percent,72.75033340454101,%,2026-10-08T22:00:00+00:00,2026-10-09T02:28:41.324994+00:00,2026-10-09T02:28:41.324994+00:00,ARCOS_RANGE_CHECK_PASS,SOURCE_QC_NOT_EXPOSED_IN_PUBLIC_GRAFANA_FRAME,NOT_APPLICABLE,0.5,HISTORICAL_NEAR_BOTTOM_GEOMETRY,True,False,0.0,https://www.disl.edu/arcos/
disl_arcos_realtime_public_grafana,met,DISL_ARCOS_PP,pp,Perdido Pass,30.2791,-87.5561,eastern_coastal_boundary_oxygen_context,solar_radiation_kw_m2,0.05653333390752475,kW/m2,2026-10-08T22:00:00+00:00,2026-10-09T02:28:41.324994+00:00,2026-10-09T02:28:41.324994+00:00,ARCOS_RANGE_CHECK_PASS,SOURCE_QC_NOT_EXPOSED_IN_PUBLIC_GRAFANA_FRAME,NOT_APPLICABLE,0.5,HISTORICAL_NEAR_BOTTOM_GEOMETRY,True,False,0.0,https://www.disl.edu/arcos/
disl_arcos_realtime_public_grafana,met,DISL_ARCOS_PP,pp,Perdido Pass,30.2791,-87.5561,eastern_coastal_boundary_oxygen_context,wind_direction_deg,88.44659745267602,degree,2026-10-08T22:00:00+00:00,2026-10-09T02:28:41.324994+00:00,2026-10-09T02:28:41.324994+00:00,ARCOS_RANGE_CHECK_PASS,SOURCE_QC_NOT_EXPOSED_IN_PUBLIC_GRAFANA_FRAME,NOT_APPLICABLE,0.5,HISTORICAL_NEAR_BOTTOM_GEOMETRY,True,False,0.0,https://www.disl.edu/arcos/
disl_arcos_realtime_public_grafana,met,DISL_ARCOS_PP,pp,Perdido Pass,30.2791,-87.5561,eastern_coastal_boundary_oxygen_context,wind_speed,11.543666648864747,kn,2026-10-08T22:00:00+00:00,2026-10-09T02:28:41.324994+00:00,2026-10-09T02:28:41.324994+00:00,NOT_RANGE_SCREENED,SOURCE_QC_NOT_EXPOSED_IN_PUBLIC_GRAFANA_FRAME,NOT_APPLICABLE,0.5,HISTORICAL_NEAR_BOTTOM_GEOMETRY,True,False,0.0,https://www.disl.edu/arcos/
disl_arcos_realtime_public_grafana,met,DISL_ARCOS_BSP,bsp,Battleship Park,30.682697,-88.012211,upper_bay_oxygen_loading_context,air_temperature_c,26.6486665725708,degC,2026-10-08T22:30:00+00:00,2026-10-09T02:28:42.233975+00:00,2026-10-09T02:28:42.233975+00:00,ARCOS_RANGE_CHECK_PASS,SOURCE_QC_NOT_EXPOSED_IN_PUBLIC_GRAFANA_FRAME,NOT_APPLICABLE,0.5,RECENT_2023_2025_EXO2_GEOMETRY,True,False,0.0,https://www.disl.edu/arcos/
disl_arcos_realtime_public_grafana,met,DISL_ARCOS_BSP,bsp,Battleship Park,30.682697,-88.012211,upper_bay_oxygen_loading_context,barometric_pressure_inhg,29.896519279479982,inHg,2026-10-08T22:30:00+00:00,2026-10-09T02:28:42.233975+00:00,2026-10-09T02:28:42.233975+00:00,ARCOS_RANGE_CHECK_PASS,SOURCE_QC_NOT_EXPOSED_IN_PUBLIC_GRAFANA_FRAME,NOT_APPLICABLE,0.5,RECENT_2023_2025_EXO2_GEOMETRY,True,False,0.0,https://www.disl.edu/arcos/
disl_arcos_realtime_public_grafana,met,DISL_ARCOS_BSP,bsp,Battleship Park,30.682697,-88.012211,upper_bay_oxygen_loading_context,precipitation,0.0,in,2026-10-08T22:30:00+00:00,2026-10-09T02:28:42.233975+00:00,2026-10-09T02:28:42.233975+00:00,NOT_RANGE_SCREENED,SOURCE_QC_NOT_EXPOSED_IN_PUBLIC_GRAFANA_FRAME,NOT_APPLICABLE,0.5,RECENT_2023_2025_EXO2_GEOMETRY,True,False,0.0,https://www.disl.edu/arcos/
disl_arcos_realtime_public_grafana,met,DISL_ARCOS_BSP,bsp,Battleship Park,30.682697,-88.012211,upper_bay_oxygen_loading_context,quantum_radiation_umol_m2_s,80.38999938964844,umol/m2/s,2026-10-08T22:30:00+00:00,2026-10-09T02:28:42.233975+00:00,2026-10-09T02:28:42.233975+00:00,ARCOS_RANGE_CHECK_PASS,SOURCE_QC_NOT_EXPOSED_IN_PUBLIC_GRAFANA_FRAME,NOT_APPLICABLE,0.5,RECENT_2023_2025_EXO2_GEOMETRY,True,False,0.0,https://www.disl.edu/arcos/
disl_arcos_realtime_public_grafana,met,DISL_ARCOS_BSP,bsp,Battleship Park,30.682697,-88.012211,upper_bay_oxygen_loading_context,relative_humidity_percent,82.88333333333334,%,2026-10-08T22:30:00+00:00,2026-10-09T02:28:42.233975+00:00,2026-10-09T02:28:42.233975+00:00,ARCOS_RANGE_CHECK_PASS,SOURCE_QC_NOT_EXPOSED_IN_PUBLIC_GRAFANA_FRAME,NOT_APPLICABLE,0.5,RECENT_2023_2025_EXO2_GEOMETRY,True,False,0.0,https://www.disl.edu/arcos/
disl_arcos_realtime_public_grafana,met,DISL_ARCOS_BSP,bsp,Battleship Park,30.682697,-88.012211,upper_bay_oxygen_loading_context,solar_radiation_kw_m2,0.035066666826605794,kW/m2,2026-10-08T22:30:00+00:00,2026-10-09T02:28:42.233975+00:00,2026-10-09T02:28:42.233975+00:00,ARCOS_RANGE_CHECK_PASS,SOURCE_QC_NOT_EXPOSED_IN_PUBLIC_GRAFANA_FRAME,NOT_APPLICABLE,0.5,RECENT_2023_2025_EXO2_GEOMETRY,True,False,0.0,https://www.disl.edu/arcos/
disl_arcos_realtime_public_grafana,met,DISL_ARCOS_BSP,bsp,Battleship Park,30.682697,-88.012211,upper_bay_oxygen_loading_context,wind_direction_deg,43.76550294910775,degree,2026-10-08T22:30:00+00:00,2026-10-09T02:28:42.233975+00:00,2026-10-09T02:28:42.233975+00:00,ARCOS_RANGE_CHECK_PASS,SOURCE_QC_NOT_EXPOSED_IN_PUBLIC_GRAFANA_FRAME,NOT_APPLICABLE,0.5,RECENT_2023_2025_EXO2_GEOMETRY,True,False,0.0,https://www.disl.edu/arcos/
disl_arcos_realtime_public_grafana,met,DISL_ARCOS_BSP,bsp,Battleship Park,30.682697,-88.012211,upper_bay_oxygen_loading_context,wind_speed,16.033333365122477,kn,2026-10-08T22:30:00+00:00,2026-10-09T02:28:42.233975+00:00,2026-10-09T02:28:42.233975+00:00,NOT_RANGE_SCREENED,SOURCE_QC_NOT_EXPOSED_IN_PUBLIC_GRAFANA_FRAME,NOT_APPLICABLE,0.5,RECENT_2023_2025_EXO2_GEOMETRY,True,False,0.0,https://www.disl.edu/arcos/
disl_arcos_realtime_public_grafana,hydro,DISL_ARCOS_CP,cp,Cedar Point,30.30845,-88.139533,lower_bay_west_boundary_oxygen_context,depth_field_m,1.8700000047683716,m,2026-10-08T22:30:00+00:00,2026-10-09T02:28:39.420240+00:00,2026-10-09T02:28:39.420240+00:00,SOURCE_QC_NOT_EXPOSED,SOURCE_QC_NOT_EXPOSED_IN_PUBLIC_GRAFANA_FRAME,UNKNOWN_GEOMETRY_DO_NOT_USE_FOR_BOTTOM_CLASSIFICATION,,NOT_FOUND_IN_CURRENT_RESEARCH_PASS,True,False,0.0,https://www.disl.edu/arcos/
disl_arcos_realtime_public_grafana,hydro,DISL_ARCOS_CP,cp,Cedar Point,30.30845,-88.139533,lower_bay_west_boundary_oxygen_context,dissolved_oxygen_mg_l,7.03000020980835,mg/L,2026-10-08T22:30:00+00:00,2026-10-09T02:28:39.420240+00:00,2026-10-09T02:28:39.420240+00:00,ARCOS_RANGE_CHECK_PASS,SOURCE_QC_NOT_EXPOSED_IN_PUBLIC_GRAFANA_FRAME,UNKNOWN_GEOMETRY_DO_NOT_USE_FOR_BOTTOM_CLASSIFICATION,,NOT_FOUND_IN_CURRENT_RESEARCH_PASS,True,False,0.0,https://www.disl.edu/arcos/
disl_arcos_realtime_public_grafana,hydro,DISL_ARCOS_CP,cp,Cedar Point,30.30845,-88.139533,lower_bay_west_boundary_oxygen_context,dissolved_oxygen_percent,96.5999984741211,%,2026-10-08T22:30:00+00:00,2026-10-09T02:28:39.420240+00:00,2026-10-09T02:28:39.420240+00:00,ARCOS_RANGE_CHECK_PASS,SOURCE_QC_NOT_EXPOSED_IN_PUBLIC_GRAFANA_FRAME,UNKNOWN_GEOMETRY_DO_NOT_USE_FOR_BOTTOM_CLASSIFICATION,,NOT_FOUND_IN_CURRENT_RESEARCH_PASS,True,False,0.0,https://www.disl.edu/arcos/
disl_arcos_realtime_public_grafana,hydro,DISL_ARCOS_CP,cp,Cedar Point,30.30845,-88.139533,lower_bay_west_boundary_oxygen_context,pressure_psi,2.680000066757202,psi,2026-10-08T22:30:00+00:00,2026-10-09T02:28:39.420240+00:00,2026-10-09T02:28:39.420240+00:00,NOT_RANGE_SCREENED,SOURCE_QC_NOT_EXPOSED_IN_PUBLIC_GRAFANA_FRAME,UNKNOWN_GEOMETRY_DO_NOT_USE_FOR_BOTTOM_CLASSIFICATION,,NOT_FOUND_IN_CURRENT_RESEARCH_PASS,True,False,0.0,https://www.disl.edu/arcos/
disl_arcos_realtime_public_grafana,hydro,DISL_ARCOS_CP,cp,Cedar Point,30.30845,-88.139533,lower_bay_west_boundary_oxygen_context,salinity_psu,20.049999237060547,PSU,2026-10-08T22:30:00+00:00,2026-10-09T02:28:39.420240+00:00,2026-10-09T02:28:39.420240+00:00,ARCOS_RANGE_CHECK_PASS,SOURCE_QC_NOT_EXPOSED_IN_PUBLIC_GRAFANA_FRAME,UNKNOWN_GEOMETRY_DO_NOT_USE_FOR_BOTTOM_CLASSIFICATION,,NOT_FOUND_IN_CURRENT_RESEARCH_PASS,True,False,0.0,https://www.disl.edu/arcos/
disl_arcos_realtime_public_grafana,hydro,DISL_ARCOS_CP,cp,Cedar Point,30.30845,-88.139533,lower_bay_west_boundary_oxygen_context,turbidity_fnu,185.0,FNU,2026-10-08T22:30:00+00:00,2026-10-09T02:28:39.420240+00:00,2026-10-09T02:28:39.420240+00:00,ARCOS_RANGE_CHECK_PASS,SOURCE_QC_NOT_EXPOSED_IN_PUBLIC_GRAFANA_FRAME,UNKNOWN_GEOMETRY_DO_NOT_USE_FOR_BOTTOM_CLASSIFICATION,,NOT_FOUND_IN_CURRENT_RESEARCH_PASS,True,False,0.0,https://www.disl.edu/arcos/
disl_arcos_realtime_public_grafana,hydro,DISL_ARCOS_CP,cp,Cedar Point,30.30845,-88.139533,lower_bay_west_boundary_oxygen_context,water_temperature_c,25.760000228881836,degC,2026-10-08T22:30:00+00:00,2026-10-09T02:28:39.420240+00:00,2026-10-09T02:28:39.420240+00:00,ARCOS_RANGE_CHECK_PASS,SOURCE_QC_NOT_EXPOSED_IN_PUBLIC_GRAFANA_FRAME,UNKNOWN_GEOMETRY_DO_NOT_USE_FOR_BOTTOM_CLASSIFICATION,,NOT_FOUND_IN_CURRENT_RESEARCH_PASS,True,False,0.0,https://www.disl.edu/arcos/
disl_arcos_realtime_public_grafana,met,DISL_ARCOS_CP,cp,Cedar Point,30.30845,-88.139533,lower_bay_west_boundary_oxygen_context,air_temperature_c,26.089999961853028,degC,2026-10-08T22:30:00+00:00,2026-10-09T02:28:39.708368+00:00,2026-10-09T02:28:39.708368+00:00,ARCOS_RANGE_CHECK_PASS,SOURCE_QC_NOT_EXPOSED_IN_PUBLIC_GRAFANA_FRAME,NOT_APPLICABLE,,NOT_FOUND_IN_CURRENT_RESEARCH_PASS,True,False,0.0,https://www.disl.edu/arcos/
disl_arcos_realtime_public_grafana,met,DISL_ARCOS_CP,cp,Cedar Point,30.30845,-88.139533,lower_bay_west_boundary_oxygen_context,barometric_pressure_inhg,29.86585350036621,inHg,2026-10-08T22:30:00+00:00,2026-10-09T02:28:39.708368+00:00,2026-10-09T02:28:39.708368+00:00,ARCOS_RANGE_CHECK_PASS,SOURCE_QC_NOT_EXPOSED_IN_PUBLIC_GRAFANA_FRAME,NOT_APPLICABLE,,NOT_FOUND_IN_CURRENT_RESEARCH_PASS,True,False,0.0,https://www.disl.edu/arcos/
disl_arcos_realtime_public_grafana,met,DISL_ARCOS_CP,cp,Cedar Point,30.30845,-88.139533,lower_bay_west_boundary_oxygen_context,precipitation,0.0,mm,2026-10-08T22:30:00+00:00,2026-10-09T02:28:39.708368+00:00,2026-10-09T02:28:39.708368+00:00,NOT_RANGE_SCREENED,SOURCE_QC_NOT_EXPOSED_IN_PUBLIC_GRAFANA_FRAME,NOT_APPLICABLE,,NOT_FOUND_IN_CURRENT_RESEARCH_PASS,True,False,0.0,https://www.disl.edu/arcos/
disl_arcos_realtime_public_grafana,met,DISL_ARCOS_CP,cp,Cedar Point,30.30845,-88.139533,lower_bay_west_boundary_oxygen_context,quantum_radiation_umol_m2_s,68.45333340962728,umol/m2/s,2026-10-08T22:30:00+00:00,2026-10-09T02:28:39.708368+00:00,2026-10-09T02:28:39.708368+00:00,ARCOS_RANGE_CHECK_PASS,SOURCE_QC_NOT_EXPOSED_IN_PUBLIC_GRAFANA_FRAME,NOT_APPLICABLE,,NOT_FOUND_IN_CURRENT_RESEARCH_PASS,True,False,0.0,https://www.disl.edu/arcos/
disl_arcos_realtime_public_grafana,met,DISL_ARCOS_CP,cp,Cedar Point,30.30845,-88.139533,lower_bay_west_boundary_oxygen_context,relative_humidity_percent,74.65266672770183,%,2026-10-08T22:30:00+00:00,2026-10-09T02:28:39.708368+00:00,2026-10-09T02:28:39.708368+00:00,ARCOS_RANGE_CHECK_PASS,SOURCE_QC_NOT_EXPOSED_IN_PUBLIC_GRAFANA_FRAME,NOT_APPLICABLE,,NOT_FOUND_IN_CURRENT_RESEARCH_PASS,True,False,0.0,https://www.disl.edu/arcos/
disl_arcos_realtime_public_grafana,met,DISL_ARCOS_CP,cp,Cedar Point,30.30845,-88.139533,lower_bay_west_boundary_oxygen_context,solar_radiation_kw_m2,0.02833333347613613,kW/m2,2026-10-08T22:30:00+00:00,2026-10-09T02:28:39.708368+00:00,2026-10-09T02:28:39.708368+00:00,ARCOS_RANGE_CHECK_PASS,SOURCE_QC_NOT_EXPOSED_IN_PUBLIC_GRAFANA_FRAME,NOT_APPLICABLE,,NOT_FOUND_IN_CURRENT_RESEARCH_PASS,True,False,0.0,https://www.disl.edu/arcos/
disl_arcos_realtime_public_grafana,met,DISL_ARCOS_CP,cp,Cedar Point,30.30845,-88.139533,lower_bay_west_boundary_oxygen_context,wind_direction_deg,33.420628963545404,degree,2026-10-08T22:30:00+00:00,2026-10-09T02:28:39.708368+00:00,2026-10-09T02:28:39.708368+00:00,ARCOS_RANGE_CHECK_PASS,SOURCE_QC_NOT_EXPOSED_IN_PUBLIC_GRAFANA_FRAME,NOT_APPLICABLE,,NOT_FOUND_IN_CURRENT_RESEARCH_PASS,True,False,0.0,https://www.disl.edu/arcos/
disl_arcos_realtime_public_grafana,met,DISL_ARCOS_CP,cp,Cedar Point,30.30845,-88.139533,lower_bay_west_boundary_oxygen_context,wind_speed,15.34600009918213,kn,2026-10-08T22:30:00+00:00,2026-10-09T02:28:39.708368+00:00,2026-10-09T02:28:39.708368+00:00,NOT_RANGE_SCREENED,SOURCE_QC_NOT_EXPOSED_IN_PUBLIC_GRAFANA_FRAME,NOT_APPLICABLE,,NOT_FOUND_IN_CURRENT_RESEARCH_PASS,True,False,0.0,https://www.disl.edu/arcos/
disl_arcos_realtime_public_grafana,met,DISL_ARCOS_GSP,gsp,Gulf State Park Pier,,,coastal_context_if_hydro_available,air_temperature_c,26.57000013987223,degC,2026-10-08T22:30:00+00:00,2026-10-09T02:28:42.645009+00:00,2026-10-09T02:28:42.645009+00:00,ARCOS_RANGE_CHECK_PASS,SOURCE_QC_NOT_EXPOSED_IN_PUBLIC_GRAFANA_FRAME,NOT_APPLICABLE,,NOT_FOUND_IN_CURRENT_RESEARCH_PASS,True,False,0.0,https://www.disl.edu/arcos/
disl_arcos_realtime_public_grafana,met,DISL_ARCOS_GSP,gsp,Gulf State Park Pier,,,coastal_context_if_hydro_available,barometric_pressure_inhg,29.860343551635744,inHg,2026-10-08T22:30:00+00:00,2026-10-09T02:28:42.645009+00:00,2026-10-09T02:28:42.645009+00:00,ARCOS_RANGE_CHECK_PASS,SOURCE_QC_NOT_EXPOSED_IN_PUBLIC_GRAFANA_FRAME,NOT_APPLICABLE,,NOT_FOUND_IN_CURRENT_RESEARCH_PASS,True,False,0.0,https://www.disl.edu/arcos/
disl_arcos_realtime_public_grafana,met,DISL_ARCOS_GSP,gsp,Gulf State Park Pier,,,coastal_context_if_hydro_available,precipitation,0.0,mm,2026-10-08T22:30:00+00:00,2026-10-09T02:28:42.645009+00:00,2026-10-09T02:28:42.645009+00:00,NOT_RANGE_SCREENED,SOURCE_QC_NOT_EXPOSED_IN_PUBLIC_GRAFANA_FRAME,NOT_APPLICABLE,,NOT_FOUND_IN_CURRENT_RESEARCH_PASS,True,False,0.0,https://www.disl.edu/arcos/
disl_arcos_realtime_public_grafana,met,DISL_ARCOS_GSP,gsp,Gulf State Park Pier,,,coastal_context_if_hydro_available,quantum_radiation_umol_m2_s,58.00633328755696,umol/m2/s,2026-10-08T22:30:00+00:00,2026-10-09T02:28:42.645009+00:00,2026-10-09T02:28:42.645009+00:00,ARCOS_RANGE_CHECK_PASS,SOURCE_QC_NOT_EXPOSED_IN_PUBLIC_GRAFANA_FRAME,NOT_APPLICABLE,,NOT_FOUND_IN_CURRENT_RESEARCH_PASS,True,False,0.0,https://www.disl.edu/arcos/
disl_arcos_realtime_public_grafana,met,DISL_ARCOS_GSP,gsp,Gulf State Park Pier,,,coastal_context_if_hydro_available,relative_humidity_percent,83.89000015258789,%,2026-10-08T22:30:00+00:00,2026-10-09T02:28:42.645009+00:00,2026-10-09T02:28:42.645009+00:00,ARCOS_RANGE_CHECK_PASS,SOURCE_QC_NOT_EXPOSED_IN_PUBLIC_GRAFANA_FRAME,NOT_APPLICABLE,,NOT_FOUND_IN_CURRENT_RESEARCH_PASS,True,False,0.0,https://www.disl.edu/arcos/
disl_arcos_realtime_public_grafana,met,DISL_ARCOS_GSP,gsp,Gulf State Park Pier,,,coastal_context_if_hydro_available,solar_radiation_kw_m2,0.02583333303531011,kW/m2,2026-10-08T22:30:00+00:00,2026-10-09T02:28:42.645009+00:00,2026-10-09T02:28:42.645009+00:00,ARCOS_RANGE_CHECK_PASS,SOURCE_QC_NOT_EXPOSED_IN_PUBLIC_GRAFANA_FRAME,NOT_APPLICABLE,,NOT_FOUND_IN_CURRENT_RESEARCH_PASS,True,False,0.0,https://www.disl.edu/arcos/
disl_arcos_realtime_public_grafana,met,DISL_ARCOS_GSP,gsp,Gulf State Park Pier,,,coastal_context_if_hydro_available,wind_direction_deg,81.7512638008207,degree,2026-10-08T22:30:00+00:00,2026-10-09T02:28:42.645009+00:00,2026-10-09T02:28:42.645009+00:00,ARCOS_RANGE_CHECK_PASS,SOURCE_QC_NOT_EXPOSED_IN_PUBLIC_GRAFANA_FRAME,NOT_APPLICABLE,,NOT_FOUND_IN_CURRENT_RESEARCH_PASS,True,False,0.0,https://www.disl.edu/arcos/
disl_arcos_realtime_public_grafana,met,DISL_ARCOS_GSP,gsp,Gulf State Park Pier,,,coastal_context_if_hydro_available,wind_speed,7.874000032742818,kn,2026-10-08T22:30:00+00:00,2026-10-09T02:28:42.645009+00:00,2026-10-09T02:28:42.645009+00:00,NOT_RANGE_SCREENED,SOURCE_QC_NOT_EXPOSED_IN_PUBLIC_GRAFANA_FRAME,NOT_APPLICABLE,,NOT_FOUND_IN_CURRENT_RESEARCH_PASS,True,False,0.0,https://www.disl.edu/arcos/
disl_arcos_realtime_public_grafana,hydro,DISL_ARCOS_KC,kc,Katrina Cut,30.2583,-88.2131,western_bay_mouth_oxygen_context,depth_field_m,4.0320000648498535,m,2026-10-08T22:30:00+00:00,2026-10-09T02:28:40.542948+00:00,2026-10-09T02:28:40.542948+00:00,SOURCE_QC_NOT_EXPOSED,SOURCE_QC_NOT_EXPOSED_IN_PUBLIC_GRAFANA_FRAME,UNKNOWN_GEOMETRY_DO_NOT_USE_FOR_BOTTOM_CLASSIFICATION,0.5,HISTORICAL_ARCOS_OBSERVATION_GEOMETRY,True,False,0.0,https://www.disl.edu/arcos/
disl_arcos_realtime_public_grafana,hydro,DISL_ARCOS_KC,kc,Katrina Cut,30.2583,-88.2131,western_bay_mouth_oxygen_context,dissolved_oxygen_mg_l,7.010000228881836,mg/L,2026-10-08T22:30:00+00:00,2026-10-09T02:28:40.542948+00:00,2026-10-09T02:28:40.542948+00:00,ARCOS_RANGE_CHECK_PASS,SOURCE_QC_NOT_EXPOSED_IN_PUBLIC_GRAFANA_FRAME,UNKNOWN_GEOMETRY_DO_NOT_USE_FOR_BOTTOM_CLASSIFICATION,0.5,HISTORICAL_ARCOS_OBSERVATION_GEOMETRY,True,False,0.0,https://www.disl.edu/arcos/
disl_arcos_realtime_public_grafana,hydro,DISL_ARCOS_KC,kc,Katrina Cut,30.2583,-88.2131,western_bay_mouth_oxygen_context,dissolved_oxygen_percent,100.0999984741211,%,2026-10-08T22:30:00+00:00,2026-10-09T02:28:40.542948+00:00,2026-10-09T02:28:40.542948+00:00,ARCOS_RANGE_CHECK_PASS,SOURCE_QC_NOT_EXPOSED_IN_PUBLIC_GRAFANA_FRAME,UNKNOWN_GEOMETRY_DO_NOT_USE_FOR_BOTTOM_CLASSIFICATION,0.5,HISTORICAL_ARCOS_OBSERVATION_GEOMETRY,True,False,0.0,https://www.disl.edu/arcos/
disl_arcos_realtime_public_grafana,hydro,DISL_ARCOS_KC,kc,Katrina Cut,30.2583,-88.2131,western_bay_mouth_oxygen_context,pressure_psi,5.809999942779541,psi,2026-10-08T22:30:00+00:00,2026-10-09T02:28:40.542948+00:00,2026-10-09T02:28:40.542948+00:00,NOT_RANGE_SCREENED,SOURCE_QC_NOT_EXPOSED_IN_PUBLIC_GRAFANA_FRAME,UNKNOWN_GEOMETRY_DO_NOT_USE_FOR_BOTTOM_CLASSIFICATION,0.5,HISTORICAL_ARCOS_OBSERVATION_GEOMETRY,True,False,0.0,https://www.disl.edu/arcos/
disl_arcos_realtime_public_grafana,hydro,DISL_ARCOS_KC,kc,Katrina Cut,30.2583,-88.2131,western_bay_mouth_oxygen_context,salinity_psu,25.56999969482422,PSU,2026-10-08T22:30:00+00:00,2026-10-09T02:28:40.542948+00:00,2026-10-09T02:28:40.542948+00:00,ARCOS_RANGE_CHECK_PASS,SOURCE_QC_NOT_EXPOSED_IN_PUBLIC_GRAFANA_FRAME,UNKNOWN_GEOMETRY_DO_NOT_USE_FOR_BOTTOM_CLASSIFICATION,0.5,HISTORICAL_ARCOS_OBSERVATION_GEOMETRY,True,False,0.0,https://www.disl.edu/arcos/
disl_arcos_realtime_public_grafana,hydro,DISL_ARCOS_KC,kc,Katrina Cut,30.2583,-88.2131,western_bay_mouth_oxygen_context,turbidity_fnu,9.399999618530273,FNU,2026-10-08T22:30:00+00:00,2026-10-09T02:28:40.542948+00:00,2026-10-09T02:28:40.542948+00:00,ARCOS_RANGE_CHECK_PASS,SOURCE_QC_NOT_EXPOSED_IN_PUBLIC_GRAFANA_FRAME,UNKNOWN_GEOMETRY_DO_NOT_USE_FOR_BOTTOM_CLASSIFICATION,0.5,HISTORICAL_ARCOS_OBSERVATION_GEOMETRY,True,False,0.0,https://www.disl.edu/arcos/
disl_arcos_realtime_public_grafana,hydro,DISL_ARCOS_KC,kc,Katrina Cut,30.2583,-88.2131,western_bay_mouth_oxygen_context,water_temperature_c,26.139999389648438,degC,2026-10-08T22:30:00+00:00,2026-10-09T02:28:40.542948+00:00,2026-10-09T02:28:40.542948+00:00,ARCOS_RANGE_CHECK_PASS,SOURCE_QC_NOT_EXPOSED_IN_PUBLIC_GRAFANA_FRAME,UNKNOWN_GEOMETRY_DO_NOT_USE_FOR_BOTTOM_CLASSIFICATION,0.5,HISTORICAL_ARCOS_OBSERVATION_GEOMETRY,True,False,0.0,https://www.disl.edu/arcos/
disl_arcos_realtime_public_grafana,met,DISL_ARCOS_KC,kc,Katrina Cut,30.2583,-88.2131,western_bay_mouth_oxygen_context,air_temperature_c,26.988333320617677,degC,2026-10-08T22:30:00+00:00,2026-10-09T02:28:40.744126+00:00,2026-10-09T02:28:40.744126+00:00,ARCOS_RANGE_CHECK_PASS,SOURCE_QC_NOT_EXPOSED_IN_PUBLIC_GRAFANA_FRAME,NOT_APPLICABLE,0.5,HISTORICAL_ARCOS_OBSERVATION_GEOMETRY,True,False,0.0,https://www.disl.edu/arcos/
disl_arcos_realtime_public_grafana,met,DISL_ARCOS_KC,kc,Katrina Cut,30.2583,-88.2131,western_bay_mouth_oxygen_context,barometric_pressure_inhg,29.8794677734375,inHg,2026-10-08T22:30:00+00:00,2026-10-09T02:28:40.744126+00:00,2026-10-09T02:28:40.744126+00:00,ARCOS_RANGE_CHECK_PASS,SOURCE_QC_NOT_EXPOSED_IN_PUBLIC_GRAFANA_FRAME,NOT_APPLICABLE,0.5,HISTORICAL_ARCOS_OBSERVATION_GEOMETRY,True,False,0.0,https://www.disl.edu/arcos/
disl_arcos_realtime_public_grafana,met,DISL_ARCOS_KC,kc,Katrina Cut,30.2583,-88.2131,western_bay_mouth_oxygen_context,precipitation,0.0,mm,2026-10-08T22:30:00+00:00,2026-10-09T02:28:40.744126+00:00,2026-10-09T02:28:40.744126+00:00,NOT_RANGE_SCREENED,SOURCE_QC_NOT_EXPOSED_IN_PUBLIC_GRAFANA_FRAME,NOT_APPLICABLE,0.5,HISTORICAL_ARCOS_OBSERVATION_GEOMETRY,True,False,0.0,https://www.disl.edu/arcos/
disl_arcos_realtime_public_grafana,met,DISL_ARCOS_KC,kc,Katrina Cut,30.2583,-88.2131,western_bay_mouth_oxygen_context,quantum_radiation_umol_m2_s,221.65,umol/m2/s,2026-10-08T22:30:00+00:00,2026-10-09T02:28:40.744126+00:00,2026-10-09T02:28:40.744126+00:00,ARCOS_RANGE_CHECK_PASS,SOURCE_QC_NOT_EXPOSED_IN_PUBLIC_GRAFANA_FRAME,NOT_APPLICABLE,0.5,HISTORICAL_ARCOS_OBSERVATION_GEOMETRY,True,False,0.0,https://www.disl.edu/arcos/
disl_arcos_realtime_public_grafana,met,DISL_ARCOS_KC,kc,Katrina Cut,30.2583,-88.2131,western_bay_mouth_oxygen_context,relative_humidity_percent,87.98999964396158,%,2026-10-08T22:30:00+00:00,2026-10-09T02:28:40.744126+00:00,2026-10-09T02:28:40.744126+00:00,ARCOS_RANGE_CHECK_PASS,SOURCE_QC_NOT_EXPOSED_IN_PUBLIC_GRAFANA_FRAME,NOT_APPLICABLE,0.5,HISTORICAL_ARCOS_OBSERVATION_GEOMETRY,True,False,0.0,https://www.disl.edu/arcos/
disl_arcos_realtime_public_grafana,met,DISL_ARCOS_KC,kc,Katrina Cut,30.2583,-88.2131,western_bay_mouth_oxygen_context,solar_radiation_kw_m2,0.098833333949248,kW/m2,2026-10-08T22:30:00+00:00,2026-10-09T02:28:40.744126+00:00,2026-10-09T02:28:40.744126+00:00,ARCOS_RANGE_CHECK_PASS,SOURCE_QC_NOT_EXPOSED_IN_PUBLIC_GRAFANA_FRAME,NOT_APPLICABLE,0.5,HISTORICAL_ARCOS_OBSERVATION_GEOMETRY,True,False,0.0,https://www.disl.edu/arcos/
disl_arcos_realtime_public_grafana,met,DISL_ARCOS_KC,kc,Katrina Cut,30.2583,-88.2131,western_bay_mouth_oxygen_context,wind_direction_deg,53.68243422973999,degree,2026-10-08T22:30:00+00:00,2026-10-09T02:28:40.744126+00:00,2026-10-09T02:28:40.744126+00:00,ARCOS_RANGE_CHECK_PASS,SOURCE_QC_NOT_EXPOSED_IN_PUBLIC_GRAFANA_FRAME,NOT_APPLICABLE,0.5,HISTORICAL_ARCOS_OBSERVATION_GEOMETRY,True,False,0.0,https://www.disl.edu/arcos/
disl_arcos_realtime_public_grafana,met,DISL_ARCOS_KC,kc,Katrina Cut,30.2583,-88.2131,western_bay_mouth_oxygen_context,wind_speed,31.121000162760417,kn,2026-10-08T22:30:00+00:00,2026-10-09T02:28:40.744126+00:00,2026-10-09T02:28:40.744126+00:00,NOT_RANGE_SCREENED,SOURCE_QC_NOT_EXPOSED_IN_PUBLIC_GRAFANA_FRAME,NOT_APPLICABLE,0.5,HISTORICAL_ARCOS_OBSERVATION_GEOMETRY,True,False,0.0,https://www.disl.edu/arcos/
disl_arcos_realtime_public_grafana,hydro,DISL_ARCOS_MP,mp,Meaher Park,30.667152,-87.936459,upper_bay_oxygen_loading_proxy,depth_field_m,0.0,m,2026-10-08T22:30:00+00:00,2026-10-09T02:28:38.811269+00:00,2026-10-09T02:28:38.811269+00:00,SOURCE_QC_NOT_EXPOSED,SOURCE_QC_NOT_EXPOSED_IN_PUBLIC_GRAFANA_FRAME,UNKNOWN_GEOMETRY_DO_NOT_USE_FOR_BOTTOM_CLASSIFICATION,0.5,RECENT_2023_2025_EXO2_GEOMETRY,True,False,0.0,https://www.disl.edu/arcos/
disl_arcos_realtime_public_grafana,hydro,DISL_ARCOS_MP,mp,Meaher Park,30.667152,-87.936459,upper_bay_oxygen_loading_proxy,dissolved_oxygen_mg_l,0.5699999928474426,mg/L,2026-10-08T22:30:00+00:00,2026-10-09T02:28:38.811269+00:00,2026-10-09T02:28:38.811269+00:00,ARCOS_RANGE_CHECK_PASS,SOURCE_QC_NOT_EXPOSED_IN_PUBLIC_GRAFANA_FRAME,UNKNOWN_GEOMETRY_DO_NOT_USE_FOR_BOTTOM_CLASSIFICATION,0.5,RECENT_2023_2025_EXO2_GEOMETRY,True,False,0.0,https://www.disl.edu/arcos/
disl_arcos_realtime_public_grafana,hydro,DISL_ARCOS_MP,mp,Meaher Park,30.667152,-87.936459,upper_bay_oxygen_loading_proxy,dissolved_oxygen_percent,7.659999847412109,%,2026-10-08T22:30:00+00:00,2026-10-09T02:28:38.811269+00:00,2026-10-09T02:28:38.811269+00:00,ARCOS_RANGE_CHECK_PASS,SOURCE_QC_NOT_EXPOSED_IN_PUBLIC_GRAFANA_FRAME,UNKNOWN_GEOMETRY_DO_NOT_USE_FOR_BOTTOM_CLASSIFICATION,0.5,RECENT_2023_2025_EXO2_GEOMETRY,True,False,0.0,https://www.disl.edu/arcos/
disl_arcos_realtime_public_grafana,hydro,DISL_ARCOS_MP,mp,Meaher Park,30.667152,-87.936459,upper_bay_oxygen_loading_proxy,pressure_psi,0.0,psi,2026-10-08T22:30:00+00:00,2026-10-09T02:28:38.811269+00:00,2026-10-09T02:28:38.811269+00:00,NOT_RANGE_SCREENED,SOURCE_QC_NOT_EXPOSED_IN_PUBLIC_GRAFANA_FRAME,UNKNOWN_GEOMETRY_DO_NOT_USE_FOR_BOTTOM_CLASSIFICATION,0.5,RECENT_2023_2025_EXO2_GEOMETRY,True,False,0.0,https://www.disl.edu/arcos/
disl_arcos_realtime_public_grafana,hydro,DISL_ARCOS_MP,mp,Meaher Park,30.667152,-87.936459,upper_bay_oxygen_loading_proxy,salinity_psu,11.1899995803833,PSU,2026-10-08T22:30:00+00:00,2026-10-09T02:28:38.811269+00:00,2026-10-09T02:28:38.811269+00:00,ARCOS_RANGE_CHECK_PASS,SOURCE_QC_NOT_EXPOSED_IN_PUBLIC_GRAFANA_FRAME,UNKNOWN_GEOMETRY_DO_NOT_USE_FOR_BOTTOM_CLASSIFICATION,0.5,RECENT_2023_2025_EXO2_GEOMETRY,True,False,0.0,https://www.disl.edu/arcos/
disl_arcos_realtime_public_grafana,hydro,DISL_ARCOS_MP,mp,Meaher Park,30.667152,-87.936459,upper_bay_oxygen_loading_proxy,turbidity_fnu,3.759999990463257,FNU,2026-10-08T22:30:00+00:00,2026-10-09T02:28:38.811269+00:00,2026-10-09T02:28:38.811269+00:00,ARCOS_RANGE_CHECK_PASS,SOURCE_QC_NOT_EXPOSED_IN_PUBLIC_GRAFANA_FRAME,UNKNOWN_GEOMETRY_DO_NOT_USE_FOR_BOTTOM_CLASSIFICATION,0.5,RECENT_2023_2025_EXO2_GEOMETRY,True,False,0.0,https://www.disl.edu/arcos/
disl_arcos_realtime_public_grafana,hydro,DISL_ARCOS_MP,mp,Meaher Park,30.667152,-87.936459,upper_bay_oxygen_loading_proxy,water_temperature_c,27.389999389648438,degC,2026-10-08T22:30:00+00:00,2026-10-09T02:28:38.811269+00:00,2026-10-09T02:28:38.811269+00:00,ARCOS_RANGE_CHECK_PASS,SOURCE_QC_NOT_EXPOSED_IN_PUBLIC_GRAFANA_FRAME,UNKNOWN_GEOMETRY_DO_NOT_USE_FOR_BOTTOM_CLASSIFICATION,0.5,RECENT_2023_2025_EXO2_GEOMETRY,True,False,0.0,https://www.disl.edu/arcos/
disl_arcos_realtime_public_grafana,met,DISL_ARCOS_MP,mp,Meaher Park,30.667152,-87.936459,upper_bay_oxygen_loading_proxy,air_temperature_c,25.210000038146973,degC,2026-10-08T22:30:00+00:00,2026-10-09T02:28:39.047209+00:00,2026-10-09T02:28:39.047209+00:00,ARCOS_RANGE_CHECK_PASS,SOURCE_QC_NOT_EXPOSED_IN_PUBLIC_GRAFANA_FRAME,NOT_APPLICABLE,0.5,RECENT_2023_2025_EXO2_GEOMETRY,True,False,0.0,https://www.disl.edu/arcos/
disl_arcos_realtime_public_grafana,met,DISL_ARCOS_MP,mp,Meaher Park,30.667152,-87.936459,upper_bay_oxygen_loading_proxy,barometric_pressure_inhg,29.977907625834145,inHg,2026-10-08T22:30:00+00:00,2026-10-09T02:28:39.047209+00:00,2026-10-09T02:28:39.047209+00:00,ARCOS_RANGE_CHECK_PASS,SOURCE_QC_NOT_EXPOSED_IN_PUBLIC_GRAFANA_FRAME,NOT_APPLICABLE,0.5,RECENT_2023_2025_EXO2_GEOMETRY,True,False,0.0,https://www.disl.edu/arcos/
disl_arcos_realtime_public_grafana,met,DISL_ARCOS_MP,mp,Meaher Park,30.667152,-87.936459,upper_bay_oxygen_loading_proxy,precipitation,0.0,in,2026-10-08T22:30:00+00:00,2026-10-09T02:28:39.047209+00:00,2026-10-09T02:28:39.047209+00:00,NOT_RANGE_SCREENED,SOURCE_QC_NOT_EXPOSED_IN_PUBLIC_GRAFANA_FRAME,NOT_APPLICABLE,0.5,RECENT_2023_2025_EXO2_GEOMETRY,True,False,0.0,https://www.disl.edu/arcos/
disl_arcos_realtime_public_grafana,met,DISL_ARCOS_MP,mp,Meaher Park,30.667152,-87.936459,upper_bay_oxygen_loading_proxy,quantum_radiation_umol_m2_s,74.45233319600423,umol/m2/s,2026-10-08T22:30:00+00:00,2026-10-09T02:28:39.047209+00:00,2026-10-09T02:28:39.047209+00:00,ARCOS_RANGE_CHECK_PASS,SOURCE_QC_NOT_EXPOSED_IN_PUBLIC_GRAFANA_FRAME,NOT_APPLICABLE,0.5,RECENT_2023_2025_EXO2_GEOMETRY,True,False,0.0,https://www.disl.edu/arcos/
disl_arcos_realtime_public_grafana,met,DISL_ARCOS_MP,mp,Meaher Park,30.667152,-87.936459,upper_bay_oxygen_loading_proxy,relative_humidity_percent,81.9466667175293,%,2026-10-08T22:30:00+00:00,2026-10-09T02:28:39.047209+00:00,2026-10-09T02:28:39.047209+00:00,ARCOS_RANGE_CHECK_PASS,SOURCE_QC_NOT_EXPOSED_IN_PUBLIC_GRAFANA_FRAME,NOT_APPLICABLE,0.5,RECENT_2023_2025_EXO2_GEOMETRY,True,False,0.0,https://www.disl.edu/arcos/
disl_arcos_realtime_public_grafana,met,DISL_ARCOS_MP,mp,Meaher Park,30.667152,-87.936459,upper_bay_oxygen_loading_proxy,solar_radiation_kw_m2,0.034966666561861835,kW/m2,2026-10-08T22:30:00+00:00,2026-10-09T02:28:39.047209+00:00,2026-10-09T02:28:39.047209+00:00,ARCOS_RANGE_CHECK_PASS,SOURCE_QC_NOT_EXPOSED_IN_PUBLIC_GRAFANA_FRAME,NOT_APPLICABLE,0.5,RECENT_2023_2025_EXO2_GEOMETRY,True,False,0.0,https://www.disl.edu/arcos/
disl_arcos_realtime_public_grafana,met,DISL_ARCOS_MP,mp,Meaher Park,30.667152,-87.936459,upper_bay_oxygen_loading_proxy,wind_direction_deg,325.24361348616304,degree,2026-10-08T22:30:00+00:00,2026-10-09T02:28:39.047209+00:00,2026-10-09T02:28:39.047209+00:00,ARCOS_RANGE_CHECK_PASS,SOURCE_QC_NOT_EXPOSED_IN_PUBLIC_GRAFANA_FRAME,NOT_APPLICABLE,0.5,RECENT_2023_2025_EXO2_GEOMETRY,True,False,0.0,https://www.disl.edu/arcos/
disl_arcos_realtime_public_grafana,met,DISL_ARCOS_MP,mp,Meaher Park,30.667152,-87.936459,upper_bay_oxygen_loading_proxy,wind_speed,5.2799332936604815,kn,2026-10-08T22:30:00+00:00,2026-10-09T02:28:39.047209+00:00,2026-10-09T02:28:39.047209+00:00,NOT_RANGE_SCREENED,SOURCE_QC_NOT_EXPOSED_IN_PUBLIC_GRAFANA_FRAME,NOT_APPLICABLE,0.5,RECENT_2023_2025_EXO2_GEOMETRY,True,False,0.0,https://www.disl.edu/arcos/
disl_arcos_realtime_public_grafana,hydro,DISL_ARCOS_PP,pp,Perdido Pass,30.2791,-87.5561,eastern_coastal_boundary_oxygen_context,depth_field_m,1.3680000305175781,m,2026-10-08T22:30:00+00:00,2026-10-09T02:28:40.989977+00:00,2026-10-09T02:28:40.989977+00:00,SOURCE_QC_NOT_EXPOSED,SOURCE_QC_NOT_EXPOSED_IN_PUBLIC_GRAFANA_FRAME,UNKNOWN_GEOMETRY_DO_NOT_USE_FOR_BOTTOM_CLASSIFICATION,0.5,HISTORICAL_NEAR_BOTTOM_GEOMETRY,True,False,0.0,https://www.disl.edu/arcos/
disl_arcos_realtime_public_grafana,hydro,DISL_ARCOS_PP,pp,Perdido Pass,30.2791,-87.5561,eastern_coastal_boundary_oxygen_context,dissolved_oxygen_mg_l,6.050000190734863,mg/L,2026-10-08T22:30:00+00:00,2026-10-09T02:28:40.989977+00:00,2026-10-09T02:28:40.989977+00:00,ARCOS_RANGE_CHECK_PASS,SOURCE_QC_NOT_EXPOSED_IN_PUBLIC_GRAFANA_FRAME,UNKNOWN_GEOMETRY_DO_NOT_USE_FOR_BOTTOM_CLASSIFICATION,0.5,HISTORICAL_NEAR_BOTTOM_GEOMETRY,True,False,0.0,https://www.disl.edu/arcos/
disl_arcos_realtime_public_grafana,hydro,DISL_ARCOS_PP,pp,Perdido Pass,30.2791,-87.5561,eastern_coastal_boundary_oxygen_context,dissolved_oxygen_percent,108.30000305175781,%,2026-10-08T22:30:00+00:00,2026-10-09T02:28:40.989977+00:00,2026-10-09T02:28:40.989977+00:00,ARCOS_RANGE_CHECK_PASS,SOURCE_QC_NOT_EXPOSED_IN_PUBLIC_GRAFANA_FRAME,UNKNOWN_GEOMETRY_DO_NOT_USE_FOR_BOTTOM_CLASSIFICATION,0.5,HISTORICAL_NEAR_BOTTOM_GEOMETRY,True,False,0.0,https://www.disl.edu/arcos/
disl_arcos_realtime_public_grafana,hydro,DISL_ARCOS_PP,pp,Perdido Pass,30.2791,-87.5561,eastern_coastal_boundary_oxygen_context,pressure_psi,1.9700000286102295,psi,2026-10-08T22:30:00+00:00,2026-10-09T02:28:40.989977+00:00,2026-10-09T02:28:40.989977+00:00,NOT_RANGE_SCREENED,SOURCE_QC_NOT_EXPOSED_IN_PUBLIC_GRAFANA_FRAME,UNKNOWN_GEOMETRY_DO_NOT_USE_FOR_BOTTOM_CLASSIFICATION,0.5,HISTORICAL_NEAR_BOTTOM_GEOMETRY,True,False,0.0,https://www.disl.edu/arcos/
disl_arcos_realtime_public_grafana,hydro,DISL_ARCOS_PP,pp,Perdido Pass,30.2791,-87.5561,eastern_coastal_boundary_oxygen_context,salinity_psu,23.280000686645508,PSU,2026-10-08T22:30:00+00:00,2026-10-09T02:28:40.989977+00:00,2026-10-09T02:28:40.989977+00:00,ARCOS_RANGE_CHECK_PASS,SOURCE_QC_NOT_EXPOSED_IN_PUBLIC_GRAFANA_FRAME,UNKNOWN_GEOMETRY_DO_NOT_USE_FOR_BOTTOM_CLASSIFICATION,0.5,HISTORICAL_NEAR_BOTTOM_GEOMETRY,True,False,0.0,https://www.disl.edu/arcos/
disl_arcos_realtime_public_grafana,hydro,DISL_ARCOS_PP,pp,Perdido Pass,30.2791,-87.5561,eastern_coastal_boundary_oxygen_context,turbidity_fnu,3.450000047683716,FNU,2026-10-08T22:30:00+00:00,2026-10-09T02:28:40.989977+00:00,2026-10-09T02:28:40.989977+00:00,ARCOS_RANGE_CHECK_PASS,SOURCE_QC_NOT_EXPOSED_IN_PUBLIC_GRAFANA_FRAME,UNKNOWN_GEOMETRY_DO_NOT_USE_FOR_BOTTOM_CLASSIFICATION,0.5,HISTORICAL_NEAR_BOTTOM_GEOMETRY,True,False,0.0,https://www.disl.edu/arcos/
disl_arcos_realtime_public_grafana,hydro,DISL_ARCOS_PP,pp,Perdido Pass,30.2791,-87.5561,eastern_coastal_boundary_oxygen_context,water_temperature_c,26.700000762939453,degC,2026-10-08T22:30:00+00:00,2026-10-09T02:28:40.989977+00:00,2026-10-09T02:28:40.989977+00:00,ARCOS_RANGE_CHECK_PASS,SOURCE_QC_NOT_EXPOSED_IN_PUBLIC_GRAFANA_FRAME,UNKNOWN_GEOMETRY_DO_NOT_USE_FOR_BOTTOM_CLASSIFICATION,0.5,HISTORICAL_NEAR_BOTTOM_GEOMETRY,True,False,0.0,https://www.disl.edu/arcos/
disl_arcos_realtime_public_grafana,met,DISL_ARCOS_PP,pp,Perdido Pass,30.2791,-87.5561,eastern_coastal_boundary_oxygen_context,air_temperature_c,30.022333272298177,degC,2026-10-08T22:30:00+00:00,2026-10-09T02:28:41.324994+00:00,2026-10-09T02:28:41.324994+00:00,ARCOS_RANGE_CHECK_PASS,SOURCE_QC_NOT_EXPOSED_IN_PUBLIC_GRAFANA_FRAME,NOT_APPLICABLE,0.5,HISTORICAL_NEAR_BOTTOM_GEOMETRY,True,False,0.0,https://www.disl.edu/arcos/
disl_arcos_realtime_public_grafana,met,DISL_ARCOS_PP,pp,Perdido Pass,30.2791,-87.5561,eastern_coastal_boundary_oxygen_context,barometric_pressure_inhg,29.892373466491698,inHg,2026-10-08T22:30:00+00:00,2026-10-09T02:28:41.324994+00:00,2026-10-09T02:28:41.324994+00:00,ARCOS_RANGE_CHECK_PASS,SOURCE_QC_NOT_EXPOSED_IN_PUBLIC_GRAFANA_FRAME,NOT_APPLICABLE,0.5,HISTORICAL_NEAR_BOTTOM_GEOMETRY,True,False,0.0,https://www.disl.edu/arcos/
disl_arcos_realtime_public_grafana,met,DISL_ARCOS_PP,pp,Perdido Pass,30.2791,-87.5561,eastern_coastal_boundary_oxygen_context,precipitation,0.0,mm,2026-10-08T22:30:00+00:00,2026-10-09T02:28:41.324994+00:00,2026-10-09T02:28:41.324994+00:00,NOT_RANGE_SCREENED,SOURCE_QC_NOT_EXPOSED_IN_PUBLIC_GRAFANA_FRAME,NOT_APPLICABLE,0.5,HISTORICAL_NEAR_BOTTOM_GEOMETRY,True,False,0.0,https://www.disl.edu/arcos/
disl_arcos_realtime_public_grafana,met,DISL_ARCOS_PP,pp,Perdido Pass,30.2791,-87.5561,eastern_coastal_boundary_oxygen_context,quantum_radiation_umol_m2_s,58.54533348083496,umol/m2/s,2026-10-08T22:30:00+00:00,2026-10-09T02:28:41.324994+00:00,2026-10-09T02:28:41.324994+00:00,ARCOS_RANGE_CHECK_PASS,SOURCE_QC_NOT_EXPOSED_IN_PUBLIC_GRAFANA_FRAME,NOT_APPLICABLE,0.5,HISTORICAL_NEAR_BOTTOM_GEOMETRY,True,False,0.0,https://www.disl.edu/arcos/
disl_arcos_realtime_public_grafana,met,DISL_ARCOS_PP,pp,Perdido Pass,30.2791,-87.5561,eastern_coastal_boundary_oxygen_context,relative_humidity_percent,72.94100036621094,%,2026-10-08T22:30:00+00:00,2026-10-09T02:28:41.324994+00:00,2026-10-09T02:28:41.324994+00:00,ARCOS_RANGE_CHECK_PASS,SOURCE_QC_NOT_EXPOSED_IN_PUBLIC_GRAFANA_FRAME,NOT_APPLICABLE,0.5,HISTORICAL_NEAR_BOTTOM_GEOMETRY,True,False,0.0,https://www.disl.edu/arcos/
disl_arcos_realtime_public_grafana,met,DISL_ARCOS_PP,pp,Perdido Pass,30.2791,-87.5561,eastern_coastal_boundary_oxygen_context,solar_radiation_kw_m2,0.02223333346967896,kW/m2,2026-10-08T22:30:00+00:00,2026-10-09T02:28:41.324994+00:00,2026-10-09T02:28:41.324994+00:00,ARCOS_RANGE_CHECK_PASS,SOURCE_QC_NOT_EXPOSED_IN_PUBLIC_GRAFANA_FRAME,NOT_APPLICABLE,0.5,HISTORICAL_NEAR_BOTTOM_GEOMETRY,True,False,0.0,https://www.disl.edu/arcos/
disl_arcos_realtime_public_grafana,met,DISL_ARCOS_PP,pp,Perdido Pass,30.2791,-87.5561,eastern_coastal_boundary_oxygen_context,wind_direction_deg,85.91080288221588,degree,2026-10-08T22:30:00+00:00,2026-10-09T02:28:41.324994+00:00,2026-10-09T02:28:41.324994+00:00,ARCOS_RANGE_CHECK_PASS,SOURCE_QC_NOT_EXPOSED_IN_PUBLIC_GRAFANA_FRAME,NOT_APPLICABLE,0.5,HISTORICAL_NEAR_BOTTOM_GEOMETRY,True,False,0.0,https://www.disl.edu/arcos/
disl_arcos_realtime_public_grafana,met,DISL_ARCOS_PP,pp,Perdido Pass,30.2791,-87.5561,eastern_coastal_boundary_oxygen_context,wind_speed,11.111999956766764,kn,2026-10-08T22:30:00+00:00,2026-10-09T02:28:41.324994+00:00,2026-10-09T02:28:41.324994+00:00,NOT_RANGE_SCREENED,SOURCE_QC_NOT_EXPOSED_IN_PUBLIC_GRAFANA_FRAME,NOT_APPLICABLE,0.5,HISTORICAL_NEAR_BOTTOM_GEOMETRY,True,False,0.0,https://www.disl.edu/arcos/
disl_arcos_realtime_public_grafana,met,DISL_ARCOS_BSP,bsp,Battleship Park,30.682697,-88.012211,upper_bay_oxygen_loading_context,air_temperature_c,26.326999855041503,degC,2026-10-08T23:00:00+00:00,2026-10-09T02:28:42.233975+00:00,2026-10-09T02:28:42.233975+00:00,ARCOS_RANGE_CHECK_PASS,SOURCE_QC_NOT_EXPOSED_IN_PUBLIC_GRAFANA_FRAME,NOT_APPLICABLE,0.5,RECENT_2023_2025_EXO2_GEOMETRY,True,False,0.0,https://www.disl.edu/arcos/
disl_arcos_realtime_public_grafana,met,DISL_ARCOS_BSP,bsp,Battleship Park,30.682697,-88.012211,upper_bay_oxygen_loading_context,barometric_pressure_inhg,29.89979254404704,inHg,2026-10-08T23:00:00+00:00,2026-10-09T02:28:42.233975+00:00,2026-10-09T02:28:42.233975+00:00,ARCOS_RANGE_CHECK_PASS,SOURCE_QC_NOT_EXPOSED_IN_PUBLIC_GRAFANA_FRAME,NOT_APPLICABLE,0.5,RECENT_2023_2025_EXO2_GEOMETRY,True,False,0.0,https://www.disl.edu/arcos/
disl_arcos_realtime_public_grafana,met,DISL_ARCOS_BSP,bsp,Battleship Park,30.682697,-88.012211,upper_bay_oxygen_loading_context,precipitation,0.0,in,2026-10-08T23:00:00+00:00,2026-10-09T02:28:42.233975+00:00,2026-10-09T02:28:42.233975+00:00,NOT_RANGE_SCREENED,SOURCE_QC_NOT_EXPOSED_IN_PUBLIC_GRAFANA_FRAME,NOT_APPLICABLE,0.5,RECENT_2023_2025_EXO2_GEOMETRY,True,False,0.0,https://www.disl.edu/arcos/
disl_arcos_realtime_public_grafana,met,DISL_ARCOS_BSP,bsp,Battleship Park,30.682697,-88.012211,upper_bay_oxygen_loading_context,quantum_radiation_umol_m2_s,22.341266504923503,umol/m2/s,2026-10-08T23:00:00+00:00,2026-10-09T02:28:42.233975+00:00,2026-10-09T02:28:42.233975+00:00,ARCOS_RANGE_CHECK_PASS,SOURCE_QC_NOT_EXPOSED_IN_PUBLIC_GRAFANA_FRAME,NOT_APPLICABLE,0.5,RECENT_2023_2025_EXO2_GEOMETRY,True,False,0.0,https://www.disl.edu/arcos/
disl_arcos_realtime_public_grafana,met,DISL_ARCOS_BSP,bsp,Battleship Park,30.682697,-88.012211,upper_bay_oxygen_loading_context,relative_humidity_percent,85.38666687011718,%,2026-10-08T23:00:00+00:00,2026-10-09T02:28:42.233975+00:00,2026-10-09T02:28:42.233975+00:00,ARCOS_RANGE_CHECK_PASS,SOURCE_QC_NOT_EXPOSED_IN_PUBLIC_GRAFANA_FRAME,NOT_APPLICABLE,0.5,RECENT_2023_2025_EXO2_GEOMETRY,True,False,0.0,https://www.disl.edu/arcos/
disl_arcos_realtime_public_grafana,met,DISL_ARCOS_BSP,bsp,Battleship Park,30.682697,-88.012211,upper_bay_oxygen_loading_context,solar_radiation_kw_m2,0.009533333328242103,kW/m2,2026-10-08T23:00:00+00:00,2026-10-09T02:28:42.233975+00:00,2026-10-09T02:28:42.233975+00:00,ARCOS_RANGE_CHECK_PASS,SOURCE_QC_NOT_EXPOSED_IN_PUBLIC_GRAFANA_FRAME,NOT_APPLICABLE,0.5,RECENT_2023_2025_EXO2_GEOMETRY,True,False,0.0,https://www.disl.edu/arcos/
disl_arcos_realtime_public_grafana,met,DISL_ARCOS_BSP,bsp,Battleship Park,30.682697,-88.012211,upper_bay_oxygen_loading_context,wind_direction_deg,36.17701800921264,degree,2026-10-08T23:00:00+00:00,2026-10-09T02:28:42.233975+00:00,2026-10-09T02:28:42.233975+00:00,ARCOS_RANGE_CHECK_PASS,SOURCE_QC_NOT_EXPOSED_IN_PUBLIC_GRAFANA_FRAME,NOT_APPLICABLE,0.5,RECENT_2023_2025_EXO2_GEOMETRY,True,False,0.0,https://www.disl.edu/arcos/
disl_arcos_realtime_public_grafana,met,DISL_ARCOS_BSP,bsp,Battleship Park,30.682697,-88.012211,upper_bay_oxygen_loading_context,wind_speed,16.3506667137146,kn,2026-10-08T23:00:00+00:00,2026-10-09T02:28:42.233975+00:00,2026-10-09T02:28:42.233975+00:00,NOT_RANGE_SCREENED,SOURCE_QC_NOT_EXPOSED_IN_PUBLIC_GRAFANA_FRAME,NOT_APPLICABLE,0.5,RECENT_2023_2025_EXO2_GEOMETRY,True,False,0.0,https://www.disl.edu/arcos/
disl_arcos_realtime_public_grafana,hydro,DISL_ARCOS_CP,cp,Cedar Point,30.30845,-88.139533,lower_bay_west_boundary_oxygen_context,depth_field_m,1.8730000257492065,m,2026-10-08T23:00:00+00:00,2026-10-09T02:28:39.420240+00:00,2026-10-09T02:28:39.420240+00:00,SOURCE_QC_NOT_EXPOSED,SOURCE_QC_NOT_EXPOSED_IN_PUBLIC_GRAFANA_FRAME,UNKNOWN_GEOMETRY_DO_NOT_USE_FOR_BOTTOM_CLASSIFICATION,,NOT_FOUND_IN_CURRENT_RESEARCH_PASS,True,False,0.0,https://www.disl.edu/arcos/
disl_arcos_realtime_public_grafana,hydro,DISL_ARCOS_CP,cp,Cedar Point,30.30845,-88.139533,lower_bay_west_boundary_oxygen_context,dissolved_oxygen_mg_l,7.0,mg/L,2026-10-08T23:00:00+00:00,2026-10-09T02:28:39.420240+00:00,2026-10-09T02:28:39.420240+00:00,ARCOS_RANGE_CHECK_PASS,SOURCE_QC_NOT_EXPOSED_IN_PUBLIC_GRAFANA_FRAME,UNKNOWN_GEOMETRY_DO_NOT_USE_FOR_BOTTOM_CLASSIFICATION,,NOT_FOUND_IN_CURRENT_RESEARCH_PASS,True,False,0.0,https://www.disl.edu/arcos/
disl_arcos_realtime_public_grafana,hydro,DISL_ARCOS_CP,cp,Cedar Point,30.30845,-88.139533,lower_bay_west_boundary_oxygen_context,dissolved_oxygen_percent,96.0,%,2026-10-08T23:00:00+00:00,2026-10-09T02:28:39.420240+00:00,2026-10-09T02:28:39.420240+00:00,ARCOS_RANGE_CHECK_PASS,SOURCE_QC_NOT_EXPOSED_IN_PUBLIC_GRAFANA_FRAME,UNKNOWN_GEOMETRY_DO_NOT_USE_FOR_BOTTOM_CLASSIFICATION,,NOT_FOUND_IN_CURRENT_RESEARCH_PASS,True,False,0.0,https://www.disl.edu/arcos/
disl_arcos_realtime_public_grafana,hydro,DISL_ARCOS_CP,cp,Cedar Point,30.30845,-88.139533,lower_bay_west_boundary_oxygen_context,pressure_psi,2.690000057220459,psi,2026-10-08T23:00:00+00:00,2026-10-09T02:28:39.420240+00:00,2026-10-09T02:28:39.420240+00:00,NOT_RANGE_SCREENED,SOURCE_QC_NOT_EXPOSED_IN_PUBLIC_GRAFANA_FRAME,UNKNOWN_GEOMETRY_DO_NOT_USE_FOR_BOTTOM_CLASSIFICATION,,NOT_FOUND_IN_CURRENT_RESEARCH_PASS,True,False,0.0,https://www.disl.edu/arcos/
disl_arcos_realtime_public_grafana,hydro,DISL_ARCOS_CP,cp,Cedar Point,30.30845,-88.139533,lower_bay_west_boundary_oxygen_context,salinity_psu,19.889999389648438,PSU,2026-10-08T23:00:00+00:00,2026-10-09T02:28:39.420240+00:00,2026-10-09T02:28:39.420240+00:00,ARCOS_RANGE_CHECK_PASS,SOURCE_QC_NOT_EXPOSED_IN_PUBLIC_GRAFANA_FRAME,UNKNOWN_GEOMETRY_DO_NOT_USE_FOR_BOTTOM_CLASSIFICATION,,NOT_FOUND_IN_CURRENT_RESEARCH_PASS,True,False,0.0,https://www.disl.edu/arcos/
disl_arcos_realtime_public_grafana,hydro,DISL_ARCOS_CP,cp,Cedar Point,30.30845,-88.139533,lower_bay_west_boundary_oxygen_context,turbidity_fnu,187.3000030517578,FNU,2026-10-08T23:00:00+00:00,2026-10-09T02:28:39.420240+00:00,2026-10-09T02:28:39.420240+00:00,ARCOS_RANGE_CHECK_PASS,SOURCE_QC_NOT_EXPOSED_IN_PUBLIC_GRAFANA_FRAME,UNKNOWN_GEOMETRY_DO_NOT_USE_FOR_BOTTOM_CLASSIFICATION,,NOT_FOUND_IN_CURRENT_RESEARCH_PASS,True,False,0.0,https://www.disl.edu/arcos/
disl_arcos_realtime_public_grafana,hydro,DISL_ARCOS_CP,cp,Cedar Point,30.30845,-88.139533,lower_bay_west_boundary_oxygen_context,water_temperature_c,25.709999084472656,degC,2026-10-08T23:00:00+00:00,2026-10-09T02:28:39.420240+00:00,2026-10-09T02:28:39.420240+00:00,ARCOS_RANGE_CHECK_PASS,SOURCE_QC_NOT_EXPOSED_IN_PUBLIC_GRAFANA_FRAME,UNKNOWN_GEOMETRY_DO_NOT_USE_FOR_BOTTOM_CLASSIFICATION,,NOT_FOUND_IN_CURRENT_RESEARCH_PASS,True,False,0.0,https://www.disl.edu/arcos/
disl_arcos_realtime_public_grafana,met,DISL_ARCOS_CP,cp,Cedar Point,30.30845,-88.139533,lower_bay_west_boundary_oxygen_context,air_temperature_c,26.01799964904785,degC,2026-10-08T23:00:00+00:00,2026-10-09T02:28:39.708368+00:00,2026-10-09T02:28:39.708368+00:00,ARCOS_RANGE_CHECK_PASS,SOURCE_QC_NOT_EXPOSED_IN_PUBLIC_GRAFANA_FRAME,NOT_APPLICABLE,,NOT_FOUND_IN_CURRENT_RESEARCH_PASS,True,False,0.0,https://www.disl.edu/arcos/
disl_arcos_realtime_public_grafana,met,DISL_ARCOS_CP,cp,Cedar Point,30.30845,-88.139533,lower_bay_west_boundary_oxygen_context,barometric_pressure_inhg,29.86798801422119,inHg,2026-10-08T23:00:00+00:00,2026-10-09T02:28:39.708368+00:00,2026-10-09T02:28:39.708368+00:00,ARCOS_RANGE_CHECK_PASS,SOURCE_QC_NOT_EXPOSED_IN_PUBLIC_GRAFANA_FRAME,NOT_APPLICABLE,,NOT_FOUND_IN_CURRENT_RESEARCH_PASS,True,False,0.0,https://www.disl.edu/arcos/
disl_arcos_realtime_public_grafana,met,DISL_ARCOS_CP,cp,Cedar Point,30.30845,-88.139533,lower_bay_west_boundary_oxygen_context,precipitation,0.0,mm,2026-10-08T23:00:00+00:00,2026-10-09T02:28:39.708368+00:00,2026-10-09T02:28:39.708368+00:00,NOT_RANGE_SCREENED,SOURCE_QC_NOT_EXPOSED_IN_PUBLIC_GRAFANA_FRAME,NOT_APPLICABLE,,NOT_FOUND_IN_CURRENT_RESEARCH_PASS,True,False,0.0,https://www.disl.edu/arcos/
disl_arcos_realtime_public_grafana,met,DISL_ARCOS_CP,cp,Cedar Point,30.30845,-88.139533,lower_bay_west_boundary_oxygen_context,quantum_radiation_umol_m2_s,16.156866629918415,umol/m2/s,2026-10-08T23:00:00+00:00,2026-10-09T02:28:39.708368+00:00,2026-10-09T02:28:39.708368+00:00,ARCOS_RANGE_CHECK_PASS,SOURCE_QC_NOT_EXPOSED_IN_PUBLIC_GRAFANA_FRAME,NOT_APPLICABLE,,NOT_FOUND_IN_CURRENT_RESEARCH_PASS,True,False,0.0,https://www.disl.edu/arcos/
disl_arcos_realtime_public_grafana,met,DISL_ARCOS_CP,cp,Cedar Point,30.30845,-88.139533,lower_bay_west_boundary_oxygen_context,relative_humidity_percent,71.98266677856445,%,2026-10-08T23:00:00+00:00,2026-10-09T02:28:39.708368+00:00,2026-10-09T02:28:39.708368+00:00,ARCOS_RANGE_CHECK_PASS,SOURCE_QC_NOT_EXPOSED_IN_PUBLIC_GRAFANA_FRAME,NOT_APPLICABLE,,NOT_FOUND_IN_CURRENT_RESEARCH_PASS,True,False,0.0,https://www.disl.edu/arcos/
disl_arcos_realtime_public_grafana,met,DISL_ARCOS_CP,cp,Cedar Point,30.30845,-88.139533,lower_bay_west_boundary_oxygen_context,solar_radiation_kw_m2,0.00713333336946865,kW/m2,2026-10-08T23:00:00+00:00,2026-10-09T02:28:39.708368+00:00,2026-10-09T02:28:39.708368+00:00,ARCOS_RANGE_CHECK_PASS,SOURCE_QC_NOT_EXPOSED_IN_PUBLIC_GRAFANA_FRAME,NOT_APPLICABLE,,NOT_FOUND_IN_CURRENT_RESEARCH_PASS,True,False,0.0,https://www.disl.edu/arcos/
disl_arcos_realtime_public_grafana,met,DISL_ARCOS_CP,cp,Cedar Point,30.30845,-88.139533,lower_bay_west_boundary_oxygen_context,wind_direction_deg,33.42732092917536,degree,2026-10-08T23:00:00+00:00,2026-10-09T02:28:39.708368+00:00,2026-10-09T02:28:39.708368+00:00,ARCOS_RANGE_CHECK_PASS,SOURCE_QC_NOT_EXPOSED_IN_PUBLIC_GRAFANA_FRAME,NOT_APPLICABLE,,NOT_FOUND_IN_CURRENT_RESEARCH_PASS,True,False,0.0,https://www.disl.edu/arcos/
disl_arcos_realtime_public_grafana,met,DISL_ARCOS_CP,cp,Cedar Point,30.30845,-88.139533,lower_bay_west_boundary_oxygen_context,wind_speed,16.38566665649414,kn,2026-10-08T23:00:00+00:00,2026-10-09T02:28:39.708368+00:00,2026-10-09T02:28:39.708368+00:00,NOT_RANGE_SCREENED,SOURCE_QC_NOT_EXPOSED_IN_PUBLIC_GRAFANA_FRAME,NOT_APPLICABLE,,NOT_FOUND_IN_CURRENT_RESEARCH_PASS,True,False,0.0,https://www.disl.edu/arcos/
disl_arcos_realtime_public_grafana,met,DISL_ARCOS_GSP,gsp,Gulf State Park Pier,,,coastal_context_if_hydro_available,air_temperature_c,26.22666664123535,degC,2026-10-08T23:00:00+00:00,2026-10-09T02:28:42.645009+00:00,2026-10-09T02:28:42.645009+00:00,ARCOS_RANGE_CHECK_PASS,SOURCE_QC_NOT_EXPOSED_IN_PUBLIC_GRAFANA_FRAME,NOT_APPLICABLE,,NOT_FOUND_IN_CURRENT_RESEARCH_PASS,True,False,0.0,https://www.disl.edu/arcos/
disl_arcos_realtime_public_grafana,met,DISL_ARCOS_GSP,gsp,Gulf State Park Pier,,,coastal_context_if_hydro_available,barometric_pressure_inhg,29.861230214436848,inHg,2026-10-08T23:00:00+00:00,2026-10-09T02:28:42.645009+00:00,2026-10-09T02:28:42.645009+00:00,ARCOS_RANGE_CHECK_PASS,SOURCE_QC_NOT_EXPOSED_IN_PUBLIC_GRAFANA_FRAME,NOT_APPLICABLE,,NOT_FOUND_IN_CURRENT_RESEARCH_PASS,True,False,0.0,https://www.disl.edu/arcos/
disl_arcos_realtime_public_grafana,met,DISL_ARCOS_GSP,gsp,Gulf State Park Pier,,,coastal_context_if_hydro_available,precipitation,0.0,mm,2026-10-08T23:00:00+00:00,2026-10-09T02:28:42.645009+00:00,2026-10-09T02:28:42.645009+00:00,NOT_RANGE_SCREENED,SOURCE_QC_NOT_EXPOSED_IN_PUBLIC_GRAFANA_FRAME,NOT_APPLICABLE,,NOT_FOUND_IN_CURRENT_RESEARCH_PASS,True,False,0.0,https://www.disl.edu/arcos/
disl_arcos_realtime_public_grafana,met,DISL_ARCOS_GSP,gsp,Gulf State Park Pier,,,coastal_context_if_hydro_available,quantum_radiation_umol_m2_s,14.815700006484985,umol/m2/s,2026-10-08T23:00:00+00:00,2026-10-09T02:28:42.645009+00:00,2026-10-09T02:28:42.645009+00:00,ARCOS_RANGE_CHECK_PASS,SOURCE_QC_NOT_EXPOSED_IN_PUBLIC_GRAFANA_FRAME,NOT_APPLICABLE,,NOT_FOUND_IN_CURRENT_RESEARCH_PASS,True,False,0.0,https://www.disl.edu/arcos/
disl_arcos_realtime_public_grafana,met,DISL_ARCOS_GSP,gsp,Gulf State Park Pier,,,coastal_context_if_hydro_available,relative_humidity_percent,85.44333394368489,%,2026-10-08T23:00:00+00:00,2026-10-09T02:28:42.645009+00:00,2026-10-09T02:28:42.645009+00:00,ARCOS_RANGE_CHECK_PASS,SOURCE_QC_NOT_EXPOSED_IN_PUBLIC_GRAFANA_FRAME,NOT_APPLICABLE,,NOT_FOUND_IN_CURRENT_RESEARCH_PASS,True,False,0.0,https://www.disl.edu/arcos/
disl_arcos_realtime_public_grafana,met,DISL_ARCOS_GSP,gsp,Gulf State Park Pier,,,coastal_context_if_hydro_available,solar_radiation_kw_m2,0.006266666774172336,kW/m2,2026-10-08T23:00:00+00:00,2026-10-09T02:28:42.645009+00:00,2026-10-09T02:28:42.645009+00:00,ARCOS_RANGE_CHECK_PASS,SOURCE_QC_NOT_EXPOSED_IN_PUBLIC_GRAFANA_FRAME,NOT_APPLICABLE,,NOT_FOUND_IN_CURRENT_RESEARCH_PASS,True,False,0.0,https://www.disl.edu/arcos/
disl_arcos_realtime_public_grafana,met,DISL_ARCOS_GSP,gsp,Gulf State Park Pier,,,coastal_context_if_hydro_available,wind_direction_deg,84.4270741299079,degree,2026-10-08T23:00:00+00:00,2026-10-09T02:28:42.645009+00:00,2026-10-09T02:28:42.645009+00:00,ARCOS_RANGE_CHECK_PASS,SOURCE_QC_NOT_EXPOSED_IN_PUBLIC_GRAFANA_FRAME,NOT_APPLICABLE,,NOT_FOUND_IN_CURRENT_RESEARCH_PASS,True,False,0.0,https://www.disl.edu/arcos/
disl_arcos_realtime_public_grafana,met,DISL_ARCOS_GSP,gsp,Gulf State Park Pier,,,coastal_context_if_hydro_available,wind_speed,7.836700010299682,kn,2026-10-08T23:00:00+00:00,2026-10-09T02:28:42.645009+00:00,2026-10-09T02:28:42.645009+00:00,NOT_RANGE_SCREENED,SOURCE_QC_NOT_EXPOSED_IN_PUBLIC_GRAFANA_FRAME,NOT_APPLICABLE,,NOT_FOUND_IN_CURRENT_RESEARCH_PASS,True,False,0.0,https://www.disl.edu/arcos/
disl_arcos_realtime_public_grafana,hydro,DISL_ARCOS_KC,kc,Katrina Cut,30.2583,-88.2131,western_bay_mouth_oxygen_context,depth_field_m,4.0269999504089355,m,2026-10-08T23:00:00+00:00,2026-10-09T02:28:40.542948+00:00,2026-10-09T02:28:40.542948+00:00,SOURCE_QC_NOT_EXPOSED,SOURCE_QC_NOT_EXPOSED_IN_PUBLIC_GRAFANA_FRAME,UNKNOWN_GEOMETRY_DO_NOT_USE_FOR_BOTTOM_CLASSIFICATION,0.5,HISTORICAL_ARCOS_OBSERVATION_GEOMETRY,True,False,0.0,https://www.disl.edu/arcos/
disl_arcos_realtime_public_grafana,hydro,DISL_ARCOS_KC,kc,Katrina Cut,30.2583,-88.2131,western_bay_mouth_oxygen_context,dissolved_oxygen_mg_l,7.010000228881836,mg/L,2026-10-08T23:00:00+00:00,2026-10-09T02:28:40.542948+00:00,2026-10-09T02:28:40.542948+00:00,ARCOS_RANGE_CHECK_PASS,SOURCE_QC_NOT_EXPOSED_IN_PUBLIC_GRAFANA_FRAME,UNKNOWN_GEOMETRY_DO_NOT_USE_FOR_BOTTOM_CLASSIFICATION,0.5,HISTORICAL_ARCOS_OBSERVATION_GEOMETRY,True,False,0.0,https://www.disl.edu/arcos/
disl_arcos_realtime_public_grafana,hydro,DISL_ARCOS_KC,kc,Katrina Cut,30.2583,-88.2131,western_bay_mouth_oxygen_context,dissolved_oxygen_percent,100.0,%,2026-10-08T23:00:00+00:00,2026-10-09T02:28:40.542948+00:00,2026-10-09T02:28:40.542948+00:00,ARCOS_RANGE_CHECK_PASS,SOURCE_QC_NOT_EXPOSED_IN_PUBLIC_GRAFANA_FRAME,UNKNOWN_GEOMETRY_DO_NOT_USE_FOR_BOTTOM_CLASSIFICATION,0.5,HISTORICAL_ARCOS_OBSERVATION_GEOMETRY,True,False,0.0,https://www.disl.edu/arcos/
disl_arcos_realtime_public_grafana,hydro,DISL_ARCOS_KC,kc,Katrina Cut,30.2583,-88.2131,western_bay_mouth_oxygen_context,pressure_psi,5.800000190734863,psi,2026-10-08T23:00:00+00:00,2026-10-09T02:28:40.542948+00:00,2026-10-09T02:28:40.542948+00:00,NOT_RANGE_SCREENED,SOURCE_QC_NOT_EXPOSED_IN_PUBLIC_GRAFANA_FRAME,UNKNOWN_GEOMETRY_DO_NOT_USE_FOR_BOTTOM_CLASSIFICATION,0.5,HISTORICAL_ARCOS_OBSERVATION_GEOMETRY,True,False,0.0,https://www.disl.edu/arcos/
disl_arcos_realtime_public_grafana,hydro,DISL_ARCOS_KC,kc,Katrina Cut,30.2583,-88.2131,western_bay_mouth_oxygen_context,salinity_psu,25.610000610351562,PSU,2026-10-08T23:00:00+00:00,2026-10-09T02:28:40.542948+00:00,2026-10-09T02:28:40.542948+00:00,ARCOS_RANGE_CHECK_PASS,SOURCE_QC_NOT_EXPOSED_IN_PUBLIC_GRAFANA_FRAME,UNKNOWN_GEOMETRY_DO_NOT_USE_FOR_BOTTOM_CLASSIFICATION,0.5,HISTORICAL_ARCOS_OBSERVATION_GEOMETRY,True,False,0.0,https://www.disl.edu/arcos/
disl_arcos_realtime_public_grafana,hydro,DISL_ARCOS_KC,kc,Katrina Cut,30.2583,-88.2131,western_bay_mouth_oxygen_context,turbidity_fnu,12.739999771118164,FNU,2026-10-08T23:00:00+00:00,2026-10-09T02:28:40.542948+00:00,2026-10-09T02:28:40.542948+00:00,ARCOS_RANGE_CHECK_PASS,SOURCE_QC_NOT_EXPOSED_IN_PUBLIC_GRAFANA_FRAME,UNKNOWN_GEOMETRY_DO_NOT_USE_FOR_BOTTOM_CLASSIFICATION,0.5,HISTORICAL_ARCOS_OBSERVATION_GEOMETRY,True,False,0.0,https://www.disl.edu/arcos/
disl_arcos_realtime_public_grafana,hydro,DISL_ARCOS_KC,kc,Katrina Cut,30.2583,-88.2131,western_bay_mouth_oxygen_context,water_temperature_c,26.110000610351562,degC,2026-10-08T23:00:00+00:00,2026-10-09T02:28:40.542948+00:00,2026-10-09T02:28:40.542948+00:00,ARCOS_RANGE_CHECK_PASS,SOURCE_QC_NOT_EXPOSED_IN_PUBLIC_GRAFANA_FRAME,UNKNOWN_GEOMETRY_DO_NOT_USE_FOR_BOTTOM_CLASSIFICATION,0.5,HISTORICAL_ARCOS_OBSERVATION_GEOMETRY,True,False,0.0,https://www.disl.edu/arcos/
disl_arcos_realtime_public_grafana,met,DISL_ARCOS_KC,kc,Katrina Cut,30.2583,-88.2131,western_bay_mouth_oxygen_context,air_temperature_c,26.982000096639,degC,2026-10-08T23:00:00+00:00,2026-10-09T02:28:40.744126+00:00,2026-10-09T02:28:40.744126+00:00,ARCOS_RANGE_CHECK_PASS,SOURCE_QC_NOT_EXPOSED_IN_PUBLIC_GRAFANA_FRAME,NOT_APPLICABLE,0.5,HISTORICAL_ARCOS_OBSERVATION_GEOMETRY,True,False,0.0,https://www.disl.edu/arcos/
disl_arcos_realtime_public_grafana,met,DISL_ARCOS_KC,kc,Katrina Cut,30.2583,-88.2131,western_bay_mouth_oxygen_context,barometric_pressure_inhg,29.881559562683105,inHg,2026-10-08T23:00:00+00:00,2026-10-09T02:28:40.744126+00:00,2026-10-09T02:28:40.744126+00:00,ARCOS_RANGE_CHECK_PASS,SOURCE_QC_NOT_EXPOSED_IN_PUBLIC_GRAFANA_FRAME,NOT_APPLICABLE,0.5,HISTORICAL_ARCOS_OBSERVATION_GEOMETRY,True,False,0.0,https://www.disl.edu/arcos/
disl_arcos_realtime_public_grafana,met,DISL_ARCOS_KC,kc,Katrina Cut,30.2583,-88.2131,western_bay_mouth_oxygen_context,precipitation,0.0,mm,2026-10-08T23:00:00+00:00,2026-10-09T02:28:40.744126+00:00,2026-10-09T02:28:40.744126+00:00,NOT_RANGE_SCREENED,SOURCE_QC_NOT_EXPOSED_IN_PUBLIC_GRAFANA_FRAME,NOT_APPLICABLE,0.5,HISTORICAL_ARCOS_OBSERVATION_GEOMETRY,True,False,0.0,https://www.disl.edu/arcos/
disl_arcos_realtime_public_grafana,met,DISL_ARCOS_KC,kc,Katrina Cut,30.2583,-88.2131,western_bay_mouth_oxygen_context,quantum_radiation_umol_m2_s,108.78333409627278,umol/m2/s,2026-10-08T23:00:00+00:00,2026-10-09T02:28:40.744126+00:00,2026-10-09T02:28:40.744126+00:00,ARCOS_RANGE_CHECK_PASS,SOURCE_QC_NOT_EXPOSED_IN_PUBLIC_GRAFANA_FRAME,NOT_APPLICABLE,0.5,HISTORICAL_ARCOS_OBSERVATION_GEOMETRY,True,False,0.0,https://www.disl.edu/arcos/
disl_arcos_realtime_public_grafana,met,DISL_ARCOS_KC,kc,Katrina Cut,30.2583,-88.2131,western_bay_mouth_oxygen_context,relative_humidity_percent,86.74666697184244,%,2026-10-08T23:00:00+00:00,2026-10-09T02:28:40.744126+00:00,2026-10-09T02:28:40.744126+00:00,ARCOS_RANGE_CHECK_PASS,SOURCE_QC_NOT_EXPOSED_IN_PUBLIC_GRAFANA_FRAME,NOT_APPLICABLE,0.5,HISTORICAL_ARCOS_OBSERVATION_GEOMETRY,True,False,0.0,https://www.disl.edu/arcos/
disl_arcos_realtime_public_grafana,met,DISL_ARCOS_KC,kc,Katrina Cut,30.2583,-88.2131,western_bay_mouth_oxygen_context,solar_radiation_kw_m2,0.047966666892170905,kW/m2,2026-10-08T23:00:00+00:00,2026-10-09T02:28:40.744126+00:00,2026-10-09T02:28:40.744126+00:00,ARCOS_RANGE_CHECK_PASS,SOURCE_QC_NOT_EXPOSED_IN_PUBLIC_GRAFANA_FRAME,NOT_APPLICABLE,0.5,HISTORICAL_ARCOS_OBSERVATION_GEOMETRY,True,False,0.0,https://www.disl.edu/arcos/
disl_arcos_realtime_public_grafana,met,DISL_ARCOS_KC,kc,Katrina Cut,30.2583,-88.2131,western_bay_mouth_oxygen_context,wind_direction_deg,55.674870309690235,degree,2026-10-08T23:00:00+00:00,2026-10-09T02:28:40.744126+00:00,2026-10-09T02:28:40.744126+00:00,ARCOS_RANGE_CHECK_PASS,SOURCE_QC_NOT_EXPOSED_IN_PUBLIC_GRAFANA_FRAME,NOT_APPLICABLE,0.5,HISTORICAL_ARCOS_OBSERVATION_GEOMETRY,True,False,0.0,https://www.disl.edu/arcos/
disl_arcos_realtime_public_grafana,met,DISL_ARCOS_KC,kc,Katrina Cut,30.2583,-88.2131,western_bay_mouth_oxygen_context,wind_speed,32.30233357747396,kn,2026-10-08T23:00:00+00:00,2026-10-09T02:28:40.744126+00:00,2026-10-09T02:28:40.744126+00:00,NOT_RANGE_SCREENED,SOURCE_QC_NOT_EXPOSED_IN_PUBLIC_GRAFANA_FRAME,NOT_APPLICABLE,0.5,HISTORICAL_ARCOS_OBSERVATION_GEOMETRY,True,False,0.0,https://www.disl.edu/arcos/
disl_arcos_realtime_public_grafana,hydro,DISL_ARCOS_MP,mp,Meaher Park,30.667152,-87.936459,upper_bay_oxygen_loading_proxy,depth_field_m,0.0,m,2026-10-08T23:00:00+00:00,2026-10-09T02:28:38.811269+00:00,2026-10-09T02:28:38.811269+00:00,SOURCE_QC_NOT_EXPOSED,SOURCE_QC_NOT_EXPOSED_IN_PUBLIC_GRAFANA_FRAME,UNKNOWN_GEOMETRY_DO_NOT_USE_FOR_BOTTOM_CLASSIFICATION,0.5,RECENT_2023_2025_EXO2_GEOMETRY,True,False,0.0,https://www.disl.edu/arcos/
disl_arcos_realtime_public_grafana,hydro,DISL_ARCOS_MP,mp,Meaher Park,30.667152,-87.936459,upper_bay_oxygen_loading_proxy,dissolved_oxygen_mg_l,0.7599999904632568,mg/L,2026-10-08T23:00:00+00:00,2026-10-09T02:28:38.811269+00:00,2026-10-09T02:28:38.811269+00:00,ARCOS_RANGE_CHECK_PASS,SOURCE_QC_NOT_EXPOSED_IN_PUBLIC_GRAFANA_FRAME,UNKNOWN_GEOMETRY_DO_NOT_USE_FOR_BOTTOM_CLASSIFICATION,0.5,RECENT_2023_2025_EXO2_GEOMETRY,True,False,0.0,https://www.disl.edu/arcos/
disl_arcos_realtime_public_grafana,hydro,DISL_ARCOS_MP,mp,Meaher Park,30.667152,-87.936459,upper_bay_oxygen_loading_proxy,dissolved_oxygen_percent,10.279999732971191,%,2026-10-08T23:00:00+00:00,2026-10-09T02:28:38.811269+00:00,2026-10-09T02:28:38.811269+00:00,ARCOS_RANGE_CHECK_PASS,SOURCE_QC_NOT_EXPOSED_IN_PUBLIC_GRAFANA_FRAME,UNKNOWN_GEOMETRY_DO_NOT_USE_FOR_BOTTOM_CLASSIFICATION,0.5,RECENT_2023_2025_EXO2_GEOMETRY,True,False,0.0,https://www.disl.edu/arcos/
disl_arcos_realtime_public_grafana,hydro,DISL_ARCOS_MP,mp,Meaher Park,30.667152,-87.936459,upper_bay_oxygen_loading_proxy,pressure_psi,0.0,psi,2026-10-08T23:00:00+00:00,2026-10-09T02:28:38.811269+00:00,2026-10-09T02:28:38.811269+00:00,NOT_RANGE_SCREENED,SOURCE_QC_NOT_EXPOSED_IN_PUBLIC_GRAFANA_FRAME,UNKNOWN_GEOMETRY_DO_NOT_USE_FOR_BOTTOM_CLASSIFICATION,0.5,RECENT_2023_2025_EXO2_GEOMETRY,True,False,0.0,https://www.disl.edu/arcos/
disl_arcos_realtime_public_grafana,hydro,DISL_ARCOS_MP,mp,Meaher Park,30.667152,-87.936459,upper_bay_oxygen_loading_proxy,salinity_psu,11.010000228881836,PSU,2026-10-08T23:00:00+00:00,2026-10-09T02:28:38.811269+00:00,2026-10-09T02:28:38.811269+00:00,ARCOS_RANGE_CHECK_PASS,SOURCE_QC_NOT_EXPOSED_IN_PUBLIC_GRAFANA_FRAME,UNKNOWN_GEOMETRY_DO_NOT_USE_FOR_BOTTOM_CLASSIFICATION,0.5,RECENT_2023_2025_EXO2_GEOMETRY,True,False,0.0,https://www.disl.edu/arcos/
disl_arcos_realtime_public_grafana,hydro,DISL_ARCOS_MP,mp,Meaher Park,30.667152,-87.936459,upper_bay_oxygen_loading_proxy,turbidity_fnu,4.170000076293945,FNU,2026-10-08T23:00:00+00:00,2026-10-09T02:28:38.811269+00:00,2026-10-09T02:28:38.811269+00:00,ARCOS_RANGE_CHECK_PASS,SOURCE_QC_NOT_EXPOSED_IN_PUBLIC_GRAFANA_FRAME,UNKNOWN_GEOMETRY_DO_NOT_USE_FOR_BOTTOM_CLASSIFICATION,0.5,RECENT_2023_2025_EXO2_GEOMETRY,True,False,0.0,https://www.disl.edu/arcos/
disl_arcos_realtime_public_grafana,hydro,DISL_ARCOS_MP,mp,Meaher Park,30.667152,-87.936459,upper_bay_oxygen_loading_proxy,water_temperature_c,27.3799991607666,degC,2026-10-08T23:00:00+00:00,2026-10-09T02:28:38.811269+00:00,2026-10-09T02:28:38.811269+00:00,ARCOS_RANGE_CHECK_PASS,SOURCE_QC_NOT_EXPOSED_IN_PUBLIC_GRAFANA_FRAME,UNKNOWN_GEOMETRY_DO_NOT_USE_FOR_BOTTOM_CLASSIFICATION,0.5,RECENT_2023_2025_EXO2_GEOMETRY,True,False,0.0,https://www.disl.edu/arcos/
disl_arcos_realtime_public_grafana,met,DISL_ARCOS_MP,mp,Meaher Park,30.667152,-87.936459,upper_bay_oxygen_loading_proxy,air_temperature_c,24.7616668065389,degC,2026-10-08T23:00:00+00:00,2026-10-09T02:28:39.047209+00:00,2026-10-09T02:28:39.047209+00:00,ARCOS_RANGE_CHECK_PASS,SOURCE_QC_NOT_EXPOSED_IN_PUBLIC_GRAFANA_FRAME,NOT_APPLICABLE,0.5,RECENT_2023_2025_EXO2_GEOMETRY,True,False,0.0,https://www.disl.edu/arcos/
disl_arcos_realtime_public_grafana,met,DISL_ARCOS_MP,mp,Meaher Park,30.667152,-87.936459,upper_bay_oxygen_loading_proxy,barometric_pressure_inhg,29.981401888529458,inHg,2026-10-08T23:00:00+00:00,2026-10-09T02:28:39.047209+00:00,2026-10-09T02:28:39.047209+00:00,ARCOS_RANGE_CHECK_PASS,SOURCE_QC_NOT_EXPOSED_IN_PUBLIC_GRAFANA_FRAME,NOT_APPLICABLE,0.5,RECENT_2023_2025_EXO2_GEOMETRY,True,False,0.0,https://www.disl.edu/arcos/
disl_arcos_realtime_public_grafana,met,DISL_ARCOS_MP,mp,Meaher Park,30.667152,-87.936459,upper_bay_oxygen_loading_proxy,precipitation,0.0,in,2026-10-08T23:00:00+00:00,2026-10-09T02:28:39.047209+00:00,2026-10-09T02:28:39.047209+00:00,NOT_RANGE_SCREENED,SOURCE_QC_NOT_EXPOSED_IN_PUBLIC_GRAFANA_FRAME,NOT_APPLICABLE,0.5,RECENT_2023_2025_EXO2_GEOMETRY,True,False,0.0,https://www.disl.edu/arcos/
disl_arcos_realtime_public_grafana,met,DISL_ARCOS_MP,mp,Meaher Park,30.667152,-87.936459,upper_bay_oxygen_loading_proxy,quantum_radiation_umol_m2_s,20.30579997698466,umol/m2/s,2026-10-08T23:00:00+00:00,2026-10-09T02:28:39.047209+00:00,2026-10-09T02:28:39.047209+00:00,ARCOS_RANGE_CHECK_PASS,SOURCE_QC_NOT_EXPOSED_IN_PUBLIC_GRAFANA_FRAME,NOT_APPLICABLE,0.5,RECENT_2023_2025_EXO2_GEOMETRY,True,False,0.0,https://www.disl.edu/arcos/
disl_arcos_realtime_public_grafana,met,DISL_ARCOS_MP,mp,Meaher Park,30.667152,-87.936459,upper_bay_oxygen_loading_proxy,relative_humidity_percent,82.9933339436849,%,2026-10-08T23:00:00+00:00,2026-10-09T02:28:39.047209+00:00,2026-10-09T02:28:39.047209+00:00,ARCOS_RANGE_CHECK_PASS,SOURCE_QC_NOT_EXPOSED_IN_PUBLIC_GRAFANA_FRAME,NOT_APPLICABLE,0.5,RECENT_2023_2025_EXO2_GEOMETRY,True,False,0.0,https://www.disl.edu/arcos/
disl_arcos_realtime_public_grafana,met,DISL_ARCOS_MP,mp,Meaher Park,30.667152,-87.936459,upper_bay_oxygen_loading_proxy,solar_radiation_kw_m2,0.009866666638602813,kW/m2,2026-10-08T23:00:00+00:00,2026-10-09T02:28:39.047209+00:00,2026-10-09T02:28:39.047209+00:00,ARCOS_RANGE_CHECK_PASS,SOURCE_QC_NOT_EXPOSED_IN_PUBLIC_GRAFANA_FRAME,NOT_APPLICABLE,0.5,RECENT_2023_2025_EXO2_GEOMETRY,True,False,0.0,https://www.disl.edu/arcos/
disl_arcos_realtime_public_grafana,met,DISL_ARCOS_MP,mp,Meaher Park,30.667152,-87.936459,upper_bay_oxygen_loading_proxy,wind_direction_deg,330.5055375489773,degree,2026-10-08T23:00:00+00:00,2026-10-09T02:28:39.047209+00:00,2026-10-09T02:28:39.047209+00:00,ARCOS_RANGE_CHECK_PASS,SOURCE_QC_NOT_EXPOSED_IN_PUBLIC_GRAFANA_FRAME,NOT_APPLICABLE,0.5,RECENT_2023_2025_EXO2_GEOMETRY,True,False,0.0,https://www.disl.edu/arcos/
disl_arcos_realtime_public_grafana,met,DISL_ARCOS_MP,mp,Meaher Park,30.667152,-87.936459,upper_bay_oxygen_loading_proxy,wind_speed,4.468466663360596,kn,2026-10-08T23:00:00+00:00,2026-10-09T02:28:39.047209+00:00,2026-10-09T02:28:39.047209+00:00,NOT_RANGE_SCREENED,SOURCE_QC_NOT_EXPOSED_IN_PUBLIC_GRAFANA_FRAME,NOT_APPLICABLE,0.5,RECENT_2023_2025_EXO2_GEOMETRY,True,False,0.0,https://www.disl.edu/arcos/
disl_arcos_realtime_public_grafana,hydro,DISL_ARCOS_PP,pp,Perdido Pass,30.2791,-87.5561,eastern_coastal_boundary_oxygen_context,depth_field_m,1.3949999809265137,m,2026-10-08T23:00:00+00:00,2026-10-09T02:28:40.989977+00:00,2026-10-09T02:28:40.989977+00:00,SOURCE_QC_NOT_EXPOSED,SOURCE_QC_NOT_EXPOSED_IN_PUBLIC_GRAFANA_FRAME,UNKNOWN_GEOMETRY_DO_NOT_USE_FOR_BOTTOM_CLASSIFICATION,0.5,HISTORICAL_NEAR_BOTTOM_GEOMETRY,True,False,0.0,https://www.disl.edu/arcos/
disl_arcos_realtime_public_grafana,hydro,DISL_ARCOS_PP,pp,Perdido Pass,30.2791,-87.5561,eastern_coastal_boundary_oxygen_context,dissolved_oxygen_mg_l,6.050000190734863,mg/L,2026-10-08T23:00:00+00:00,2026-10-09T02:28:40.989977+00:00,2026-10-09T02:28:40.989977+00:00,ARCOS_RANGE_CHECK_PASS,SOURCE_QC_NOT_EXPOSED_IN_PUBLIC_GRAFANA_FRAME,UNKNOWN_GEOMETRY_DO_NOT_USE_FOR_BOTTOM_CLASSIFICATION,0.5,HISTORICAL_NEAR_BOTTOM_GEOMETRY,True,False,0.0,https://www.disl.edu/arcos/
disl_arcos_realtime_public_grafana,hydro,DISL_ARCOS_PP,pp,Perdido Pass,30.2791,-87.5561,eastern_coastal_boundary_oxygen_context,dissolved_oxygen_percent,107.5,%,2026-10-08T23:00:00+00:00,2026-10-09T02:28:40.989977+00:00,2026-10-09T02:28:40.989977+00:00,ARCOS_RANGE_CHECK_PASS,SOURCE_QC_NOT_EXPOSED_IN_PUBLIC_GRAFANA_FRAME,UNKNOWN_GEOMETRY_DO_NOT_USE_FOR_BOTTOM_CLASSIFICATION,0.5,HISTORICAL_NEAR_BOTTOM_GEOMETRY,True,False,0.0,https://www.disl.edu/arcos/
disl_arcos_realtime_public_grafana,hydro,DISL_ARCOS_PP,pp,Perdido Pass,30.2791,-87.5561,eastern_coastal_boundary_oxygen_context,pressure_psi,2.009999990463257,psi,2026-10-08T23:00:00+00:00,2026-10-09T02:28:40.989977+00:00,2026-10-09T02:28:40.989977+00:00,NOT_RANGE_SCREENED,SOURCE_QC_NOT_EXPOSED_IN_PUBLIC_GRAFANA_FRAME,UNKNOWN_GEOMETRY_DO_NOT_USE_FOR_BOTTOM_CLASSIFICATION,0.5,HISTORICAL_NEAR_BOTTOM_GEOMETRY,True,False,0.0,https://www.disl.edu/arcos/
disl_arcos_realtime_public_grafana,hydro,DISL_ARCOS_PP,pp,Perdido Pass,30.2791,-87.5561,eastern_coastal_boundary_oxygen_context,salinity_psu,22.850000381469727,PSU,2026-10-08T23:00:00+00:00,2026-10-09T02:28:40.989977+00:00,2026-10-09T02:28:40.989977+00:00,ARCOS_RANGE_CHECK_PASS,SOURCE_QC_NOT_EXPOSED_IN_PUBLIC_GRAFANA_FRAME,UNKNOWN_GEOMETRY_DO_NOT_USE_FOR_BOTTOM_CLASSIFICATION,0.5,HISTORICAL_NEAR_BOTTOM_GEOMETRY,True,False,0.0,https://www.disl.edu/arcos/
disl_arcos_realtime_public_grafana,hydro,DISL_ARCOS_PP,pp,Perdido Pass,30.2791,-87.5561,eastern_coastal_boundary_oxygen_context,turbidity_fnu,4.670000076293945,FNU,2026-10-08T23:00:00+00:00,2026-10-09T02:28:40.989977+00:00,2026-10-09T02:28:40.989977+00:00,ARCOS_RANGE_CHECK_PASS,SOURCE_QC_NOT_EXPOSED_IN_PUBLIC_GRAFANA_FRAME,UNKNOWN_GEOMETRY_DO_NOT_USE_FOR_BOTTOM_CLASSIFICATION,0.5,HISTORICAL_NEAR_BOTTOM_GEOMETRY,True,False,0.0,https://www.disl.edu/arcos/
disl_arcos_realtime_public_grafana,hydro,DISL_ARCOS_PP,pp,Perdido Pass,30.2791,-87.5561,eastern_coastal_boundary_oxygen_context,water_temperature_c,26.600000381469727,degC,2026-10-08T23:00:00+00:00,2026-10-09T02:28:40.989977+00:00,2026-10-09T02:28:40.989977+00:00,ARCOS_RANGE_CHECK_PASS,SOURCE_QC_NOT_EXPOSED_IN_PUBLIC_GRAFANA_FRAME,UNKNOWN_GEOMETRY_DO_NOT_USE_FOR_BOTTOM_CLASSIFICATION,0.5,HISTORICAL_NEAR_BOTTOM_GEOMETRY,True,False,0.0,https://www.disl.edu/arcos/
disl_arcos_realtime_public_grafana,met,DISL_ARCOS_PP,pp,Perdido Pass,30.2791,-87.5561,eastern_coastal_boundary_oxygen_context,air_temperature_c,29.95999984741211,degC,2026-10-08T23:00:00+00:00,2026-10-09T02:28:41.324994+00:00,2026-10-09T02:28:41.324994+00:00,ARCOS_RANGE_CHECK_PASS,SOURCE_QC_NOT_EXPOSED_IN_PUBLIC_GRAFANA_FRAME,NOT_APPLICABLE,0.5,HISTORICAL_NEAR_BOTTOM_GEOMETRY,True,False,0.0,https://www.disl.edu/arcos/
disl_arcos_realtime_public_grafana,met,DISL_ARCOS_PP,pp,Perdido Pass,30.2791,-87.5561,eastern_coastal_boundary_oxygen_context,barometric_pressure_inhg,29.897505633036296,inHg,2026-10-08T23:00:00+00:00,2026-10-09T02:28:41.324994+00:00,2026-10-09T02:28:41.324994+00:00,ARCOS_RANGE_CHECK_PASS,SOURCE_QC_NOT_EXPOSED_IN_PUBLIC_GRAFANA_FRAME,NOT_APPLICABLE,0.5,HISTORICAL_NEAR_BOTTOM_GEOMETRY,True,False,0.0,https://www.disl.edu/arcos/
disl_arcos_realtime_public_grafana,met,DISL_ARCOS_PP,pp,Perdido Pass,30.2791,-87.5561,eastern_coastal_boundary_oxygen_context,precipitation,0.0,mm,2026-10-08T23:00:00+00:00,2026-10-09T02:28:41.324994+00:00,2026-10-09T02:28:41.324994+00:00,NOT_RANGE_SCREENED,SOURCE_QC_NOT_EXPOSED_IN_PUBLIC_GRAFANA_FRAME,NOT_APPLICABLE,0.5,HISTORICAL_NEAR_BOTTOM_GEOMETRY,True,False,0.0,https://www.disl.edu/arcos/
disl_arcos_realtime_public_grafana,met,DISL_ARCOS_PP,pp,Perdido Pass,30.2791,-87.5561,eastern_coastal_boundary_oxygen_context,quantum_radiation_umol_m2_s,15.159699869155883,umol/m2/s,2026-10-08T23:00:00+00:00,2026-10-09T02:28:41.324994+00:00,2026-10-09T02:28:41.324994+00:00,ARCOS_RANGE_CHECK_PASS,SOURCE_QC_NOT_EXPOSED_IN_PUBLIC_GRAFANA_FRAME,NOT_APPLICABLE,0.5,HISTORICAL_NEAR_BOTTOM_GEOMETRY,True,False,0.0,https://www.disl.edu/arcos/
disl_arcos_realtime_public_grafana,met,DISL_ARCOS_PP,pp,Perdido Pass,30.2791,-87.5561,eastern_coastal_boundary_oxygen_context,relative_humidity_percent,75.0630002339681,%,2026-10-08T23:00:00+00:00,2026-10-09T02:28:41.324994+00:00,2026-10-09T02:28:41.324994+00:00,ARCOS_RANGE_CHECK_PASS,SOURCE_QC_NOT_EXPOSED_IN_PUBLIC_GRAFANA_FRAME,NOT_APPLICABLE,0.5,HISTORICAL_NEAR_BOTTOM_GEOMETRY,True,False,0.0,https://www.disl.edu/arcos/
disl_arcos_realtime_public_grafana,met,DISL_ARCOS_PP,pp,Perdido Pass,30.2791,-87.5561,eastern_coastal_boundary_oxygen_context,solar_radiation_kw_m2,0.0042666667024604974,kW/m2,2026-10-08T23:00:00+00:00,2026-10-09T02:28:41.324994+00:00,2026-10-09T02:28:41.324994+00:00,ARCOS_RANGE_CHECK_PASS,SOURCE_QC_NOT_EXPOSED_IN_PUBLIC_GRAFANA_FRAME,NOT_APPLICABLE,0.5,HISTORICAL_NEAR_BOTTOM_GEOMETRY,True,False,0.0,https://www.disl.edu/arcos/
disl_arcos_realtime_public_grafana,met,DISL_ARCOS_PP,pp,Perdido Pass,30.2791,-87.5561,eastern_coastal_boundary_oxygen_context,wind_direction_deg,88.84738260803145,degree,2026-10-08T23:00:00+00:00,2026-10-09T02:28:41.324994+00:00,2026-10-09T02:28:41.324994+00:00,ARCOS_RANGE_CHECK_PASS,SOURCE_QC_NOT_EXPOSED_IN_PUBLIC_GRAFANA_FRAME,NOT_APPLICABLE,0.5,HISTORICAL_NEAR_BOTTOM_GEOMETRY,True,False,0.0,https://www.disl.edu/arcos/
disl_arcos_realtime_public_grafana,met,DISL_ARCOS_PP,pp,Perdido Pass,30.2791,-87.5561,eastern_coastal_boundary_oxygen_context,wind_speed,9.720333353678386,kn,2026-10-08T23:00:00+00:00,2026-10-09T02:28:41.324994+00:00,2026-10-09T02:28:41.324994+00:00,NOT_RANGE_SCREENED,SOURCE_QC_NOT_EXPOSED_IN_PUBLIC_GRAFANA_FRAME,NOT_APPLICABLE,0.5,HISTORICAL_NEAR_BOTTOM_GEOMETRY,True,False,0.0,https://www.disl.edu/arcos/
disl_arcos_realtime_public_grafana,met,DISL_ARCOS_BSP,bsp,Battleship Park,30.682697,-88.012211,upper_bay_oxygen_loading_context,air_temperature_c,25.99866638183594,degC,2026-10-08T23:30:00+00:00,2026-10-09T02:28:42.233975+00:00,2026-10-09T02:28:42.233975+00:00,ARCOS_RANGE_CHECK_PASS,SOURCE_QC_NOT_EXPOSED_IN_PUBLIC_GRAFANA_FRAME,NOT_APPLICABLE,0.5,RECENT_2023_2025_EXO2_GEOMETRY,True,False,0.0,https://www.disl.edu/arcos/
disl_arcos_realtime_public_grafana,met,DISL_ARCOS_BSP,bsp,Battleship Park,30.682697,-88.012211,upper_bay_oxygen_loading_context,barometric_pressure_inhg,29.905339177449545,inHg,2026-10-08T23:30:00+00:00,2026-10-09T02:28:42.233975+00:00,2026-10-09T02:28:42.233975+00:00,ARCOS_RANGE_CHECK_PASS,SOURCE_QC_NOT_EXPOSED_IN_PUBLIC_GRAFANA_FRAME,NOT_APPLICABLE,0.5,RECENT_2023_2025_EXO2_GEOMETRY,True,False,0.0,https://www.disl.edu/arcos/
disl_arcos_realtime_public_grafana,met,DISL_ARCOS_BSP,bsp,Battleship Park,30.682697,-88.012211,upper_bay_oxygen_loading_context,precipitation,0.0,in,2026-10-08T23:30:00+00:00,2026-10-09T02:28:42.233975+00:00,2026-10-09T02:28:42.233975+00:00,NOT_RANGE_SCREENED,SOURCE_QC_NOT_EXPOSED_IN_PUBLIC_GRAFANA_FRAME,NOT_APPLICABLE,0.5,RECENT_2023_2025_EXO2_GEOMETRY,True,False,0.0,https://www.disl.edu/arcos/
disl_arcos_realtime_public_grafana,met,DISL_ARCOS_BSP,bsp,Battleship Park,30.682697,-88.012211,upper_bay_oxygen_loading_context,quantum_radiation_umol_m2_s,1.7558000187079112,umol/m2/s,2026-10-08T23:30:00+00:00,2026-10-09T02:28:42.233975+00:00,2026-10-09T02:28:42.233975+00:00,ARCOS_RANGE_CHECK_PASS,SOURCE_QC_NOT_EXPOSED_IN_PUBLIC_GRAFANA_FRAME,NOT_APPLICABLE,0.5,RECENT_2023_2025_EXO2_GEOMETRY,True,False,0.0,https://www.disl.edu/arcos/
disl_arcos_realtime_public_grafana,met,DISL_ARCOS_BSP,bsp,Battleship Park,30.682697,-88.012211,upper_bay_oxygen_loading_context,relative_humidity_percent,86.4066670735677,%,2026-10-08T23:30:00+00:00,2026-10-09T02:28:42.233975+00:00,2026-10-09T02:28:42.233975+00:00,ARCOS_RANGE_CHECK_PASS,SOURCE_QC_NOT_EXPOSED_IN_PUBLIC_GRAFANA_FRAME,NOT_APPLICABLE,0.5,RECENT_2023_2025_EXO2_GEOMETRY,True,False,0.0,https://www.disl.edu/arcos/
disl_arcos_realtime_public_grafana,met,DISL_ARCOS_BSP,bsp,Battleship Park,30.682697,-88.012211,upper_bay_oxygen_loading_context,solar_radiation_kw_m2,0.0010333333164453506,kW/m2,2026-10-08T23:30:00+00:00,2026-10-09T02:28:42.233975+00:00,2026-10-09T02:28:42.233975+00:00,ARCOS_RANGE_CHECK_PASS,SOURCE_QC_NOT_EXPOSED_IN_PUBLIC_GRAFANA_FRAME,NOT_APPLICABLE,0.5,RECENT_2023_2025_EXO2_GEOMETRY,True,False,0.0,https://www.disl.edu/arcos/
disl_arcos_realtime_public_grafana,met,DISL_ARCOS_BSP,bsp,Battleship Park,30.682697,-88.012211,upper_bay_oxygen_loading_context,wind_direction_deg,36.47976241154479,degree,2026-10-08T23:30:00+00:00,2026-10-09T02:28:42.233975+00:00,2026-10-09T02:28:42.233975+00:00,ARCOS_RANGE_CHECK_PASS,SOURCE_QC_NOT_EXPOSED_IN_PUBLIC_GRAFANA_FRAME,NOT_APPLICABLE,0.5,RECENT_2023_2025_EXO2_GEOMETRY,True,False,0.0,https://www.disl.edu/arcos/
disl_arcos_realtime_public_grafana,met,DISL_ARCOS_BSP,bsp,Battleship Park,30.682697,-88.012211,upper_bay_oxygen_loading_context,wind_speed,15.604999987284343,kn,2026-10-08T23:30:00+00:00,2026-10-09T02:28:42.233975+00:00,2026-10-09T02:28:42.233975+00:00,NOT_RANGE_SCREENED,SOURCE_QC_NOT_EXPOSED_IN_PUBLIC_GRAFANA_FRAME,NOT_APPLICABLE,0.5,RECENT_2023_2025_EXO2_GEOMETRY,True,False,0.0,https://www.disl.edu/arcos/
disl_arcos_realtime_public_grafana,hydro,DISL_ARCOS_CP,cp,Cedar Point,30.30845,-88.139533,lower_bay_west_boundary_oxygen_context,depth_field_m,1.8890000581741333,m,2026-10-08T23:30:00+00:00,2026-10-09T02:28:39.420240+00:00,2026-10-09T02:28:39.420240+00:00,SOURCE_QC_NOT_EXPOSED,SOURCE_QC_NOT_EXPOSED_IN_PUBLIC_GRAFANA_FRAME,UNKNOWN_GEOMETRY_DO_NOT_USE_FOR_BOTTOM_CLASSIFICATION,,NOT_FOUND_IN_CURRENT_RESEARCH_PASS,True,False,0.0,https://www.disl.edu/arcos/
disl_arcos_realtime_public_grafana,hydro,DISL_ARCOS_CP,cp,Cedar Point,30.30845,-88.139533,lower_bay_west_boundary_oxygen_context,dissolved_oxygen_mg_l,6.96999979019165,mg/L,2026-10-08T23:30:00+00:00,2026-10-09T02:28:39.420240+00:00,2026-10-09T02:28:39.420240+00:00,ARCOS_RANGE_CHECK_PASS,SOURCE_QC_NOT_EXPOSED_IN_PUBLIC_GRAFANA_FRAME,UNKNOWN_GEOMETRY_DO_NOT_USE_FOR_BOTTOM_CLASSIFICATION,,NOT_FOUND_IN_CURRENT_RESEARCH_PASS,True,False,0.0,https://www.disl.edu/arcos/
disl_arcos_realtime_public_grafana,hydro,DISL_ARCOS_CP,cp,Cedar Point,30.30845,-88.139533,lower_bay_west_boundary_oxygen_context,dissolved_oxygen_percent,95.69999694824219,%,2026-10-08T23:30:00+00:00,2026-10-09T02:28:39.420240+00:00,2026-10-09T02:28:39.420240+00:00,ARCOS_RANGE_CHECK_PASS,SOURCE_QC_NOT_EXPOSED_IN_PUBLIC_GRAFANA_FRAME,UNKNOWN_GEOMETRY_DO_NOT_USE_FOR_BOTTOM_CLASSIFICATION,,NOT_FOUND_IN_CURRENT_RESEARCH_PASS,True,False,0.0,https://www.disl.edu/arcos/
disl_arcos_realtime_public_grafana,hydro,DISL_ARCOS_CP,cp,Cedar Point,30.30845,-88.139533,lower_bay_west_boundary_oxygen_context,pressure_psi,2.7100000381469727,psi,2026-10-08T23:30:00+00:00,2026-10-09T02:28:39.420240+00:00,2026-10-09T02:28:39.420240+00:00,NOT_RANGE_SCREENED,SOURCE_QC_NOT_EXPOSED_IN_PUBLIC_GRAFANA_FRAME,UNKNOWN_GEOMETRY_DO_NOT_USE_FOR_BOTTOM_CLASSIFICATION,,NOT_FOUND_IN_CURRENT_RESEARCH_PASS,True,False,0.0,https://www.disl.edu/arcos/
disl_arcos_realtime_public_grafana,hydro,DISL_ARCOS_CP,cp,Cedar Point,30.30845,-88.139533,lower_bay_west_boundary_oxygen_context,salinity_psu,20.100000381469727,PSU,2026-10-08T23:30:00+00:00,2026-10-09T02:28:39.420240+00:00,2026-10-09T02:28:39.420240+00:00,ARCOS_RANGE_CHECK_PASS,SOURCE_QC_NOT_EXPOSED_IN_PUBLIC_GRAFANA_FRAME,UNKNOWN_GEOMETRY_DO_NOT_USE_FOR_BOTTOM_CLASSIFICATION,,NOT_FOUND_IN_CURRENT_RESEARCH_PASS,True,False,0.0,https://www.disl.edu/arcos/
disl_arcos_realtime_public_grafana,hydro,DISL_ARCOS_CP,cp,Cedar Point,30.30845,-88.139533,lower_bay_west_boundary_oxygen_context,turbidity_fnu,190.10000610351562,FNU,2026-10-08T23:30:00+00:00,2026-10-09T02:28:39.420240+00:00,2026-10-09T02:28:39.420240+00:00,ARCOS_RANGE_CHECK_PASS,SOURCE_QC_NOT_EXPOSED_IN_PUBLIC_GRAFANA_FRAME,UNKNOWN_GEOMETRY_DO_NOT_USE_FOR_BOTTOM_CLASSIFICATION,,NOT_FOUND_IN_CURRENT_RESEARCH_PASS,True,False,0.0,https://www.disl.edu/arcos/
disl_arcos_realtime_public_grafana,hydro,DISL_ARCOS_CP,cp,Cedar Point,30.30845,-88.139533,lower_bay_west_boundary_oxygen_context,water_temperature_c,25.690000534057617,degC,2026-10-08T23:30:00+00:00,2026-10-09T02:28:39.420240+00:00,2026-10-09T02:28:39.420240+00:00,ARCOS_RANGE_CHECK_PASS,SOURCE_QC_NOT_EXPOSED_IN_PUBLIC_GRAFANA_FRAME,UNKNOWN_GEOMETRY_DO_NOT_USE_FOR_BOTTOM_CLASSIFICATION,,NOT_FOUND_IN_CURRENT_RESEARCH_PASS,True,False,0.0,https://www.disl.edu/arcos/
disl_arcos_realtime_public_grafana,met,DISL_ARCOS_CP,cp,Cedar Point,30.30845,-88.139533,lower_bay_west_boundary_oxygen_context,air_temperature_c,25.952666409810384,degC,2026-10-08T23:30:00+00:00,2026-10-09T02:28:39.708368+00:00,2026-10-09T02:28:39.708368+00:00,ARCOS_RANGE_CHECK_PASS,SOURCE_QC_NOT_EXPOSED_IN_PUBLIC_GRAFANA_FRAME,NOT_APPLICABLE,,NOT_FOUND_IN_CURRENT_RESEARCH_PASS,True,False,0.0,https://www.disl.edu/arcos/
disl_arcos_realtime_public_grafana,met,DISL_ARCOS_CP,cp,Cedar Point,30.30845,-88.139533,lower_bay_west_boundary_oxygen_context,barometric_pressure_inhg,29.87652276357015,inHg,2026-10-08T23:30:00+00:00,2026-10-09T02:28:39.708368+00:00,2026-10-09T02:28:39.708368+00:00,ARCOS_RANGE_CHECK_PASS,SOURCE_QC_NOT_EXPOSED_IN_PUBLIC_GRAFANA_FRAME,NOT_APPLICABLE,,NOT_FOUND_IN_CURRENT_RESEARCH_PASS,True,False,0.0,https://www.disl.edu/arcos/
disl_arcos_realtime_public_grafana,met,DISL_ARCOS_CP,cp,Cedar Point,30.30845,-88.139533,lower_bay_west_boundary_oxygen_context,precipitation,0.0,mm,2026-10-08T23:30:00+00:00,2026-10-09T02:28:39.708368+00:00,2026-10-09T02:28:39.708368+00:00,NOT_RANGE_SCREENED,SOURCE_QC_NOT_EXPOSED_IN_PUBLIC_GRAFANA_FRAME,NOT_APPLICABLE,,NOT_FOUND_IN_CURRENT_RESEARCH_PASS,True,False,0.0,https://www.disl.edu/arcos/
disl_arcos_realtime_public_grafana,met,DISL_ARCOS_CP,cp,Cedar Point,30.30845,-88.139533,lower_bay_west_boundary_oxygen_context,quantum_radiation_umol_m2_s,1.3970333154002825,umol/m2/s,2026-10-08T23:30:00+00:00,2026-10-09T02:28:39.708368+00:00,2026-10-09T02:28:39.708368+00:00,ARCOS_RANGE_CHECK_PASS,SOURCE_QC_NOT_EXPOSED_IN_PUBLIC_GRAFANA_FRAME,NOT_APPLICABLE,,NOT_FOUND_IN_CURRENT_RESEARCH_PASS,True,False,0.0,https://www.disl.edu/arcos/
disl_arcos_realtime_public_grafana,met,DISL_ARCOS_CP,cp,Cedar Point,30.30845,-88.139533,lower_bay_west_boundary_oxygen_context,relative_humidity_percent,72.20066731770834,%,2026-10-08T23:30:00+00:00,2026-10-09T02:28:39.708368+00:00,2026-10-09T02:28:39.708368+00:00,ARCOS_RANGE_CHECK_PASS,SOURCE_QC_NOT_EXPOSED_IN_PUBLIC_GRAFANA_FRAME,NOT_APPLICABLE,,NOT_FOUND_IN_CURRENT_RESEARCH_PASS,True,False,0.0,https://www.disl.edu/arcos/
disl_arcos_realtime_public_grafana,met,DISL_ARCOS_CP,cp,Cedar Point,30.30845,-88.139533,lower_bay_west_boundary_oxygen_context,solar_radiation_kw_m2,0.0005666666508962711,kW/m2,2026-10-08T23:30:00+00:00,2026-10-09T02:28:39.708368+00:00,2026-10-09T02:28:39.708368+00:00,ARCOS_RANGE_CHECK_PASS,SOURCE_QC_NOT_EXPOSED_IN_PUBLIC_GRAFANA_FRAME,NOT_APPLICABLE,,NOT_FOUND_IN_CURRENT_RESEARCH_PASS,True,False,0.0,https://www.disl.edu/arcos/
disl_arcos_realtime_public_grafana,met,DISL_ARCOS_CP,cp,Cedar Point,30.30845,-88.139533,lower_bay_west_boundary_oxygen_context,wind_direction_deg,35.41710110674375,degree,2026-10-08T23:30:00+00:00,2026-10-09T02:28:39.708368+00:00,2026-10-09T02:28:39.708368+00:00,ARCOS_RANGE_CHECK_PASS,SOURCE_QC_NOT_EXPOSED_IN_PUBLIC_GRAFANA_FRAME,NOT_APPLICABLE,,NOT_FOUND_IN_CURRENT_RESEARCH_PASS,True,False,0.0,https://www.disl.edu/arcos/
disl_arcos_realtime_public_grafana,met,DISL_ARCOS_CP,cp,Cedar Point,30.30845,-88.139533,lower_bay_west_boundary_oxygen_context,wind_speed,15.689666652679444,kn,2026-10-08T23:30:00+00:00,2026-10-09T02:28:39.708368+00:00,2026-10-09T02:28:39.708368+00:00,NOT_RANGE_SCREENED,SOURCE_QC_NOT_EXPOSED_IN_PUBLIC_GRAFANA_FRAME,NOT_APPLICABLE,,NOT_FOUND_IN_CURRENT_RESEARCH_PASS,True,False,0.0,https://www.disl.edu/arcos/
disl_arcos_realtime_public_grafana,met,DISL_ARCOS_GSP,gsp,Gulf State Park Pier,,,coastal_context_if_hydro_available,air_temperature_c,25.803333155314128,degC,2026-10-08T23:30:00+00:00,2026-10-09T02:28:42.645009+00:00,2026-10-09T02:28:42.645009+00:00,ARCOS_RANGE_CHECK_PASS,SOURCE_QC_NOT_EXPOSED_IN_PUBLIC_GRAFANA_FRAME,NOT_APPLICABLE,,NOT_FOUND_IN_CURRENT_RESEARCH_PASS,True,False,0.0,https://www.disl.edu/arcos/
disl_arcos_realtime_public_grafana,met,DISL_ARCOS_GSP,gsp,Gulf State Park Pier,,,coastal_context_if_hydro_available,barometric_pressure_inhg,29.871564356486,inHg,2026-10-08T23:30:00+00:00,2026-10-09T02:28:42.645009+00:00,2026-10-09T02:28:42.645009+00:00,ARCOS_RANGE_CHECK_PASS,SOURCE_QC_NOT_EXPOSED_IN_PUBLIC_GRAFANA_FRAME,NOT_APPLICABLE,,NOT_FOUND_IN_CURRENT_RESEARCH_PASS,True,False,0.0,https://www.disl.edu/arcos/
disl_arcos_realtime_public_grafana,met,DISL_ARCOS_GSP,gsp,Gulf State Park Pier,,,coastal_context_if_hydro_available,precipitation,0.0,mm,2026-10-08T23:30:00+00:00,2026-10-09T02:28:42.645009+00:00,2026-10-09T02:28:42.645009+00:00,NOT_RANGE_SCREENED,SOURCE_QC_NOT_EXPOSED_IN_PUBLIC_GRAFANA_FRAME,NOT_APPLICABLE,,NOT_FOUND_IN_CURRENT_RESEARCH_PASS,True,False,0.0,https://www.disl.edu/arcos/
disl_arcos_realtime_public_grafana,met,DISL_ARCOS_GSP,gsp,Gulf State Park Pier,,,coastal_context_if_hydro_available,quantum_radiation_umol_m2_s,1.1948666530350844,umol/m2/s,2026-10-08T23:30:00+00:00,2026-10-09T02:28:42.645009+00:00,2026-10-09T02:28:42.645009+00:00,ARCOS_RANGE_CHECK_PASS,SOURCE_QC_NOT_EXPOSED_IN_PUBLIC_GRAFANA_FRAME,NOT_APPLICABLE,,NOT_FOUND_IN_CURRENT_RESEARCH_PASS,True,False,0.0,https://www.disl.edu/arcos/
disl_arcos_realtime_public_grafana,met,DISL_ARCOS_GSP,gsp,Gulf State Park Pier,,,coastal_context_if_hydro_available,relative_humidity_percent,87.36333338419597,%,2026-10-08T23:30:00+00:00,2026-10-09T02:28:42.645009+00:00,2026-10-09T02:28:42.645009+00:00,ARCOS_RANGE_CHECK_PASS,SOURCE_QC_NOT_EXPOSED_IN_PUBLIC_GRAFANA_FRAME,NOT_APPLICABLE,,NOT_FOUND_IN_CURRENT_RESEARCH_PASS,True,False,0.0,https://www.disl.edu/arcos/
disl_arcos_realtime_public_grafana,met,DISL_ARCOS_GSP,gsp,Gulf State Park Pier,,,coastal_context_if_hydro_available,solar_radiation_kw_m2,0.0013333333500971398,kW/m2,2026-10-08T23:30:00+00:00,2026-10-09T02:28:42.645009+00:00,2026-10-09T02:28:42.645009+00:00,ARCOS_RANGE_CHECK_PASS,SOURCE_QC_NOT_EXPOSED_IN_PUBLIC_GRAFANA_FRAME,NOT_APPLICABLE,,NOT_FOUND_IN_CURRENT_RESEARCH_PASS,True,False,0.0,https://www.disl.edu/arcos/
disl_arcos_realtime_public_grafana,met,DISL_ARCOS_GSP,gsp,Gulf State Park Pier,,,coastal_context_if_hydro_available,wind_direction_deg,84.0001376776357,degree,2026-10-08T23:30:00+00:00,2026-10-09T02:28:42.645009+00:00,2026-10-09T02:28:42.645009+00:00,ARCOS_RANGE_CHECK_PASS,SOURCE_QC_NOT_EXPOSED_IN_PUBLIC_GRAFANA_FRAME,NOT_APPLICABLE,,NOT_FOUND_IN_CURRENT_RESEARCH_PASS,True,False,0.0,https://www.disl.edu/arcos/
disl_arcos_realtime_public_grafana,met,DISL_ARCOS_GSP,gsp,Gulf State Park Pier,,,coastal_context_if_hydro_available,wind_speed,6.530300013224283,kn,2026-10-08T23:30:00+00:00,2026-10-09T02:28:42.645009+00:00,2026-10-09T02:28:42.645009+00:00,NOT_RANGE_SCREENED,SOURCE_QC_NOT_EXPOSED_IN_PUBLIC_GRAFANA_FRAME,NOT_APPLICABLE,,NOT_FOUND_IN_CURRENT_RESEARCH_PASS,True,False,0.0,https://www.disl.edu/arcos/
disl_arcos_realtime_public_grafana,hydro,DISL_ARCOS_KC,kc,Katrina Cut,30.2583,-88.2131,western_bay_mouth_oxygen_context,depth_field_m,4.0289998054504395,m,2026-10-08T23:30:00+00:00,2026-10-09T02:28:40.542948+00:00,2026-10-09T02:28:40.542948+00:00,SOURCE_QC_NOT_EXPOSED,SOURCE_QC_NOT_EXPOSED_IN_PUBLIC_GRAFANA_FRAME,UNKNOWN_GEOMETRY_DO_NOT_USE_FOR_BOTTOM_CLASSIFICATION,0.5,HISTORICAL_ARCOS_OBSERVATION_GEOMETRY,True,False,0.0,https://www.disl.edu/arcos/
disl_arcos_realtime_public_grafana,hydro,DISL_ARCOS_KC,kc,Katrina Cut,30.2583,-88.2131,western_bay_mouth_oxygen_context,dissolved_oxygen_mg_l,6.900000095367432,mg/L,2026-10-08T23:30:00+00:00,2026-10-09T02:28:40.542948+00:00,2026-10-09T02:28:40.542948+00:00,ARCOS_RANGE_CHECK_PASS,SOURCE_QC_NOT_EXPOSED_IN_PUBLIC_GRAFANA_FRAME,UNKNOWN_GEOMETRY_DO_NOT_USE_FOR_BOTTOM_CLASSIFICATION,0.5,HISTORICAL_ARCOS_OBSERVATION_GEOMETRY,True,False,0.0,https://www.disl.edu/arcos/
disl_arcos_realtime_public_grafana,hydro,DISL_ARCOS_KC,kc,Katrina Cut,30.2583,-88.2131,western_bay_mouth_oxygen_context,dissolved_oxygen_percent,98.30000305175781,%,2026-10-08T23:30:00+00:00,2026-10-09T02:28:40.542948+00:00,2026-10-09T02:28:40.542948+00:00,ARCOS_RANGE_CHECK_PASS,SOURCE_QC_NOT_EXPOSED_IN_PUBLIC_GRAFANA_FRAME,UNKNOWN_GEOMETRY_DO_NOT_USE_FOR_BOTTOM_CLASSIFICATION,0.5,HISTORICAL_ARCOS_OBSERVATION_GEOMETRY,True,False,0.0,https://www.disl.edu/arcos/
disl_arcos_realtime_public_grafana,hydro,DISL_ARCOS_KC,kc,Katrina Cut,30.2583,-88.2131,western_bay_mouth_oxygen_context,pressure_psi,5.809999942779541,psi,2026-10-08T23:30:00+00:00,2026-10-09T02:28:40.542948+00:00,2026-10-09T02:28:40.542948+00:00,NOT_RANGE_SCREENED,SOURCE_QC_NOT_EXPOSED_IN_PUBLIC_GRAFANA_FRAME,UNKNOWN_GEOMETRY_DO_NOT_USE_FOR_BOTTOM_CLASSIFICATION,0.5,HISTORICAL_ARCOS_OBSERVATION_GEOMETRY,True,False,0.0,https://www.disl.edu/arcos/
disl_arcos_realtime_public_grafana,hydro,DISL_ARCOS_KC,kc,Katrina Cut,30.2583,-88.2131,western_bay_mouth_oxygen_context,salinity_psu,25.5,PSU,2026-10-08T23:30:00+00:00,2026-10-09T02:28:40.542948+00:00,2026-10-09T02:28:40.542948+00:00,ARCOS_RANGE_CHECK_PASS,SOURCE_QC_NOT_EXPOSED_IN_PUBLIC_GRAFANA_FRAME,UNKNOWN_GEOMETRY_DO_NOT_USE_FOR_BOTTOM_CLASSIFICATION,0.5,HISTORICAL_ARCOS_OBSERVATION_GEOMETRY,True,False,0.0,https://www.disl.edu/arcos/
disl_arcos_realtime_public_grafana,hydro,DISL_ARCOS_KC,kc,Katrina Cut,30.2583,-88.2131,western_bay_mouth_oxygen_context,turbidity_fnu,10.9399995803833,FNU,2026-10-08T23:30:00+00:00,2026-10-09T02:28:40.542948+00:00,2026-10-09T02:28:40.542948+00:00,ARCOS_RANGE_CHECK_PASS,SOURCE_QC_NOT_EXPOSED_IN_PUBLIC_GRAFANA_FRAME,UNKNOWN_GEOMETRY_DO_NOT_USE_FOR_BOTTOM_CLASSIFICATION,0.5,HISTORICAL_ARCOS_OBSERVATION_GEOMETRY,True,False,0.0,https://www.disl.edu/arcos/
disl_arcos_realtime_public_grafana,hydro,DISL_ARCOS_KC,kc,Katrina Cut,30.2583,-88.2131,western_bay_mouth_oxygen_context,water_temperature_c,26.09000015258789,degC,2026-10-08T23:30:00+00:00,2026-10-09T02:28:40.542948+00:00,2026-10-09T02:28:40.542948+00:00,ARCOS_RANGE_CHECK_PASS,SOURCE_QC_NOT_EXPOSED_IN_PUBLIC_GRAFANA_FRAME,UNKNOWN_GEOMETRY_DO_NOT_USE_FOR_BOTTOM_CLASSIFICATION,0.5,HISTORICAL_ARCOS_OBSERVATION_GEOMETRY,True,False,0.0,https://www.disl.edu/arcos/
disl_arcos_realtime_public_grafana,met,DISL_ARCOS_KC,kc,Katrina Cut,30.2583,-88.2131,western_bay_mouth_oxygen_context,air_temperature_c,26.827000045776366,degC,2026-10-08T23:30:00+00:00,2026-10-09T02:28:40.744126+00:00,2026-10-09T02:28:40.744126+00:00,ARCOS_RANGE_CHECK_PASS,SOURCE_QC_NOT_EXPOSED_IN_PUBLIC_GRAFANA_FRAME,NOT_APPLICABLE,0.5,HISTORICAL_ARCOS_OBSERVATION_GEOMETRY,True,False,0.0,https://www.disl.edu/arcos/
disl_arcos_realtime_public_grafana,met,DISL_ARCOS_KC,kc,Katrina Cut,30.2583,-88.2131,western_bay_mouth_oxygen_context,barometric_pressure_inhg,29.885908190409342,inHg,2026-10-08T23:30:00+00:00,2026-10-09T02:28:40.744126+00:00,2026-10-09T02:28:40.744126+00:00,ARCOS_RANGE_CHECK_PASS,SOURCE_QC_NOT_EXPOSED_IN_PUBLIC_GRAFANA_FRAME,NOT_APPLICABLE,0.5,HISTORICAL_ARCOS_OBSERVATION_GEOMETRY,True,False,0.0,https://www.disl.edu/arcos/
disl_arcos_realtime_public_grafana,met,DISL_ARCOS_KC,kc,Katrina Cut,30.2583,-88.2131,western_bay_mouth_oxygen_context,precipitation,0.0,mm,2026-10-08T23:30:00+00:00,2026-10-09T02:28:40.744126+00:00,2026-10-09T02:28:40.744126+00:00,NOT_RANGE_SCREENED,SOURCE_QC_NOT_EXPOSED_IN_PUBLIC_GRAFANA_FRAME,NOT_APPLICABLE,0.5,HISTORICAL_ARCOS_OBSERVATION_GEOMETRY,True,False,0.0,https://www.disl.edu/arcos/
disl_arcos_realtime_public_grafana,met,DISL_ARCOS_KC,kc,Katrina Cut,30.2583,-88.2131,western_bay_mouth_oxygen_context,quantum_radiation_umol_m2_s,57.236665916442874,umol/m2/s,2026-10-08T23:30:00+00:00,2026-10-09T02:28:40.744126+00:00,2026-10-09T02:28:40.744126+00:00,ARCOS_RANGE_CHECK_PASS,SOURCE_QC_NOT_EXPOSED_IN_PUBLIC_GRAFANA_FRAME,NOT_APPLICABLE,0.5,HISTORICAL_ARCOS_OBSERVATION_GEOMETRY,True,False,0.0,https://www.disl.edu/arcos/
disl_arcos_realtime_public_grafana,met,DISL_ARCOS_KC,kc,Katrina Cut,30.2583,-88.2131,western_bay_mouth_oxygen_context,relative_humidity_percent,87.7599998474121,%,2026-10-08T23:30:00+00:00,2026-10-09T02:28:40.744126+00:00,2026-10-09T02:28:40.744126+00:00,ARCOS_RANGE_CHECK_PASS,SOURCE_QC_NOT_EXPOSED_IN_PUBLIC_GRAFANA_FRAME,NOT_APPLICABLE,0.5,HISTORICAL_ARCOS_OBSERVATION_GEOMETRY,True,False,0.0,https://www.disl.edu/arcos/
disl_arcos_realtime_public_grafana,met,DISL_ARCOS_KC,kc,Katrina Cut,30.2583,-88.2131,western_bay_mouth_oxygen_context,solar_radiation_kw_m2,0.025400000096609195,kW/m2,2026-10-08T23:30:00+00:00,2026-10-09T02:28:40.744126+00:00,2026-10-09T02:28:40.744126+00:00,ARCOS_RANGE_CHECK_PASS,SOURCE_QC_NOT_EXPOSED_IN_PUBLIC_GRAFANA_FRAME,NOT_APPLICABLE,0.5,HISTORICAL_ARCOS_OBSERVATION_GEOMETRY,True,False,0.0,https://www.disl.edu/arcos/
disl_arcos_realtime_public_grafana,met,DISL_ARCOS_KC,kc,Katrina Cut,30.2583,-88.2131,western_bay_mouth_oxygen_context,wind_direction_deg,53.162537472672696,degree,2026-10-08T23:30:00+00:00,2026-10-09T02:28:40.744126+00:00,2026-10-09T02:28:40.744126+00:00,ARCOS_RANGE_CHECK_PASS,SOURCE_QC_NOT_EXPOSED_IN_PUBLIC_GRAFANA_FRAME,NOT_APPLICABLE,0.5,HISTORICAL_ARCOS_OBSERVATION_GEOMETRY,True,False,0.0,https://www.disl.edu/arcos/
disl_arcos_realtime_public_grafana,met,DISL_ARCOS_KC,kc,Katrina Cut,30.2583,-88.2131,western_bay_mouth_oxygen_context,wind_speed,32.27833340962728,kn,2026-10-08T23:30:00+00:00,2026-10-09T02:28:40.744126+00:00,2026-10-09T02:28:40.744126+00:00,NOT_RANGE_SCREENED,SOURCE_QC_NOT_EXPOSED_IN_PUBLIC_GRAFANA_FRAME,NOT_APPLICABLE,0.5,HISTORICAL_ARCOS_OBSERVATION_GEOMETRY,True,False,0.0,https://www.disl.edu/arcos/
disl_arcos_realtime_public_grafana,hydro,DISL_ARCOS_MP,mp,Meaher Park,30.667152,-87.936459,upper_bay_oxygen_loading_proxy,depth_field_m,0.0,m,2026-10-08T23:30:00+00:00,2026-10-09T02:28:38.811269+00:00,2026-10-09T02:28:38.811269+00:00,SOURCE_QC_NOT_EXPOSED,SOURCE_QC_NOT_EXPOSED_IN_PUBLIC_GRAFANA_FRAME,UNKNOWN_GEOMETRY_DO_NOT_USE_FOR_BOTTOM_CLASSIFICATION,0.5,RECENT_2023_2025_EXO2_GEOMETRY,True,False,0.0,https://www.disl.edu/arcos/
disl_arcos_realtime_public_grafana,hydro,DISL_ARCOS_MP,mp,Meaher Park,30.667152,-87.936459,upper_bay_oxygen_loading_proxy,dissolved_oxygen_mg_l,0.49000000953674316,mg/L,2026-10-08T23:30:00+00:00,2026-10-09T02:28:38.811269+00:00,2026-10-09T02:28:38.811269+00:00,ARCOS_RANGE_CHECK_PASS,SOURCE_QC_NOT_EXPOSED_IN_PUBLIC_GRAFANA_FRAME,UNKNOWN_GEOMETRY_DO_NOT_USE_FOR_BOTTOM_CLASSIFICATION,0.5,RECENT_2023_2025_EXO2_GEOMETRY,True,False,0.0,https://www.disl.edu/arcos/
disl_arcos_realtime_public_grafana,hydro,DISL_ARCOS_MP,mp,Meaher Park,30.667152,-87.936459,upper_bay_oxygen_loading_proxy,dissolved_oxygen_percent,6.550000190734863,%,2026-10-08T23:30:00+00:00,2026-10-09T02:28:38.811269+00:00,2026-10-09T02:28:38.811269+00:00,ARCOS_RANGE_CHECK_PASS,SOURCE_QC_NOT_EXPOSED_IN_PUBLIC_GRAFANA_FRAME,UNKNOWN_GEOMETRY_DO_NOT_USE_FOR_BOTTOM_CLASSIFICATION,0.5,RECENT_2023_2025_EXO2_GEOMETRY,True,False,0.0,https://www.disl.edu/arcos/
disl_arcos_realtime_public_grafana,hydro,DISL_ARCOS_MP,mp,Meaher Park,30.667152,-87.936459,upper_bay_oxygen_loading_proxy,pressure_psi,0.0,psi,2026-10-08T23:30:00+00:00,2026-10-09T02:28:38.811269+00:00,2026-10-09T02:28:38.811269+00:00,NOT_RANGE_SCREENED,SOURCE_QC_NOT_EXPOSED_IN_PUBLIC_GRAFANA_FRAME,UNKNOWN_GEOMETRY_DO_NOT_USE_FOR_BOTTOM_CLASSIFICATION,0.5,RECENT_2023_2025_EXO2_GEOMETRY,True,False,0.0,https://www.disl.edu/arcos/
disl_arcos_realtime_public_grafana,hydro,DISL_ARCOS_MP,mp,Meaher Park,30.667152,-87.936459,upper_bay_oxygen_loading_proxy,salinity_psu,11.220000267028809,PSU,2026-10-08T23:30:00+00:00,2026-10-09T02:28:38.811269+00:00,2026-10-09T02:28:38.811269+00:00,ARCOS_RANGE_CHECK_PASS,SOURCE_QC_NOT_EXPOSED_IN_PUBLIC_GRAFANA_FRAME,UNKNOWN_GEOMETRY_DO_NOT_USE_FOR_BOTTOM_CLASSIFICATION,0.5,RECENT_2023_2025_EXO2_GEOMETRY,True,False,0.0,https://www.disl.edu/arcos/
disl_arcos_realtime_public_grafana,hydro,DISL_ARCOS_MP,mp,Meaher Park,30.667152,-87.936459,upper_bay_oxygen_loading_proxy,turbidity_fnu,4.170000076293945,FNU,2026-10-08T23:30:00+00:00,2026-10-09T02:28:38.811269+00:00,2026-10-09T02:28:38.811269+00:00,ARCOS_RANGE_CHECK_PASS,SOURCE_QC_NOT_EXPOSED_IN_PUBLIC_GRAFANA_FRAME,UNKNOWN_GEOMETRY_DO_NOT_USE_FOR_BOTTOM_CLASSIFICATION,0.5,RECENT_2023_2025_EXO2_GEOMETRY,True,False,0.0,https://www.disl.edu/arcos/
disl_arcos_realtime_public_grafana,hydro,DISL_ARCOS_MP,mp,Meaher Park,30.667152,-87.936459,upper_bay_oxygen_loading_proxy,water_temperature_c,27.389999389648438,degC,2026-10-08T23:30:00+00:00,2026-10-09T02:28:38.811269+00:00,2026-10-09T02:28:38.811269+00:00,ARCOS_RANGE_CHECK_PASS,SOURCE_QC_NOT_EXPOSED_IN_PUBLIC_GRAFANA_FRAME,UNKNOWN_GEOMETRY_DO_NOT_USE_FOR_BOTTOM_CLASSIFICATION,0.5,RECENT_2023_2025_EXO2_GEOMETRY,True,False,0.0,https://www.disl.edu/arcos/
disl_arcos_realtime_public_grafana,met,DISL_ARCOS_MP,mp,Meaher Park,30.667152,-87.936459,upper_bay_oxygen_loading_proxy,air_temperature_c,24.37266674041748,degC,2026-10-08T23:30:00+00:00,2026-10-09T02:28:39.047209+00:00,2026-10-09T02:28:39.047209+00:00,ARCOS_RANGE_CHECK_PASS,SOURCE_QC_NOT_EXPOSED_IN_PUBLIC_GRAFANA_FRAME,NOT_APPLICABLE,0.5,RECENT_2023_2025_EXO2_GEOMETRY,True,False,0.0,https://www.disl.edu/arcos/
disl_arcos_realtime_public_grafana,met,DISL_ARCOS_MP,mp,Meaher Park,30.667152,-87.936459,upper_bay_oxygen_loading_proxy,barometric_pressure_inhg,29.987188720703124,inHg,2026-10-08T23:30:00+00:00,2026-10-09T02:28:39.047209+00:00,2026-10-09T02:28:39.047209+00:00,ARCOS_RANGE_CHECK_PASS,SOURCE_QC_NOT_EXPOSED_IN_PUBLIC_GRAFANA_FRAME,NOT_APPLICABLE,0.5,RECENT_2023_2025_EXO2_GEOMETRY,True,False,0.0,https://www.disl.edu/arcos/
disl_arcos_realtime_public_grafana,met,DISL_ARCOS_MP,mp,Meaher Park,30.667152,-87.936459,upper_bay_oxygen_loading_proxy,precipitation,0.0,in,2026-10-08T23:30:00+00:00,2026-10-09T02:28:39.047209+00:00,2026-10-09T02:28:39.047209+00:00,NOT_RANGE_SCREENED,SOURCE_QC_NOT_EXPOSED_IN_PUBLIC_GRAFANA_FRAME,NOT_APPLICABLE,0.5,RECENT_2023_2025_EXO2_GEOMETRY,True,False,0.0,https://www.disl.edu/arcos/
disl_arcos_realtime_public_grafana,met,DISL_ARCOS_MP,mp,Meaher Park,30.667152,-87.936459,upper_bay_oxygen_loading_proxy,quantum_radiation_umol_m2_s,1.6891333427280188,umol/m2/s,2026-10-08T23:30:00+00:00,2026-10-09T02:28:39.047209+00:00,2026-10-09T02:28:39.047209+00:00,ARCOS_RANGE_CHECK_PASS,SOURCE_QC_NOT_EXPOSED_IN_PUBLIC_GRAFANA_FRAME,NOT_APPLICABLE,0.5,RECENT_2023_2025_EXO2_GEOMETRY,True,False,0.0,https://www.disl.edu/arcos/
disl_arcos_realtime_public_grafana,met,DISL_ARCOS_MP,mp,Meaher Park,30.667152,-87.936459,upper_bay_oxygen_loading_proxy,relative_humidity_percent,85.36666692097982,%,2026-10-08T23:30:00+00:00,2026-10-09T02:28:39.047209+00:00,2026-10-09T02:28:39.047209+00:00,ARCOS_RANGE_CHECK_PASS,SOURCE_QC_NOT_EXPOSED_IN_PUBLIC_GRAFANA_FRAME,NOT_APPLICABLE,0.5,RECENT_2023_2025_EXO2_GEOMETRY,True,False,0.0,https://www.disl.edu/arcos/
disl_arcos_realtime_public_grafana,met,DISL_ARCOS_MP,mp,Meaher Park,30.667152,-87.936459,upper_bay_oxygen_loading_proxy,solar_radiation_kw_m2,0.001266666653100401,kW/m2,2026-10-08T23:30:00+00:00,2026-10-09T02:28:39.047209+00:00,2026-10-09T02:28:39.047209+00:00,ARCOS_RANGE_CHECK_PASS,SOURCE_QC_NOT_EXPOSED_IN_PUBLIC_GRAFANA_FRAME,NOT_APPLICABLE,0.5,RECENT_2023_2025_EXO2_GEOMETRY,True,False,0.0,https://www.disl.edu/arcos/
disl_arcos_realtime_public_grafana,met,DISL_ARCOS_MP,mp,Meaher Park,30.667152,-87.936459,upper_bay_oxygen_loading_proxy,wind_direction_deg,331.2212181792651,degree,2026-10-08T23:30:00+00:00,2026-10-09T02:28:39.047209+00:00,2026-10-09T02:28:39.047209+00:00,ARCOS_RANGE_CHECK_PASS,SOURCE_QC_NOT_EXPOSED_IN_PUBLIC_GRAFANA_FRAME,NOT_APPLICABLE,0.5,RECENT_2023_2025_EXO2_GEOMETRY,True,False,0.0,https://www.disl.edu/arcos/
disl_arcos_realtime_public_grafana,met,DISL_ARCOS_MP,mp,Meaher Park,30.667152,-87.936459,upper_bay_oxygen_loading_proxy,wind_speed,4.710733342170715,kn,2026-10-08T23:30:00+00:00,2026-10-09T02:28:39.047209+00:00,2026-10-09T02:28:39.047209+00:00,NOT_RANGE_SCREENED,SOURCE_QC_NOT_EXPOSED_IN_PUBLIC_GRAFANA_FRAME,NOT_APPLICABLE,0.5,RECENT_2023_2025_EXO2_GEOMETRY,True,False,0.0,https://www.disl.edu/arcos/
disl_arcos_realtime_public_grafana,hydro,DISL_ARCOS_PP,pp,Perdido Pass,30.2791,-87.5561,eastern_coastal_boundary_oxygen_context,depth_field_m,1.3930000066757202,m,2026-10-08T23:30:00+00:00,2026-10-09T02:28:40.989977+00:00,2026-10-09T02:28:40.989977+00:00,SOURCE_QC_NOT_EXPOSED,SOURCE_QC_NOT_EXPOSED_IN_PUBLIC_GRAFANA_FRAME,UNKNOWN_GEOMETRY_DO_NOT_USE_FOR_BOTTOM_CLASSIFICATION,0.5,HISTORICAL_NEAR_BOTTOM_GEOMETRY,True,False,0.0,https://www.disl.edu/arcos/
disl_arcos_realtime_public_grafana,hydro,DISL_ARCOS_PP,pp,Perdido Pass,30.2791,-87.5561,eastern_coastal_boundary_oxygen_context,dissolved_oxygen_mg_l,6.059999942779541,mg/L,2026-10-08T23:30:00+00:00,2026-10-09T02:28:40.989977+00:00,2026-10-09T02:28:40.989977+00:00,ARCOS_RANGE_CHECK_PASS,SOURCE_QC_NOT_EXPOSED_IN_PUBLIC_GRAFANA_FRAME,UNKNOWN_GEOMETRY_DO_NOT_USE_FOR_BOTTOM_CLASSIFICATION,0.5,HISTORICAL_NEAR_BOTTOM_GEOMETRY,True,False,0.0,https://www.disl.edu/arcos/
disl_arcos_realtime_public_grafana,hydro,DISL_ARCOS_PP,pp,Perdido Pass,30.2791,-87.5561,eastern_coastal_boundary_oxygen_context,dissolved_oxygen_percent,108.30000305175781,%,2026-10-08T23:30:00+00:00,2026-10-09T02:28:40.989977+00:00,2026-10-09T02:28:40.989977+00:00,ARCOS_RANGE_CHECK_PASS,SOURCE_QC_NOT_EXPOSED_IN_PUBLIC_GRAFANA_FRAME,UNKNOWN_GEOMETRY_DO_NOT_USE_FOR_BOTTOM_CLASSIFICATION,0.5,HISTORICAL_NEAR_BOTTOM_GEOMETRY,True,False,0.0,https://www.disl.edu/arcos/
disl_arcos_realtime_public_grafana,hydro,DISL_ARCOS_PP,pp,Perdido Pass,30.2791,-87.5561,eastern_coastal_boundary_oxygen_context,pressure_psi,2.0,psi,2026-10-08T23:30:00+00:00,2026-10-09T02:28:40.989977+00:00,2026-10-09T02:28:40.989977+00:00,NOT_RANGE_SCREENED,SOURCE_QC_NOT_EXPOSED_IN_PUBLIC_GRAFANA_FRAME,UNKNOWN_GEOMETRY_DO_NOT_USE_FOR_BOTTOM_CLASSIFICATION,0.5,HISTORICAL_NEAR_BOTTOM_GEOMETRY,True,False,0.0,https://www.disl.edu/arcos/
disl_arcos_realtime_public_grafana,hydro,DISL_ARCOS_PP,pp,Perdido Pass,30.2791,-87.5561,eastern_coastal_boundary_oxygen_context,salinity_psu,22.309999465942383,PSU,2026-10-08T23:30:00+00:00,2026-10-09T02:28:40.989977+00:00,2026-10-09T02:28:40.989977+00:00,ARCOS_RANGE_CHECK_PASS,SOURCE_QC_NOT_EXPOSED_IN_PUBLIC_GRAFANA_FRAME,UNKNOWN_GEOMETRY_DO_NOT_USE_FOR_BOTTOM_CLASSIFICATION,0.5,HISTORICAL_NEAR_BOTTOM_GEOMETRY,True,False,0.0,https://www.disl.edu/arcos/
disl_arcos_realtime_public_grafana,hydro,DISL_ARCOS_PP,pp,Perdido Pass,30.2791,-87.5561,eastern_coastal_boundary_oxygen_context,turbidity_fnu,4.190000057220459,FNU,2026-10-08T23:30:00+00:00,2026-10-09T02:28:40.989977+00:00,2026-10-09T02:28:40.989977+00:00,ARCOS_RANGE_CHECK_PASS,SOURCE_QC_NOT_EXPOSED_IN_PUBLIC_GRAFANA_FRAME,UNKNOWN_GEOMETRY_DO_NOT_USE_FOR_BOTTOM_CLASSIFICATION,0.5,HISTORICAL_NEAR_BOTTOM_GEOMETRY,True,False,0.0,https://www.disl.edu/arcos/
disl_arcos_realtime_public_grafana,hydro,DISL_ARCOS_PP,pp,Perdido Pass,30.2791,-87.5561,eastern_coastal_boundary_oxygen_context,water_temperature_c,26.479999542236328,degC,2026-10-08T23:30:00+00:00,2026-10-09T02:28:40.989977+00:00,2026-10-09T02:28:40.989977+00:00,ARCOS_RANGE_CHECK_PASS,SOURCE_QC_NOT_EXPOSED_IN_PUBLIC_GRAFANA_FRAME,UNKNOWN_GEOMETRY_DO_NOT_USE_FOR_BOTTOM_CLASSIFICATION,0.5,HISTORICAL_NEAR_BOTTOM_GEOMETRY,True,False,0.0,https://www.disl.edu/arcos/
disl_arcos_realtime_public_grafana,met,DISL_ARCOS_PP,pp,Perdido Pass,30.2791,-87.5561,eastern_coastal_boundary_oxygen_context,air_temperature_c,29.590666834513346,degC,2026-10-08T23:30:00+00:00,2026-10-09T02:28:41.324994+00:00,2026-10-09T02:28:41.324994+00:00,ARCOS_RANGE_CHECK_PASS,SOURCE_QC_NOT_EXPOSED_IN_PUBLIC_GRAFANA_FRAME,NOT_APPLICABLE,0.5,HISTORICAL_NEAR_BOTTOM_GEOMETRY,True,False,0.0,https://www.disl.edu/arcos/
disl_arcos_realtime_public_grafana,met,DISL_ARCOS_PP,pp,Perdido Pass,30.2791,-87.5561,eastern_coastal_boundary_oxygen_context,barometric_pressure_inhg,29.904162661234537,inHg,2026-10-08T23:30:00+00:00,2026-10-09T02:28:41.324994+00:00,2026-10-09T02:28:41.324994+00:00,ARCOS_RANGE_CHECK_PASS,SOURCE_QC_NOT_EXPOSED_IN_PUBLIC_GRAFANA_FRAME,NOT_APPLICABLE,0.5,HISTORICAL_NEAR_BOTTOM_GEOMETRY,True,False,0.0,https://www.disl.edu/arcos/
disl_arcos_realtime_public_grafana,met,DISL_ARCOS_PP,pp,Perdido Pass,30.2791,-87.5561,eastern_coastal_boundary_oxygen_context,precipitation,0.0,mm,2026-10-08T23:30:00+00:00,2026-10-09T02:28:41.324994+00:00,2026-10-09T02:28:41.324994+00:00,NOT_RANGE_SCREENED,SOURCE_QC_NOT_EXPOSED_IN_PUBLIC_GRAFANA_FRAME,NOT_APPLICABLE,0.5,HISTORICAL_NEAR_BOTTOM_GEOMETRY,True,False,0.0,https://www.disl.edu/arcos/
disl_arcos_realtime_public_grafana,met,DISL_ARCOS_PP,pp,Perdido Pass,30.2791,-87.5561,eastern_coastal_boundary_oxygen_context,quantum_radiation_umol_m2_s,0.9362666885058085,umol/m2/s,2026-10-08T23:30:00+00:00,2026-10-09T02:28:41.324994+00:00,2026-10-09T02:28:41.324994+00:00,ARCOS_RANGE_CHECK_PASS,SOURCE_QC_NOT_EXPOSED_IN_PUBLIC_GRAFANA_FRAME,NOT_APPLICABLE,0.5,HISTORICAL_NEAR_BOTTOM_GEOMETRY,True,False,0.0,https://www.disl.edu/arcos/
disl_arcos_realtime_public_grafana,met,DISL_ARCOS_PP,pp,Perdido Pass,30.2791,-87.5561,eastern_coastal_boundary_oxygen_context,relative_humidity_percent,76.0880007425944,%,2026-10-08T23:30:00+00:00,2026-10-09T02:28:41.324994+00:00,2026-10-09T02:28:41.324994+00:00,ARCOS_RANGE_CHECK_PASS,SOURCE_QC_NOT_EXPOSED_IN_PUBLIC_GRAFANA_FRAME,NOT_APPLICABLE,0.5,HISTORICAL_NEAR_BOTTOM_GEOMETRY,True,False,0.0,https://www.disl.edu/arcos/
disl_arcos_realtime_public_grafana,met,DISL_ARCOS_PP,pp,Perdido Pass,30.2791,-87.5561,eastern_coastal_boundary_oxygen_context,solar_radiation_kw_m2,-0.0008666667233531674,kW/m2,2026-10-08T23:30:00+00:00,2026-10-09T02:28:41.324994+00:00,2026-10-09T02:28:41.324994+00:00,ARCOS_RANGE_CHECK_FAIL,SOURCE_QC_NOT_EXPOSED_IN_PUBLIC_GRAFANA_FRAME,NOT_APPLICABLE,0.5,HISTORICAL_NEAR_BOTTOM_GEOMETRY,True,False,0.0,https://www.disl.edu/arcos/
disl_arcos_realtime_public_grafana,met,DISL_ARCOS_PP,pp,Perdido Pass,30.2791,-87.5561,eastern_coastal_boundary_oxygen_context,wind_direction_deg,72.13520164516417,degree,2026-10-08T23:30:00+00:00,2026-10-09T02:28:41.324994+00:00,2026-10-09T02:28:41.324994+00:00,ARCOS_RANGE_CHECK_PASS,SOURCE_QC_NOT_EXPOSED_IN_PUBLIC_GRAFANA_FRAME,NOT_APPLICABLE,0.5,HISTORICAL_NEAR_BOTTOM_GEOMETRY,True,False,0.0,https://www.disl.edu/arcos/
disl_arcos_realtime_public_grafana,met,DISL_ARCOS_PP,pp,Perdido Pass,30.2791,-87.5561,eastern_coastal_boundary_oxygen_context,wind_speed,9.627433363596598,kn,2026-10-08T23:30:00+00:00,2026-10-09T02:28:41.324994+00:00,2026-10-09T02:28:41.324994+00:00,NOT_RANGE_SCREENED,SOURCE_QC_NOT_EXPOSED_IN_PUBLIC_GRAFANA_FRAME,NOT_APPLICABLE,0.5,HISTORICAL_NEAR_BOTTOM_GEOMETRY,True,False,0.0,https://www.disl.edu/arcos/
disl_arcos_realtime_public_grafana,met,DISL_ARCOS_BSP,bsp,Battleship Park,30.682697,-88.012211,upper_bay_oxygen_loading_context,air_temperature_c,25.741000111897787,degC,2026-10-09T00:00:00+00:00,2026-10-09T02:28:42.233975+00:00,2026-10-09T02:28:42.233975+00:00,ARCOS_RANGE_CHECK_PASS,SOURCE_QC_NOT_EXPOSED_IN_PUBLIC_GRAFANA_FRAME,NOT_APPLICABLE,0.5,RECENT_2023_2025_EXO2_GEOMETRY,True,False,0.0,https://www.disl.edu/arcos/
disl_arcos_realtime_public_grafana,met,DISL_ARCOS_BSP,bsp,Battleship Park,30.682697,-88.012211,upper_bay_oxygen_loading_context,barometric_pressure_inhg,29.9124787012736,inHg,2026-10-09T00:00:00+00:00,2026-10-09T02:28:42.233975+00:00,2026-10-09T02:28:42.233975+00:00,ARCOS_RANGE_CHECK_PASS,SOURCE_QC_NOT_EXPOSED_IN_PUBLIC_GRAFANA_FRAME,NOT_APPLICABLE,0.5,RECENT_2023_2025_EXO2_GEOMETRY,True,False,0.0,https://www.disl.edu/arcos/
disl_arcos_realtime_public_grafana,met,DISL_ARCOS_BSP,bsp,Battleship Park,30.682697,-88.012211,upper_bay_oxygen_loading_context,precipitation,0.0,in,2026-10-09T00:00:00+00:00,2026-10-09T02:28:42.233975+00:00,2026-10-09T02:28:42.233975+00:00,NOT_RANGE_SCREENED,SOURCE_QC_NOT_EXPOSED_IN_PUBLIC_GRAFANA_FRAME,NOT_APPLICABLE,0.5,RECENT_2023_2025_EXO2_GEOMETRY,True,False,0.0,https://www.disl.edu/arcos/
disl_arcos_realtime_public_grafana,met,DISL_ARCOS_BSP,bsp,Battleship Park,30.682697,-88.012211,upper_bay_oxygen_loading_context,quantum_radiation_umol_m2_s,0.0,umol/m2/s,2026-10-09T00:00:00+00:00,2026-10-09T02:28:42.233975+00:00,2026-10-09T02:28:42.233975+00:00,ARCOS_RANGE_CHECK_PASS,SOURCE_QC_NOT_EXPOSED_IN_PUBLIC_GRAFANA_FRAME,NOT_APPLICABLE,0.5,RECENT_2023_2025_EXO2_GEOMETRY,True,False,0.0,https://www.disl.edu/arcos/
disl_arcos_realtime_public_grafana,met,DISL_ARCOS_BSP,bsp,Battleship Park,30.682697,-88.012211,upper_bay_oxygen_loading_context,relative_humidity_percent,85.95666758219402,%,2026-10-09T00:00:00+00:00,2026-10-09T02:28:42.233975+00:00,2026-10-09T02:28:42.233975+00:00,ARCOS_RANGE_CHECK_PASS,SOURCE_QC_NOT_EXPOSED_IN_PUBLIC_GRAFANA_FRAME,NOT_APPLICABLE,0.5,RECENT_2023_2025_EXO2_GEOMETRY,True,False,0.0,https://www.disl.edu/arcos/
disl_arcos_realtime_public_grafana,met,DISL_ARCOS_BSP,bsp,Battleship Park,30.682697,-88.012211,upper_bay_oxygen_loading_context,solar_radiation_kw_m2,-0.0010000000474974513,kW/m2,2026-10-09T00:00:00+00:00,2026-10-09T02:28:42.233975+00:00,2026-10-09T02:28:42.233975+00:00,ARCOS_RANGE_CHECK_FAIL,SOURCE_QC_NOT_EXPOSED_IN_PUBLIC_GRAFANA_FRAME,NOT_APPLICABLE,0.5,RECENT_2023_2025_EXO2_GEOMETRY,True,False,0.0,https://www.disl.edu/arcos/
disl_arcos_realtime_public_grafana,met,DISL_ARCOS_BSP,bsp,Battleship Park,30.682697,-88.012211,upper_bay_oxygen_loading_context,wind_direction_deg,42.02683439931545,degree,2026-10-09T00:00:00+00:00,2026-10-09T02:28:42.233975+00:00,2026-10-09T02:28:42.233975+00:00,ARCOS_RANGE_CHECK_PASS,SOURCE_QC_NOT_EXPOSED_IN_PUBLIC_GRAFANA_FRAME,NOT_APPLICABLE,0.5,RECENT_2023_2025_EXO2_GEOMETRY,True,False,0.0,https://www.disl.edu/arcos/
disl_arcos_realtime_public_grafana,met,DISL_ARCOS_BSP,bsp,Battleship Park,30.682697,-88.012211,upper_bay_oxygen_loading_context,wind_speed,14.83766673405965,kn,2026-10-09T00:00:00+00:00,2026-10-09T02:28:42.233975+00:00,2026-10-09T02:28:42.233975+00:00,NOT_RANGE_SCREENED,SOURCE_QC_NOT_EXPOSED_IN_PUBLIC_GRAFANA_FRAME,NOT_APPLICABLE,0.5,RECENT_2023_2025_EXO2_GEOMETRY,True,False,0.0,https://www.disl.edu/arcos/
disl_arcos_realtime_public_grafana,hydro,DISL_ARCOS_CP,cp,Cedar Point,30.30845,-88.139533,lower_bay_west_boundary_oxygen_context,depth_field_m,1.9040000438690186,m,2026-10-09T00:00:00+00:00,2026-10-09T02:28:39.420240+00:00,2026-10-09T02:28:39.420240+00:00,SOURCE_QC_NOT_EXPOSED,SOURCE_QC_NOT_EXPOSED_IN_PUBLIC_GRAFANA_FRAME,UNKNOWN_GEOMETRY_DO_NOT_USE_FOR_BOTTOM_CLASSIFICATION,,NOT_FOUND_IN_CURRENT_RESEARCH_PASS,True,False,0.0,https://www.disl.edu/arcos/
disl_arcos_realtime_public_grafana,hydro,DISL_ARCOS_CP,cp,Cedar Point,30.30845,-88.139533,lower_bay_west_boundary_oxygen_context,dissolved_oxygen_mg_l,7.03000020980835,mg/L,2026-10-09T00:00:00+00:00,2026-10-09T02:28:39.420240+00:00,2026-10-09T02:28:39.420240+00:00,ARCOS_RANGE_CHECK_PASS,SOURCE_QC_NOT_EXPOSED_IN_PUBLIC_GRAFANA_FRAME,UNKNOWN_GEOMETRY_DO_NOT_USE_FOR_BOTTOM_CLASSIFICATION,,NOT_FOUND_IN_CURRENT_RESEARCH_PASS,True,False,0.0,https://www.disl.edu/arcos/
disl_arcos_realtime_public_grafana,hydro,DISL_ARCOS_CP,cp,Cedar Point,30.30845,-88.139533,lower_bay_west_boundary_oxygen_context,dissolved_oxygen_percent,96.5,%,2026-10-09T00:00:00+00:00,2026-10-09T02:28:39.420240+00:00,2026-10-09T02:28:39.420240+00:00,ARCOS_RANGE_CHECK_PASS,SOURCE_QC_NOT_EXPOSED_IN_PUBLIC_GRAFANA_FRAME,UNKNOWN_GEOMETRY_DO_NOT_USE_FOR_BOTTOM_CLASSIFICATION,,NOT_FOUND_IN_CURRENT_RESEARCH_PASS,True,False,0.0,https://www.disl.edu/arcos/
disl_arcos_realtime_public_grafana,hydro,DISL_ARCOS_CP,cp,Cedar Point,30.30845,-88.139533,lower_bay_west_boundary_oxygen_context,pressure_psi,2.7300000190734863,psi,2026-10-09T00:00:00+00:00,2026-10-09T02:28:39.420240+00:00,2026-10-09T02:28:39.420240+00:00,NOT_RANGE_SCREENED,SOURCE_QC_NOT_EXPOSED_IN_PUBLIC_GRAFANA_FRAME,UNKNOWN_GEOMETRY_DO_NOT_USE_FOR_BOTTOM_CLASSIFICATION,,NOT_FOUND_IN_CURRENT_RESEARCH_PASS,True,False,0.0,https://www.disl.edu/arcos/
disl_arcos_realtime_public_grafana,hydro,DISL_ARCOS_CP,cp,Cedar Point,30.30845,-88.139533,lower_bay_west_boundary_oxygen_context,salinity_psu,20.079999923706055,PSU,2026-10-09T00:00:00+00:00,2026-10-09T02:28:39.420240+00:00,2026-10-09T02:28:39.420240+00:00,ARCOS_RANGE_CHECK_PASS,SOURCE_QC_NOT_EXPOSED_IN_PUBLIC_GRAFANA_FRAME,UNKNOWN_GEOMETRY_DO_NOT_USE_FOR_BOTTOM_CLASSIFICATION,,NOT_FOUND_IN_CURRENT_RESEARCH_PASS,True,False,0.0,https://www.disl.edu/arcos/
disl_arcos_realtime_public_grafana,hydro,DISL_ARCOS_CP,cp,Cedar Point,30.30845,-88.139533,lower_bay_west_boundary_oxygen_context,turbidity_fnu,191.8000030517578,FNU,2026-10-09T00:00:00+00:00,2026-10-09T02:28:39.420240+00:00,2026-10-09T02:28:39.420240+00:00,ARCOS_RANGE_CHECK_PASS,SOURCE_QC_NOT_EXPOSED_IN_PUBLIC_GRAFANA_FRAME,UNKNOWN_GEOMETRY_DO_NOT_USE_FOR_BOTTOM_CLASSIFICATION,,NOT_FOUND_IN_CURRENT_RESEARCH_PASS,True,False,0.0,https://www.disl.edu/arcos/
disl_arcos_realtime_public_grafana,hydro,DISL_ARCOS_CP,cp,Cedar Point,30.30845,-88.139533,lower_bay_west_boundary_oxygen_context,water_temperature_c,25.6299991607666,degC,2026-10-09T00:00:00+00:00,2026-10-09T02:28:39.420240+00:00,2026-10-09T02:28:39.420240+00:00,ARCOS_RANGE_CHECK_PASS,SOURCE_QC_NOT_EXPOSED_IN_PUBLIC_GRAFANA_FRAME,UNKNOWN_GEOMETRY_DO_NOT_USE_FOR_BOTTOM_CLASSIFICATION,,NOT_FOUND_IN_CURRENT_RESEARCH_PASS,True,False,0.0,https://www.disl.edu/arcos/
disl_arcos_realtime_public_grafana,met,DISL_ARCOS_CP,cp,Cedar Point,30.30845,-88.139533,lower_bay_west_boundary_oxygen_context,air_temperature_c,25.845333353678384,degC,2026-10-09T00:00:00+00:00,2026-10-09T02:28:39.708368+00:00,2026-10-09T02:28:39.708368+00:00,ARCOS_RANGE_CHECK_PASS,SOURCE_QC_NOT_EXPOSED_IN_PUBLIC_GRAFANA_FRAME,NOT_APPLICABLE,,NOT_FOUND_IN_CURRENT_RESEARCH_PASS,True,False,0.0,https://www.disl.edu/arcos/
disl_arcos_realtime_public_grafana,met,DISL_ARCOS_CP,cp,Cedar Point,30.30845,-88.139533,lower_bay_west_boundary_oxygen_context,barometric_pressure_inhg,29.88579330444336,inHg,2026-10-09T00:00:00+00:00,2026-10-09T02:28:39.708368+00:00,2026-10-09T02:28:39.708368+00:00,ARCOS_RANGE_CHECK_PASS,SOURCE_QC_NOT_EXPOSED_IN_PUBLIC_GRAFANA_FRAME,NOT_APPLICABLE,,NOT_FOUND_IN_CURRENT_RESEARCH_PASS,True,False,0.0,https://www.disl.edu/arcos/
disl_arcos_realtime_public_grafana,met,DISL_ARCOS_CP,cp,Cedar Point,30.30845,-88.139533,lower_bay_west_boundary_oxygen_context,precipitation,0.0,mm,2026-10-09T00:00:00+00:00,2026-10-09T02:28:39.708368+00:00,2026-10-09T02:28:39.708368+00:00,NOT_RANGE_SCREENED,SOURCE_QC_NOT_EXPOSED_IN_PUBLIC_GRAFANA_FRAME,NOT_APPLICABLE,,NOT_FOUND_IN_CURRENT_RESEARCH_PASS,True,False,0.0,https://www.disl.edu/arcos/
disl_arcos_realtime_public_grafana,met,DISL_ARCOS_CP,cp,Cedar Point,30.30845,-88.139533,lower_bay_west_boundary_oxygen_context,quantum_radiation_umol_m2_s,0.13026667137940726,umol/m2/s,2026-10-09T00:00:00+00:00,2026-10-09T02:28:39.708368+00:00,2026-10-09T02:28:39.708368+00:00,ARCOS_RANGE_CHECK_PASS,SOURCE_QC_NOT_EXPOSED_IN_PUBLIC_GRAFANA_FRAME,NOT_APPLICABLE,,NOT_FOUND_IN_CURRENT_RESEARCH_PASS,True,False,0.0,https://www.disl.edu/arcos/
disl_arcos_realtime_public_grafana,met,DISL_ARCOS_CP,cp,Cedar Point,30.30845,-88.139533,lower_bay_west_boundary_oxygen_context,relative_humidity_percent,72.14000040690104,%,2026-10-09T00:00:00+00:00,2026-10-09T02:28:39.708368+00:00,2026-10-09T02:28:39.708368+00:00,ARCOS_RANGE_CHECK_PASS,SOURCE_QC_NOT_EXPOSED_IN_PUBLIC_GRAFANA_FRAME,NOT_APPLICABLE,,NOT_FOUND_IN_CURRENT_RESEARCH_PASS,True,False,0.0,https://www.disl.edu/arcos/
disl_arcos_realtime_public_grafana,met,DISL_ARCOS_CP,cp,Cedar Point,30.30845,-88.139533,lower_bay_west_boundary_oxygen_context,solar_radiation_kw_m2,-0.0010000000474974513,kW/m2,2026-10-09T00:00:00+00:00,2026-10-09T02:28:39.708368+00:00,2026-10-09T02:28:39.708368+00:00,ARCOS_RANGE_CHECK_FAIL,SOURCE_QC_NOT_EXPOSED_IN_PUBLIC_GRAFANA_FRAME,NOT_APPLICABLE,,NOT_FOUND_IN_CURRENT_RESEARCH_PASS,True,False,0.0,https://www.disl.edu/arcos/
disl_arcos_realtime_public_grafana,met,DISL_ARCOS_CP,cp,Cedar Point,30.30845,-88.139533,lower_bay_west_boundary_oxygen_context,wind_direction_deg,38.59946441290556,degree,2026-10-09T00:00:00+00:00,2026-10-09T02:28:39.708368+00:00,2026-10-09T02:28:39.708368+00:00,ARCOS_RANGE_CHECK_PASS,SOURCE_QC_NOT_EXPOSED_IN_PUBLIC_GRAFANA_FRAME,NOT_APPLICABLE,,NOT_FOUND_IN_CURRENT_RESEARCH_PASS,True,False,0.0,https://www.disl.edu/arcos/
disl_arcos_realtime_public_grafana,met,DISL_ARCOS_CP,cp,Cedar Point,30.30845,-88.139533,lower_bay_west_boundary_oxygen_context,wind_speed,15.586000029246012,kn,2026-10-09T00:00:00+00:00,2026-10-09T02:28:39.708368+00:00,2026-10-09T02:28:39.708368+00:00,NOT_RANGE_SCREENED,SOURCE_QC_NOT_EXPOSED_IN_PUBLIC_GRAFANA_FRAME,NOT_APPLICABLE,,NOT_FOUND_IN_CURRENT_RESEARCH_PASS,True,False,0.0,https://www.disl.edu/arcos/
disl_arcos_realtime_public_grafana,met,DISL_ARCOS_GSP,gsp,Gulf State Park Pier,,,coastal_context_if_hydro_available,air_temperature_c,25.346666463216145,degC,2026-10-09T00:00:00+00:00,2026-10-09T02:28:42.645009+00:00,2026-10-09T02:28:42.645009+00:00,ARCOS_RANGE_CHECK_PASS,SOURCE_QC_NOT_EXPOSED_IN_PUBLIC_GRAFANA_FRAME,NOT_APPLICABLE,,NOT_FOUND_IN_CURRENT_RESEARCH_PASS,True,False,0.0,https://www.disl.edu/arcos/
disl_arcos_realtime_public_grafana,met,DISL_ARCOS_GSP,gsp,Gulf State Park Pier,,,coastal_context_if_hydro_available,barometric_pressure_inhg,29.881408309936525,inHg,2026-10-09T00:00:00+00:00,2026-10-09T02:28:42.645009+00:00,2026-10-09T02:28:42.645009+00:00,ARCOS_RANGE_CHECK_PASS,SOURCE_QC_NOT_EXPOSED_IN_PUBLIC_GRAFANA_FRAME,NOT_APPLICABLE,,NOT_FOUND_IN_CURRENT_RESEARCH_PASS,True,False,0.0,https://www.disl.edu/arcos/
disl_arcos_realtime_public_grafana,met,DISL_ARCOS_GSP,gsp,Gulf State Park Pier,,,coastal_context_if_hydro_available,precipitation,0.0,mm,2026-10-09T00:00:00+00:00,2026-10-09T02:28:42.645009+00:00,2026-10-09T02:28:42.645009+00:00,NOT_RANGE_SCREENED,SOURCE_QC_NOT_EXPOSED_IN_PUBLIC_GRAFANA_FRAME,NOT_APPLICABLE,,NOT_FOUND_IN_CURRENT_RESEARCH_PASS,True,False,0.0,https://www.disl.edu/arcos/
disl_arcos_realtime_public_grafana,met,DISL_ARCOS_GSP,gsp,Gulf State Park Pier,,,coastal_context_if_hydro_available,quantum_radiation_umol_m2_s,0.0,umol/m2/s,2026-10-09T00:00:00+00:00,2026-10-09T02:28:42.645009+00:00,2026-10-09T02:28:42.645009+00:00,ARCOS_RANGE_CHECK_PASS,SOURCE_QC_NOT_EXPOSED_IN_PUBLIC_GRAFANA_FRAME,NOT_APPLICABLE,,NOT_FOUND_IN_CURRENT_RESEARCH_PASS,True,False,0.0,https://www.disl.edu/arcos/
disl_arcos_realtime_public_grafana,met,DISL_ARCOS_GSP,gsp,Gulf State Park Pier,,,coastal_context_if_hydro_available,relative_humidity_percent,88.7099998474121,%,2026-10-09T00:00:00+00:00,2026-10-09T02:28:42.645009+00:00,2026-10-09T02:28:42.645009+00:00,ARCOS_RANGE_CHECK_PASS,SOURCE_QC_NOT_EXPOSED_IN_PUBLIC_GRAFANA_FRAME,NOT_APPLICABLE,,NOT_FOUND_IN_CURRENT_RESEARCH_PASS,True,False,0.0,https://www.disl.edu/arcos/
disl_arcos_realtime_public_grafana,met,DISL_ARCOS_GSP,gsp,Gulf State Park Pier,,,coastal_context_if_hydro_available,solar_radiation_kw_m2,0.0,kW/m2,2026-10-09T00:00:00+00:00,2026-10-09T02:28:42.645009+00:00,2026-10-09T02:28:42.645009+00:00,ARCOS_RANGE_CHECK_PASS,SOURCE_QC_NOT_EXPOSED_IN_PUBLIC_GRAFANA_FRAME,NOT_APPLICABLE,,NOT_FOUND_IN_CURRENT_RESEARCH_PASS,True,False,0.0,https://www.disl.edu/arcos/
disl_arcos_realtime_public_grafana,met,DISL_ARCOS_GSP,gsp,Gulf State Park Pier,,,coastal_context_if_hydro_available,wind_direction_deg,80.90543206580878,degree,2026-10-09T00:00:00+00:00,2026-10-09T02:28:42.645009+00:00,2026-10-09T02:28:42.645009+00:00,ARCOS_RANGE_CHECK_PASS,SOURCE_QC_NOT_EXPOSED_IN_PUBLIC_GRAFANA_FRAME,NOT_APPLICABLE,,NOT_FOUND_IN_CURRENT_RESEARCH_PASS,True,False,0.0,https://www.disl.edu/arcos/
disl_arcos_realtime_public_grafana,met,DISL_ARCOS_GSP,gsp,Gulf State Park Pier,,,coastal_context_if_hydro_available,wind_speed,5.7962666591008505,kn,2026-10-09T00:00:00+00:00,2026-10-09T02:28:42.645009+00:00,2026-10-09T02:28:42.645009+00:00,NOT_RANGE_SCREENED,SOURCE_QC_NOT_EXPOSED_IN_PUBLIC_GRAFANA_FRAME,NOT_APPLICABLE,,NOT_FOUND_IN_CURRENT_RESEARCH_PASS,True,False,0.0,https://www.disl.edu/arcos/
disl_arcos_realtime_public_grafana,hydro,DISL_ARCOS_KC,kc,Katrina Cut,30.2583,-88.2131,western_bay_mouth_oxygen_context,depth_field_m,4.0329999923706055,m,2026-10-09T00:00:00+00:00,2026-10-09T02:28:40.542948+00:00,2026-10-09T02:28:40.542948+00:00,SOURCE_QC_NOT_EXPOSED,SOURCE_QC_NOT_EXPOSED_IN_PUBLIC_GRAFANA_FRAME,UNKNOWN_GEOMETRY_DO_NOT_USE_FOR_BOTTOM_CLASSIFICATION,0.5,HISTORICAL_ARCOS_OBSERVATION_GEOMETRY,True,False,0.0,https://www.disl.edu/arcos/
disl_arcos_realtime_public_grafana,hydro,DISL_ARCOS_KC,kc,Katrina Cut,30.2583,-88.2131,western_bay_mouth_oxygen_context,dissolved_oxygen_mg_l,6.800000190734863,mg/L,2026-10-09T00:00:00+00:00,2026-10-09T02:28:40.542948+00:00,2026-10-09T02:28:40.542948+00:00,ARCOS_RANGE_CHECK_PASS,SOURCE_QC_NOT_EXPOSED_IN_PUBLIC_GRAFANA_FRAME,UNKNOWN_GEOMETRY_DO_NOT_USE_FOR_BOTTOM_CLASSIFICATION,0.5,HISTORICAL_ARCOS_OBSERVATION_GEOMETRY,True,False,0.0,https://www.disl.edu/arcos/
disl_arcos_realtime_public_grafana,hydro,DISL_ARCOS_KC,kc,Katrina Cut,30.2583,-88.2131,western_bay_mouth_oxygen_context,dissolved_oxygen_percent,96.9000015258789,%,2026-10-09T00:00:00+00:00,2026-10-09T02:28:40.542948+00:00,2026-10-09T02:28:40.542948+00:00,ARCOS_RANGE_CHECK_PASS,SOURCE_QC_NOT_EXPOSED_IN_PUBLIC_GRAFANA_FRAME,UNKNOWN_GEOMETRY_DO_NOT_USE_FOR_BOTTOM_CLASSIFICATION,0.5,HISTORICAL_ARCOS_OBSERVATION_GEOMETRY,True,False,0.0,https://www.disl.edu/arcos/
disl_arcos_realtime_public_grafana,hydro,DISL_ARCOS_KC,kc,Katrina Cut,30.2583,-88.2131,western_bay_mouth_oxygen_context,pressure_psi,5.809999942779541,psi,2026-10-09T00:00:00+00:00,2026-10-09T02:28:40.542948+00:00,2026-10-09T02:28:40.542948+00:00,NOT_RANGE_SCREENED,SOURCE_QC_NOT_EXPOSED_IN_PUBLIC_GRAFANA_FRAME,UNKNOWN_GEOMETRY_DO_NOT_USE_FOR_BOTTOM_CLASSIFICATION,0.5,HISTORICAL_ARCOS_OBSERVATION_GEOMETRY,True,False,0.0,https://www.disl.edu/arcos/
disl_arcos_realtime_public_grafana,hydro,DISL_ARCOS_KC,kc,Katrina Cut,30.2583,-88.2131,western_bay_mouth_oxygen_context,salinity_psu,25.459999084472656,PSU,2026-10-09T00:00:00+00:00,2026-10-09T02:28:40.542948+00:00,2026-10-09T02:28:40.542948+00:00,ARCOS_RANGE_CHECK_PASS,SOURCE_QC_NOT_EXPOSED_IN_PUBLIC_GRAFANA_FRAME,UNKNOWN_GEOMETRY_DO_NOT_USE_FOR_BOTTOM_CLASSIFICATION,0.5,HISTORICAL_ARCOS_OBSERVATION_GEOMETRY,True,False,0.0,https://www.disl.edu/arcos/
disl_arcos_realtime_public_grafana,hydro,DISL_ARCOS_KC,kc,Katrina Cut,30.2583,-88.2131,western_bay_mouth_oxygen_context,turbidity_fnu,10.619999885559082,FNU,2026-10-09T00:00:00+00:00,2026-10-09T02:28:40.542948+00:00,2026-10-09T02:28:40.542948+00:00,ARCOS_RANGE_CHECK_PASS,SOURCE_QC_NOT_EXPOSED_IN_PUBLIC_GRAFANA_FRAME,UNKNOWN_GEOMETRY_DO_NOT_USE_FOR_BOTTOM_CLASSIFICATION,0.5,HISTORICAL_ARCOS_OBSERVATION_GEOMETRY,True,False,0.0,https://www.disl.edu/arcos/
disl_arcos_realtime_public_grafana,hydro,DISL_ARCOS_KC,kc,Katrina Cut,30.2583,-88.2131,western_bay_mouth_oxygen_context,water_temperature_c,26.059999465942383,degC,2026-10-09T00:00:00+00:00,2026-10-09T02:28:40.542948+00:00,2026-10-09T02:28:40.542948+00:00,ARCOS_RANGE_CHECK_PASS,SOURCE_QC_NOT_EXPOSED_IN_PUBLIC_GRAFANA_FRAME,UNKNOWN_GEOMETRY_DO_NOT_USE_FOR_BOTTOM_CLASSIFICATION,0.5,HISTORICAL_ARCOS_OBSERVATION_GEOMETRY,True,False,0.0,https://www.disl.edu/arcos/
disl_arcos_realtime_public_grafana,met,DISL_ARCOS_KC,kc,Katrina Cut,30.2583,-88.2131,western_bay_mouth_oxygen_context,air_temperature_c,26.71266663869222,degC,2026-10-09T00:00:00+00:00,2026-10-09T02:28:40.744126+00:00,2026-10-09T02:28:40.744126+00:00,ARCOS_RANGE_CHECK_PASS,SOURCE_QC_NOT_EXPOSED_IN_PUBLIC_GRAFANA_FRAME,NOT_APPLICABLE,0.5,HISTORICAL_ARCOS_OBSERVATION_GEOMETRY,True,False,0.0,https://www.disl.edu/arcos/
disl_arcos_realtime_public_grafana,met,DISL_ARCOS_KC,kc,Katrina Cut,30.2583,-88.2131,western_bay_mouth_oxygen_context,barometric_pressure_inhg,29.884503873189292,inHg,2026-10-09T00:00:00+00:00,2026-10-09T02:28:40.744126+00:00,2026-10-09T02:28:40.744126+00:00,ARCOS_RANGE_CHECK_PASS,SOURCE_QC_NOT_EXPOSED_IN_PUBLIC_GRAFANA_FRAME,NOT_APPLICABLE,0.5,HISTORICAL_ARCOS_OBSERVATION_GEOMETRY,True,False,0.0,https://www.disl.edu/arcos/
disl_arcos_realtime_public_grafana,met,DISL_ARCOS_KC,kc,Katrina Cut,30.2583,-88.2131,western_bay_mouth_oxygen_context,precipitation,0.0,mm,2026-10-09T00:00:00+00:00,2026-10-09T02:28:40.744126+00:00,2026-10-09T02:28:40.744126+00:00,NOT_RANGE_SCREENED,SOURCE_QC_NOT_EXPOSED_IN_PUBLIC_GRAFANA_FRAME,NOT_APPLICABLE,0.5,HISTORICAL_ARCOS_OBSERVATION_GEOMETRY,True,False,0.0,https://www.disl.edu/arcos/
disl_arcos_realtime_public_grafana,met,DISL_ARCOS_KC,kc,Katrina Cut,30.2583,-88.2131,western_bay_mouth_oxygen_context,quantum_radiation_umol_m2_s,14.60680012702942,umol/m2/s,2026-10-09T00:00:00+00:00,2026-10-09T02:28:40.744126+00:00,2026-10-09T02:28:40.744126+00:00,ARCOS_RANGE_CHECK_PASS,SOURCE_QC_NOT_EXPOSED_IN_PUBLIC_GRAFANA_FRAME,NOT_APPLICABLE,0.5,HISTORICAL_ARCOS_OBSERVATION_GEOMETRY,True,False,0.0,https://www.disl.edu/arcos/
disl_arcos_realtime_public_grafana,met,DISL_ARCOS_KC,kc,Katrina Cut,30.2583,-88.2131,western_bay_mouth_oxygen_context,relative_humidity_percent,85.45666732788087,%,2026-10-09T00:00:00+00:00,2026-10-09T02:28:40.744126+00:00,2026-10-09T02:28:40.744126+00:00,ARCOS_RANGE_CHECK_PASS,SOURCE_QC_NOT_EXPOSED_IN_PUBLIC_GRAFANA_FRAME,NOT_APPLICABLE,0.5,HISTORICAL_ARCOS_OBSERVATION_GEOMETRY,True,False,0.0,https://www.disl.edu/arcos/
disl_arcos_realtime_public_grafana,met,DISL_ARCOS_KC,kc,Katrina Cut,30.2583,-88.2131,western_bay_mouth_oxygen_context,solar_radiation_kw_m2,0.006666666688397526,kW/m2,2026-10-09T00:00:00+00:00,2026-10-09T02:28:40.744126+00:00,2026-10-09T02:28:40.744126+00:00,ARCOS_RANGE_CHECK_PASS,SOURCE_QC_NOT_EXPOSED_IN_PUBLIC_GRAFANA_FRAME,NOT_APPLICABLE,0.5,HISTORICAL_ARCOS_OBSERVATION_GEOMETRY,True,False,0.0,https://www.disl.edu/arcos/
disl_arcos_realtime_public_grafana,met,DISL_ARCOS_KC,kc,Katrina Cut,30.2583,-88.2131,western_bay_mouth_oxygen_context,wind_direction_deg,50.554646189593164,degree,2026-10-09T00:00:00+00:00,2026-10-09T02:28:40.744126+00:00,2026-10-09T02:28:40.744126+00:00,ARCOS_RANGE_CHECK_PASS,SOURCE_QC_NOT_EXPOSED_IN_PUBLIC_GRAFANA_FRAME,NOT_APPLICABLE,0.5,HISTORICAL_ARCOS_OBSERVATION_GEOMETRY,True,False,0.0,https://www.disl.edu/arcos/
disl_arcos_realtime_public_grafana,met,DISL_ARCOS_KC,kc,Katrina Cut,30.2583,-88.2131,western_bay_mouth_oxygen_context,wind_speed,36.66066665649414,kn,2026-10-09T00:00:00+00:00,2026-10-09T02:28:40.744126+00:00,2026-10-09T02:28:40.744126+00:00,NOT_RANGE_SCREENED,SOURCE_QC_NOT_EXPOSED_IN_PUBLIC_GRAFANA_FRAME,NOT_APPLICABLE,0.5,HISTORICAL_ARCOS_OBSERVATION_GEOMETRY,True,False,0.0,https://www.disl.edu/arcos/
disl_arcos_realtime_public_grafana,hydro,DISL_ARCOS_MP,mp,Meaher Park,30.667152,-87.936459,upper_bay_oxygen_loading_proxy,depth_field_m,0.0,m,2026-10-09T00:00:00+00:00,2026-10-09T02:28:38.811269+00:00,2026-10-09T02:28:38.811269+00:00,SOURCE_QC_NOT_EXPOSED,SOURCE_QC_NOT_EXPOSED_IN_PUBLIC_GRAFANA_FRAME,UNKNOWN_GEOMETRY_DO_NOT_USE_FOR_BOTTOM_CLASSIFICATION,0.5,RECENT_2023_2025_EXO2_GEOMETRY,True,False,0.0,https://www.disl.edu/arcos/
disl_arcos_realtime_public_grafana,hydro,DISL_ARCOS_MP,mp,Meaher Park,30.667152,-87.936459,upper_bay_oxygen_loading_proxy,dissolved_oxygen_mg_l,0.5799999833106995,mg/L,2026-10-09T00:00:00+00:00,2026-10-09T02:28:38.811269+00:00,2026-10-09T02:28:38.811269+00:00,ARCOS_RANGE_CHECK_PASS,SOURCE_QC_NOT_EXPOSED_IN_PUBLIC_GRAFANA_FRAME,UNKNOWN_GEOMETRY_DO_NOT_USE_FOR_BOTTOM_CLASSIFICATION,0.5,RECENT_2023_2025_EXO2_GEOMETRY,True,False,0.0,https://www.disl.edu/arcos/
disl_arcos_realtime_public_grafana,hydro,DISL_ARCOS_MP,mp,Meaher Park,30.667152,-87.936459,upper_bay_oxygen_loading_proxy,dissolved_oxygen_percent,7.730000019073486,%,2026-10-09T00:00:00+00:00,2026-10-09T02:28:38.811269+00:00,2026-10-09T02:28:38.811269+00:00,ARCOS_RANGE_CHECK_PASS,SOURCE_QC_NOT_EXPOSED_IN_PUBLIC_GRAFANA_FRAME,UNKNOWN_GEOMETRY_DO_NOT_USE_FOR_BOTTOM_CLASSIFICATION,0.5,RECENT_2023_2025_EXO2_GEOMETRY,True,False,0.0,https://www.disl.edu/arcos/
disl_arcos_realtime_public_grafana,hydro,DISL_ARCOS_MP,mp,Meaher Park,30.667152,-87.936459,upper_bay_oxygen_loading_proxy,pressure_psi,0.0,psi,2026-10-09T00:00:00+00:00,2026-10-09T02:28:38.811269+00:00,2026-10-09T02:28:38.811269+00:00,NOT_RANGE_SCREENED,SOURCE_QC_NOT_EXPOSED_IN_PUBLIC_GRAFANA_FRAME,UNKNOWN_GEOMETRY_DO_NOT_USE_FOR_BOTTOM_CLASSIFICATION,0.5,RECENT_2023_2025_EXO2_GEOMETRY,True,False,0.0,https://www.disl.edu/arcos/
disl_arcos_realtime_public_grafana,hydro,DISL_ARCOS_MP,mp,Meaher Park,30.667152,-87.936459,upper_bay_oxygen_loading_proxy,salinity_psu,11.079999923706055,PSU,2026-10-09T00:00:00+00:00,2026-10-09T02:28:38.811269+00:00,2026-10-09T02:28:38.811269+00:00,ARCOS_RANGE_CHECK_PASS,SOURCE_QC_NOT_EXPOSED_IN_PUBLIC_GRAFANA_FRAME,UNKNOWN_GEOMETRY_DO_NOT_USE_FOR_BOTTOM_CLASSIFICATION,0.5,RECENT_2023_2025_EXO2_GEOMETRY,True,False,0.0,https://www.disl.edu/arcos/
disl_arcos_realtime_public_grafana,hydro,DISL_ARCOS_MP,mp,Meaher Park,30.667152,-87.936459,upper_bay_oxygen_loading_proxy,turbidity_fnu,3.740000009536743,FNU,2026-10-09T00:00:00+00:00,2026-10-09T02:28:38.811269+00:00,2026-10-09T02:28:38.811269+00:00,ARCOS_RANGE_CHECK_PASS,SOURCE_QC_NOT_EXPOSED_IN_PUBLIC_GRAFANA_FRAME,UNKNOWN_GEOMETRY_DO_NOT_USE_FOR_BOTTOM_CLASSIFICATION,0.5,RECENT_2023_2025_EXO2_GEOMETRY,True,False,0.0,https://www.disl.edu/arcos/
disl_arcos_realtime_public_grafana,hydro,DISL_ARCOS_MP,mp,Meaher Park,30.667152,-87.936459,upper_bay_oxygen_loading_proxy,water_temperature_c,27.3799991607666,degC,2026-10-09T00:00:00+00:00,2026-10-09T02:28:38.811269+00:00,2026-10-09T02:28:38.811269+00:00,ARCOS_RANGE_CHECK_PASS,SOURCE_QC_NOT_EXPOSED_IN_PUBLIC_GRAFANA_FRAME,UNKNOWN_GEOMETRY_DO_NOT_USE_FOR_BOTTOM_CLASSIFICATION,0.5,RECENT_2023_2025_EXO2_GEOMETRY,True,False,0.0,https://www.disl.edu/arcos/
disl_arcos_realtime_public_grafana,met,DISL_ARCOS_MP,mp,Meaher Park,30.667152,-87.936459,upper_bay_oxygen_loading_proxy,air_temperature_c,24.040999921162925,degC,2026-10-09T00:00:00+00:00,2026-10-09T02:28:39.047209+00:00,2026-10-09T02:28:39.047209+00:00,ARCOS_RANGE_CHECK_PASS,SOURCE_QC_NOT_EXPOSED_IN_PUBLIC_GRAFANA_FRAME,NOT_APPLICABLE,0.5,RECENT_2023_2025_EXO2_GEOMETRY,True,False,0.0,https://www.disl.edu/arcos/
disl_arcos_realtime_public_grafana,met,DISL_ARCOS_MP,mp,Meaher Park,30.667152,-87.936459,upper_bay_oxygen_loading_proxy,barometric_pressure_inhg,29.994505564371746,inHg,2026-10-09T00:00:00+00:00,2026-10-09T02:28:39.047209+00:00,2026-10-09T02:28:39.047209+00:00,ARCOS_RANGE_CHECK_PASS,SOURCE_QC_NOT_EXPOSED_IN_PUBLIC_GRAFANA_FRAME,NOT_APPLICABLE,0.5,RECENT_2023_2025_EXO2_GEOMETRY,True,False,0.0,https://www.disl.edu/arcos/
disl_arcos_realtime_public_grafana,met,DISL_ARCOS_MP,mp,Meaher Park,30.667152,-87.936459,upper_bay_oxygen_loading_proxy,precipitation,0.0,in,2026-10-09T00:00:00+00:00,2026-10-09T02:28:39.047209+00:00,2026-10-09T02:28:39.047209+00:00,NOT_RANGE_SCREENED,SOURCE_QC_NOT_EXPOSED_IN_PUBLIC_GRAFANA_FRAME,NOT_APPLICABLE,0.5,RECENT_2023_2025_EXO2_GEOMETRY,True,False,0.0,https://www.disl.edu/arcos/
disl_arcos_realtime_public_grafana,met,DISL_ARCOS_MP,mp,Meaher Park,30.667152,-87.936459,upper_bay_oxygen_loading_proxy,quantum_radiation_umol_m2_s,0.0,umol/m2/s,2026-10-09T00:00:00+00:00,2026-10-09T02:28:39.047209+00:00,2026-10-09T02:28:39.047209+00:00,ARCOS_RANGE_CHECK_PASS,SOURCE_QC_NOT_EXPOSED_IN_PUBLIC_GRAFANA_FRAME,NOT_APPLICABLE,0.5,RECENT_2023_2025_EXO2_GEOMETRY,True,False,0.0,https://www.disl.edu/arcos/
disl_arcos_realtime_public_grafana,met,DISL_ARCOS_MP,mp,Meaher Park,30.667152,-87.936459,upper_bay_oxygen_loading_proxy,relative_humidity_percent,85.79999974568685,%,2026-10-09T00:00:00+00:00,2026-10-09T02:28:39.047209+00:00,2026-10-09T02:28:39.047209+00:00,ARCOS_RANGE_CHECK_PASS,SOURCE_QC_NOT_EXPOSED_IN_PUBLIC_GRAFANA_FRAME,NOT_APPLICABLE,0.5,RECENT_2023_2025_EXO2_GEOMETRY,True,False,0.0,https://www.disl.edu/arcos/
disl_arcos_realtime_public_grafana,met,DISL_ARCOS_MP,mp,Meaher Park,30.667152,-87.936459,upper_bay_oxygen_loading_proxy,solar_radiation_kw_m2,-0.0010000000474974513,kW/m2,2026-10-09T00:00:00+00:00,2026-10-09T02:28:39.047209+00:00,2026-10-09T02:28:39.047209+00:00,ARCOS_RANGE_CHECK_FAIL,SOURCE_QC_NOT_EXPOSED_IN_PUBLIC_GRAFANA_FRAME,NOT_APPLICABLE,0.5,RECENT_2023_2025_EXO2_GEOMETRY,True,False,0.0,https://www.disl.edu/arcos/
disl_arcos_realtime_public_grafana,met,DISL_ARCOS_MP,mp,Meaher Park,30.667152,-87.936459,upper_bay_oxygen_loading_proxy,wind_direction_deg,331.91191177750574,degree,2026-10-09T00:00:00+00:00,2026-10-09T02:28:39.047209+00:00,2026-10-09T02:28:39.047209+00:00,ARCOS_RANGE_CHECK_PASS,SOURCE_QC_NOT_EXPOSED_IN_PUBLIC_GRAFANA_FRAME,NOT_APPLICABLE,0.5,RECENT_2023_2025_EXO2_GEOMETRY,True,False,0.0,https://www.disl.edu/arcos/
disl_arcos_realtime_public_grafana,met,DISL_ARCOS_MP,mp,Meaher Park,30.667152,-87.936459,upper_bay_oxygen_loading_proxy,wind_speed,4.26156664689382,kn,2026-10-09T00:00:00+00:00,2026-10-09T02:28:39.047209+00:00,2026-10-09T02:28:39.047209+00:00,NOT_RANGE_SCREENED,SOURCE_QC_NOT_EXPOSED_IN_PUBLIC_GRAFANA_FRAME,NOT_APPLICABLE,0.5,RECENT_2023_2025_EXO2_GEOMETRY,True,False,0.0,https://www.disl.edu/arcos/
disl_arcos_realtime_public_grafana,hydro,DISL_ARCOS_PP,pp,Perdido Pass,30.2791,-87.5561,eastern_coastal_boundary_oxygen_context,depth_field_m,1.3940000534057617,m,2026-10-09T00:00:00+00:00,2026-10-09T02:28:40.989977+00:00,2026-10-09T02:28:40.989977+00:00,SOURCE_QC_NOT_EXPOSED,SOURCE_QC_NOT_EXPOSED_IN_PUBLIC_GRAFANA_FRAME,UNKNOWN_GEOMETRY_DO_NOT_USE_FOR_BOTTOM_CLASSIFICATION,0.5,HISTORICAL_NEAR_BOTTOM_GEOMETRY,True,False,0.0,https://www.disl.edu/arcos/
disl_arcos_realtime_public_grafana,hydro,DISL_ARCOS_PP,pp,Perdido Pass,30.2791,-87.5561,eastern_coastal_boundary_oxygen_context,dissolved_oxygen_mg_l,6.050000190734863,mg/L,2026-10-09T00:00:00+00:00,2026-10-09T02:28:40.989977+00:00,2026-10-09T02:28:40.989977+00:00,ARCOS_RANGE_CHECK_PASS,SOURCE_QC_NOT_EXPOSED_IN_PUBLIC_GRAFANA_FRAME,UNKNOWN_GEOMETRY_DO_NOT_USE_FOR_BOTTOM_CLASSIFICATION,0.5,HISTORICAL_NEAR_BOTTOM_GEOMETRY,True,False,0.0,https://www.disl.edu/arcos/
disl_arcos_realtime_public_grafana,hydro,DISL_ARCOS_PP,pp,Perdido Pass,30.2791,-87.5561,eastern_coastal_boundary_oxygen_context,dissolved_oxygen_percent,101.4000015258789,%,2026-10-09T00:00:00+00:00,2026-10-09T02:28:40.989977+00:00,2026-10-09T02:28:40.989977+00:00,ARCOS_RANGE_CHECK_PASS,SOURCE_QC_NOT_EXPOSED_IN_PUBLIC_GRAFANA_FRAME,UNKNOWN_GEOMETRY_DO_NOT_USE_FOR_BOTTOM_CLASSIFICATION,0.5,HISTORICAL_NEAR_BOTTOM_GEOMETRY,True,False,0.0,https://www.disl.edu/arcos/
disl_arcos_realtime_public_grafana,hydro,DISL_ARCOS_PP,pp,Perdido Pass,30.2791,-87.5561,eastern_coastal_boundary_oxygen_context,pressure_psi,2.009999990463257,psi,2026-10-09T00:00:00+00:00,2026-10-09T02:28:40.989977+00:00,2026-10-09T02:28:40.989977+00:00,NOT_RANGE_SCREENED,SOURCE_QC_NOT_EXPOSED_IN_PUBLIC_GRAFANA_FRAME,UNKNOWN_GEOMETRY_DO_NOT_USE_FOR_BOTTOM_CLASSIFICATION,0.5,HISTORICAL_NEAR_BOTTOM_GEOMETRY,True,False,0.0,https://www.disl.edu/arcos/
disl_arcos_realtime_public_grafana,hydro,DISL_ARCOS_PP,pp,Perdido Pass,30.2791,-87.5561,eastern_coastal_boundary_oxygen_context,salinity_psu,24.100000381469727,PSU,2026-10-09T00:00:00+00:00,2026-10-09T02:28:40.989977+00:00,2026-10-09T02:28:40.989977+00:00,ARCOS_RANGE_CHECK_PASS,SOURCE_QC_NOT_EXPOSED_IN_PUBLIC_GRAFANA_FRAME,UNKNOWN_GEOMETRY_DO_NOT_USE_FOR_BOTTOM_CLASSIFICATION,0.5,HISTORICAL_NEAR_BOTTOM_GEOMETRY,True,False,0.0,https://www.disl.edu/arcos/
disl_arcos_realtime_public_grafana,hydro,DISL_ARCOS_PP,pp,Perdido Pass,30.2791,-87.5561,eastern_coastal_boundary_oxygen_context,turbidity_fnu,1.2599999904632568,FNU,2026-10-09T00:00:00+00:00,2026-10-09T02:28:40.989977+00:00,2026-10-09T02:28:40.989977+00:00,ARCOS_RANGE_CHECK_PASS,SOURCE_QC_NOT_EXPOSED_IN_PUBLIC_GRAFANA_FRAME,UNKNOWN_GEOMETRY_DO_NOT_USE_FOR_BOTTOM_CLASSIFICATION,0.5,HISTORICAL_NEAR_BOTTOM_GEOMETRY,True,False,0.0,https://www.disl.edu/arcos/
disl_arcos_realtime_public_grafana,hydro,DISL_ARCOS_PP,pp,Perdido Pass,30.2791,-87.5561,eastern_coastal_boundary_oxygen_context,water_temperature_c,26.75,degC,2026-10-09T00:00:00+00:00,2026-10-09T02:28:40.989977+00:00,2026-10-09T02:28:40.989977+00:00,ARCOS_RANGE_CHECK_PASS,SOURCE_QC_NOT_EXPOSED_IN_PUBLIC_GRAFANA_FRAME,UNKNOWN_GEOMETRY_DO_NOT_USE_FOR_BOTTOM_CLASSIFICATION,0.5,HISTORICAL_NEAR_BOTTOM_GEOMETRY,True,False,0.0,https://www.disl.edu/arcos/
disl_arcos_realtime_public_grafana,met,DISL_ARCOS_PP,pp,Perdido Pass,30.2791,-87.5561,eastern_coastal_boundary_oxygen_context,air_temperature_c,29.29366658528646,degC,2026-10-09T00:00:00+00:00,2026-10-09T02:28:41.324994+00:00,2026-10-09T02:28:41.324994+00:00,ARCOS_RANGE_CHECK_PASS,SOURCE_QC_NOT_EXPOSED_IN_PUBLIC_GRAFANA_FRAME,NOT_APPLICABLE,0.5,HISTORICAL_NEAR_BOTTOM_GEOMETRY,True,False,0.0,https://www.disl.edu/arcos/
disl_arcos_realtime_public_grafana,met,DISL_ARCOS_PP,pp,Perdido Pass,30.2791,-87.5561,eastern_coastal_boundary_oxygen_context,barometric_pressure_inhg,29.91330280303955,inHg,2026-10-09T00:00:00+00:00,2026-10-09T02:28:41.324994+00:00,2026-10-09T02:28:41.324994+00:00,ARCOS_RANGE_CHECK_PASS,SOURCE_QC_NOT_EXPOSED_IN_PUBLIC_GRAFANA_FRAME,NOT_APPLICABLE,0.5,HISTORICAL_NEAR_BOTTOM_GEOMETRY,True,False,0.0,https://www.disl.edu/arcos/
disl_arcos_realtime_public_grafana,met,DISL_ARCOS_PP,pp,Perdido Pass,30.2791,-87.5561,eastern_coastal_boundary_oxygen_context,precipitation,0.0,mm,2026-10-09T00:00:00+00:00,2026-10-09T02:28:41.324994+00:00,2026-10-09T02:28:41.324994+00:00,NOT_RANGE_SCREENED,SOURCE_QC_NOT_EXPOSED_IN_PUBLIC_GRAFANA_FRAME,NOT_APPLICABLE,0.5,HISTORICAL_NEAR_BOTTOM_GEOMETRY,True,False,0.0,https://www.disl.edu/arcos/
disl_arcos_realtime_public_grafana,met,DISL_ARCOS_PP,pp,Perdido Pass,30.2791,-87.5561,eastern_coastal_boundary_oxygen_context,quantum_radiation_umol_m2_s,0.0,umol/m2/s,2026-10-09T00:00:00+00:00,2026-10-09T02:28:41.324994+00:00,2026-10-09T02:28:41.324994+00:00,ARCOS_RANGE_CHECK_PASS,SOURCE_QC_NOT_EXPOSED_IN_PUBLIC_GRAFANA_FRAME,NOT_APPLICABLE,0.5,HISTORICAL_NEAR_BOTTOM_GEOMETRY,True,False,0.0,https://www.disl.edu/arcos/
disl_arcos_realtime_public_grafana,met,DISL_ARCOS_PP,pp,Perdido Pass,30.2791,-87.5561,eastern_coastal_boundary_oxygen_context,relative_humidity_percent,77.45866622924805,%,2026-10-09T00:00:00+00:00,2026-10-09T02:28:41.324994+00:00,2026-10-09T02:28:41.324994+00:00,ARCOS_RANGE_CHECK_PASS,SOURCE_QC_NOT_EXPOSED_IN_PUBLIC_GRAFANA_FRAME,NOT_APPLICABLE,0.5,HISTORICAL_NEAR_BOTTOM_GEOMETRY,True,False,0.0,https://www.disl.edu/arcos/
disl_arcos_realtime_public_grafana,met,DISL_ARCOS_PP,pp,Perdido Pass,30.2791,-87.5561,eastern_coastal_boundary_oxygen_context,solar_radiation_kw_m2,-0.0020000000949949026,kW/m2,2026-10-09T00:00:00+00:00,2026-10-09T02:28:41.324994+00:00,2026-10-09T02:28:41.324994+00:00,ARCOS_RANGE_CHECK_FAIL,SOURCE_QC_NOT_EXPOSED_IN_PUBLIC_GRAFANA_FRAME,NOT_APPLICABLE,0.5,HISTORICAL_NEAR_BOTTOM_GEOMETRY,True,False,0.0,https://www.disl.edu/arcos/
disl_arcos_realtime_public_grafana,met,DISL_ARCOS_PP,pp,Perdido Pass,30.2791,-87.5561,eastern_coastal_boundary_oxygen_context,wind_direction_deg,72.60441389293628,degree,2026-10-09T00:00:00+00:00,2026-10-09T02:28:41.324994+00:00,2026-10-09T02:28:41.324994+00:00,ARCOS_RANGE_CHECK_PASS,SOURCE_QC_NOT_EXPOSED_IN_PUBLIC_GRAFANA_FRAME,NOT_APPLICABLE,0.5,HISTORICAL_NEAR_BOTTOM_GEOMETRY,True,False,0.0,https://www.disl.edu/arcos/
disl_arcos_realtime_public_grafana,met,DISL_ARCOS_PP,pp,Perdido Pass,30.2791,-87.5561,eastern_coastal_boundary_oxygen_context,wind_speed,9.635666656494141,kn,2026-10-09T00:00:00+00:00,2026-10-09T02:28:41.324994+00:00,2026-10-09T02:28:41.324994+00:00,NOT_RANGE_SCREENED,SOURCE_QC_NOT_EXPOSED_IN_PUBLIC_GRAFANA_FRAME,NOT_APPLICABLE,0.5,HISTORICAL_NEAR_BOTTOM_GEOMETRY,True,False,0.0,https://www.disl.edu/arcos/
disl_arcos_realtime_public_grafana,met,DISL_ARCOS_BSP,bsp,Battleship Park,30.682697,-88.012211,upper_bay_oxygen_loading_context,air_temperature_c,25.491666730244955,degC,2026-10-09T00:30:00+00:00,2026-10-09T02:28:42.233975+00:00,2026-10-09T02:28:42.233975+00:00,ARCOS_RANGE_CHECK_PASS,SOURCE_QC_NOT_EXPOSED_IN_PUBLIC_GRAFANA_FRAME,NOT_APPLICABLE,0.5,RECENT_2023_2025_EXO2_GEOMETRY,True,False,0.0,https://www.disl.edu/arcos/
disl_arcos_realtime_public_grafana,met,DISL_ARCOS_BSP,bsp,Battleship Park,30.682697,-88.012211,upper_bay_oxygen_loading_context,barometric_pressure_inhg,29.919873873392742,inHg,2026-10-09T00:30:00+00:00,2026-10-09T02:28:42.233975+00:00,2026-10-09T02:28:42.233975+00:00,ARCOS_RANGE_CHECK_PASS,SOURCE_QC_NOT_EXPOSED_IN_PUBLIC_GRAFANA_FRAME,NOT_APPLICABLE,0.5,RECENT_2023_2025_EXO2_GEOMETRY,True,False,0.0,https://www.disl.edu/arcos/
disl_arcos_realtime_public_grafana,met,DISL_ARCOS_BSP,bsp,Battleship Park,30.682697,-88.012211,upper_bay_oxygen_loading_context,precipitation,0.0,in,2026-10-09T00:30:00+00:00,2026-10-09T02:28:42.233975+00:00,2026-10-09T02:28:42.233975+00:00,NOT_RANGE_SCREENED,SOURCE_QC_NOT_EXPOSED_IN_PUBLIC_GRAFANA_FRAME,NOT_APPLICABLE,0.5,RECENT_2023_2025_EXO2_GEOMETRY,True,False,0.0,https://www.disl.edu/arcos/
disl_arcos_realtime_public_grafana,met,DISL_ARCOS_BSP,bsp,Battleship Park,30.682697,-88.012211,upper_bay_oxygen_loading_context,quantum_radiation_umol_m2_s,0.0,umol/m2/s,2026-10-09T00:30:00+00:00,2026-10-09T02:28:42.233975+00:00,2026-10-09T02:28:42.233975+00:00,ARCOS_RANGE_CHECK_PASS,SOURCE_QC_NOT_EXPOSED_IN_PUBLIC_GRAFANA_FRAME,NOT_APPLICABLE,0.5,RECENT_2023_2025_EXO2_GEOMETRY,True,False,0.0,https://www.disl.edu/arcos/
disl_arcos_realtime_public_grafana,met,DISL_ARCOS_BSP,bsp,Battleship Park,30.682697,-88.012211,upper_bay_oxygen_loading_context,relative_humidity_percent,85.65000076293946,%,2026-10-09T00:30:00+00:00,2026-10-09T02:28:42.233975+00:00,2026-10-09T02:28:42.233975+00:00,ARCOS_RANGE_CHECK_PASS,SOURCE_QC_NOT_EXPOSED_IN_PUBLIC_GRAFANA_FRAME,NOT_APPLICABLE,0.5,RECENT_2023_2025_EXO2_GEOMETRY,True,False,0.0,https://www.disl.edu/arcos/
disl_arcos_realtime_public_grafana,met,DISL_ARCOS_BSP,bsp,Battleship Park,30.682697,-88.012211,upper_bay_oxygen_loading_context,solar_radiation_kw_m2,-0.0010000000474974513,kW/m2,2026-10-09T00:30:00+00:00,2026-10-09T02:28:42.233975+00:00,2026-10-09T02:28:42.233975+00:00,ARCOS_RANGE_CHECK_FAIL,SOURCE_QC_NOT_EXPOSED_IN_PUBLIC_GRAFANA_FRAME,NOT_APPLICABLE,0.5,RECENT_2023_2025_EXO2_GEOMETRY,True,False,0.0,https://www.disl.edu/arcos/
disl_arcos_realtime_public_grafana,met,DISL_ARCOS_BSP,bsp,Battleship Park,30.682697,-88.012211,upper_bay_oxygen_loading_context,wind_direction_deg,41.87450707653051,degree,2026-10-09T00:30:00+00:00,2026-10-09T02:28:42.233975+00:00,2026-10-09T02:28:42.233975+00:00,ARCOS_RANGE_CHECK_PASS,SOURCE_QC_NOT_EXPOSED_IN_PUBLIC_GRAFANA_FRAME,NOT_APPLICABLE,0.5,RECENT_2023_2025_EXO2_GEOMETRY,True,False,0.0,https://www.disl.edu/arcos/
disl_arcos_realtime_public_grafana,met,DISL_ARCOS_BSP,bsp,Battleship Park,30.682697,-88.012211,upper_bay_oxygen_loading_context,wind_speed,13.471333281199138,kn,2026-10-09T00:30:00+00:00,2026-10-09T02:28:42.233975+00:00,2026-10-09T02:28:42.233975+00:00,NOT_RANGE_SCREENED,SOURCE_QC_NOT_EXPOSED_IN_PUBLIC_GRAFANA_FRAME,NOT_APPLICABLE,0.5,RECENT_2023_2025_EXO2_GEOMETRY,True,False,0.0,https://www.disl.edu/arcos/
disl_arcos_realtime_public_grafana,hydro,DISL_ARCOS_CP,cp,Cedar Point,30.30845,-88.139533,lower_bay_west_boundary_oxygen_context,depth_field_m,1.9149999618530273,m,2026-10-09T00:30:00+00:00,2026-10-09T02:28:39.420240+00:00,2026-10-09T02:28:39.420240+00:00,SOURCE_QC_NOT_EXPOSED,SOURCE_QC_NOT_EXPOSED_IN_PUBLIC_GRAFANA_FRAME,UNKNOWN_GEOMETRY_DO_NOT_USE_FOR_BOTTOM_CLASSIFICATION,,NOT_FOUND_IN_CURRENT_RESEARCH_PASS,True,False,0.0,https://www.disl.edu/arcos/
disl_arcos_realtime_public_grafana,hydro,DISL_ARCOS_CP,cp,Cedar Point,30.30845,-88.139533,lower_bay_west_boundary_oxygen_context,dissolved_oxygen_mg_l,6.980000019073486,mg/L,2026-10-09T00:30:00+00:00,2026-10-09T02:28:39.420240+00:00,2026-10-09T02:28:39.420240+00:00,ARCOS_RANGE_CHECK_PASS,SOURCE_QC_NOT_EXPOSED_IN_PUBLIC_GRAFANA_FRAME,UNKNOWN_GEOMETRY_DO_NOT_USE_FOR_BOTTOM_CLASSIFICATION,,NOT_FOUND_IN_CURRENT_RESEARCH_PASS,True,False,0.0,https://www.disl.edu/arcos/
disl_arcos_realtime_public_grafana,hydro,DISL_ARCOS_CP,cp,Cedar Point,30.30845,-88.139533,lower_bay_west_boundary_oxygen_context,dissolved_oxygen_percent,95.80000305175781,%,2026-10-09T00:30:00+00:00,2026-10-09T02:28:39.420240+00:00,2026-10-09T02:28:39.420240+00:00,ARCOS_RANGE_CHECK_PASS,SOURCE_QC_NOT_EXPOSED_IN_PUBLIC_GRAFANA_FRAME,UNKNOWN_GEOMETRY_DO_NOT_USE_FOR_BOTTOM_CLASSIFICATION,,NOT_FOUND_IN_CURRENT_RESEARCH_PASS,True,False,0.0,https://www.disl.edu/arcos/
disl_arcos_realtime_public_grafana,hydro,DISL_ARCOS_CP,cp,Cedar Point,30.30845,-88.139533,lower_bay_west_boundary_oxygen_context,pressure_psi,2.75,psi,2026-10-09T00:30:00+00:00,2026-10-09T02:28:39.420240+00:00,2026-10-09T02:28:39.420240+00:00,NOT_RANGE_SCREENED,SOURCE_QC_NOT_EXPOSED_IN_PUBLIC_GRAFANA_FRAME,UNKNOWN_GEOMETRY_DO_NOT_USE_FOR_BOTTOM_CLASSIFICATION,,NOT_FOUND_IN_CURRENT_RESEARCH_PASS,True,False,0.0,https://www.disl.edu/arcos/
disl_arcos_realtime_public_grafana,hydro,DISL_ARCOS_CP,cp,Cedar Point,30.30845,-88.139533,lower_bay_west_boundary_oxygen_context,salinity_psu,20.15999984741211,PSU,2026-10-09T00:30:00+00:00,2026-10-09T02:28:39.420240+00:00,2026-10-09T02:28:39.420240+00:00,ARCOS_RANGE_CHECK_PASS,SOURCE_QC_NOT_EXPOSED_IN_PUBLIC_GRAFANA_FRAME,UNKNOWN_GEOMETRY_DO_NOT_USE_FOR_BOTTOM_CLASSIFICATION,,NOT_FOUND_IN_CURRENT_RESEARCH_PASS,True,False,0.0,https://www.disl.edu/arcos/
disl_arcos_realtime_public_grafana,hydro,DISL_ARCOS_CP,cp,Cedar Point,30.30845,-88.139533,lower_bay_west_boundary_oxygen_context,turbidity_fnu,195.89999389648438,FNU,2026-10-09T00:30:00+00:00,2026-10-09T02:28:39.420240+00:00,2026-10-09T02:28:39.420240+00:00,ARCOS_RANGE_CHECK_PASS,SOURCE_QC_NOT_EXPOSED_IN_PUBLIC_GRAFANA_FRAME,UNKNOWN_GEOMETRY_DO_NOT_USE_FOR_BOTTOM_CLASSIFICATION,,NOT_FOUND_IN_CURRENT_RESEARCH_PASS,True,False,0.0,https://www.disl.edu/arcos/
disl_arcos_realtime_public_grafana,hydro,DISL_ARCOS_CP,cp,Cedar Point,30.30845,-88.139533,lower_bay_west_boundary_oxygen_context,water_temperature_c,25.610000610351562,degC,2026-10-09T00:30:00+00:00,2026-10-09T02:28:39.420240+00:00,2026-10-09T02:28:39.420240+00:00,ARCOS_RANGE_CHECK_PASS,SOURCE_QC_NOT_EXPOSED_IN_PUBLIC_GRAFANA_FRAME,UNKNOWN_GEOMETRY_DO_NOT_USE_FOR_BOTTOM_CLASSIFICATION,,NOT_FOUND_IN_CURRENT_RESEARCH_PASS,True,False,0.0,https://www.disl.edu/arcos/
disl_arcos_realtime_public_grafana,met,DISL_ARCOS_CP,cp,Cedar Point,30.30845,-88.139533,lower_bay_west_boundary_oxygen_context,air_temperature_c,25.721999740600587,degC,2026-10-09T00:30:00+00:00,2026-10-09T02:28:39.708368+00:00,2026-10-09T02:28:39.708368+00:00,ARCOS_RANGE_CHECK_PASS,SOURCE_QC_NOT_EXPOSED_IN_PUBLIC_GRAFANA_FRAME,NOT_APPLICABLE,,NOT_FOUND_IN_CURRENT_RESEARCH_PASS,True,False,0.0,https://www.disl.edu/arcos/
disl_arcos_realtime_public_grafana,met,DISL_ARCOS_CP,cp,Cedar Point,30.30845,-88.139533,lower_bay_west_boundary_oxygen_context,barometric_pressure_inhg,29.89506015777588,inHg,2026-10-09T00:30:00+00:00,2026-10-09T02:28:39.708368+00:00,2026-10-09T02:28:39.708368+00:00,ARCOS_RANGE_CHECK_PASS,SOURCE_QC_NOT_EXPOSED_IN_PUBLIC_GRAFANA_FRAME,NOT_APPLICABLE,,NOT_FOUND_IN_CURRENT_RESEARCH_PASS,True,False,0.0,https://www.disl.edu/arcos/
disl_arcos_realtime_public_grafana,met,DISL_ARCOS_CP,cp,Cedar Point,30.30845,-88.139533,lower_bay_west_boundary_oxygen_context,precipitation,0.0,mm,2026-10-09T00:30:00+00:00,2026-10-09T02:28:39.708368+00:00,2026-10-09T02:28:39.708368+00:00,NOT_RANGE_SCREENED,SOURCE_QC_NOT_EXPOSED_IN_PUBLIC_GRAFANA_FRAME,NOT_APPLICABLE,,NOT_FOUND_IN_CURRENT_RESEARCH_PASS,True,False,0.0,https://www.disl.edu/arcos/
disl_arcos_realtime_public_grafana,met,DISL_ARCOS_CP,cp,Cedar Point,30.30845,-88.139533,lower_bay_west_boundary_oxygen_context,quantum_radiation_umol_m2_s,0.16626667280991872,umol/m2/s,2026-10-09T00:30:00+00:00,2026-10-09T02:28:39.708368+00:00,2026-10-09T02:28:39.708368+00:00,ARCOS_RANGE_CHECK_PASS,SOURCE_QC_NOT_EXPOSED_IN_PUBLIC_GRAFANA_FRAME,NOT_APPLICABLE,,NOT_FOUND_IN_CURRENT_RESEARCH_PASS,True,False,0.0,https://www.disl.edu/arcos/
disl_arcos_realtime_public_grafana,met,DISL_ARCOS_CP,cp,Cedar Point,30.30845,-88.139533,lower_bay_west_boundary_oxygen_context,relative_humidity_percent,73.57666676839193,%,2026-10-09T00:30:00+00:00,2026-10-09T02:28:39.708368+00:00,2026-10-09T02:28:39.708368+00:00,ARCOS_RANGE_CHECK_PASS,SOURCE_QC_NOT_EXPOSED_IN_PUBLIC_GRAFANA_FRAME,NOT_APPLICABLE,,NOT_FOUND_IN_CURRENT_RESEARCH_PASS,True,False,0.0,https://www.disl.edu/arcos/
disl_arcos_realtime_public_grafana,met,DISL_ARCOS_CP,cp,Cedar Point,30.30845,-88.139533,lower_bay_west_boundary_oxygen_context,solar_radiation_kw_m2,-0.0010000000474974513,kW/m2,2026-10-09T00:30:00+00:00,2026-10-09T02:28:39.708368+00:00,2026-10-09T02:28:39.708368+00:00,ARCOS_RANGE_CHECK_FAIL,SOURCE_QC_NOT_EXPOSED_IN_PUBLIC_GRAFANA_FRAME,NOT_APPLICABLE,,NOT_FOUND_IN_CURRENT_RESEARCH_PASS,True,False,0.0,https://www.disl.edu/arcos/
disl_arcos_realtime_public_grafana,met,DISL_ARCOS_CP,cp,Cedar Point,30.30845,-88.139533,lower_bay_west_boundary_oxygen_context,wind_direction_deg,38.444251708529876,degree,2026-10-09T00:30:00+00:00,2026-10-09T02:28:39.708368+00:00,2026-10-09T02:28:39.708368+00:00,ARCOS_RANGE_CHECK_PASS,SOURCE_QC_NOT_EXPOSED_IN_PUBLIC_GRAFANA_FRAME,NOT_APPLICABLE,,NOT_FOUND_IN_CURRENT_RESEARCH_PASS,True,False,0.0,https://www.disl.edu/arcos/
disl_arcos_realtime_public_grafana,met,DISL_ARCOS_CP,cp,Cedar Point,30.30845,-88.139533,lower_bay_west_boundary_oxygen_context,wind_speed,14.93200003306071,kn,2026-10-09T00:30:00+00:00,2026-10-09T02:28:39.708368+00:00,2026-10-09T02:28:39.708368+00:00,NOT_RANGE_SCREENED,SOURCE_QC_NOT_EXPOSED_IN_PUBLIC_GRAFANA_FRAME,NOT_APPLICABLE,,NOT_FOUND_IN_CURRENT_RESEARCH_PASS,True,False,0.0,https://www.disl.edu/arcos/
disl_arcos_realtime_public_grafana,met,DISL_ARCOS_GSP,gsp,Gulf State Park Pier,,,coastal_context_if_hydro_available,air_temperature_c,25.15333366394043,degC,2026-10-09T00:30:00+00:00,2026-10-09T02:28:42.645009+00:00,2026-10-09T02:28:42.645009+00:00,ARCOS_RANGE_CHECK_PASS,SOURCE_QC_NOT_EXPOSED_IN_PUBLIC_GRAFANA_FRAME,NOT_APPLICABLE,,NOT_FOUND_IN_CURRENT_RESEARCH_PASS,True,False,0.0,https://www.disl.edu/arcos/
disl_arcos_realtime_public_grafana,met,DISL_ARCOS_GSP,gsp,Gulf State Park Pier,,,coastal_context_if_hydro_available,barometric_pressure_inhg,29.885835456848145,inHg,2026-10-09T00:30:00+00:00,2026-10-09T02:28:42.645009+00:00,2026-10-09T02:28:42.645009+00:00,ARCOS_RANGE_CHECK_PASS,SOURCE_QC_NOT_EXPOSED_IN_PUBLIC_GRAFANA_FRAME,NOT_APPLICABLE,,NOT_FOUND_IN_CURRENT_RESEARCH_PASS,True,False,0.0,https://www.disl.edu/arcos/
disl_arcos_realtime_public_grafana,met,DISL_ARCOS_GSP,gsp,Gulf State Park Pier,,,coastal_context_if_hydro_available,precipitation,0.0,mm,2026-10-09T00:30:00+00:00,2026-10-09T02:28:42.645009+00:00,2026-10-09T02:28:42.645009+00:00,NOT_RANGE_SCREENED,SOURCE_QC_NOT_EXPOSED_IN_PUBLIC_GRAFANA_FRAME,NOT_APPLICABLE,,NOT_FOUND_IN_CURRENT_RESEARCH_PASS,True,False,0.0,https://www.disl.edu/arcos/
disl_arcos_realtime_public_grafana,met,DISL_ARCOS_GSP,gsp,Gulf State Park Pier,,,coastal_context_if_hydro_available,quantum_radiation_umol_m2_s,0.0,umol/m2/s,2026-10-09T00:30:00+00:00,2026-10-09T02:28:42.645009+00:00,2026-10-09T02:28:42.645009+00:00,ARCOS_RANGE_CHECK_PASS,SOURCE_QC_NOT_EXPOSED_IN_PUBLIC_GRAFANA_FRAME,NOT_APPLICABLE,,NOT_FOUND_IN_CURRENT_RESEARCH_PASS,True,False,0.0,https://www.disl.edu/arcos/
disl_arcos_realtime_public_grafana,met,DISL_ARCOS_GSP,gsp,Gulf State Park Pier,,,coastal_context_if_hydro_available,relative_humidity_percent,87.04333267211913,%,2026-10-09T00:30:00+00:00,2026-10-09T02:28:42.645009+00:00,2026-10-09T02:28:42.645009+00:00,ARCOS_RANGE_CHECK_PASS,SOURCE_QC_NOT_EXPOSED_IN_PUBLIC_GRAFANA_FRAME,NOT_APPLICABLE,,NOT_FOUND_IN_CURRENT_RESEARCH_PASS,True,False,0.0,https://www.disl.edu/arcos/
disl_arcos_realtime_public_grafana,met,DISL_ARCOS_GSP,gsp,Gulf State Park Pier,,,coastal_context_if_hydro_available,solar_radiation_kw_m2,0.0,kW/m2,2026-10-09T00:30:00+00:00,2026-10-09T02:28:42.645009+00:00,2026-10-09T02:28:42.645009+00:00,ARCOS_RANGE_CHECK_PASS,SOURCE_QC_NOT_EXPOSED_IN_PUBLIC_GRAFANA_FRAME,NOT_APPLICABLE,,NOT_FOUND_IN_CURRENT_RESEARCH_PASS,True,False,0.0,https://www.disl.edu/arcos/
disl_arcos_realtime_public_grafana,met,DISL_ARCOS_GSP,gsp,Gulf State Park Pier,,,coastal_context_if_hydro_available,wind_direction_deg,76.45451499015816,degree,2026-10-09T00:30:00+00:00,2026-10-09T02:28:42.645009+00:00,2026-10-09T02:28:42.645009+00:00,ARCOS_RANGE_CHECK_PASS,SOURCE_QC_NOT_EXPOSED_IN_PUBLIC_GRAFANA_FRAME,NOT_APPLICABLE,,NOT_FOUND_IN_CURRENT_RESEARCH_PASS,True,False,0.0,https://www.disl.edu/arcos/
disl_arcos_realtime_public_grafana,met,DISL_ARCOS_GSP,gsp,Gulf State Park Pier,,,coastal_context_if_hydro_available,wind_speed,7.652833310763041,kn,2026-10-09T00:30:00+00:00,2026-10-09T02:28:42.645009+00:00,2026-10-09T02:28:42.645009+00:00,NOT_RANGE_SCREENED,SOURCE_QC_NOT_EXPOSED_IN_PUBLIC_GRAFANA_FRAME,NOT_APPLICABLE,,NOT_FOUND_IN_CURRENT_RESEARCH_PASS,True,False,0.0,https://www.disl.edu/arcos/
disl_arcos_realtime_public_grafana,hydro,DISL_ARCOS_KC,kc,Katrina Cut,30.2583,-88.2131,western_bay_mouth_oxygen_context,depth_field_m,4.050000190734863,m,2026-10-09T00:30:00+00:00,2026-10-09T02:28:40.542948+00:00,2026-10-09T02:28:40.542948+00:00,SOURCE_QC_NOT_EXPOSED,SOURCE_QC_NOT_EXPOSED_IN_PUBLIC_GRAFANA_FRAME,UNKNOWN_GEOMETRY_DO_NOT_USE_FOR_BOTTOM_CLASSIFICATION,0.5,HISTORICAL_ARCOS_OBSERVATION_GEOMETRY,True,False,0.0,https://www.disl.edu/arcos/
disl_arcos_realtime_public_grafana,hydro,DISL_ARCOS_KC,kc,Katrina Cut,30.2583,-88.2131,western_bay_mouth_oxygen_context,dissolved_oxygen_mg_l,6.820000171661377,mg/L,2026-10-09T00:30:00+00:00,2026-10-09T02:28:40.542948+00:00,2026-10-09T02:28:40.542948+00:00,ARCOS_RANGE_CHECK_PASS,SOURCE_QC_NOT_EXPOSED_IN_PUBLIC_GRAFANA_FRAME,UNKNOWN_GEOMETRY_DO_NOT_USE_FOR_BOTTOM_CLASSIFICATION,0.5,HISTORICAL_ARCOS_OBSERVATION_GEOMETRY,True,False,0.0,https://www.disl.edu/arcos/
disl_arcos_realtime_public_grafana,hydro,DISL_ARCOS_KC,kc,Katrina Cut,30.2583,-88.2131,western_bay_mouth_oxygen_context,dissolved_oxygen_percent,97.0999984741211,%,2026-10-09T00:30:00+00:00,2026-10-09T02:28:40.542948+00:00,2026-10-09T02:28:40.542948+00:00,ARCOS_RANGE_CHECK_PASS,SOURCE_QC_NOT_EXPOSED_IN_PUBLIC_GRAFANA_FRAME,UNKNOWN_GEOMETRY_DO_NOT_USE_FOR_BOTTOM_CLASSIFICATION,0.5,HISTORICAL_ARCOS_OBSERVATION_GEOMETRY,True,False,0.0,https://www.disl.edu/arcos/
disl_arcos_realtime_public_grafana,hydro,DISL_ARCOS_KC,kc,Katrina Cut,30.2583,-88.2131,western_bay_mouth_oxygen_context,pressure_psi,5.840000152587891,psi,2026-10-09T00:30:00+00:00,2026-10-09T02:28:40.542948+00:00,2026-10-09T02:28:40.542948+00:00,NOT_RANGE_SCREENED,SOURCE_QC_NOT_EXPOSED_IN_PUBLIC_GRAFANA_FRAME,UNKNOWN_GEOMETRY_DO_NOT_USE_FOR_BOTTOM_CLASSIFICATION,0.5,HISTORICAL_ARCOS_OBSERVATION_GEOMETRY,True,False,0.0,https://www.disl.edu/arcos/
disl_arcos_realtime_public_grafana,hydro,DISL_ARCOS_KC,kc,Katrina Cut,30.2583,-88.2131,western_bay_mouth_oxygen_context,salinity_psu,25.469999313354492,PSU,2026-10-09T00:30:00+00:00,2026-10-09T02:28:40.542948+00:00,2026-10-09T02:28:40.542948+00:00,ARCOS_RANGE_CHECK_PASS,SOURCE_QC_NOT_EXPOSED_IN_PUBLIC_GRAFANA_FRAME,UNKNOWN_GEOMETRY_DO_NOT_USE_FOR_BOTTOM_CLASSIFICATION,0.5,HISTORICAL_ARCOS_OBSERVATION_GEOMETRY,True,False,0.0,https://www.disl.edu/arcos/
disl_arcos_realtime_public_grafana,hydro,DISL_ARCOS_KC,kc,Katrina Cut,30.2583,-88.2131,western_bay_mouth_oxygen_context,turbidity_fnu,14.880000114440918,FNU,2026-10-09T00:30:00+00:00,2026-10-09T02:28:40.542948+00:00,2026-10-09T02:28:40.542948+00:00,ARCOS_RANGE_CHECK_PASS,SOURCE_QC_NOT_EXPOSED_IN_PUBLIC_GRAFANA_FRAME,UNKNOWN_GEOMETRY_DO_NOT_USE_FOR_BOTTOM_CLASSIFICATION,0.5,HISTORICAL_ARCOS_OBSERVATION_GEOMETRY,True,False,0.0,https://www.disl.edu/arcos/
disl_arcos_realtime_public_grafana,hydro,DISL_ARCOS_KC,kc,Katrina Cut,30.2583,-88.2131,western_bay_mouth_oxygen_context,water_temperature_c,26.06999969482422,degC,2026-10-09T00:30:00+00:00,2026-10-09T02:28:40.542948+00:00,2026-10-09T02:28:40.542948+00:00,ARCOS_RANGE_CHECK_PASS,SOURCE_QC_NOT_EXPOSED_IN_PUBLIC_GRAFANA_FRAME,UNKNOWN_GEOMETRY_DO_NOT_USE_FOR_BOTTOM_CLASSIFICATION,0.5,HISTORICAL_ARCOS_OBSERVATION_GEOMETRY,True,False,0.0,https://www.disl.edu/arcos/
disl_arcos_realtime_public_grafana,met,DISL_ARCOS_KC,kc,Katrina Cut,30.2583,-88.2131,western_bay_mouth_oxygen_context,air_temperature_c,26.680333201090495,degC,2026-10-09T00:30:00+00:00,2026-10-09T02:28:40.744126+00:00,2026-10-09T02:28:40.744126+00:00,ARCOS_RANGE_CHECK_PASS,SOURCE_QC_NOT_EXPOSED_IN_PUBLIC_GRAFANA_FRAME,NOT_APPLICABLE,0.5,HISTORICAL_ARCOS_OBSERVATION_GEOMETRY,True,False,0.0,https://www.disl.edu/arcos/
disl_arcos_realtime_public_grafana,met,DISL_ARCOS_KC,kc,Katrina Cut,30.2583,-88.2131,western_bay_mouth_oxygen_context,barometric_pressure_inhg,29.896350987752278,inHg,2026-10-09T00:30:00+00:00,2026-10-09T02:28:40.744126+00:00,2026-10-09T02:28:40.744126+00:00,ARCOS_RANGE_CHECK_PASS,SOURCE_QC_NOT_EXPOSED_IN_PUBLIC_GRAFANA_FRAME,NOT_APPLICABLE,0.5,HISTORICAL_ARCOS_OBSERVATION_GEOMETRY,True,False,0.0,https://www.disl.edu/arcos/
disl_arcos_realtime_public_grafana,met,DISL_ARCOS_KC,kc,Katrina Cut,30.2583,-88.2131,western_bay_mouth_oxygen_context,precipitation,0.0,mm,2026-10-09T00:30:00+00:00,2026-10-09T02:28:40.744126+00:00,2026-10-09T02:28:40.744126+00:00,NOT_RANGE_SCREENED,SOURCE_QC_NOT_EXPOSED_IN_PUBLIC_GRAFANA_FRAME,NOT_APPLICABLE,0.5,HISTORICAL_ARCOS_OBSERVATION_GEOMETRY,True,False,0.0,https://www.disl.edu/arcos/
disl_arcos_realtime_public_grafana,met,DISL_ARCOS_KC,kc,Katrina Cut,30.2583,-88.2131,western_bay_mouth_oxygen_context,quantum_radiation_umol_m2_s,1.5449333786964417,umol/m2/s,2026-10-09T00:30:00+00:00,2026-10-09T02:28:40.744126+00:00,2026-10-09T02:28:40.744126+00:00,ARCOS_RANGE_CHECK_PASS,SOURCE_QC_NOT_EXPOSED_IN_PUBLIC_GRAFANA_FRAME,NOT_APPLICABLE,0.5,HISTORICAL_ARCOS_OBSERVATION_GEOMETRY,True,False,0.0,https://www.disl.edu/arcos/
disl_arcos_realtime_public_grafana,met,DISL_ARCOS_KC,kc,Katrina Cut,30.2583,-88.2131,western_bay_mouth_oxygen_context,relative_humidity_percent,84.77333374023438,%,2026-10-09T00:30:00+00:00,2026-10-09T02:28:40.744126+00:00,2026-10-09T02:28:40.744126+00:00,ARCOS_RANGE_CHECK_PASS,SOURCE_QC_NOT_EXPOSED_IN_PUBLIC_GRAFANA_FRAME,NOT_APPLICABLE,0.5,HISTORICAL_ARCOS_OBSERVATION_GEOMETRY,True,False,0.0,https://www.disl.edu/arcos/
disl_arcos_realtime_public_grafana,met,DISL_ARCOS_KC,kc,Katrina Cut,30.2583,-88.2131,western_bay_mouth_oxygen_context,solar_radiation_kw_m2,0.00040000000735744833,kW/m2,2026-10-09T00:30:00+00:00,2026-10-09T02:28:40.744126+00:00,2026-10-09T02:28:40.744126+00:00,ARCOS_RANGE_CHECK_PASS,SOURCE_QC_NOT_EXPOSED_IN_PUBLIC_GRAFANA_FRAME,NOT_APPLICABLE,0.5,HISTORICAL_ARCOS_OBSERVATION_GEOMETRY,True,False,0.0,https://www.disl.edu/arcos/
disl_arcos_realtime_public_grafana,met,DISL_ARCOS_KC,kc,Katrina Cut,30.2583,-88.2131,western_bay_mouth_oxygen_context,wind_direction_deg,51.066547188966446,degree,2026-10-09T00:30:00+00:00,2026-10-09T02:28:40.744126+00:00,2026-10-09T02:28:40.744126+00:00,ARCOS_RANGE_CHECK_PASS,SOURCE_QC_NOT_EXPOSED_IN_PUBLIC_GRAFANA_FRAME,NOT_APPLICABLE,0.5,HISTORICAL_ARCOS_OBSERVATION_GEOMETRY,True,False,0.0,https://www.disl.edu/arcos/
disl_arcos_realtime_public_grafana,met,DISL_ARCOS_KC,kc,Katrina Cut,30.2583,-88.2131,western_bay_mouth_oxygen_context,wind_speed,34.60733337402344,kn,2026-10-09T00:30:00+00:00,2026-10-09T02:28:40.744126+00:00,2026-10-09T02:28:40.744126+00:00,NOT_RANGE_SCREENED,SOURCE_QC_NOT_EXPOSED_IN_PUBLIC_GRAFANA_FRAME,NOT_APPLICABLE,0.5,HISTORICAL_ARCOS_OBSERVATION_GEOMETRY,True,False,0.0,https://www.disl.edu/arcos/
disl_arcos_realtime_public_grafana,hydro,DISL_ARCOS_MP,mp,Meaher Park,30.667152,-87.936459,upper_bay_oxygen_loading_proxy,depth_field_m,0.0,m,2026-10-09T00:30:00+00:00,2026-10-09T02:28:38.811269+00:00,2026-10-09T02:28:38.811269+00:00,SOURCE_QC_NOT_EXPOSED,SOURCE_QC_NOT_EXPOSED_IN_PUBLIC_GRAFANA_FRAME,UNKNOWN_GEOMETRY_DO_NOT_USE_FOR_BOTTOM_CLASSIFICATION,0.5,RECENT_2023_2025_EXO2_GEOMETRY,True,False,0.0,https://www.disl.edu/arcos/
disl_arcos_realtime_public_grafana,hydro,DISL_ARCOS_MP,mp,Meaher Park,30.667152,-87.936459,upper_bay_oxygen_loading_proxy,dissolved_oxygen_mg_l,0.8500000238418579,mg/L,2026-10-09T00:30:00+00:00,2026-10-09T02:28:38.811269+00:00,2026-10-09T02:28:38.811269+00:00,ARCOS_RANGE_CHECK_PASS,SOURCE_QC_NOT_EXPOSED_IN_PUBLIC_GRAFANA_FRAME,UNKNOWN_GEOMETRY_DO_NOT_USE_FOR_BOTTOM_CLASSIFICATION,0.5,RECENT_2023_2025_EXO2_GEOMETRY,True,False,0.0,https://www.disl.edu/arcos/
disl_arcos_realtime_public_grafana,hydro,DISL_ARCOS_MP,mp,Meaher Park,30.667152,-87.936459,upper_bay_oxygen_loading_proxy,dissolved_oxygen_percent,11.380000114440918,%,2026-10-09T00:30:00+00:00,2026-10-09T02:28:38.811269+00:00,2026-10-09T02:28:38.811269+00:00,ARCOS_RANGE_CHECK_PASS,SOURCE_QC_NOT_EXPOSED_IN_PUBLIC_GRAFANA_FRAME,UNKNOWN_GEOMETRY_DO_NOT_USE_FOR_BOTTOM_CLASSIFICATION,0.5,RECENT_2023_2025_EXO2_GEOMETRY,True,False,0.0,https://www.disl.edu/arcos/
disl_arcos_realtime_public_grafana,hydro,DISL_ARCOS_MP,mp,Meaher Park,30.667152,-87.936459,upper_bay_oxygen_loading_proxy,pressure_psi,0.0,psi,2026-10-09T00:30:00+00:00,2026-10-09T02:28:38.811269+00:00,2026-10-09T02:28:38.811269+00:00,NOT_RANGE_SCREENED,SOURCE_QC_NOT_EXPOSED_IN_PUBLIC_GRAFANA_FRAME,UNKNOWN_GEOMETRY_DO_NOT_USE_FOR_BOTTOM_CLASSIFICATION,0.5,RECENT_2023_2025_EXO2_GEOMETRY,True,False,0.0,https://www.disl.edu/arcos/
disl_arcos_realtime_public_grafana,hydro,DISL_ARCOS_MP,mp,Meaher Park,30.667152,-87.936459,upper_bay_oxygen_loading_proxy,salinity_psu,11.1899995803833,PSU,2026-10-09T00:30:00+00:00,2026-10-09T02:28:38.811269+00:00,2026-10-09T02:28:38.811269+00:00,ARCOS_RANGE_CHECK_PASS,SOURCE_QC_NOT_EXPOSED_IN_PUBLIC_GRAFANA_FRAME,UNKNOWN_GEOMETRY_DO_NOT_USE_FOR_BOTTOM_CLASSIFICATION,0.5,RECENT_2023_2025_EXO2_GEOMETRY,True,False,0.0,https://www.disl.edu/arcos/
disl_arcos_realtime_public_grafana,hydro,DISL_ARCOS_MP,mp,Meaher Park,30.667152,-87.936459,upper_bay_oxygen_loading_proxy,turbidity_fnu,3.430000066757202,FNU,2026-10-09T00:30:00+00:00,2026-10-09T02:28:38.811269+00:00,2026-10-09T02:28:38.811269+00:00,ARCOS_RANGE_CHECK_PASS,SOURCE_QC_NOT_EXPOSED_IN_PUBLIC_GRAFANA_FRAME,UNKNOWN_GEOMETRY_DO_NOT_USE_FOR_BOTTOM_CLASSIFICATION,0.5,RECENT_2023_2025_EXO2_GEOMETRY,True,False,0.0,https://www.disl.edu/arcos/
disl_arcos_realtime_public_grafana,hydro,DISL_ARCOS_MP,mp,Meaher Park,30.667152,-87.936459,upper_bay_oxygen_loading_proxy,water_temperature_c,27.350000381469727,degC,2026-10-09T00:30:00+00:00,2026-10-09T02:28:38.811269+00:00,2026-10-09T02:28:38.811269+00:00,ARCOS_RANGE_CHECK_PASS,SOURCE_QC_NOT_EXPOSED_IN_PUBLIC_GRAFANA_FRAME,UNKNOWN_GEOMETRY_DO_NOT_USE_FOR_BOTTOM_CLASSIFICATION,0.5,RECENT_2023_2025_EXO2_GEOMETRY,True,False,0.0,https://www.disl.edu/arcos/
disl_arcos_realtime_public_grafana,met,DISL_ARCOS_MP,mp,Meaher Park,30.667152,-87.936459,upper_bay_oxygen_loading_proxy,air_temperature_c,23.898666763305663,degC,2026-10-09T00:30:00+00:00,2026-10-09T02:28:39.047209+00:00,2026-10-09T02:28:39.047209+00:00,ARCOS_RANGE_CHECK_PASS,SOURCE_QC_NOT_EXPOSED_IN_PUBLIC_GRAFANA_FRAME,NOT_APPLICABLE,0.5,RECENT_2023_2025_EXO2_GEOMETRY,True,False,0.0,https://www.disl.edu/arcos/
disl_arcos_realtime_public_grafana,met,DISL_ARCOS_MP,mp,Meaher Park,30.667152,-87.936459,upper_bay_oxygen_loading_proxy,barometric_pressure_inhg,29.999199867248535,inHg,2026-10-09T00:30:00+00:00,2026-10-09T02:28:39.047209+00:00,2026-10-09T02:28:39.047209+00:00,ARCOS_RANGE_CHECK_PASS,SOURCE_QC_NOT_EXPOSED_IN_PUBLIC_GRAFANA_FRAME,NOT_APPLICABLE,0.5,RECENT_2023_2025_EXO2_GEOMETRY,True,False,0.0,https://www.disl.edu/arcos/
disl_arcos_realtime_public_grafana,met,DISL_ARCOS_MP,mp,Meaher Park,30.667152,-87.936459,upper_bay_oxygen_loading_proxy,precipitation,0.0,in,2026-10-09T00:30:00+00:00,2026-10-09T02:28:39.047209+00:00,2026-10-09T02:28:39.047209+00:00,NOT_RANGE_SCREENED,SOURCE_QC_NOT_EXPOSED_IN_PUBLIC_GRAFANA_FRAME,NOT_APPLICABLE,0.5,RECENT_2023_2025_EXO2_GEOMETRY,True,False,0.0,https://www.disl.edu/arcos/
disl_arcos_realtime_public_grafana,met,DISL_ARCOS_MP,mp,Meaher Park,30.667152,-87.936459,upper_bay_oxygen_loading_proxy,quantum_radiation_umol_m2_s,0.0,umol/m2/s,2026-10-09T00:30:00+00:00,2026-10-09T02:28:39.047209+00:00,2026-10-09T02:28:39.047209+00:00,ARCOS_RANGE_CHECK_PASS,SOURCE_QC_NOT_EXPOSED_IN_PUBLIC_GRAFANA_FRAME,NOT_APPLICABLE,0.5,RECENT_2023_2025_EXO2_GEOMETRY,True,False,0.0,https://www.disl.edu/arcos/
disl_arcos_realtime_public_grafana,met,DISL_ARCOS_MP,mp,Meaher Park,30.667152,-87.936459,upper_bay_oxygen_loading_proxy,relative_humidity_percent,83.45333328247071,%,2026-10-09T00:30:00+00:00,2026-10-09T02:28:39.047209+00:00,2026-10-09T02:28:39.047209+00:00,ARCOS_RANGE_CHECK_PASS,SOURCE_QC_NOT_EXPOSED_IN_PUBLIC_GRAFANA_FRAME,NOT_APPLICABLE,0.5,RECENT_2023_2025_EXO2_GEOMETRY,True,False,0.0,https://www.disl.edu/arcos/
disl_arcos_realtime_public_grafana,met,DISL_ARCOS_MP,mp,Meaher Park,30.667152,-87.936459,upper_bay_oxygen_loading_proxy,solar_radiation_kw_m2,-0.0010000000474974513,kW/m2,2026-10-09T00:30:00+00:00,2026-10-09T02:28:39.047209+00:00,2026-10-09T02:28:39.047209+00:00,ARCOS_RANGE_CHECK_FAIL,SOURCE_QC_NOT_EXPOSED_IN_PUBLIC_GRAFANA_FRAME,NOT_APPLICABLE,0.5,RECENT_2023_2025_EXO2_GEOMETRY,True,False,0.0,https://www.disl.edu/arcos/
disl_arcos_realtime_public_grafana,met,DISL_ARCOS_MP,mp,Meaher Park,30.667152,-87.936459,upper_bay_oxygen_loading_proxy,wind_direction_deg,328.0652891847699,degree,2026-10-09T00:30:00+00:00,2026-10-09T02:28:39.047209+00:00,2026-10-09T02:28:39.047209+00:00,ARCOS_RANGE_CHECK_PASS,SOURCE_QC_NOT_EXPOSED_IN_PUBLIC_GRAFANA_FRAME,NOT_APPLICABLE,0.5,RECENT_2023_2025_EXO2_GEOMETRY,True,False,0.0,https://www.disl.edu/arcos/
disl_arcos_realtime_public_grafana,met,DISL_ARCOS_MP,mp,Meaher Park,30.667152,-87.936459,upper_bay_oxygen_loading_proxy,wind_speed,4.580866686503092,kn,2026-10-09T00:30:00+00:00,2026-10-09T02:28:39.047209+00:00,2026-10-09T02:28:39.047209+00:00,NOT_RANGE_SCREENED,SOURCE_QC_NOT_EXPOSED_IN_PUBLIC_GRAFANA_FRAME,NOT_APPLICABLE,0.5,RECENT_2023_2025_EXO2_GEOMETRY,True,False,0.0,https://www.disl.edu/arcos/
disl_arcos_realtime_public_grafana,hydro,DISL_ARCOS_PP,pp,Perdido Pass,30.2791,-87.5561,eastern_coastal_boundary_oxygen_context,depth_field_m,1.3919999599456787,m,2026-10-09T00:30:00+00:00,2026-10-09T02:28:40.989977+00:00,2026-10-09T02:28:40.989977+00:00,SOURCE_QC_NOT_EXPOSED,SOURCE_QC_NOT_EXPOSED_IN_PUBLIC_GRAFANA_FRAME,UNKNOWN_GEOMETRY_DO_NOT_USE_FOR_BOTTOM_CLASSIFICATION,0.5,HISTORICAL_NEAR_BOTTOM_GEOMETRY,True,False,0.0,https://www.disl.edu/arcos/
disl_arcos_realtime_public_grafana,hydro,DISL_ARCOS_PP,pp,Perdido Pass,30.2791,-87.5561,eastern_coastal_boundary_oxygen_context,dissolved_oxygen_mg_l,6.059999942779541,mg/L,2026-10-09T00:30:00+00:00,2026-10-09T02:28:40.989977+00:00,2026-10-09T02:28:40.989977+00:00,ARCOS_RANGE_CHECK_PASS,SOURCE_QC_NOT_EXPOSED_IN_PUBLIC_GRAFANA_FRAME,UNKNOWN_GEOMETRY_DO_NOT_USE_FOR_BOTTOM_CLASSIFICATION,0.5,HISTORICAL_NEAR_BOTTOM_GEOMETRY,True,False,0.0,https://www.disl.edu/arcos/
disl_arcos_realtime_public_grafana,hydro,DISL_ARCOS_PP,pp,Perdido Pass,30.2791,-87.5561,eastern_coastal_boundary_oxygen_context,dissolved_oxygen_percent,101.19999694824219,%,2026-10-09T00:30:00+00:00,2026-10-09T02:28:40.989977+00:00,2026-10-09T02:28:40.989977+00:00,ARCOS_RANGE_CHECK_PASS,SOURCE_QC_NOT_EXPOSED_IN_PUBLIC_GRAFANA_FRAME,UNKNOWN_GEOMETRY_DO_NOT_USE_FOR_BOTTOM_CLASSIFICATION,0.5,HISTORICAL_NEAR_BOTTOM_GEOMETRY,True,False,0.0,https://www.disl.edu/arcos/
disl_arcos_realtime_public_grafana,hydro,DISL_ARCOS_PP,pp,Perdido Pass,30.2791,-87.5561,eastern_coastal_boundary_oxygen_context,pressure_psi,2.009999990463257,psi,2026-10-09T00:30:00+00:00,2026-10-09T02:28:40.989977+00:00,2026-10-09T02:28:40.989977+00:00,NOT_RANGE_SCREENED,SOURCE_QC_NOT_EXPOSED_IN_PUBLIC_GRAFANA_FRAME,UNKNOWN_GEOMETRY_DO_NOT_USE_FOR_BOTTOM_CLASSIFICATION,0.5,HISTORICAL_NEAR_BOTTOM_GEOMETRY,True,False,0.0,https://www.disl.edu/arcos/
disl_arcos_realtime_public_grafana,hydro,DISL_ARCOS_PP,pp,Perdido Pass,30.2791,-87.5561,eastern_coastal_boundary_oxygen_context,salinity_psu,23.549999237060547,PSU,2026-10-09T00:30:00+00:00,2026-10-09T02:28:40.989977+00:00,2026-10-09T02:28:40.989977+00:00,ARCOS_RANGE_CHECK_PASS,SOURCE_QC_NOT_EXPOSED_IN_PUBLIC_GRAFANA_FRAME,UNKNOWN_GEOMETRY_DO_NOT_USE_FOR_BOTTOM_CLASSIFICATION,0.5,HISTORICAL_NEAR_BOTTOM_GEOMETRY,True,False,0.0,https://www.disl.edu/arcos/
disl_arcos_realtime_public_grafana,hydro,DISL_ARCOS_PP,pp,Perdido Pass,30.2791,-87.5561,eastern_coastal_boundary_oxygen_context,turbidity_fnu,0.6499999761581421,FNU,2026-10-09T00:30:00+00:00,2026-10-09T02:28:40.989977+00:00,2026-10-09T02:28:40.989977+00:00,ARCOS_RANGE_CHECK_PASS,SOURCE_QC_NOT_EXPOSED_IN_PUBLIC_GRAFANA_FRAME,UNKNOWN_GEOMETRY_DO_NOT_USE_FOR_BOTTOM_CLASSIFICATION,0.5,HISTORICAL_NEAR_BOTTOM_GEOMETRY,True,False,0.0,https://www.disl.edu/arcos/
disl_arcos_realtime_public_grafana,hydro,DISL_ARCOS_PP,pp,Perdido Pass,30.2791,-87.5561,eastern_coastal_boundary_oxygen_context,water_temperature_c,26.65999984741211,degC,2026-10-09T00:30:00+00:00,2026-10-09T02:28:40.989977+00:00,2026-10-09T02:28:40.989977+00:00,ARCOS_RANGE_CHECK_PASS,SOURCE_QC_NOT_EXPOSED_IN_PUBLIC_GRAFANA_FRAME,UNKNOWN_GEOMETRY_DO_NOT_USE_FOR_BOTTOM_CLASSIFICATION,0.5,HISTORICAL_NEAR_BOTTOM_GEOMETRY,True,False,0.0,https://www.disl.edu/arcos/
disl_arcos_realtime_public_grafana,met,DISL_ARCOS_PP,pp,Perdido Pass,30.2791,-87.5561,eastern_coastal_boundary_oxygen_context,air_temperature_c,29.05900001525879,degC,2026-10-09T00:30:00+00:00,2026-10-09T02:28:41.324994+00:00,2026-10-09T02:28:41.324994+00:00,ARCOS_RANGE_CHECK_PASS,SOURCE_QC_NOT_EXPOSED_IN_PUBLIC_GRAFANA_FRAME,NOT_APPLICABLE,0.5,HISTORICAL_NEAR_BOTTOM_GEOMETRY,True,False,0.0,https://www.disl.edu/arcos/
disl_arcos_realtime_public_grafana,met,DISL_ARCOS_PP,pp,Perdido Pass,30.2791,-87.5561,eastern_coastal_boundary_oxygen_context,barometric_pressure_inhg,29.920439147949217,inHg,2026-10-09T00:30:00+00:00,2026-10-09T02:28:41.324994+00:00,2026-10-09T02:28:41.324994+00:00,ARCOS_RANGE_CHECK_PASS,SOURCE_QC_NOT_EXPOSED_IN_PUBLIC_GRAFANA_FRAME,NOT_APPLICABLE,0.5,HISTORICAL_NEAR_BOTTOM_GEOMETRY,True,False,0.0,https://www.disl.edu/arcos/
disl_arcos_realtime_public_grafana,met,DISL_ARCOS_PP,pp,Perdido Pass,30.2791,-87.5561,eastern_coastal_boundary_oxygen_context,precipitation,0.0,mm,2026-10-09T00:30:00+00:00,2026-10-09T02:28:41.324994+00:00,2026-10-09T02:28:41.324994+00:00,NOT_RANGE_SCREENED,SOURCE_QC_NOT_EXPOSED_IN_PUBLIC_GRAFANA_FRAME,NOT_APPLICABLE,0.5,HISTORICAL_NEAR_BOTTOM_GEOMETRY,True,False,0.0,https://www.disl.edu/arcos/
disl_arcos_realtime_public_grafana,met,DISL_ARCOS_PP,pp,Perdido Pass,30.2791,-87.5561,eastern_coastal_boundary_oxygen_context,quantum_radiation_umol_m2_s,0.0,umol/m2/s,2026-10-09T00:30:00+00:00,2026-10-09T02:28:41.324994+00:00,2026-10-09T02:28:41.324994+00:00,ARCOS_RANGE_CHECK_PASS,SOURCE_QC_NOT_EXPOSED_IN_PUBLIC_GRAFANA_FRAME,NOT_APPLICABLE,0.5,HISTORICAL_NEAR_BOTTOM_GEOMETRY,True,False,0.0,https://www.disl.edu/arcos/
disl_arcos_realtime_public_grafana,met,DISL_ARCOS_PP,pp,Perdido Pass,30.2791,-87.5561,eastern_coastal_boundary_oxygen_context,relative_humidity_percent,78.26599934895833,%,2026-10-09T00:30:00+00:00,2026-10-09T02:28:41.324994+00:00,2026-10-09T02:28:41.324994+00:00,ARCOS_RANGE_CHECK_PASS,SOURCE_QC_NOT_EXPOSED_IN_PUBLIC_GRAFANA_FRAME,NOT_APPLICABLE,0.5,HISTORICAL_NEAR_BOTTOM_GEOMETRY,True,False,0.0,https://www.disl.edu/arcos/
disl_arcos_realtime_public_grafana,met,DISL_ARCOS_PP,pp,Perdido Pass,30.2791,-87.5561,eastern_coastal_boundary_oxygen_context,solar_radiation_kw_m2,-0.0020000000949949026,kW/m2,2026-10-09T00:30:00+00:00,2026-10-09T02:28:41.324994+00:00,2026-10-09T02:28:41.324994+00:00,ARCOS_RANGE_CHECK_FAIL,SOURCE_QC_NOT_EXPOSED_IN_PUBLIC_GRAFANA_FRAME,NOT_APPLICABLE,0.5,HISTORICAL_NEAR_BOTTOM_GEOMETRY,True,False,0.0,https://www.disl.edu/arcos/
disl_arcos_realtime_public_grafana,met,DISL_ARCOS_PP,pp,Perdido Pass,30.2791,-87.5561,eastern_coastal_boundary_oxygen_context,wind_direction_deg,66.1672982095321,degree,2026-10-09T00:30:00+00:00,2026-10-09T02:28:41.324994+00:00,2026-10-09T02:28:41.324994+00:00,ARCOS_RANGE_CHECK_PASS,SOURCE_QC_NOT_EXPOSED_IN_PUBLIC_GRAFANA_FRAME,NOT_APPLICABLE,0.5,HISTORICAL_NEAR_BOTTOM_GEOMETRY,True,False,0.0,https://www.disl.edu/arcos/
disl_arcos_realtime_public_grafana,met,DISL_ARCOS_PP,pp,Perdido Pass,30.2791,-87.5561,eastern_coastal_boundary_oxygen_context,wind_speed,8.789799928665161,kn,2026-10-09T00:30:00+00:00,2026-10-09T02:28:41.324994+00:00,2026-10-09T02:28:41.324994+00:00,NOT_RANGE_SCREENED,SOURCE_QC_NOT_EXPOSED_IN_PUBLIC_GRAFANA_FRAME,NOT_APPLICABLE,0.5,HISTORICAL_NEAR_BOTTOM_GEOMETRY,True,False,0.0,https://www.disl.edu/arcos/
disl_arcos_realtime_public_grafana,met,DISL_ARCOS_BSP,bsp,Battleship Park,30.682697,-88.012211,upper_bay_oxygen_loading_context,air_temperature_c,25.301666514078775,degC,2026-10-09T01:00:00+00:00,2026-10-09T02:28:42.233975+00:00,2026-10-09T02:28:42.233975+00:00,ARCOS_RANGE_CHECK_PASS,SOURCE_QC_NOT_EXPOSED_IN_PUBLIC_GRAFANA_FRAME,NOT_APPLICABLE,0.5,RECENT_2023_2025_EXO2_GEOMETRY,True,False,0.0,https://www.disl.edu/arcos/
disl_arcos_realtime_public_grafana,met,DISL_ARCOS_BSP,bsp,Battleship Park,30.682697,-88.012211,upper_bay_oxygen_loading_context,barometric_pressure_inhg,29.92701530456543,inHg,2026-10-09T01:00:00+00:00,2026-10-09T02:28:42.233975+00:00,2026-10-09T02:28:42.233975+00:00,ARCOS_RANGE_CHECK_PASS,SOURCE_QC_NOT_EXPOSED_IN_PUBLIC_GRAFANA_FRAME,NOT_APPLICABLE,0.5,RECENT_2023_2025_EXO2_GEOMETRY,True,False,0.0,https://www.disl.edu/arcos/
disl_arcos_realtime_public_grafana,met,DISL_ARCOS_BSP,bsp,Battleship Park,30.682697,-88.012211,upper_bay_oxygen_loading_context,precipitation,0.0,in,2026-10-09T01:00:00+00:00,2026-10-09T02:28:42.233975+00:00,2026-10-09T02:28:42.233975+00:00,NOT_RANGE_SCREENED,SOURCE_QC_NOT_EXPOSED_IN_PUBLIC_GRAFANA_FRAME,NOT_APPLICABLE,0.5,RECENT_2023_2025_EXO2_GEOMETRY,True,False,0.0,https://www.disl.edu/arcos/
disl_arcos_realtime_public_grafana,met,DISL_ARCOS_BSP,bsp,Battleship Park,30.682697,-88.012211,upper_bay_oxygen_loading_context,quantum_radiation_umol_m2_s,0.0,umol/m2/s,2026-10-09T01:00:00+00:00,2026-10-09T02:28:42.233975+00:00,2026-10-09T02:28:42.233975+00:00,ARCOS_RANGE_CHECK_PASS,SOURCE_QC_NOT_EXPOSED_IN_PUBLIC_GRAFANA_FRAME,NOT_APPLICABLE,0.5,RECENT_2023_2025_EXO2_GEOMETRY,True,False,0.0,https://www.disl.edu/arcos/
disl_arcos_realtime_public_grafana,met,DISL_ARCOS_BSP,bsp,Battleship Park,30.682697,-88.012211,upper_bay_oxygen_loading_context,relative_humidity_percent,84.93333358764649,%,2026-10-09T01:00:00+00:00,2026-10-09T02:28:42.233975+00:00,2026-10-09T02:28:42.233975+00:00,ARCOS_RANGE_CHECK_PASS,SOURCE_QC_NOT_EXPOSED_IN_PUBLIC_GRAFANA_FRAME,NOT_APPLICABLE,0.5,RECENT_2023_2025_EXO2_GEOMETRY,True,False,0.0,https://www.disl.edu/arcos/
disl_arcos_realtime_public_grafana,met,DISL_ARCOS_BSP,bsp,Battleship Park,30.682697,-88.012211,upper_bay_oxygen_loading_context,solar_radiation_kw_m2,-0.0010000000474974513,kW/m2,2026-10-09T01:00:00+00:00,2026-10-09T02:28:42.233975+00:00,2026-10-09T02:28:42.233975+00:00,ARCOS_RANGE_CHECK_FAIL,SOURCE_QC_NOT_EXPOSED_IN_PUBLIC_GRAFANA_FRAME,NOT_APPLICABLE,0.5,RECENT_2023_2025_EXO2_GEOMETRY,True,False,0.0,https://www.disl.edu/arcos/
disl_arcos_realtime_public_grafana,met,DISL_ARCOS_BSP,bsp,Battleship Park,30.682697,-88.012211,upper_bay_oxygen_loading_context,wind_direction_deg,43.906340415727115,degree,2026-10-09T01:00:00+00:00,2026-10-09T02:28:42.233975+00:00,2026-10-09T02:28:42.233975+00:00,ARCOS_RANGE_CHECK_PASS,SOURCE_QC_NOT_EXPOSED_IN_PUBLIC_GRAFANA_FRAME,NOT_APPLICABLE,0.5,RECENT_2023_2025_EXO2_GEOMETRY,True,False,0.0,https://www.disl.edu/arcos/
disl_arcos_realtime_public_grafana,met,DISL_ARCOS_BSP,bsp,Battleship Park,30.682697,-88.012211,upper_bay_oxygen_loading_context,wind_speed,13.58433329264323,kn,2026-10-09T01:00:00+00:00,2026-10-09T02:28:42.233975+00:00,2026-10-09T02:28:42.233975+00:00,NOT_RANGE_SCREENED,SOURCE_QC_NOT_EXPOSED_IN_PUBLIC_GRAFANA_FRAME,NOT_APPLICABLE,0.5,RECENT_2023_2025_EXO2_GEOMETRY,True,False,0.0,https://www.disl.edu/arcos/
disl_arcos_realtime_public_grafana,hydro,DISL_ARCOS_CP,cp,Cedar Point,30.30845,-88.139533,lower_bay_west_boundary_oxygen_context,depth_field_m,1.937000036239624,m,2026-10-09T01:00:00+00:00,2026-10-09T02:28:39.420240+00:00,2026-10-09T02:28:39.420240+00:00,SOURCE_QC_NOT_EXPOSED,SOURCE_QC_NOT_EXPOSED_IN_PUBLIC_GRAFANA_FRAME,UNKNOWN_GEOMETRY_DO_NOT_USE_FOR_BOTTOM_CLASSIFICATION,,NOT_FOUND_IN_CURRENT_RESEARCH_PASS,True,False,0.0,https://www.disl.edu/arcos/
disl_arcos_realtime_public_grafana,hydro,DISL_ARCOS_CP,cp,Cedar Point,30.30845,-88.139533,lower_bay_west_boundary_oxygen_context,dissolved_oxygen_mg_l,6.909999847412109,mg/L,2026-10-09T01:00:00+00:00,2026-10-09T02:28:39.420240+00:00,2026-10-09T02:28:39.420240+00:00,ARCOS_RANGE_CHECK_PASS,SOURCE_QC_NOT_EXPOSED_IN_PUBLIC_GRAFANA_FRAME,UNKNOWN_GEOMETRY_DO_NOT_USE_FOR_BOTTOM_CLASSIFICATION,,NOT_FOUND_IN_CURRENT_RESEARCH_PASS,True,False,0.0,https://www.disl.edu/arcos/
disl_arcos_realtime_public_grafana,hydro,DISL_ARCOS_CP,cp,Cedar Point,30.30845,-88.139533,lower_bay_west_boundary_oxygen_context,dissolved_oxygen_percent,94.80000305175781,%,2026-10-09T01:00:00+00:00,2026-10-09T02:28:39.420240+00:00,2026-10-09T02:28:39.420240+00:00,ARCOS_RANGE_CHECK_PASS,SOURCE_QC_NOT_EXPOSED_IN_PUBLIC_GRAFANA_FRAME,UNKNOWN_GEOMETRY_DO_NOT_USE_FOR_BOTTOM_CLASSIFICATION,,NOT_FOUND_IN_CURRENT_RESEARCH_PASS,True,False,0.0,https://www.disl.edu/arcos/
disl_arcos_realtime_public_grafana,hydro,DISL_ARCOS_CP,cp,Cedar Point,30.30845,-88.139533,lower_bay_west_boundary_oxygen_context,pressure_psi,2.7799999713897705,psi,2026-10-09T01:00:00+00:00,2026-10-09T02:28:39.420240+00:00,2026-10-09T02:28:39.420240+00:00,NOT_RANGE_SCREENED,SOURCE_QC_NOT_EXPOSED_IN_PUBLIC_GRAFANA_FRAME,UNKNOWN_GEOMETRY_DO_NOT_USE_FOR_BOTTOM_CLASSIFICATION,,NOT_FOUND_IN_CURRENT_RESEARCH_PASS,True,False,0.0,https://www.disl.edu/arcos/
disl_arcos_realtime_public_grafana,hydro,DISL_ARCOS_CP,cp,Cedar Point,30.30845,-88.139533,lower_bay_west_boundary_oxygen_context,salinity_psu,20.309999465942383,PSU,2026-10-09T01:00:00+00:00,2026-10-09T02:28:39.420240+00:00,2026-10-09T02:28:39.420240+00:00,ARCOS_RANGE_CHECK_PASS,SOURCE_QC_NOT_EXPOSED_IN_PUBLIC_GRAFANA_FRAME,UNKNOWN_GEOMETRY_DO_NOT_USE_FOR_BOTTOM_CLASSIFICATION,,NOT_FOUND_IN_CURRENT_RESEARCH_PASS,True,False,0.0,https://www.disl.edu/arcos/
disl_arcos_realtime_public_grafana,hydro,DISL_ARCOS_CP,cp,Cedar Point,30.30845,-88.139533,lower_bay_west_boundary_oxygen_context,turbidity_fnu,195.6999969482422,FNU,2026-10-09T01:00:00+00:00,2026-10-09T02:28:39.420240+00:00,2026-10-09T02:28:39.420240+00:00,ARCOS_RANGE_CHECK_PASS,SOURCE_QC_NOT_EXPOSED_IN_PUBLIC_GRAFANA_FRAME,UNKNOWN_GEOMETRY_DO_NOT_USE_FOR_BOTTOM_CLASSIFICATION,,NOT_FOUND_IN_CURRENT_RESEARCH_PASS,True,False,0.0,https://www.disl.edu/arcos/
disl_arcos_realtime_public_grafana,hydro,DISL_ARCOS_CP,cp,Cedar Point,30.30845,-88.139533,lower_bay_west_boundary_oxygen_context,water_temperature_c,25.56999969482422,degC,2026-10-09T01:00:00+00:00,2026-10-09T02:28:39.420240+00:00,2026-10-09T02:28:39.420240+00:00,ARCOS_RANGE_CHECK_PASS,SOURCE_QC_NOT_EXPOSED_IN_PUBLIC_GRAFANA_FRAME,UNKNOWN_GEOMETRY_DO_NOT_USE_FOR_BOTTOM_CLASSIFICATION,,NOT_FOUND_IN_CURRENT_RESEARCH_PASS,True,False,0.0,https://www.disl.edu/arcos/
disl_arcos_realtime_public_grafana,met,DISL_ARCOS_CP,cp,Cedar Point,30.30845,-88.139533,lower_bay_west_boundary_oxygen_context,air_temperature_c,25.573999722798664,degC,2026-10-09T01:00:00+00:00,2026-10-09T02:28:39.708368+00:00,2026-10-09T02:28:39.708368+00:00,ARCOS_RANGE_CHECK_PASS,SOURCE_QC_NOT_EXPOSED_IN_PUBLIC_GRAFANA_FRAME,NOT_APPLICABLE,,NOT_FOUND_IN_CURRENT_RESEARCH_PASS,True,False,0.0,https://www.disl.edu/arcos/
disl_arcos_realtime_public_grafana,met,DISL_ARCOS_CP,cp,Cedar Point,30.30845,-88.139533,lower_bay_west_boundary_oxygen_context,barometric_pressure_inhg,29.897860272725424,inHg,2026-10-09T01:00:00+00:00,2026-10-09T02:28:39.708368+00:00,2026-10-09T02:28:39.708368+00:00,ARCOS_RANGE_CHECK_PASS,SOURCE_QC_NOT_EXPOSED_IN_PUBLIC_GRAFANA_FRAME,NOT_APPLICABLE,,NOT_FOUND_IN_CURRENT_RESEARCH_PASS,True,False,0.0,https://www.disl.edu/arcos/
disl_arcos_realtime_public_grafana,met,DISL_ARCOS_CP,cp,Cedar Point,30.30845,-88.139533,lower_bay_west_boundary_oxygen_context,precipitation,0.0,mm,2026-10-09T01:00:00+00:00,2026-10-09T02:28:39.708368+00:00,2026-10-09T02:28:39.708368+00:00,NOT_RANGE_SCREENED,SOURCE_QC_NOT_EXPOSED_IN_PUBLIC_GRAFANA_FRAME,NOT_APPLICABLE,,NOT_FOUND_IN_CURRENT_RESEARCH_PASS,True,False,0.0,https://www.disl.edu/arcos/
disl_arcos_realtime_public_grafana,met,DISL_ARCOS_CP,cp,Cedar Point,30.30845,-88.139533,lower_bay_west_boundary_oxygen_context,quantum_radiation_umol_m2_s,0.14376667191584905,umol/m2/s,2026-10-09T01:00:00+00:00,2026-10-09T02:28:39.708368+00:00,2026-10-09T02:28:39.708368+00:00,ARCOS_RANGE_CHECK_PASS,SOURCE_QC_NOT_EXPOSED_IN_PUBLIC_GRAFANA_FRAME,NOT_APPLICABLE,,NOT_FOUND_IN_CURRENT_RESEARCH_PASS,True,False,0.0,https://www.disl.edu/arcos/
disl_arcos_realtime_public_grafana,met,DISL_ARCOS_CP,cp,Cedar Point,30.30845,-88.139533,lower_bay_west_boundary_oxygen_context,relative_humidity_percent,72.38233388264975,%,2026-10-09T01:00:00+00:00,2026-10-09T02:28:39.708368+00:00,2026-10-09T02:28:39.708368+00:00,ARCOS_RANGE_CHECK_PASS,SOURCE_QC_NOT_EXPOSED_IN_PUBLIC_GRAFANA_FRAME,NOT_APPLICABLE,,NOT_FOUND_IN_CURRENT_RESEARCH_PASS,True,False,0.0,https://www.disl.edu/arcos/
disl_arcos_realtime_public_grafana,met,DISL_ARCOS_CP,cp,Cedar Point,30.30845,-88.139533,lower_bay_west_boundary_oxygen_context,solar_radiation_kw_m2,-0.0010000000474974513,kW/m2,2026-10-09T01:00:00+00:00,2026-10-09T02:28:39.708368+00:00,2026-10-09T02:28:39.708368+00:00,ARCOS_RANGE_CHECK_FAIL,SOURCE_QC_NOT_EXPOSED_IN_PUBLIC_GRAFANA_FRAME,NOT_APPLICABLE,,NOT_FOUND_IN_CURRENT_RESEARCH_PASS,True,False,0.0,https://www.disl.edu/arcos/
disl_arcos_realtime_public_grafana,met,DISL_ARCOS_CP,cp,Cedar Point,30.30845,-88.139533,lower_bay_west_boundary_oxygen_context,wind_direction_deg,44.0830981943569,degree,2026-10-09T01:00:00+00:00,2026-10-09T02:28:39.708368+00:00,2026-10-09T02:28:39.708368+00:00,ARCOS_RANGE_CHECK_PASS,SOURCE_QC_NOT_EXPOSED_IN_PUBLIC_GRAFANA_FRAME,NOT_APPLICABLE,,NOT_FOUND_IN_CURRENT_RESEARCH_PASS,True,False,0.0,https://www.disl.edu/arcos/
disl_arcos_realtime_public_grafana,met,DISL_ARCOS_CP,cp,Cedar Point,30.30845,-88.139533,lower_bay_west_boundary_oxygen_context,wind_speed,15.039333470662434,kn,2026-10-09T01:00:00+00:00,2026-10-09T02:28:39.708368+00:00,2026-10-09T02:28:39.708368+00:00,NOT_RANGE_SCREENED,SOURCE_QC_NOT_EXPOSED_IN_PUBLIC_GRAFANA_FRAME,NOT_APPLICABLE,,NOT_FOUND_IN_CURRENT_RESEARCH_PASS,True,False,0.0,https://www.disl.edu/arcos/
disl_arcos_realtime_public_grafana,met,DISL_ARCOS_GSP,gsp,Gulf State Park Pier,,,coastal_context_if_hydro_available,air_temperature_c,24.973333231608073,degC,2026-10-09T01:00:00+00:00,2026-10-09T02:28:42.645009+00:00,2026-10-09T02:28:42.645009+00:00,ARCOS_RANGE_CHECK_PASS,SOURCE_QC_NOT_EXPOSED_IN_PUBLIC_GRAFANA_FRAME,NOT_APPLICABLE,,NOT_FOUND_IN_CURRENT_RESEARCH_PASS,True,False,0.0,https://www.disl.edu/arcos/
disl_arcos_realtime_public_grafana,met,DISL_ARCOS_GSP,gsp,Gulf State Park Pier,,,coastal_context_if_hydro_available,barometric_pressure_inhg,29.890071042378743,inHg,2026-10-09T01:00:00+00:00,2026-10-09T02:28:42.645009+00:00,2026-10-09T02:28:42.645009+00:00,ARCOS_RANGE_CHECK_PASS,SOURCE_QC_NOT_EXPOSED_IN_PUBLIC_GRAFANA_FRAME,NOT_APPLICABLE,,NOT_FOUND_IN_CURRENT_RESEARCH_PASS,True,False,0.0,https://www.disl.edu/arcos/
disl_arcos_realtime_public_grafana,met,DISL_ARCOS_GSP,gsp,Gulf State Park Pier,,,coastal_context_if_hydro_available,precipitation,0.0,mm,2026-10-09T01:00:00+00:00,2026-10-09T02:28:42.645009+00:00,2026-10-09T02:28:42.645009+00:00,NOT_RANGE_SCREENED,SOURCE_QC_NOT_EXPOSED_IN_PUBLIC_GRAFANA_FRAME,NOT_APPLICABLE,,NOT_FOUND_IN_CURRENT_RESEARCH_PASS,True,False,0.0,https://www.disl.edu/arcos/
disl_arcos_realtime_public_grafana,met,DISL_ARCOS_GSP,gsp,Gulf State Park Pier,,,coastal_context_if_hydro_available,quantum_radiation_umol_m2_s,0.0,umol/m2/s,2026-10-09T01:00:00+00:00,2026-10-09T02:28:42.645009+00:00,2026-10-09T02:28:42.645009+00:00,ARCOS_RANGE_CHECK_PASS,SOURCE_QC_NOT_EXPOSED_IN_PUBLIC_GRAFANA_FRAME,NOT_APPLICABLE,,NOT_FOUND_IN_CURRENT_RESEARCH_PASS,True,False,0.0,https://www.disl.edu/arcos/
disl_arcos_realtime_public_grafana,met,DISL_ARCOS_GSP,gsp,Gulf State Park Pier,,,coastal_context_if_hydro_available,relative_humidity_percent,86.07333246866862,%,2026-10-09T01:00:00+00:00,2026-10-09T02:28:42.645009+00:00,2026-10-09T02:28:42.645009+00:00,ARCOS_RANGE_CHECK_PASS,SOURCE_QC_NOT_EXPOSED_IN_PUBLIC_GRAFANA_FRAME,NOT_APPLICABLE,,NOT_FOUND_IN_CURRENT_RESEARCH_PASS,True,False,0.0,https://www.disl.edu/arcos/
disl_arcos_realtime_public_grafana,met,DISL_ARCOS_GSP,gsp,Gulf State Park Pier,,,coastal_context_if_hydro_available,solar_radiation_kw_m2,0.0,kW/m2,2026-10-09T01:00:00+00:00,2026-10-09T02:28:42.645009+00:00,2026-10-09T02:28:42.645009+00:00,ARCOS_RANGE_CHECK_PASS,SOURCE_QC_NOT_EXPOSED_IN_PUBLIC_GRAFANA_FRAME,NOT_APPLICABLE,,NOT_FOUND_IN_CURRENT_RESEARCH_PASS,True,False,0.0,https://www.disl.edu/arcos/
disl_arcos_realtime_public_grafana,met,DISL_ARCOS_GSP,gsp,Gulf State Park Pier,,,coastal_context_if_hydro_available,wind_direction_deg,73.03234503070668,degree,2026-10-09T01:00:00+00:00,2026-10-09T02:28:42.645009+00:00,2026-10-09T02:28:42.645009+00:00,ARCOS_RANGE_CHECK_PASS,SOURCE_QC_NOT_EXPOSED_IN_PUBLIC_GRAFANA_FRAME,NOT_APPLICABLE,,NOT_FOUND_IN_CURRENT_RESEARCH_PASS,True,False,0.0,https://www.disl.edu/arcos/
disl_arcos_realtime_public_grafana,met,DISL_ARCOS_GSP,gsp,Gulf State Park Pier,,,coastal_context_if_hydro_available,wind_speed,7.976133426030477,kn,2026-10-09T01:00:00+00:00,2026-10-09T02:28:42.645009+00:00,2026-10-09T02:28:42.645009+00:00,NOT_RANGE_SCREENED,SOURCE_QC_NOT_EXPOSED_IN_PUBLIC_GRAFANA_FRAME,NOT_APPLICABLE,,NOT_FOUND_IN_CURRENT_RESEARCH_PASS,True,False,0.0,https://www.disl.edu/arcos/
disl_arcos_realtime_public_grafana,hydro,DISL_ARCOS_KC,kc,Katrina Cut,30.2583,-88.2131,western_bay_mouth_oxygen_context,depth_field_m,4.076000213623047,m,2026-10-09T01:00:00+00:00,2026-10-09T02:28:40.542948+00:00,2026-10-09T02:28:40.542948+00:00,SOURCE_QC_NOT_EXPOSED,SOURCE_QC_NOT_EXPOSED_IN_PUBLIC_GRAFANA_FRAME,UNKNOWN_GEOMETRY_DO_NOT_USE_FOR_BOTTOM_CLASSIFICATION,0.5,HISTORICAL_ARCOS_OBSERVATION_GEOMETRY,True,False,0.0,https://www.disl.edu/arcos/
disl_arcos_realtime_public_grafana,hydro,DISL_ARCOS_KC,kc,Katrina Cut,30.2583,-88.2131,western_bay_mouth_oxygen_context,dissolved_oxygen_mg_l,6.800000190734863,mg/L,2026-10-09T01:00:00+00:00,2026-10-09T02:28:40.542948+00:00,2026-10-09T02:28:40.542948+00:00,ARCOS_RANGE_CHECK_PASS,SOURCE_QC_NOT_EXPOSED_IN_PUBLIC_GRAFANA_FRAME,UNKNOWN_GEOMETRY_DO_NOT_USE_FOR_BOTTOM_CLASSIFICATION,0.5,HISTORICAL_ARCOS_OBSERVATION_GEOMETRY,True,False,0.0,https://www.disl.edu/arcos/
disl_arcos_realtime_public_grafana,hydro,DISL_ARCOS_KC,kc,Katrina Cut,30.2583,-88.2131,western_bay_mouth_oxygen_context,dissolved_oxygen_percent,96.80000305175781,%,2026-10-09T01:00:00+00:00,2026-10-09T02:28:40.542948+00:00,2026-10-09T02:28:40.542948+00:00,ARCOS_RANGE_CHECK_PASS,SOURCE_QC_NOT_EXPOSED_IN_PUBLIC_GRAFANA_FRAME,UNKNOWN_GEOMETRY_DO_NOT_USE_FOR_BOTTOM_CLASSIFICATION,0.5,HISTORICAL_ARCOS_OBSERVATION_GEOMETRY,True,False,0.0,https://www.disl.edu/arcos/
disl_arcos_realtime_public_grafana,hydro,DISL_ARCOS_KC,kc,Katrina Cut,30.2583,-88.2131,western_bay_mouth_oxygen_context,pressure_psi,5.869999885559082,psi,2026-10-09T01:00:00+00:00,2026-10-09T02:28:40.542948+00:00,2026-10-09T02:28:40.542948+00:00,NOT_RANGE_SCREENED,SOURCE_QC_NOT_EXPOSED_IN_PUBLIC_GRAFANA_FRAME,UNKNOWN_GEOMETRY_DO_NOT_USE_FOR_BOTTOM_CLASSIFICATION,0.5,HISTORICAL_ARCOS_OBSERVATION_GEOMETRY,True,False,0.0,https://www.disl.edu/arcos/
disl_arcos_realtime_public_grafana,hydro,DISL_ARCOS_KC,kc,Katrina Cut,30.2583,-88.2131,western_bay_mouth_oxygen_context,salinity_psu,25.450000762939453,PSU,2026-10-09T01:00:00+00:00,2026-10-09T02:28:40.542948+00:00,2026-10-09T02:28:40.542948+00:00,ARCOS_RANGE_CHECK_PASS,SOURCE_QC_NOT_EXPOSED_IN_PUBLIC_GRAFANA_FRAME,UNKNOWN_GEOMETRY_DO_NOT_USE_FOR_BOTTOM_CLASSIFICATION,0.5,HISTORICAL_ARCOS_OBSERVATION_GEOMETRY,True,False,0.0,https://www.disl.edu/arcos/
disl_arcos_realtime_public_grafana,hydro,DISL_ARCOS_KC,kc,Katrina Cut,30.2583,-88.2131,western_bay_mouth_oxygen_context,turbidity_fnu,12.029999732971191,FNU,2026-10-09T01:00:00+00:00,2026-10-09T02:28:40.542948+00:00,2026-10-09T02:28:40.542948+00:00,ARCOS_RANGE_CHECK_PASS,SOURCE_QC_NOT_EXPOSED_IN_PUBLIC_GRAFANA_FRAME,UNKNOWN_GEOMETRY_DO_NOT_USE_FOR_BOTTOM_CLASSIFICATION,0.5,HISTORICAL_ARCOS_OBSERVATION_GEOMETRY,True,False,0.0,https://www.disl.edu/arcos/
disl_arcos_realtime_public_grafana,hydro,DISL_ARCOS_KC,kc,Katrina Cut,30.2583,-88.2131,western_bay_mouth_oxygen_context,water_temperature_c,26.030000686645508,degC,2026-10-09T01:00:00+00:00,2026-10-09T02:28:40.542948+00:00,2026-10-09T02:28:40.542948+00:00,ARCOS_RANGE_CHECK_PASS,SOURCE_QC_NOT_EXPOSED_IN_PUBLIC_GRAFANA_FRAME,UNKNOWN_GEOMETRY_DO_NOT_USE_FOR_BOTTOM_CLASSIFICATION,0.5,HISTORICAL_ARCOS_OBSERVATION_GEOMETRY,True,False,0.0,https://www.disl.edu/arcos/
disl_arcos_realtime_public_grafana,met,DISL_ARCOS_KC,kc,Katrina Cut,30.2583,-88.2131,western_bay_mouth_oxygen_context,air_temperature_c,26.65999984741211,degC,2026-10-09T01:00:00+00:00,2026-10-09T02:28:40.744126+00:00,2026-10-09T02:28:40.744126+00:00,ARCOS_RANGE_CHECK_PASS,SOURCE_QC_NOT_EXPOSED_IN_PUBLIC_GRAFANA_FRAME,NOT_APPLICABLE,0.5,HISTORICAL_ARCOS_OBSERVATION_GEOMETRY,True,False,0.0,https://www.disl.edu/arcos/
disl_arcos_realtime_public_grafana,met,DISL_ARCOS_KC,kc,Katrina Cut,30.2583,-88.2131,western_bay_mouth_oxygen_context,barometric_pressure_inhg,29.9011713663737,inHg,2026-10-09T01:00:00+00:00,2026-10-09T02:28:40.744126+00:00,2026-10-09T02:28:40.744126+00:00,ARCOS_RANGE_CHECK_PASS,SOURCE_QC_NOT_EXPOSED_IN_PUBLIC_GRAFANA_FRAME,NOT_APPLICABLE,0.5,HISTORICAL_ARCOS_OBSERVATION_GEOMETRY,True,False,0.0,https://www.disl.edu/arcos/
disl_arcos_realtime_public_grafana,met,DISL_ARCOS_KC,kc,Katrina Cut,30.2583,-88.2131,western_bay_mouth_oxygen_context,precipitation,0.0,mm,2026-10-09T01:00:00+00:00,2026-10-09T02:28:40.744126+00:00,2026-10-09T02:28:40.744126+00:00,NOT_RANGE_SCREENED,SOURCE_QC_NOT_EXPOSED_IN_PUBLIC_GRAFANA_FRAME,NOT_APPLICABLE,0.5,HISTORICAL_ARCOS_OBSERVATION_GEOMETRY,True,False,0.0,https://www.disl.edu/arcos/
disl_arcos_realtime_public_grafana,met,DISL_ARCOS_KC,kc,Katrina Cut,30.2583,-88.2131,western_bay_mouth_oxygen_context,quantum_radiation_umol_m2_s,0.0,umol/m2/s,2026-10-09T01:00:00+00:00,2026-10-09T02:28:40.744126+00:00,2026-10-09T02:28:40.744126+00:00,ARCOS_RANGE_CHECK_PASS,SOURCE_QC_NOT_EXPOSED_IN_PUBLIC_GRAFANA_FRAME,NOT_APPLICABLE,0.5,HISTORICAL_ARCOS_OBSERVATION_GEOMETRY,True,False,0.0,https://www.disl.edu/arcos/
disl_arcos_realtime_public_grafana,met,DISL_ARCOS_KC,kc,Katrina Cut,30.2583,-88.2131,western_bay_mouth_oxygen_context,relative_humidity_percent,84.8333346048991,%,2026-10-09T01:00:00+00:00,2026-10-09T02:28:40.744126+00:00,2026-10-09T02:28:40.744126+00:00,ARCOS_RANGE_CHECK_PASS,SOURCE_QC_NOT_EXPOSED_IN_PUBLIC_GRAFANA_FRAME,NOT_APPLICABLE,0.5,HISTORICAL_ARCOS_OBSERVATION_GEOMETRY,True,False,0.0,https://www.disl.edu/arcos/
disl_arcos_realtime_public_grafana,met,DISL_ARCOS_KC,kc,Katrina Cut,30.2583,-88.2131,western_bay_mouth_oxygen_context,solar_radiation_kw_m2,-0.0010000000474974513,kW/m2,2026-10-09T01:00:00+00:00,2026-10-09T02:28:40.744126+00:00,2026-10-09T02:28:40.744126+00:00,ARCOS_RANGE_CHECK_FAIL,SOURCE_QC_NOT_EXPOSED_IN_PUBLIC_GRAFANA_FRAME,NOT_APPLICABLE,0.5,HISTORICAL_ARCOS_OBSERVATION_GEOMETRY,True,False,0.0,https://www.disl.edu/arcos/
disl_arcos_realtime_public_grafana,met,DISL_ARCOS_KC,kc,Katrina Cut,30.2583,-88.2131,western_bay_mouth_oxygen_context,wind_direction_deg,54.57105475190957,degree,2026-10-09T01:00:00+00:00,2026-10-09T02:28:40.744126+00:00,2026-10-09T02:28:40.744126+00:00,ARCOS_RANGE_CHECK_PASS,SOURCE_QC_NOT_EXPOSED_IN_PUBLIC_GRAFANA_FRAME,NOT_APPLICABLE,0.5,HISTORICAL_ARCOS_OBSERVATION_GEOMETRY,True,False,0.0,https://www.disl.edu/arcos/
disl_arcos_realtime_public_grafana,met,DISL_ARCOS_KC,kc,Katrina Cut,30.2583,-88.2131,western_bay_mouth_oxygen_context,wind_speed,34.80500030517578,kn,2026-10-09T01:00:00+00:00,2026-10-09T02:28:40.744126+00:00,2026-10-09T02:28:40.744126+00:00,NOT_RANGE_SCREENED,SOURCE_QC_NOT_EXPOSED_IN_PUBLIC_GRAFANA_FRAME,NOT_APPLICABLE,0.5,HISTORICAL_ARCOS_OBSERVATION_GEOMETRY,True,False,0.0,https://www.disl.edu/arcos/
disl_arcos_realtime_public_grafana,hydro,DISL_ARCOS_MP,mp,Meaher Park,30.667152,-87.936459,upper_bay_oxygen_loading_proxy,depth_field_m,0.0,m,2026-10-09T01:00:00+00:00,2026-10-09T02:28:38.811269+00:00,2026-10-09T02:28:38.811269+00:00,SOURCE_QC_NOT_EXPOSED,SOURCE_QC_NOT_EXPOSED_IN_PUBLIC_GRAFANA_FRAME,UNKNOWN_GEOMETRY_DO_NOT_USE_FOR_BOTTOM_CLASSIFICATION,0.5,RECENT_2023_2025_EXO2_GEOMETRY,True,False,0.0,https://www.disl.edu/arcos/
disl_arcos_realtime_public_grafana,hydro,DISL_ARCOS_MP,mp,Meaher Park,30.667152,-87.936459,upper_bay_oxygen_loading_proxy,dissolved_oxygen_mg_l,1.1299999952316284,mg/L,2026-10-09T01:00:00+00:00,2026-10-09T02:28:38.811269+00:00,2026-10-09T02:28:38.811269+00:00,ARCOS_RANGE_CHECK_PASS,SOURCE_QC_NOT_EXPOSED_IN_PUBLIC_GRAFANA_FRAME,UNKNOWN_GEOMETRY_DO_NOT_USE_FOR_BOTTOM_CLASSIFICATION,0.5,RECENT_2023_2025_EXO2_GEOMETRY,True,False,0.0,https://www.disl.edu/arcos/
disl_arcos_realtime_public_grafana,hydro,DISL_ARCOS_MP,mp,Meaher Park,30.667152,-87.936459,upper_bay_oxygen_loading_proxy,dissolved_oxygen_percent,15.15999984741211,%,2026-10-09T01:00:00+00:00,2026-10-09T02:28:38.811269+00:00,2026-10-09T02:28:38.811269+00:00,ARCOS_RANGE_CHECK_PASS,SOURCE_QC_NOT_EXPOSED_IN_PUBLIC_GRAFANA_FRAME,UNKNOWN_GEOMETRY_DO_NOT_USE_FOR_BOTTOM_CLASSIFICATION,0.5,RECENT_2023_2025_EXO2_GEOMETRY,True,False,0.0,https://www.disl.edu/arcos/
disl_arcos_realtime_public_grafana,hydro,DISL_ARCOS_MP,mp,Meaher Park,30.667152,-87.936459,upper_bay_oxygen_loading_proxy,pressure_psi,0.0,psi,2026-10-09T01:00:00+00:00,2026-10-09T02:28:38.811269+00:00,2026-10-09T02:28:38.811269+00:00,NOT_RANGE_SCREENED,SOURCE_QC_NOT_EXPOSED_IN_PUBLIC_GRAFANA_FRAME,UNKNOWN_GEOMETRY_DO_NOT_USE_FOR_BOTTOM_CLASSIFICATION,0.5,RECENT_2023_2025_EXO2_GEOMETRY,True,False,0.0,https://www.disl.edu/arcos/
disl_arcos_realtime_public_grafana,hydro,DISL_ARCOS_MP,mp,Meaher Park,30.667152,-87.936459,upper_bay_oxygen_loading_proxy,salinity_psu,10.960000038146973,PSU,2026-10-09T01:00:00+00:00,2026-10-09T02:28:38.811269+00:00,2026-10-09T02:28:38.811269+00:00,ARCOS_RANGE_CHECK_PASS,SOURCE_QC_NOT_EXPOSED_IN_PUBLIC_GRAFANA_FRAME,UNKNOWN_GEOMETRY_DO_NOT_USE_FOR_BOTTOM_CLASSIFICATION,0.5,RECENT_2023_2025_EXO2_GEOMETRY,True,False,0.0,https://www.disl.edu/arcos/
disl_arcos_realtime_public_grafana,hydro,DISL_ARCOS_MP,mp,Meaher Park,30.667152,-87.936459,upper_bay_oxygen_loading_proxy,turbidity_fnu,3.369999885559082,FNU,2026-10-09T01:00:00+00:00,2026-10-09T02:28:38.811269+00:00,2026-10-09T02:28:38.811269+00:00,ARCOS_RANGE_CHECK_PASS,SOURCE_QC_NOT_EXPOSED_IN_PUBLIC_GRAFANA_FRAME,UNKNOWN_GEOMETRY_DO_NOT_USE_FOR_BOTTOM_CLASSIFICATION,0.5,RECENT_2023_2025_EXO2_GEOMETRY,True,False,0.0,https://www.disl.edu/arcos/
disl_arcos_realtime_public_grafana,hydro,DISL_ARCOS_MP,mp,Meaher Park,30.667152,-87.936459,upper_bay_oxygen_loading_proxy,water_temperature_c,27.329999923706055,degC,2026-10-09T01:00:00+00:00,2026-10-09T02:28:38.811269+00:00,2026-10-09T02:28:38.811269+00:00,ARCOS_RANGE_CHECK_PASS,SOURCE_QC_NOT_EXPOSED_IN_PUBLIC_GRAFANA_FRAME,UNKNOWN_GEOMETRY_DO_NOT_USE_FOR_BOTTOM_CLASSIFICATION,0.5,RECENT_2023_2025_EXO2_GEOMETRY,True,False,0.0,https://www.disl.edu/arcos/
disl_arcos_realtime_public_grafana,met,DISL_ARCOS_MP,mp,Meaher Park,30.667152,-87.936459,upper_bay_oxygen_loading_proxy,air_temperature_c,23.673999977111816,degC,2026-10-09T01:00:00+00:00,2026-10-09T02:28:39.047209+00:00,2026-10-09T02:28:39.047209+00:00,ARCOS_RANGE_CHECK_PASS,SOURCE_QC_NOT_EXPOSED_IN_PUBLIC_GRAFANA_FRAME,NOT_APPLICABLE,0.5,RECENT_2023_2025_EXO2_GEOMETRY,True,False,0.0,https://www.disl.edu/arcos/
disl_arcos_realtime_public_grafana,met,DISL_ARCOS_MP,mp,Meaher Park,30.667152,-87.936459,upper_bay_oxygen_loading_proxy,barometric_pressure_inhg,30.007671229044597,inHg,2026-10-09T01:00:00+00:00,2026-10-09T02:28:39.047209+00:00,2026-10-09T02:28:39.047209+00:00,ARCOS_RANGE_CHECK_PASS,SOURCE_QC_NOT_EXPOSED_IN_PUBLIC_GRAFANA_FRAME,NOT_APPLICABLE,0.5,RECENT_2023_2025_EXO2_GEOMETRY,True,False,0.0,https://www.disl.edu/arcos/
disl_arcos_realtime_public_grafana,met,DISL_ARCOS_MP,mp,Meaher Park,30.667152,-87.936459,upper_bay_oxygen_loading_proxy,precipitation,0.0,in,2026-10-09T01:00:00+00:00,2026-10-09T02:28:39.047209+00:00,2026-10-09T02:28:39.047209+00:00,NOT_RANGE_SCREENED,SOURCE_QC_NOT_EXPOSED_IN_PUBLIC_GRAFANA_FRAME,NOT_APPLICABLE,0.5,RECENT_2023_2025_EXO2_GEOMETRY,True,False,0.0,https://www.disl.edu/arcos/
disl_arcos_realtime_public_grafana,met,DISL_ARCOS_MP,mp,Meaher Park,30.667152,-87.936459,upper_bay_oxygen_loading_proxy,quantum_radiation_umol_m2_s,0.0,umol/m2/s,2026-10-09T01:00:00+00:00,2026-10-09T02:28:39.047209+00:00,2026-10-09T02:28:39.047209+00:00,ARCOS_RANGE_CHECK_PASS,SOURCE_QC_NOT_EXPOSED_IN_PUBLIC_GRAFANA_FRAME,NOT_APPLICABLE,0.5,RECENT_2023_2025_EXO2_GEOMETRY,True,False,0.0,https://www.disl.edu/arcos/
disl_arcos_realtime_public_grafana,met,DISL_ARCOS_MP,mp,Meaher Park,30.667152,-87.936459,upper_bay_oxygen_loading_proxy,relative_humidity_percent,82.5370002746582,%,2026-10-09T01:00:00+00:00,2026-10-09T02:28:39.047209+00:00,2026-10-09T02:28:39.047209+00:00,ARCOS_RANGE_CHECK_PASS,SOURCE_QC_NOT_EXPOSED_IN_PUBLIC_GRAFANA_FRAME,NOT_APPLICABLE,0.5,RECENT_2023_2025_EXO2_GEOMETRY,True,False,0.0,https://www.disl.edu/arcos/
disl_arcos_realtime_public_grafana,met,DISL_ARCOS_MP,mp,Meaher Park,30.667152,-87.936459,upper_bay_oxygen_loading_proxy,solar_radiation_kw_m2,-0.0010000000474974513,kW/m2,2026-10-09T01:00:00+00:00,2026-10-09T02:28:39.047209+00:00,2026-10-09T02:28:39.047209+00:00,ARCOS_RANGE_CHECK_FAIL,SOURCE_QC_NOT_EXPOSED_IN_PUBLIC_GRAFANA_FRAME,NOT_APPLICABLE,0.5,RECENT_2023_2025_EXO2_GEOMETRY,True,False,0.0,https://www.disl.edu/arcos/
disl_arcos_realtime_public_grafana,met,DISL_ARCOS_MP,mp,Meaher Park,30.667152,-87.936459,upper_bay_oxygen_loading_proxy,wind_direction_deg,329.1895120774803,degree,2026-10-09T01:00:00+00:00,2026-10-09T02:28:39.047209+00:00,2026-10-09T02:28:39.047209+00:00,ARCOS_RANGE_CHECK_PASS,SOURCE_QC_NOT_EXPOSED_IN_PUBLIC_GRAFANA_FRAME,NOT_APPLICABLE,0.5,RECENT_2023_2025_EXO2_GEOMETRY,True,False,0.0,https://www.disl.edu/arcos/
disl_arcos_realtime_public_grafana,met,DISL_ARCOS_MP,mp,Meaher Park,30.667152,-87.936459,upper_bay_oxygen_loading_proxy,wind_speed,4.264199980099996,kn,2026-10-09T01:00:00+00:00,2026-10-09T02:28:39.047209+00:00,2026-10-09T02:28:39.047209+00:00,NOT_RANGE_SCREENED,SOURCE_QC_NOT_EXPOSED_IN_PUBLIC_GRAFANA_FRAME,NOT_APPLICABLE,0.5,RECENT_2023_2025_EXO2_GEOMETRY,True,False,0.0,https://www.disl.edu/arcos/
disl_arcos_realtime_public_grafana,hydro,DISL_ARCOS_PP,pp,Perdido Pass,30.2791,-87.5561,eastern_coastal_boundary_oxygen_context,depth_field_m,1.3899999856948853,m,2026-10-09T01:00:00+00:00,2026-10-09T02:28:40.989977+00:00,2026-10-09T02:28:40.989977+00:00,SOURCE_QC_NOT_EXPOSED,SOURCE_QC_NOT_EXPOSED_IN_PUBLIC_GRAFANA_FRAME,UNKNOWN_GEOMETRY_DO_NOT_USE_FOR_BOTTOM_CLASSIFICATION,0.5,HISTORICAL_NEAR_BOTTOM_GEOMETRY,True,False,0.0,https://www.disl.edu/arcos/
disl_arcos_realtime_public_grafana,hydro,DISL_ARCOS_PP,pp,Perdido Pass,30.2791,-87.5561,eastern_coastal_boundary_oxygen_context,dissolved_oxygen_mg_l,6.059999942779541,mg/L,2026-10-09T01:00:00+00:00,2026-10-09T02:28:40.989977+00:00,2026-10-09T02:28:40.989977+00:00,ARCOS_RANGE_CHECK_PASS,SOURCE_QC_NOT_EXPOSED_IN_PUBLIC_GRAFANA_FRAME,UNKNOWN_GEOMETRY_DO_NOT_USE_FOR_BOTTOM_CLASSIFICATION,0.5,HISTORICAL_NEAR_BOTTOM_GEOMETRY,True,False,0.0,https://www.disl.edu/arcos/
disl_arcos_realtime_public_grafana,hydro,DISL_ARCOS_PP,pp,Perdido Pass,30.2791,-87.5561,eastern_coastal_boundary_oxygen_context,dissolved_oxygen_percent,102.69999694824219,%,2026-10-09T01:00:00+00:00,2026-10-09T02:28:40.989977+00:00,2026-10-09T02:28:40.989977+00:00,ARCOS_RANGE_CHECK_PASS,SOURCE_QC_NOT_EXPOSED_IN_PUBLIC_GRAFANA_FRAME,UNKNOWN_GEOMETRY_DO_NOT_USE_FOR_BOTTOM_CLASSIFICATION,0.5,HISTORICAL_NEAR_BOTTOM_GEOMETRY,True,False,0.0,https://www.disl.edu/arcos/
disl_arcos_realtime_public_grafana,hydro,DISL_ARCOS_PP,pp,Perdido Pass,30.2791,-87.5561,eastern_coastal_boundary_oxygen_context,pressure_psi,2.0,psi,2026-10-09T01:00:00+00:00,2026-10-09T02:28:40.989977+00:00,2026-10-09T02:28:40.989977+00:00,NOT_RANGE_SCREENED,SOURCE_QC_NOT_EXPOSED_IN_PUBLIC_GRAFANA_FRAME,UNKNOWN_GEOMETRY_DO_NOT_USE_FOR_BOTTOM_CLASSIFICATION,0.5,HISTORICAL_NEAR_BOTTOM_GEOMETRY,True,False,0.0,https://www.disl.edu/arcos/
disl_arcos_realtime_public_grafana,hydro,DISL_ARCOS_PP,pp,Perdido Pass,30.2791,-87.5561,eastern_coastal_boundary_oxygen_context,salinity_psu,24.079999923706055,PSU,2026-10-09T01:00:00+00:00,2026-10-09T02:28:40.989977+00:00,2026-10-09T02:28:40.989977+00:00,ARCOS_RANGE_CHECK_PASS,SOURCE_QC_NOT_EXPOSED_IN_PUBLIC_GRAFANA_FRAME,UNKNOWN_GEOMETRY_DO_NOT_USE_FOR_BOTTOM_CLASSIFICATION,0.5,HISTORICAL_NEAR_BOTTOM_GEOMETRY,True,False,0.0,https://www.disl.edu/arcos/
disl_arcos_realtime_public_grafana,hydro,DISL_ARCOS_PP,pp,Perdido Pass,30.2791,-87.5561,eastern_coastal_boundary_oxygen_context,turbidity_fnu,0.7599999904632568,FNU,2026-10-09T01:00:00+00:00,2026-10-09T02:28:40.989977+00:00,2026-10-09T02:28:40.989977+00:00,ARCOS_RANGE_CHECK_PASS,SOURCE_QC_NOT_EXPOSED_IN_PUBLIC_GRAFANA_FRAME,UNKNOWN_GEOMETRY_DO_NOT_USE_FOR_BOTTOM_CLASSIFICATION,0.5,HISTORICAL_NEAR_BOTTOM_GEOMETRY,True,False,0.0,https://www.disl.edu/arcos/
disl_arcos_realtime_public_grafana,hydro,DISL_ARCOS_PP,pp,Perdido Pass,30.2791,-87.5561,eastern_coastal_boundary_oxygen_context,water_temperature_c,26.770000457763672,degC,2026-10-09T01:00:00+00:00,2026-10-09T02:28:40.989977+00:00,2026-10-09T02:28:40.989977+00:00,ARCOS_RANGE_CHECK_PASS,SOURCE_QC_NOT_EXPOSED_IN_PUBLIC_GRAFANA_FRAME,UNKNOWN_GEOMETRY_DO_NOT_USE_FOR_BOTTOM_CLASSIFICATION,0.5,HISTORICAL_NEAR_BOTTOM_GEOMETRY,True,False,0.0,https://www.disl.edu/arcos/
disl_arcos_realtime_public_grafana,met,DISL_ARCOS_PP,pp,Perdido Pass,30.2791,-87.5561,eastern_coastal_boundary_oxygen_context,air_temperature_c,28.91066691080729,degC,2026-10-09T01:00:00+00:00,2026-10-09T02:28:41.324994+00:00,2026-10-09T02:28:41.324994+00:00,ARCOS_RANGE_CHECK_PASS,SOURCE_QC_NOT_EXPOSED_IN_PUBLIC_GRAFANA_FRAME,NOT_APPLICABLE,0.5,HISTORICAL_NEAR_BOTTOM_GEOMETRY,True,False,0.0,https://www.disl.edu/arcos/
disl_arcos_realtime_public_grafana,met,DISL_ARCOS_PP,pp,Perdido Pass,30.2791,-87.5561,eastern_coastal_boundary_oxygen_context,barometric_pressure_inhg,29.925571886698403,inHg,2026-10-09T01:00:00+00:00,2026-10-09T02:28:41.324994+00:00,2026-10-09T02:28:41.324994+00:00,ARCOS_RANGE_CHECK_PASS,SOURCE_QC_NOT_EXPOSED_IN_PUBLIC_GRAFANA_FRAME,NOT_APPLICABLE,0.5,HISTORICAL_NEAR_BOTTOM_GEOMETRY,True,False,0.0,https://www.disl.edu/arcos/
disl_arcos_realtime_public_grafana,met,DISL_ARCOS_PP,pp,Perdido Pass,30.2791,-87.5561,eastern_coastal_boundary_oxygen_context,precipitation,0.0,mm,2026-10-09T01:00:00+00:00,2026-10-09T02:28:41.324994+00:00,2026-10-09T02:28:41.324994+00:00,NOT_RANGE_SCREENED,SOURCE_QC_NOT_EXPOSED_IN_PUBLIC_GRAFANA_FRAME,NOT_APPLICABLE,0.5,HISTORICAL_NEAR_BOTTOM_GEOMETRY,True,False,0.0,https://www.disl.edu/arcos/
disl_arcos_realtime_public_grafana,met,DISL_ARCOS_PP,pp,Perdido Pass,30.2791,-87.5561,eastern_coastal_boundary_oxygen_context,quantum_radiation_umol_m2_s,0.0,umol/m2/s,2026-10-09T01:00:00+00:00,2026-10-09T02:28:41.324994+00:00,2026-10-09T02:28:41.324994+00:00,ARCOS_RANGE_CHECK_PASS,SOURCE_QC_NOT_EXPOSED_IN_PUBLIC_GRAFANA_FRAME,NOT_APPLICABLE,0.5,HISTORICAL_NEAR_BOTTOM_GEOMETRY,True,False,0.0,https://www.disl.edu/arcos/
disl_arcos_realtime_public_grafana,met,DISL_ARCOS_PP,pp,Perdido Pass,30.2791,-87.5561,eastern_coastal_boundary_oxygen_context,relative_humidity_percent,77.5433339436849,%,2026-10-09T01:00:00+00:00,2026-10-09T02:28:41.324994+00:00,2026-10-09T02:28:41.324994+00:00,ARCOS_RANGE_CHECK_PASS,SOURCE_QC_NOT_EXPOSED_IN_PUBLIC_GRAFANA_FRAME,NOT_APPLICABLE,0.5,HISTORICAL_NEAR_BOTTOM_GEOMETRY,True,False,0.0,https://www.disl.edu/arcos/
disl_arcos_realtime_public_grafana,met,DISL_ARCOS_PP,pp,Perdido Pass,30.2791,-87.5561,eastern_coastal_boundary_oxygen_context,solar_radiation_kw_m2,-0.0020000000949949026,kW/m2,2026-10-09T01:00:00+00:00,2026-10-09T02:28:41.324994+00:00,2026-10-09T02:28:41.324994+00:00,ARCOS_RANGE_CHECK_FAIL,SOURCE_QC_NOT_EXPOSED_IN_PUBLIC_GRAFANA_FRAME,NOT_APPLICABLE,0.5,HISTORICAL_NEAR_BOTTOM_GEOMETRY,True,False,0.0,https://www.disl.edu/arcos/
disl_arcos_realtime_public_grafana,met,DISL_ARCOS_PP,pp,Perdido Pass,30.2791,-87.5561,eastern_coastal_boundary_oxygen_context,wind_direction_deg,79.69493163484522,degree,2026-10-09T01:00:00+00:00,2026-10-09T02:28:41.324994+00:00,2026-10-09T02:28:41.324994+00:00,ARCOS_RANGE_CHECK_PASS,SOURCE_QC_NOT_EXPOSED_IN_PUBLIC_GRAFANA_FRAME,NOT_APPLICABLE,0.5,HISTORICAL_NEAR_BOTTOM_GEOMETRY,True,False,0.0,https://www.disl.edu/arcos/
disl_arcos_realtime_public_grafana,met,DISL_ARCOS_PP,pp,Perdido Pass,30.2791,-87.5561,eastern_coastal_boundary_oxygen_context,wind_speed,9.495333337783814,kn,2026-10-09T01:00:00+00:00,2026-10-09T02:28:41.324994+00:00,2026-10-09T02:28:41.324994+00:00,NOT_RANGE_SCREENED,SOURCE_QC_NOT_EXPOSED_IN_PUBLIC_GRAFANA_FRAME,NOT_APPLICABLE,0.5,HISTORICAL_NEAR_BOTTOM_GEOMETRY,True,False,0.0,https://www.disl.edu/arcos/
disl_arcos_realtime_public_grafana,met,DISL_ARCOS_BSP,bsp,Battleship Park,30.682697,-88.012211,upper_bay_oxygen_loading_context,air_temperature_c,25.164000193277996,degC,2026-10-09T01:30:00+00:00,2026-10-09T02:28:42.233975+00:00,2026-10-09T02:28:42.233975+00:00,ARCOS_RANGE_CHECK_PASS,SOURCE_QC_NOT_EXPOSED_IN_PUBLIC_GRAFANA_FRAME,NOT_APPLICABLE,0.5,RECENT_2023_2025_EXO2_GEOMETRY,True,False,0.0,https://www.disl.edu/arcos/
disl_arcos_realtime_public_grafana,met,DISL_ARCOS_BSP,bsp,Battleship Park,30.682697,-88.012211,upper_bay_oxygen_loading_context,barometric_pressure_inhg,29.931166648864746,inHg,2026-10-09T01:30:00+00:00,2026-10-09T02:28:42.233975+00:00,2026-10-09T02:28:42.233975+00:00,ARCOS_RANGE_CHECK_PASS,SOURCE_QC_NOT_EXPOSED_IN_PUBLIC_GRAFANA_FRAME,NOT_APPLICABLE,0.5,RECENT_2023_2025_EXO2_GEOMETRY,True,False,0.0,https://www.disl.edu/arcos/
disl_arcos_realtime_public_grafana,met,DISL_ARCOS_BSP,bsp,Battleship Park,30.682697,-88.012211,upper_bay_oxygen_loading_context,precipitation,0.0,in,2026-10-09T01:30:00+00:00,2026-10-09T02:28:42.233975+00:00,2026-10-09T02:28:42.233975+00:00,NOT_RANGE_SCREENED,SOURCE_QC_NOT_EXPOSED_IN_PUBLIC_GRAFANA_FRAME,NOT_APPLICABLE,0.5,RECENT_2023_2025_EXO2_GEOMETRY,True,False,0.0,https://www.disl.edu/arcos/
disl_arcos_realtime_public_grafana,met,DISL_ARCOS_BSP,bsp,Battleship Park,30.682697,-88.012211,upper_bay_oxygen_loading_context,quantum_radiation_umol_m2_s,0.0,umol/m2/s,2026-10-09T01:30:00+00:00,2026-10-09T02:28:42.233975+00:00,2026-10-09T02:28:42.233975+00:00,ARCOS_RANGE_CHECK_PASS,SOURCE_QC_NOT_EXPOSED_IN_PUBLIC_GRAFANA_FRAME,NOT_APPLICABLE,0.5,RECENT_2023_2025_EXO2_GEOMETRY,True,False,0.0,https://www.disl.edu/arcos/
disl_arcos_realtime_public_grafana,met,DISL_ARCOS_BSP,bsp,Battleship Park,30.682697,-88.012211,upper_bay_oxygen_loading_context,relative_humidity_percent,83.82666702270508,%,2026-10-09T01:30:00+00:00,2026-10-09T02:28:42.233975+00:00,2026-10-09T02:28:42.233975+00:00,ARCOS_RANGE_CHECK_PASS,SOURCE_QC_NOT_EXPOSED_IN_PUBLIC_GRAFANA_FRAME,NOT_APPLICABLE,0.5,RECENT_2023_2025_EXO2_GEOMETRY,True,False,0.0,https://www.disl.edu/arcos/
disl_arcos_realtime_public_grafana,met,DISL_ARCOS_BSP,bsp,Battleship Park,30.682697,-88.012211,upper_bay_oxygen_loading_context,solar_radiation_kw_m2,-0.0010000000474974513,kW/m2,2026-10-09T01:30:00+00:00,2026-10-09T02:28:42.233975+00:00,2026-10-09T02:28:42.233975+00:00,ARCOS_RANGE_CHECK_FAIL,SOURCE_QC_NOT_EXPOSED_IN_PUBLIC_GRAFANA_FRAME,NOT_APPLICABLE,0.5,RECENT_2023_2025_EXO2_GEOMETRY,True,False,0.0,https://www.disl.edu/arcos/
disl_arcos_realtime_public_grafana,met,DISL_ARCOS_BSP,bsp,Battleship Park,30.682697,-88.012211,upper_bay_oxygen_loading_context,wind_direction_deg,48.658644324752885,degree,2026-10-09T01:30:00+00:00,2026-10-09T02:28:42.233975+00:00,2026-10-09T02:28:42.233975+00:00,ARCOS_RANGE_CHECK_PASS,SOURCE_QC_NOT_EXPOSED_IN_PUBLIC_GRAFANA_FRAME,NOT_APPLICABLE,0.5,RECENT_2023_2025_EXO2_GEOMETRY,True,False,0.0,https://www.disl.edu/arcos/
disl_arcos_realtime_public_grafana,met,DISL_ARCOS_BSP,bsp,Battleship Park,30.682697,-88.012211,upper_bay_oxygen_loading_context,wind_speed,13.599999968210856,kn,2026-10-09T01:30:00+00:00,2026-10-09T02:28:42.233975+00:00,2026-10-09T02:28:42.233975+00:00,NOT_RANGE_SCREENED,SOURCE_QC_NOT_EXPOSED_IN_PUBLIC_GRAFANA_FRAME,NOT_APPLICABLE,0.5,RECENT_2023_2025_EXO2_GEOMETRY,True,False,0.0,https://www.disl.edu/arcos/
disl_arcos_realtime_public_grafana,hydro,DISL_ARCOS_CP,cp,Cedar Point,30.30845,-88.139533,lower_bay_west_boundary_oxygen_context,depth_field_m,1.9479999542236328,m,2026-10-09T01:30:00+00:00,2026-10-09T02:28:39.420240+00:00,2026-10-09T02:28:39.420240+00:00,SOURCE_QC_NOT_EXPOSED,SOURCE_QC_NOT_EXPOSED_IN_PUBLIC_GRAFANA_FRAME,UNKNOWN_GEOMETRY_DO_NOT_USE_FOR_BOTTOM_CLASSIFICATION,,NOT_FOUND_IN_CURRENT_RESEARCH_PASS,True,False,0.0,https://www.disl.edu/arcos/
disl_arcos_realtime_public_grafana,hydro,DISL_ARCOS_CP,cp,Cedar Point,30.30845,-88.139533,lower_bay_west_boundary_oxygen_context,dissolved_oxygen_mg_l,6.849999904632568,mg/L,2026-10-09T01:30:00+00:00,2026-10-09T02:28:39.420240+00:00,2026-10-09T02:28:39.420240+00:00,ARCOS_RANGE_CHECK_PASS,SOURCE_QC_NOT_EXPOSED_IN_PUBLIC_GRAFANA_FRAME,UNKNOWN_GEOMETRY_DO_NOT_USE_FOR_BOTTOM_CLASSIFICATION,,NOT_FOUND_IN_CURRENT_RESEARCH_PASS,True,False,0.0,https://www.disl.edu/arcos/
disl_arcos_realtime_public_grafana,hydro,DISL_ARCOS_CP,cp,Cedar Point,30.30845,-88.139533,lower_bay_west_boundary_oxygen_context,dissolved_oxygen_percent,94.0999984741211,%,2026-10-09T01:30:00+00:00,2026-10-09T02:28:39.420240+00:00,2026-10-09T02:28:39.420240+00:00,ARCOS_RANGE_CHECK_PASS,SOURCE_QC_NOT_EXPOSED_IN_PUBLIC_GRAFANA_FRAME,UNKNOWN_GEOMETRY_DO_NOT_USE_FOR_BOTTOM_CLASSIFICATION,,NOT_FOUND_IN_CURRENT_RESEARCH_PASS,True,False,0.0,https://www.disl.edu/arcos/
disl_arcos_realtime_public_grafana,hydro,DISL_ARCOS_CP,cp,Cedar Point,30.30845,-88.139533,lower_bay_west_boundary_oxygen_context,pressure_psi,2.799999952316284,psi,2026-10-09T01:30:00+00:00,2026-10-09T02:28:39.420240+00:00,2026-10-09T02:28:39.420240+00:00,NOT_RANGE_SCREENED,SOURCE_QC_NOT_EXPOSED_IN_PUBLIC_GRAFANA_FRAME,UNKNOWN_GEOMETRY_DO_NOT_USE_FOR_BOTTOM_CLASSIFICATION,,NOT_FOUND_IN_CURRENT_RESEARCH_PASS,True,False,0.0,https://www.disl.edu/arcos/
disl_arcos_realtime_public_grafana,hydro,DISL_ARCOS_CP,cp,Cedar Point,30.30845,-88.139533,lower_bay_west_boundary_oxygen_context,salinity_psu,20.510000228881836,PSU,2026-10-09T01:30:00+00:00,2026-10-09T02:28:39.420240+00:00,2026-10-09T02:28:39.420240+00:00,ARCOS_RANGE_CHECK_PASS,SOURCE_QC_NOT_EXPOSED_IN_PUBLIC_GRAFANA_FRAME,UNKNOWN_GEOMETRY_DO_NOT_USE_FOR_BOTTOM_CLASSIFICATION,,NOT_FOUND_IN_CURRENT_RESEARCH_PASS,True,False,0.0,https://www.disl.edu/arcos/
disl_arcos_realtime_public_grafana,hydro,DISL_ARCOS_CP,cp,Cedar Point,30.30845,-88.139533,lower_bay_west_boundary_oxygen_context,turbidity_fnu,197.5,FNU,2026-10-09T01:30:00+00:00,2026-10-09T02:28:39.420240+00:00,2026-10-09T02:28:39.420240+00:00,ARCOS_RANGE_CHECK_PASS,SOURCE_QC_NOT_EXPOSED_IN_PUBLIC_GRAFANA_FRAME,UNKNOWN_GEOMETRY_DO_NOT_USE_FOR_BOTTOM_CLASSIFICATION,,NOT_FOUND_IN_CURRENT_RESEARCH_PASS,True,False,0.0,https://www.disl.edu/arcos/
disl_arcos_realtime_public_grafana,hydro,DISL_ARCOS_CP,cp,Cedar Point,30.30845,-88.139533,lower_bay_west_boundary_oxygen_context,water_temperature_c,25.549999237060547,degC,2026-10-09T01:30:00+00:00,2026-10-09T02:28:39.420240+00:00,2026-10-09T02:28:39.420240+00:00,ARCOS_RANGE_CHECK_PASS,SOURCE_QC_NOT_EXPOSED_IN_PUBLIC_GRAFANA_FRAME,UNKNOWN_GEOMETRY_DO_NOT_USE_FOR_BOTTOM_CLASSIFICATION,,NOT_FOUND_IN_CURRENT_RESEARCH_PASS,True,False,0.0,https://www.disl.edu/arcos/
disl_arcos_realtime_public_grafana,met,DISL_ARCOS_CP,cp,Cedar Point,30.30845,-88.139533,lower_bay_west_boundary_oxygen_context,air_temperature_c,25.497272751548074,degC,2026-10-09T01:30:00+00:00,2026-10-09T02:28:39.708368+00:00,2026-10-09T02:28:39.708368+00:00,ARCOS_RANGE_CHECK_PASS,SOURCE_QC_NOT_EXPOSED_IN_PUBLIC_GRAFANA_FRAME,NOT_APPLICABLE,,NOT_FOUND_IN_CURRENT_RESEARCH_PASS,True,False,0.0,https://www.disl.edu/arcos/
disl_arcos_realtime_public_grafana,met,DISL_ARCOS_CP,cp,Cedar Point,30.30845,-88.139533,lower_bay_west_boundary_oxygen_context,barometric_pressure_inhg,29.901605692776766,inHg,2026-10-09T01:30:00+00:00,2026-10-09T02:28:39.708368+00:00,2026-10-09T02:28:39.708368+00:00,ARCOS_RANGE_CHECK_PASS,SOURCE_QC_NOT_EXPOSED_IN_PUBLIC_GRAFANA_FRAME,NOT_APPLICABLE,,NOT_FOUND_IN_CURRENT_RESEARCH_PASS,True,False,0.0,https://www.disl.edu/arcos/
disl_arcos_realtime_public_grafana,met,DISL_ARCOS_CP,cp,Cedar Point,30.30845,-88.139533,lower_bay_west_boundary_oxygen_context,precipitation,0.0,mm,2026-10-09T01:30:00+00:00,2026-10-09T02:28:39.708368+00:00,2026-10-09T02:28:39.708368+00:00,NOT_RANGE_SCREENED,SOURCE_QC_NOT_EXPOSED_IN_PUBLIC_GRAFANA_FRAME,NOT_APPLICABLE,,NOT_FOUND_IN_CURRENT_RESEARCH_PASS,True,False,0.0,https://www.disl.edu/arcos/
disl_arcos_realtime_public_grafana,met,DISL_ARCOS_CP,cp,Cedar Point,30.30845,-88.139533,lower_bay_west_boundary_oxygen_context,quantum_radiation_umol_m2_s,0.1531818231398409,umol/m2/s,2026-10-09T01:30:00+00:00,2026-10-09T02:28:39.708368+00:00,2026-10-09T02:28:39.708368+00:00,ARCOS_RANGE_CHECK_PASS,SOURCE_QC_NOT_EXPOSED_IN_PUBLIC_GRAFANA_FRAME,NOT_APPLICABLE,,NOT_FOUND_IN_CURRENT_RESEARCH_PASS,True,False,0.0,https://www.disl.edu/arcos/
disl_arcos_realtime_public_grafana,met,DISL_ARCOS_CP,cp,Cedar Point,30.30845,-88.139533,lower_bay_west_boundary_oxygen_context,relative_humidity_percent,72.46863694624467,%,2026-10-09T01:30:00+00:00,2026-10-09T02:28:39.708368+00:00,2026-10-09T02:28:39.708368+00:00,ARCOS_RANGE_CHECK_PASS,SOURCE_QC_NOT_EXPOSED_IN_PUBLIC_GRAFANA_FRAME,NOT_APPLICABLE,,NOT_FOUND_IN_CURRENT_RESEARCH_PASS,True,False,0.0,https://www.disl.edu/arcos/
disl_arcos_realtime_public_grafana,met,DISL_ARCOS_CP,cp,Cedar Point,30.30845,-88.139533,lower_bay_west_boundary_oxygen_context,solar_radiation_kw_m2,-0.0009545454998839308,kW/m2,2026-10-09T01:30:00+00:00,2026-10-09T02:28:39.708368+00:00,2026-10-09T02:28:39.708368+00:00,ARCOS_RANGE_CHECK_FAIL,SOURCE_QC_NOT_EXPOSED_IN_PUBLIC_GRAFANA_FRAME,NOT_APPLICABLE,,NOT_FOUND_IN_CURRENT_RESEARCH_PASS,True,False,0.0,https://www.disl.edu/arcos/
disl_arcos_realtime_public_grafana,met,DISL_ARCOS_CP,cp,Cedar Point,30.30845,-88.139533,lower_bay_west_boundary_oxygen_context,wind_direction_deg,41.91476050176615,degree,2026-10-09T01:30:00+00:00,2026-10-09T02:28:39.708368+00:00,2026-10-09T02:28:39.708368+00:00,ARCOS_RANGE_CHECK_PASS,SOURCE_QC_NOT_EXPOSED_IN_PUBLIC_GRAFANA_FRAME,NOT_APPLICABLE,,NOT_FOUND_IN_CURRENT_RESEARCH_PASS,True,False,0.0,https://www.disl.edu/arcos/
disl_arcos_realtime_public_grafana,met,DISL_ARCOS_CP,cp,Cedar Point,30.30845,-88.139533,lower_bay_west_boundary_oxygen_context,wind_speed,14.526363762942227,kn,2026-10-09T01:30:00+00:00,2026-10-09T02:28:39.708368+00:00,2026-10-09T02:28:39.708368+00:00,NOT_RANGE_SCREENED,SOURCE_QC_NOT_EXPOSED_IN_PUBLIC_GRAFANA_FRAME,NOT_APPLICABLE,,NOT_FOUND_IN_CURRENT_RESEARCH_PASS,True,False,0.0,https://www.disl.edu/arcos/
disl_arcos_realtime_public_grafana,met,DISL_ARCOS_GSP,gsp,Gulf State Park Pier,,,coastal_context_if_hydro_available,air_temperature_c,24.88333288828532,degC,2026-10-09T01:30:00+00:00,2026-10-09T02:28:42.645009+00:00,2026-10-09T02:28:42.645009+00:00,ARCOS_RANGE_CHECK_PASS,SOURCE_QC_NOT_EXPOSED_IN_PUBLIC_GRAFANA_FRAME,NOT_APPLICABLE,,NOT_FOUND_IN_CURRENT_RESEARCH_PASS,True,False,0.0,https://www.disl.edu/arcos/
disl_arcos_realtime_public_grafana,met,DISL_ARCOS_GSP,gsp,Gulf State Park Pier,,,coastal_context_if_hydro_available,barometric_pressure_inhg,29.89518928527832,inHg,2026-10-09T01:30:00+00:00,2026-10-09T02:28:42.645009+00:00,2026-10-09T02:28:42.645009+00:00,ARCOS_RANGE_CHECK_PASS,SOURCE_QC_NOT_EXPOSED_IN_PUBLIC_GRAFANA_FRAME,NOT_APPLICABLE,,NOT_FOUND_IN_CURRENT_RESEARCH_PASS,True,False,0.0,https://www.disl.edu/arcos/
disl_arcos_realtime_public_grafana,met,DISL_ARCOS_GSP,gsp,Gulf State Park Pier,,,coastal_context_if_hydro_available,precipitation,0.0,mm,2026-10-09T01:30:00+00:00,2026-10-09T02:28:42.645009+00:00,2026-10-09T02:28:42.645009+00:00,NOT_RANGE_SCREENED,SOURCE_QC_NOT_EXPOSED_IN_PUBLIC_GRAFANA_FRAME,NOT_APPLICABLE,,NOT_FOUND_IN_CURRENT_RESEARCH_PASS,True,False,0.0,https://www.disl.edu/arcos/
disl_arcos_realtime_public_grafana,met,DISL_ARCOS_GSP,gsp,Gulf State Park Pier,,,coastal_context_if_hydro_available,quantum_radiation_umol_m2_s,0.0,umol/m2/s,2026-10-09T01:30:00+00:00,2026-10-09T02:28:42.645009+00:00,2026-10-09T02:28:42.645009+00:00,ARCOS_RANGE_CHECK_PASS,SOURCE_QC_NOT_EXPOSED_IN_PUBLIC_GRAFANA_FRAME,NOT_APPLICABLE,,NOT_FOUND_IN_CURRENT_RESEARCH_PASS,True,False,0.0,https://www.disl.edu/arcos/
disl_arcos_realtime_public_grafana,met,DISL_ARCOS_GSP,gsp,Gulf State Park Pier,,,coastal_context_if_hydro_available,relative_humidity_percent,85.4166659037272,%,2026-10-09T01:30:00+00:00,2026-10-09T02:28:42.645009+00:00,2026-10-09T02:28:42.645009+00:00,ARCOS_RANGE_CHECK_PASS,SOURCE_QC_NOT_EXPOSED_IN_PUBLIC_GRAFANA_FRAME,NOT_APPLICABLE,,NOT_FOUND_IN_CURRENT_RESEARCH_PASS,True,False,0.0,https://www.disl.edu/arcos/
disl_arcos_realtime_public_grafana,met,DISL_ARCOS_GSP,gsp,Gulf State Park Pier,,,coastal_context_if_hydro_available,solar_radiation_kw_m2,0.0,kW/m2,2026-10-09T01:30:00+00:00,2026-10-09T02:28:42.645009+00:00,2026-10-09T02:28:42.645009+00:00,ARCOS_RANGE_CHECK_PASS,SOURCE_QC_NOT_EXPOSED_IN_PUBLIC_GRAFANA_FRAME,NOT_APPLICABLE,,NOT_FOUND_IN_CURRENT_RESEARCH_PASS,True,False,0.0,https://www.disl.edu/arcos/
disl_arcos_realtime_public_grafana,met,DISL_ARCOS_GSP,gsp,Gulf State Park Pier,,,coastal_context_if_hydro_available,wind_direction_deg,82.08577722106106,degree,2026-10-09T01:30:00+00:00,2026-10-09T02:28:42.645009+00:00,2026-10-09T02:28:42.645009+00:00,ARCOS_RANGE_CHECK_PASS,SOURCE_QC_NOT_EXPOSED_IN_PUBLIC_GRAFANA_FRAME,NOT_APPLICABLE,,NOT_FOUND_IN_CURRENT_RESEARCH_PASS,True,False,0.0,https://www.disl.edu/arcos/
disl_arcos_realtime_public_grafana,met,DISL_ARCOS_GSP,gsp,Gulf State Park Pier,,,coastal_context_if_hydro_available,wind_speed,9.012366676330567,kn,2026-10-09T01:30:00+00:00,2026-10-09T02:28:42.645009+00:00,2026-10-09T02:28:42.645009+00:00,NOT_RANGE_SCREENED,SOURCE_QC_NOT_EXPOSED_IN_PUBLIC_GRAFANA_FRAME,NOT_APPLICABLE,,NOT_FOUND_IN_CURRENT_RESEARCH_PASS,True,False,0.0,https://www.disl.edu/arcos/
disl_arcos_realtime_public_grafana,hydro,DISL_ARCOS_MP,mp,Meaher Park,30.667152,-87.936459,upper_bay_oxygen_loading_proxy,depth_field_m,0.0,m,2026-10-09T01:30:00+00:00,2026-10-09T02:28:38.811269+00:00,2026-10-09T02:28:38.811269+00:00,SOURCE_QC_NOT_EXPOSED,SOURCE_QC_NOT_EXPOSED_IN_PUBLIC_GRAFANA_FRAME,UNKNOWN_GEOMETRY_DO_NOT_USE_FOR_BOTTOM_CLASSIFICATION,0.5,RECENT_2023_2025_EXO2_GEOMETRY,True,False,0.0,https://www.disl.edu/arcos/
disl_arcos_realtime_public_grafana,hydro,DISL_ARCOS_MP,mp,Meaher Park,30.667152,-87.936459,upper_bay_oxygen_loading_proxy,dissolved_oxygen_mg_l,0.7300000190734863,mg/L,2026-10-09T01:30:00+00:00,2026-10-09T02:28:38.811269+00:00,2026-10-09T02:28:38.811269+00:00,ARCOS_RANGE_CHECK_PASS,SOURCE_QC_NOT_EXPOSED_IN_PUBLIC_GRAFANA_FRAME,UNKNOWN_GEOMETRY_DO_NOT_USE_FOR_BOTTOM_CLASSIFICATION,0.5,RECENT_2023_2025_EXO2_GEOMETRY,True,False,0.0,https://www.disl.edu/arcos/
disl_arcos_realtime_public_grafana,hydro,DISL_ARCOS_MP,mp,Meaher Park,30.667152,-87.936459,upper_bay_oxygen_loading_proxy,dissolved_oxygen_percent,9.800000190734863,%,2026-10-09T01:30:00+00:00,2026-10-09T02:28:38.811269+00:00,2026-10-09T02:28:38.811269+00:00,ARCOS_RANGE_CHECK_PASS,SOURCE_QC_NOT_EXPOSED_IN_PUBLIC_GRAFANA_FRAME,UNKNOWN_GEOMETRY_DO_NOT_USE_FOR_BOTTOM_CLASSIFICATION,0.5,RECENT_2023_2025_EXO2_GEOMETRY,True,False,0.0,https://www.disl.edu/arcos/
disl_arcos_realtime_public_grafana,hydro,DISL_ARCOS_MP,mp,Meaher Park,30.667152,-87.936459,upper_bay_oxygen_loading_proxy,pressure_psi,0.0,psi,2026-10-09T01:30:00+00:00,2026-10-09T02:28:38.811269+00:00,2026-10-09T02:28:38.811269+00:00,NOT_RANGE_SCREENED,SOURCE_QC_NOT_EXPOSED_IN_PUBLIC_GRAFANA_FRAME,UNKNOWN_GEOMETRY_DO_NOT_USE_FOR_BOTTOM_CLASSIFICATION,0.5,RECENT_2023_2025_EXO2_GEOMETRY,True,False,0.0,https://www.disl.edu/arcos/
disl_arcos_realtime_public_grafana,hydro,DISL_ARCOS_MP,mp,Meaher Park,30.667152,-87.936459,upper_bay_oxygen_loading_proxy,salinity_psu,11.039999961853027,PSU,2026-10-09T01:30:00+00:00,2026-10-09T02:28:38.811269+00:00,2026-10-09T02:28:38.811269+00:00,ARCOS_RANGE_CHECK_PASS,SOURCE_QC_NOT_EXPOSED_IN_PUBLIC_GRAFANA_FRAME,UNKNOWN_GEOMETRY_DO_NOT_USE_FOR_BOTTOM_CLASSIFICATION,0.5,RECENT_2023_2025_EXO2_GEOMETRY,True,False,0.0,https://www.disl.edu/arcos/
disl_arcos_realtime_public_grafana,hydro,DISL_ARCOS_MP,mp,Meaher Park,30.667152,-87.936459,upper_bay_oxygen_loading_proxy,turbidity_fnu,3.299999952316284,FNU,2026-10-09T01:30:00+00:00,2026-10-09T02:28:38.811269+00:00,2026-10-09T02:28:38.811269+00:00,ARCOS_RANGE_CHECK_PASS,SOURCE_QC_NOT_EXPOSED_IN_PUBLIC_GRAFANA_FRAME,UNKNOWN_GEOMETRY_DO_NOT_USE_FOR_BOTTOM_CLASSIFICATION,0.5,RECENT_2023_2025_EXO2_GEOMETRY,True,False,0.0,https://www.disl.edu/arcos/
disl_arcos_realtime_public_grafana,hydro,DISL_ARCOS_MP,mp,Meaher Park,30.667152,-87.936459,upper_bay_oxygen_loading_proxy,water_temperature_c,27.34000015258789,degC,2026-10-09T01:30:00+00:00,2026-10-09T02:28:38.811269+00:00,2026-10-09T02:28:38.811269+00:00,ARCOS_RANGE_CHECK_PASS,SOURCE_QC_NOT_EXPOSED_IN_PUBLIC_GRAFANA_FRAME,UNKNOWN_GEOMETRY_DO_NOT_USE_FOR_BOTTOM_CLASSIFICATION,0.5,RECENT_2023_2025_EXO2_GEOMETRY,True,False,0.0,https://www.disl.edu/arcos/
disl_arcos_realtime_public_grafana,met,DISL_ARCOS_MP,mp,Meaher Park,30.667152,-87.936459,upper_bay_oxygen_loading_proxy,air_temperature_c,23.74071420942034,degC,2026-10-09T01:30:00+00:00,2026-10-09T02:28:39.047209+00:00,2026-10-09T02:28:39.047209+00:00,ARCOS_RANGE_CHECK_PASS,SOURCE_QC_NOT_EXPOSED_IN_PUBLIC_GRAFANA_FRAME,NOT_APPLICABLE,0.5,RECENT_2023_2025_EXO2_GEOMETRY,True,False,0.0,https://www.disl.edu/arcos/
disl_arcos_realtime_public_grafana,met,DISL_ARCOS_MP,mp,Meaher Park,30.667152,-87.936459,upper_bay_oxygen_loading_proxy,barometric_pressure_inhg,30.011543818882533,inHg,2026-10-09T01:30:00+00:00,2026-10-09T02:28:39.047209+00:00,2026-10-09T02:28:39.047209+00:00,ARCOS_RANGE_CHECK_PASS,SOURCE_QC_NOT_EXPOSED_IN_PUBLIC_GRAFANA_FRAME,NOT_APPLICABLE,0.5,RECENT_2023_2025_EXO2_GEOMETRY,True,False,0.0,https://www.disl.edu/arcos/
disl_arcos_realtime_public_grafana,met,DISL_ARCOS_MP,mp,Meaher Park,30.667152,-87.936459,upper_bay_oxygen_loading_proxy,precipitation,0.0,in,2026-10-09T01:30:00+00:00,2026-10-09T02:28:39.047209+00:00,2026-10-09T02:28:39.047209+00:00,NOT_RANGE_SCREENED,SOURCE_QC_NOT_EXPOSED_IN_PUBLIC_GRAFANA_FRAME,NOT_APPLICABLE,0.5,RECENT_2023_2025_EXO2_GEOMETRY,True,False,0.0,https://www.disl.edu/arcos/
disl_arcos_realtime_public_grafana,met,DISL_ARCOS_MP,mp,Meaher Park,30.667152,-87.936459,upper_bay_oxygen_loading_proxy,quantum_radiation_umol_m2_s,0.0,umol/m2/s,2026-10-09T01:30:00+00:00,2026-10-09T02:28:39.047209+00:00,2026-10-09T02:28:39.047209+00:00,ARCOS_RANGE_CHECK_PASS,SOURCE_QC_NOT_EXPOSED_IN_PUBLIC_GRAFANA_FRAME,NOT_APPLICABLE,0.5,RECENT_2023_2025_EXO2_GEOMETRY,True,False,0.0,https://www.disl.edu/arcos/
disl_arcos_realtime_public_grafana,met,DISL_ARCOS_MP,mp,Meaher Park,30.667152,-87.936459,upper_bay_oxygen_loading_proxy,relative_humidity_percent,76.82071358816964,%,2026-10-09T01:30:00+00:00,2026-10-09T02:28:39.047209+00:00,2026-10-09T02:28:39.047209+00:00,ARCOS_RANGE_CHECK_PASS,SOURCE_QC_NOT_EXPOSED_IN_PUBLIC_GRAFANA_FRAME,NOT_APPLICABLE,0.5,RECENT_2023_2025_EXO2_GEOMETRY,True,False,0.0,https://www.disl.edu/arcos/
disl_arcos_realtime_public_grafana,met,DISL_ARCOS_MP,mp,Meaher Park,30.667152,-87.936459,upper_bay_oxygen_loading_proxy,solar_radiation_kw_m2,-0.0009285714726762048,kW/m2,2026-10-09T01:30:00+00:00,2026-10-09T02:28:39.047209+00:00,2026-10-09T02:28:39.047209+00:00,ARCOS_RANGE_CHECK_FAIL,SOURCE_QC_NOT_EXPOSED_IN_PUBLIC_GRAFANA_FRAME,NOT_APPLICABLE,0.5,RECENT_2023_2025_EXO2_GEOMETRY,True,False,0.0,https://www.disl.edu/arcos/
disl_arcos_realtime_public_grafana,met,DISL_ARCOS_MP,mp,Meaher Park,30.667152,-87.936459,upper_bay_oxygen_loading_proxy,wind_direction_deg,332.5757215135966,degree,2026-10-09T01:30:00+00:00,2026-10-09T02:28:39.047209+00:00,2026-10-09T02:28:39.047209+00:00,ARCOS_RANGE_CHECK_PASS,SOURCE_QC_NOT_EXPOSED_IN_PUBLIC_GRAFANA_FRAME,NOT_APPLICABLE,0.5,RECENT_2023_2025_EXO2_GEOMETRY,True,False,0.0,https://www.disl.edu/arcos/
disl_arcos_realtime_public_grafana,met,DISL_ARCOS_MP,mp,Meaher Park,30.667152,-87.936459,upper_bay_oxygen_loading_proxy,wind_speed,4.766428589820862,kn,2026-10-09T01:30:00+00:00,2026-10-09T02:28:39.047209+00:00,2026-10-09T02:28:39.047209+00:00,NOT_RANGE_SCREENED,SOURCE_QC_NOT_EXPOSED_IN_PUBLIC_GRAFANA_FRAME,NOT_APPLICABLE,0.5,RECENT_2023_2025_EXO2_GEOMETRY,True,False,0.0,https://www.disl.edu/arcos/
disl_arcos_realtime_public_grafana,hydro,DISL_ARCOS_PP,pp,Perdido Pass,30.2791,-87.5561,eastern_coastal_boundary_oxygen_context,depth_field_m,1.378999948501587,m,2026-10-09T01:30:00+00:00,2026-10-09T02:28:40.989977+00:00,2026-10-09T02:28:40.989977+00:00,SOURCE_QC_NOT_EXPOSED,SOURCE_QC_NOT_EXPOSED_IN_PUBLIC_GRAFANA_FRAME,UNKNOWN_GEOMETRY_DO_NOT_USE_FOR_BOTTOM_CLASSIFICATION,0.5,HISTORICAL_NEAR_BOTTOM_GEOMETRY,True,False,0.0,https://www.disl.edu/arcos/
disl_arcos_realtime_public_grafana,hydro,DISL_ARCOS_PP,pp,Perdido Pass,30.2791,-87.5561,eastern_coastal_boundary_oxygen_context,dissolved_oxygen_mg_l,6.059999942779541,mg/L,2026-10-09T01:30:00+00:00,2026-10-09T02:28:40.989977+00:00,2026-10-09T02:28:40.989977+00:00,ARCOS_RANGE_CHECK_PASS,SOURCE_QC_NOT_EXPOSED_IN_PUBLIC_GRAFANA_FRAME,UNKNOWN_GEOMETRY_DO_NOT_USE_FOR_BOTTOM_CLASSIFICATION,0.5,HISTORICAL_NEAR_BOTTOM_GEOMETRY,True,False,0.0,https://www.disl.edu/arcos/
disl_arcos_realtime_public_grafana,hydro,DISL_ARCOS_PP,pp,Perdido Pass,30.2791,-87.5561,eastern_coastal_boundary_oxygen_context,dissolved_oxygen_percent,98.80000305175781,%,2026-10-09T01:30:00+00:00,2026-10-09T02:28:40.989977+00:00,2026-10-09T02:28:40.989977+00:00,ARCOS_RANGE_CHECK_PASS,SOURCE_QC_NOT_EXPOSED_IN_PUBLIC_GRAFANA_FRAME,UNKNOWN_GEOMETRY_DO_NOT_USE_FOR_BOTTOM_CLASSIFICATION,0.5,HISTORICAL_NEAR_BOTTOM_GEOMETRY,True,False,0.0,https://www.disl.edu/arcos/
disl_arcos_realtime_public_grafana,hydro,DISL_ARCOS_PP,pp,Perdido Pass,30.2791,-87.5561,eastern_coastal_boundary_oxygen_context,pressure_psi,1.9900000095367432,psi,2026-10-09T01:30:00+00:00,2026-10-09T02:28:40.989977+00:00,2026-10-09T02:28:40.989977+00:00,NOT_RANGE_SCREENED,SOURCE_QC_NOT_EXPOSED_IN_PUBLIC_GRAFANA_FRAME,UNKNOWN_GEOMETRY_DO_NOT_USE_FOR_BOTTOM_CLASSIFICATION,0.5,HISTORICAL_NEAR_BOTTOM_GEOMETRY,True,False,0.0,https://www.disl.edu/arcos/
disl_arcos_realtime_public_grafana,hydro,DISL_ARCOS_PP,pp,Perdido Pass,30.2791,-87.5561,eastern_coastal_boundary_oxygen_context,salinity_psu,26.0,PSU,2026-10-09T01:30:00+00:00,2026-10-09T02:28:40.989977+00:00,2026-10-09T02:28:40.989977+00:00,ARCOS_RANGE_CHECK_PASS,SOURCE_QC_NOT_EXPOSED_IN_PUBLIC_GRAFANA_FRAME,UNKNOWN_GEOMETRY_DO_NOT_USE_FOR_BOTTOM_CLASSIFICATION,0.5,HISTORICAL_NEAR_BOTTOM_GEOMETRY,True,False,0.0,https://www.disl.edu/arcos/
disl_arcos_realtime_public_grafana,hydro,DISL_ARCOS_PP,pp,Perdido Pass,30.2791,-87.5561,eastern_coastal_boundary_oxygen_context,turbidity_fnu,1.5700000524520874,FNU,2026-10-09T01:30:00+00:00,2026-10-09T02:28:40.989977+00:00,2026-10-09T02:28:40.989977+00:00,ARCOS_RANGE_CHECK_PASS,SOURCE_QC_NOT_EXPOSED_IN_PUBLIC_GRAFANA_FRAME,UNKNOWN_GEOMETRY_DO_NOT_USE_FOR_BOTTOM_CLASSIFICATION,0.5,HISTORICAL_NEAR_BOTTOM_GEOMETRY,True,False,0.0,https://www.disl.edu/arcos/
disl_arcos_realtime_public_grafana,hydro,DISL_ARCOS_PP,pp,Perdido Pass,30.2791,-87.5561,eastern_coastal_boundary_oxygen_context,water_temperature_c,26.889999389648438,degC,2026-10-09T01:30:00+00:00,2026-10-09T02:28:40.989977+00:00,2026-10-09T02:28:40.989977+00:00,ARCOS_RANGE_CHECK_PASS,SOURCE_QC_NOT_EXPOSED_IN_PUBLIC_GRAFANA_FRAME,UNKNOWN_GEOMETRY_DO_NOT_USE_FOR_BOTTOM_CLASSIFICATION,0.5,HISTORICAL_NEAR_BOTTOM_GEOMETRY,True,False,0.0,https://www.disl.edu/arcos/
disl_arcos_realtime_public_grafana,met,DISL_ARCOS_PP,pp,Perdido Pass,30.2791,-87.5561,eastern_coastal_boundary_oxygen_context,air_temperature_c,29.024000104268392,degC,2026-10-09T01:30:00+00:00,2026-10-09T02:28:41.324994+00:00,2026-10-09T02:28:41.324994+00:00,ARCOS_RANGE_CHECK_PASS,SOURCE_QC_NOT_EXPOSED_IN_PUBLIC_GRAFANA_FRAME,NOT_APPLICABLE,0.5,HISTORICAL_NEAR_BOTTOM_GEOMETRY,True,False,0.0,https://www.disl.edu/arcos/
disl_arcos_realtime_public_grafana,met,DISL_ARCOS_PP,pp,Perdido Pass,30.2791,-87.5561,eastern_coastal_boundary_oxygen_context,barometric_pressure_inhg,29.931586583455402,inHg,2026-10-09T01:30:00+00:00,2026-10-09T02:28:41.324994+00:00,2026-10-09T02:28:41.324994+00:00,ARCOS_RANGE_CHECK_PASS,SOURCE_QC_NOT_EXPOSED_IN_PUBLIC_GRAFANA_FRAME,NOT_APPLICABLE,0.5,HISTORICAL_NEAR_BOTTOM_GEOMETRY,True,False,0.0,https://www.disl.edu/arcos/
disl_arcos_realtime_public_grafana,met,DISL_ARCOS_PP,pp,Perdido Pass,30.2791,-87.5561,eastern_coastal_boundary_oxygen_context,precipitation,0.0,mm,2026-10-09T01:30:00+00:00,2026-10-09T02:28:41.324994+00:00,2026-10-09T02:28:41.324994+00:00,NOT_RANGE_SCREENED,SOURCE_QC_NOT_EXPOSED_IN_PUBLIC_GRAFANA_FRAME,NOT_APPLICABLE,0.5,HISTORICAL_NEAR_BOTTOM_GEOMETRY,True,False,0.0,https://www.disl.edu/arcos/
disl_arcos_realtime_public_grafana,met,DISL_ARCOS_PP,pp,Perdido Pass,30.2791,-87.5561,eastern_coastal_boundary_oxygen_context,quantum_radiation_umol_m2_s,0.0,umol/m2/s,2026-10-09T01:30:00+00:00,2026-10-09T02:28:41.324994+00:00,2026-10-09T02:28:41.324994+00:00,ARCOS_RANGE_CHECK_PASS,SOURCE_QC_NOT_EXPOSED_IN_PUBLIC_GRAFANA_FRAME,NOT_APPLICABLE,0.5,HISTORICAL_NEAR_BOTTOM_GEOMETRY,True,False,0.0,https://www.disl.edu/arcos/
disl_arcos_realtime_public_grafana,met,DISL_ARCOS_PP,pp,Perdido Pass,30.2791,-87.5561,eastern_coastal_boundary_oxygen_context,relative_humidity_percent,77.85500005086263,%,2026-10-09T01:30:00+00:00,2026-10-09T02:28:41.324994+00:00,2026-10-09T02:28:41.324994+00:00,ARCOS_RANGE_CHECK_PASS,SOURCE_QC_NOT_EXPOSED_IN_PUBLIC_GRAFANA_FRAME,NOT_APPLICABLE,0.5,HISTORICAL_NEAR_BOTTOM_GEOMETRY,True,False,0.0,https://www.disl.edu/arcos/
disl_arcos_realtime_public_grafana,met,DISL_ARCOS_PP,pp,Perdido Pass,30.2791,-87.5561,eastern_coastal_boundary_oxygen_context,solar_radiation_kw_m2,-0.0020000000949949026,kW/m2,2026-10-09T01:30:00+00:00,2026-10-09T02:28:41.324994+00:00,2026-10-09T02:28:41.324994+00:00,ARCOS_RANGE_CHECK_FAIL,SOURCE_QC_NOT_EXPOSED_IN_PUBLIC_GRAFANA_FRAME,NOT_APPLICABLE,0.5,HISTORICAL_NEAR_BOTTOM_GEOMETRY,True,False,0.0,https://www.disl.edu/arcos/
disl_arcos_realtime_public_grafana,met,DISL_ARCOS_PP,pp,Perdido Pass,30.2791,-87.5561,eastern_coastal_boundary_oxygen_context,wind_direction_deg,82.89961152518849,degree,2026-10-09T01:30:00+00:00,2026-10-09T02:28:41.324994+00:00,2026-10-09T02:28:41.324994+00:00,ARCOS_RANGE_CHECK_PASS,SOURCE_QC_NOT_EXPOSED_IN_PUBLIC_GRAFANA_FRAME,NOT_APPLICABLE,0.5,HISTORICAL_NEAR_BOTTOM_GEOMETRY,True,False,0.0,https://www.disl.edu/arcos/
disl_arcos_realtime_public_grafana,met,DISL_ARCOS_PP,pp,Perdido Pass,30.2791,-87.5561,eastern_coastal_boundary_oxygen_context,wind_speed,9.880400037765503,kn,2026-10-09T01:30:00+00:00,2026-10-09T02:28:41.324994+00:00,2026-10-09T02:28:41.324994+00:00,NOT_RANGE_SCREENED,SOURCE_QC_NOT_EXPOSED_IN_PUBLIC_GRAFANA_FRAME,NOT_APPLICABLE,0.5,HISTORICAL_NEAR_BOTTOM_GEOMETRY,True,False,0.0,https://www.disl.edu/arcos/
disl_arcos_realtime_public_grafana,met,DISL_ARCOS_BSP,bsp,Battleship Park,30.682697,-88.012211,upper_bay_oxygen_loading_context,air_temperature_c,25.040000915527344,degC,2026-10-09T02:00:00+00:00,2026-10-09T02:28:42.233975+00:00,2026-10-09T02:28:42.233975+00:00,ARCOS_RANGE_CHECK_PASS,SOURCE_QC_NOT_EXPOSED_IN_PUBLIC_GRAFANA_FRAME,NOT_APPLICABLE,0.5,RECENT_2023_2025_EXO2_GEOMETRY,True,False,0.0,https://www.disl.edu/arcos/
disl_arcos_realtime_public_grafana,met,DISL_ARCOS_BSP,bsp,Battleship Park,30.682697,-88.012211,upper_bay_oxygen_loading_context,barometric_pressure_inhg,29.932790756225586,inHg,2026-10-09T02:00:00+00:00,2026-10-09T02:28:42.233975+00:00,2026-10-09T02:28:42.233975+00:00,ARCOS_RANGE_CHECK_PASS,SOURCE_QC_NOT_EXPOSED_IN_PUBLIC_GRAFANA_FRAME,NOT_APPLICABLE,0.5,RECENT_2023_2025_EXO2_GEOMETRY,True,False,0.0,https://www.disl.edu/arcos/
disl_arcos_realtime_public_grafana,met,DISL_ARCOS_BSP,bsp,Battleship Park,30.682697,-88.012211,upper_bay_oxygen_loading_context,precipitation,0.0,in,2026-10-09T02:00:00+00:00,2026-10-09T02:28:42.233975+00:00,2026-10-09T02:28:42.233975+00:00,NOT_RANGE_SCREENED,SOURCE_QC_NOT_EXPOSED_IN_PUBLIC_GRAFANA_FRAME,NOT_APPLICABLE,0.5,RECENT_2023_2025_EXO2_GEOMETRY,True,False,0.0,https://www.disl.edu/arcos/
disl_arcos_realtime_public_grafana,met,DISL_ARCOS_BSP,bsp,Battleship Park,30.682697,-88.012211,upper_bay_oxygen_loading_context,quantum_radiation_umol_m2_s,0.0,umol/m2/s,2026-10-09T02:00:00+00:00,2026-10-09T02:28:42.233975+00:00,2026-10-09T02:28:42.233975+00:00,ARCOS_RANGE_CHECK_PASS,SOURCE_QC_NOT_EXPOSED_IN_PUBLIC_GRAFANA_FRAME,NOT_APPLICABLE,0.5,RECENT_2023_2025_EXO2_GEOMETRY,True,False,0.0,https://www.disl.edu/arcos/
disl_arcos_realtime_public_grafana,met,DISL_ARCOS_BSP,bsp,Battleship Park,30.682697,-88.012211,upper_bay_oxygen_loading_context,relative_humidity_percent,81.30000305175781,%,2026-10-09T02:00:00+00:00,2026-10-09T02:28:42.233975+00:00,2026-10-09T02:28:42.233975+00:00,ARCOS_RANGE_CHECK_PASS,SOURCE_QC_NOT_EXPOSED_IN_PUBLIC_GRAFANA_FRAME,NOT_APPLICABLE,0.5,RECENT_2023_2025_EXO2_GEOMETRY,True,False,0.0,https://www.disl.edu/arcos/
disl_arcos_realtime_public_grafana,met,DISL_ARCOS_BSP,bsp,Battleship Park,30.682697,-88.012211,upper_bay_oxygen_loading_context,solar_radiation_kw_m2,-0.0010000000474974513,kW/m2,2026-10-09T02:00:00+00:00,2026-10-09T02:28:42.233975+00:00,2026-10-09T02:28:42.233975+00:00,ARCOS_RANGE_CHECK_FAIL,SOURCE_QC_NOT_EXPOSED_IN_PUBLIC_GRAFANA_FRAME,NOT_APPLICABLE,0.5,RECENT_2023_2025_EXO2_GEOMETRY,True,False,0.0,https://www.disl.edu/arcos/
disl_arcos_realtime_public_grafana,met,DISL_ARCOS_BSP,bsp,Battleship Park,30.682697,-88.012211,upper_bay_oxygen_loading_context,wind_direction_deg,45.34000015258789,degree,2026-10-09T02:00:00+00:00,2026-10-09T02:28:42.233975+00:00,2026-10-09T02:28:42.233975+00:00,ARCOS_RANGE_CHECK_PASS,SOURCE_QC_NOT_EXPOSED_IN_PUBLIC_GRAFANA_FRAME,NOT_APPLICABLE,0.5,RECENT_2023_2025_EXO2_GEOMETRY,True,False,0.0,https://www.disl.edu/arcos/
disl_arcos_realtime_public_grafana,met,DISL_ARCOS_BSP,bsp,Battleship Park,30.682697,-88.012211,upper_bay_oxygen_loading_context,wind_speed,13.369999885559082,kn,2026-10-09T02:00:00+00:00,2026-10-09T02:28:42.233975+00:00,2026-10-09T02:28:42.233975+00:00,NOT_RANGE_SCREENED,SOURCE_QC_NOT_EXPOSED_IN_PUBLIC_GRAFANA_FRAME,NOT_APPLICABLE,0.5,RECENT_2023_2025_EXO2_GEOMETRY,True,False,0.0,https://www.disl.edu/arcos/
disl_arcos_realtime_public_grafana,met,DISL_ARCOS_GSP,gsp,Gulf State Park Pier,,,coastal_context_if_hydro_available,air_temperature_c,24.83571379525321,degC,2026-10-09T02:00:00+00:00,2026-10-09T02:28:42.645009+00:00,2026-10-09T02:28:42.645009+00:00,ARCOS_RANGE_CHECK_PASS,SOURCE_QC_NOT_EXPOSED_IN_PUBLIC_GRAFANA_FRAME,NOT_APPLICABLE,,NOT_FOUND_IN_CURRENT_RESEARCH_PASS,True,False,0.0,https://www.disl.edu/arcos/
disl_arcos_realtime_public_grafana,met,DISL_ARCOS_GSP,gsp,Gulf State Park Pier,,,coastal_context_if_hydro_available,barometric_pressure_inhg,29.901868547712052,inHg,2026-10-09T02:00:00+00:00,2026-10-09T02:28:42.645009+00:00,2026-10-09T02:28:42.645009+00:00,ARCOS_RANGE_CHECK_PASS,SOURCE_QC_NOT_EXPOSED_IN_PUBLIC_GRAFANA_FRAME,NOT_APPLICABLE,,NOT_FOUND_IN_CURRENT_RESEARCH_PASS,True,False,0.0,https://www.disl.edu/arcos/
disl_arcos_realtime_public_grafana,met,DISL_ARCOS_GSP,gsp,Gulf State Park Pier,,,coastal_context_if_hydro_available,precipitation,0.0,mm,2026-10-09T02:00:00+00:00,2026-10-09T02:28:42.645009+00:00,2026-10-09T02:28:42.645009+00:00,NOT_RANGE_SCREENED,SOURCE_QC_NOT_EXPOSED_IN_PUBLIC_GRAFANA_FRAME,NOT_APPLICABLE,,NOT_FOUND_IN_CURRENT_RESEARCH_PASS,True,False,0.0,https://www.disl.edu/arcos/
disl_arcos_realtime_public_grafana,met,DISL_ARCOS_GSP,gsp,Gulf State Park Pier,,,coastal_context_if_hydro_available,quantum_radiation_umol_m2_s,0.0,umol/m2/s,2026-10-09T02:00:00+00:00,2026-10-09T02:28:42.645009+00:00,2026-10-09T02:28:42.645009+00:00,ARCOS_RANGE_CHECK_PASS,SOURCE_QC_NOT_EXPOSED_IN_PUBLIC_GRAFANA_FRAME,NOT_APPLICABLE,,NOT_FOUND_IN_CURRENT_RESEARCH_PASS,True,False,0.0,https://www.disl.edu/arcos/
disl_arcos_realtime_public_grafana,met,DISL_ARCOS_GSP,gsp,Gulf State Park Pier,,,coastal_context_if_hydro_available,relative_humidity_percent,85.56428527832031,%,2026-10-09T02:00:00+00:00,2026-10-09T02:28:42.645009+00:00,2026-10-09T02:28:42.645009+00:00,ARCOS_RANGE_CHECK_PASS,SOURCE_QC_NOT_EXPOSED_IN_PUBLIC_GRAFANA_FRAME,NOT_APPLICABLE,,NOT_FOUND_IN_CURRENT_RESEARCH_PASS,True,False,0.0,https://www.disl.edu/arcos/
disl_arcos_realtime_public_grafana,met,DISL_ARCOS_GSP,gsp,Gulf State Park Pier,,,coastal_context_if_hydro_available,solar_radiation_kw_m2,0.0,kW/m2,2026-10-09T02:00:00+00:00,2026-10-09T02:28:42.645009+00:00,2026-10-09T02:28:42.645009+00:00,ARCOS_RANGE_CHECK_PASS,SOURCE_QC_NOT_EXPOSED_IN_PUBLIC_GRAFANA_FRAME,NOT_APPLICABLE,,NOT_FOUND_IN_CURRENT_RESEARCH_PASS,True,False,0.0,https://www.disl.edu/arcos/
disl_arcos_realtime_public_grafana,met,DISL_ARCOS_GSP,gsp,Gulf State Park Pier,,,coastal_context_if_hydro_available,wind_direction_deg,77.6875492977722,degree,2026-10-09T02:00:00+00:00,2026-10-09T02:28:42.645009+00:00,2026-10-09T02:28:42.645009+00:00,ARCOS_RANGE_CHECK_PASS,SOURCE_QC_NOT_EXPOSED_IN_PUBLIC_GRAFANA_FRAME,NOT_APPLICABLE,,NOT_FOUND_IN_CURRENT_RESEARCH_PASS,True,False,0.0,https://www.disl.edu/arcos/
disl_arcos_realtime_public_grafana,met,DISL_ARCOS_GSP,gsp,Gulf State Park Pier,,,coastal_context_if_hydro_available,wind_speed,9.06707147189549,kn,2026-10-09T02:00:00+00:00,2026-10-09T02:28:42.645009+00:00,2026-10-09T02:28:42.645009+00:00,NOT_RANGE_SCREENED,SOURCE_QC_NOT_EXPOSED_IN_PUBLIC_GRAFANA_FRAME,NOT_APPLICABLE,,NOT_FOUND_IN_CURRENT_RESEARCH_PASS,True,False,0.0,https://www.disl.edu/arcos/
disl_arcos_realtime_public_grafana,hydro,DISL_ARCOS_PP,pp,Perdido Pass,30.2791,-87.5561,eastern_coastal_boundary_oxygen_context,depth_field_m,1.3739999532699585,m,2026-10-09T02:00:00+00:00,2026-10-09T02:28:40.989977+00:00,2026-10-09T02:28:40.989977+00:00,SOURCE_QC_NOT_EXPOSED,SOURCE_QC_NOT_EXPOSED_IN_PUBLIC_GRAFANA_FRAME,UNKNOWN_GEOMETRY_DO_NOT_USE_FOR_BOTTOM_CLASSIFICATION,0.5,HISTORICAL_NEAR_BOTTOM_GEOMETRY,True,False,0.0,https://www.disl.edu/arcos/
disl_arcos_realtime_public_grafana,hydro,DISL_ARCOS_PP,pp,Perdido Pass,30.2791,-87.5561,eastern_coastal_boundary_oxygen_context,dissolved_oxygen_mg_l,6.050000190734863,mg/L,2026-10-09T02:00:00+00:00,2026-10-09T02:28:40.989977+00:00,2026-10-09T02:28:40.989977+00:00,ARCOS_RANGE_CHECK_PASS,SOURCE_QC_NOT_EXPOSED_IN_PUBLIC_GRAFANA_FRAME,UNKNOWN_GEOMETRY_DO_NOT_USE_FOR_BOTTOM_CLASSIFICATION,0.5,HISTORICAL_NEAR_BOTTOM_GEOMETRY,True,False,0.0,https://www.disl.edu/arcos/
disl_arcos_realtime_public_grafana,hydro,DISL_ARCOS_PP,pp,Perdido Pass,30.2791,-87.5561,eastern_coastal_boundary_oxygen_context,dissolved_oxygen_percent,95.5999984741211,%,2026-10-09T02:00:00+00:00,2026-10-09T02:28:40.989977+00:00,2026-10-09T02:28:40.989977+00:00,ARCOS_RANGE_CHECK_PASS,SOURCE_QC_NOT_EXPOSED_IN_PUBLIC_GRAFANA_FRAME,UNKNOWN_GEOMETRY_DO_NOT_USE_FOR_BOTTOM_CLASSIFICATION,0.5,HISTORICAL_NEAR_BOTTOM_GEOMETRY,True,False,0.0,https://www.disl.edu/arcos/
disl_arcos_realtime_public_grafana,hydro,DISL_ARCOS_PP,pp,Perdido Pass,30.2791,-87.5561,eastern_coastal_boundary_oxygen_context,pressure_psi,1.9900000095367432,psi,2026-10-09T02:00:00+00:00,2026-10-09T02:28:40.989977+00:00,2026-10-09T02:28:40.989977+00:00,NOT_RANGE_SCREENED,SOURCE_QC_NOT_EXPOSED_IN_PUBLIC_GRAFANA_FRAME,UNKNOWN_GEOMETRY_DO_NOT_USE_FOR_BOTTOM_CLASSIFICATION,0.5,HISTORICAL_NEAR_BOTTOM_GEOMETRY,True,False,0.0,https://www.disl.edu/arcos/
disl_arcos_realtime_public_grafana,hydro,DISL_ARCOS_PP,pp,Perdido Pass,30.2791,-87.5561,eastern_coastal_boundary_oxygen_context,salinity_psu,27.389999389648438,PSU,2026-10-09T02:00:00+00:00,2026-10-09T02:28:40.989977+00:00,2026-10-09T02:28:40.989977+00:00,ARCOS_RANGE_CHECK_PASS,SOURCE_QC_NOT_EXPOSED_IN_PUBLIC_GRAFANA_FRAME,UNKNOWN_GEOMETRY_DO_NOT_USE_FOR_BOTTOM_CLASSIFICATION,0.5,HISTORICAL_NEAR_BOTTOM_GEOMETRY,True,False,0.0,https://www.disl.edu/arcos/
disl_arcos_realtime_public_grafana,hydro,DISL_ARCOS_PP,pp,Perdido Pass,30.2791,-87.5561,eastern_coastal_boundary_oxygen_context,turbidity_fnu,1.100000023841858,FNU,2026-10-09T02:00:00+00:00,2026-10-09T02:28:40.989977+00:00,2026-10-09T02:28:40.989977+00:00,ARCOS_RANGE_CHECK_PASS,SOURCE_QC_NOT_EXPOSED_IN_PUBLIC_GRAFANA_FRAME,UNKNOWN_GEOMETRY_DO_NOT_USE_FOR_BOTTOM_CLASSIFICATION,0.5,HISTORICAL_NEAR_BOTTOM_GEOMETRY,True,False,0.0,https://www.disl.edu/arcos/
disl_arcos_realtime_public_grafana,hydro,DISL_ARCOS_PP,pp,Perdido Pass,30.2791,-87.5561,eastern_coastal_boundary_oxygen_context,water_temperature_c,26.959999084472656,degC,2026-10-09T02:00:00+00:00,2026-10-09T02:28:40.989977+00:00,2026-10-09T02:28:40.989977+00:00,ARCOS_RANGE_CHECK_PASS,SOURCE_QC_NOT_EXPOSED_IN_PUBLIC_GRAFANA_FRAME,UNKNOWN_GEOMETRY_DO_NOT_USE_FOR_BOTTOM_CLASSIFICATION,0.5,HISTORICAL_NEAR_BOTTOM_GEOMETRY,True,False,0.0,https://www.disl.edu/arcos/
disl_arcos_realtime_public_grafana,met,DISL_ARCOS_PP,pp,Perdido Pass,30.2791,-87.5561,eastern_coastal_boundary_oxygen_context,air_temperature_c,29.110000049366672,degC,2026-10-09T02:00:00+00:00,2026-10-09T02:28:41.324994+00:00,2026-10-09T02:28:41.324994+00:00,ARCOS_RANGE_CHECK_PASS,SOURCE_QC_NOT_EXPOSED_IN_PUBLIC_GRAFANA_FRAME,NOT_APPLICABLE,0.5,HISTORICAL_NEAR_BOTTOM_GEOMETRY,True,False,0.0,https://www.disl.edu/arcos/
disl_arcos_realtime_public_grafana,met,DISL_ARCOS_PP,pp,Perdido Pass,30.2791,-87.5561,eastern_coastal_boundary_oxygen_context,barometric_pressure_inhg,29.937620723948758,inHg,2026-10-09T02:00:00+00:00,2026-10-09T02:28:41.324994+00:00,2026-10-09T02:28:41.324994+00:00,ARCOS_RANGE_CHECK_PASS,SOURCE_QC_NOT_EXPOSED_IN_PUBLIC_GRAFANA_FRAME,NOT_APPLICABLE,0.5,HISTORICAL_NEAR_BOTTOM_GEOMETRY,True,False,0.0,https://www.disl.edu/arcos/
disl_arcos_realtime_public_grafana,met,DISL_ARCOS_PP,pp,Perdido Pass,30.2791,-87.5561,eastern_coastal_boundary_oxygen_context,precipitation,0.0,mm,2026-10-09T02:00:00+00:00,2026-10-09T02:28:41.324994+00:00,2026-10-09T02:28:41.324994+00:00,NOT_RANGE_SCREENED,SOURCE_QC_NOT_EXPOSED_IN_PUBLIC_GRAFANA_FRAME,NOT_APPLICABLE,0.5,HISTORICAL_NEAR_BOTTOM_GEOMETRY,True,False,0.0,https://www.disl.edu/arcos/
disl_arcos_realtime_public_grafana,met,DISL_ARCOS_PP,pp,Perdido Pass,30.2791,-87.5561,eastern_coastal_boundary_oxygen_context,quantum_radiation_umol_m2_s,0.0,umol/m2/s,2026-10-09T02:00:00+00:00,2026-10-09T02:28:41.324994+00:00,2026-10-09T02:28:41.324994+00:00,ARCOS_RANGE_CHECK_PASS,SOURCE_QC_NOT_EXPOSED_IN_PUBLIC_GRAFANA_FRAME,NOT_APPLICABLE,0.5,HISTORICAL_NEAR_BOTTOM_GEOMETRY,True,False,0.0,https://www.disl.edu/arcos/
disl_arcos_realtime_public_grafana,met,DISL_ARCOS_PP,pp,Perdido Pass,30.2791,-87.5561,eastern_coastal_boundary_oxygen_context,relative_humidity_percent,77.60647044462316,%,2026-10-09T02:00:00+00:00,2026-10-09T02:28:41.324994+00:00,2026-10-09T02:28:41.324994+00:00,ARCOS_RANGE_CHECK_PASS,SOURCE_QC_NOT_EXPOSED_IN_PUBLIC_GRAFANA_FRAME,NOT_APPLICABLE,0.5,HISTORICAL_NEAR_BOTTOM_GEOMETRY,True,False,0.0,https://www.disl.edu/arcos/
disl_arcos_realtime_public_grafana,met,DISL_ARCOS_PP,pp,Perdido Pass,30.2791,-87.5561,eastern_coastal_boundary_oxygen_context,solar_radiation_kw_m2,-0.0020000000949949026,kW/m2,2026-10-09T02:00:00+00:00,2026-10-09T02:28:41.324994+00:00,2026-10-09T02:28:41.324994+00:00,ARCOS_RANGE_CHECK_FAIL,SOURCE_QC_NOT_EXPOSED_IN_PUBLIC_GRAFANA_FRAME,NOT_APPLICABLE,0.5,HISTORICAL_NEAR_BOTTOM_GEOMETRY,True,False,0.0,https://www.disl.edu/arcos/
disl_arcos_realtime_public_grafana,met,DISL_ARCOS_PP,pp,Perdido Pass,30.2791,-87.5561,eastern_coastal_boundary_oxygen_context,wind_direction_deg,85.45343916161686,degree,2026-10-09T02:00:00+00:00,2026-10-09T02:28:41.324994+00:00,2026-10-09T02:28:41.324994+00:00,ARCOS_RANGE_CHECK_PASS,SOURCE_QC_NOT_EXPOSED_IN_PUBLIC_GRAFANA_FRAME,NOT_APPLICABLE,0.5,HISTORICAL_NEAR_BOTTOM_GEOMETRY,True,False,0.0,https://www.disl.edu/arcos/
disl_arcos_realtime_public_grafana,met,DISL_ARCOS_PP,pp,Perdido Pass,30.2791,-87.5561,eastern_coastal_boundary_oxygen_context,wind_speed,10.97294106202967,kn,2026-10-09T02:00:00+00:00,2026-10-09T02:28:41.324994+00:00,2026-10-09T02:28:41.324994+00:00,NOT_RANGE_SCREENED,SOURCE_QC_NOT_EXPOSED_IN_PUBLIC_GRAFANA_FRAME,NOT_APPLICABLE,0.5,HISTORICAL_NEAR_BOTTOM_GEOMETRY,True,False,0.0,https://www.disl.edu/arcos/
