source_id,evidence_class,station_name,station_index,station_resolution_basis,station_distance_to_point_clear_km,lat,lon,source_lon,bathymetry_m,vertical_role,sigma_layer_index,sigma_value,parameter,value,unit,valid_at,model_initialized_at,available_at,ingested_at,source_url,shoreline_cell,production_weight
noaa_ngofs2_point_clear_station,MODEL,"8733821 Pt Clear, MB",93,nearest_verified_coordinate,0.3114,30.489032745361328,-87.93621826171875,272.06378173828125,1.8300000429153442,surface,0,-0.012500000186264515,eastward_current,-0.11998177319765091,m/s,2026-09-16T09:00:00+00:00,2026-09-14T15:00:00+00:00,2026-09-14T21:48:04.514562+00:00,2026-09-14T21:48:04.514562+00:00,https://opendap.co-ops.nos.noaa.gov/thredds/dodsC/NOAA/NGOFS2/MODELS/2026/09/14/ngofs2.t15z.20260914.stations.forecast.nc,Point Clear/Grand Hotel,0.0
noaa_ngofs2_point_clear_station,MODEL,"8733821 Pt Clear, MB",93,nearest_verified_coordinate,0.3114,30.489032745361328,-87.93621826171875,272.06378173828125,1.8300000429153442,surface,0,-0.012500000186264515,northward_current,-0.20263971388339996,m/s,2026-09-16T09:00:00+00:00,2026-09-14T15:00:00+00:00,2026-09-14T21:48:04.514562+00:00,2026-09-14T21:48:04.514562+00:00,https://opendap.co-ops.nos.noaa.gov/thredds/dodsC/NOAA/NGOFS2/MODELS/2026/09/14/ngofs2.t15z.20260914.stations.forecast.nc,Point Clear/Grand Hotel,0.0
noaa_ngofs2_point_clear_station,MODEL,"8733821 Pt Clear, MB",93,nearest_verified_coordinate,0.3114,30.489032745361328,-87.93621826171875,272.06378173828125,1.8300000429153442,surface,0,-0.012500000186264515,shoreward_current,-0.11998177319765092,m/s,2026-09-16T09:00:00+00:00,2026-09-14T15:00:00+00:00,2026-09-14T21:48:04.514562+00:00,2026-09-14T21:48:04.514562+00:00,https://opendap.co-ops.nos.noaa.gov/thredds/dodsC/NOAA/NGOFS2/MODELS/2026/09/14/ngofs2.t15z.20260914.stations.forecast.nc,Point Clear/Grand Hotel,0.0
noaa_ngofs2_point_clear_station,MODEL,"8733821 Pt Clear, MB",93,nearest_verified_coordinate,0.3114,30.489032745361328,-87.93621826171875,272.06378173828125,1.8300000429153442,surface,0,-0.012500000186264515,water_temperature,31.87294578552246,degC,2026-09-16T09:00:00+00:00,2026-09-14T15:00:00+00:00,2026-09-14T21:48:04.514562+00:00,2026-09-14T21:48:04.514562+00:00,https://opendap.co-ops.nos.noaa.gov/thredds/dodsC/NOAA/NGOFS2/MODELS/2026/09/14/ngofs2.t15z.20260914.stations.forecast.nc,Point Clear/Grand Hotel,0.0
noaa_ngofs2_point_clear_station,MODEL,"8733821 Pt Clear, MB",93,nearest_verified_coordinate,0.3114,30.489032745361328,-87.93621826171875,272.06378173828125,1.8300000429153442,surface,0,-0.012500000186264515,salinity,14.086763381958008,1e-3,2026-09-16T09:00:00+00:00,2026-09-14T15:00:00+00:00,2026-09-14T21:48:04.514562+00:00,2026-09-14T21:48:04.514562+00:00,https://opendap.co-ops.nos.noaa.gov/thredds/dodsC/NOAA/NGOFS2/MODELS/2026/09/14/ngofs2.t15z.20260914.stations.forecast.nc,Point Clear/Grand Hotel,0.0
noaa_ngofs2_point_clear_station,MODEL,"8733821 Pt Clear, MB",93,nearest_verified_coordinate,0.3114,30.489032745361328,-87.93621826171875,272.06378173828125,1.8300000429153442,bottom,39,-0.987500011920929,eastward_current,-0.01045606005936861,m/s,2026-09-16T09:00:00+00:00,2026-09-14T15:00:00+00:00,2026-09-14T21:48:04.514562+00:00,2026-09-14T21:48:04.514562+00:00,https://opendap.co-ops.nos.noaa.gov/thredds/dodsC/NOAA/NGOFS2/MODELS/2026/09/14/ngofs2.t15z.20260914.stations.forecast.nc,Point Clear/Grand Hotel,0.0
noaa_ngofs2_point_clear_station,MODEL,"8733821 Pt Clear, MB",93,nearest_verified_coordinate,0.3114,30.489032745361328,-87.93621826171875,272.06378173828125,1.8300000429153442,bottom,39,-0.987500011920929,northward_current,-0.04432499036192894,m/s,2026-09-16T09:00:00+00:00,2026-09-14T15:00:00+00:00,2026-09-14T21:48:04.514562+00:00,2026-09-14T21:48:04.514562+00:00,https://opendap.co-ops.nos.noaa.gov/thredds/dodsC/NOAA/NGOFS2/MODELS/2026/09/14/ngofs2.t15z.20260914.stations.forecast.nc,Point Clear/Grand Hotel,0.0
noaa_ngofs2_point_clear_station,MODEL,"8733821 Pt Clear, MB",93,nearest_verified_coordinate,0.3114,30.489032745361328,-87.93621826171875,272.06378173828125,1.8300000429153442,bottom,39,-0.987500011920929,shoreward_current,-0.010456060059368614,m/s,2026-09-16T09:00:00+00:00,2026-09-14T15:00:00+00:00,2026-09-14T21:48:04.514562+00:00,2026-09-14T21:48:04.514562+00:00,https://opendap.co-ops.nos.noaa.gov/thredds/dodsC/NOAA/NGOFS2/MODELS/2026/09/14/ngofs2.t15z.20260914.stations.forecast.nc,Point Clear/Grand Hotel,0.0
noaa_ngofs2_point_clear_station,MODEL,"8733821 Pt Clear, MB",93,nearest_verified_coordinate,0.3114,30.489032745361328,-87.93621826171875,272.06378173828125,1.8300000429153442,bottom,39,-0.987500011920929,water_temperature,32.008270263671875,degC,2026-09-16T09:00:00+00:00,2026-09-14T15:00:00+00:00,2026-09-14T21:48:04.514562+00:00,2026-09-14T21:48:04.514562+00:00,https://opendap.co-ops.nos.noaa.gov/thredds/dodsC/NOAA/NGOFS2/MODELS/2026/09/14/ngofs2.t15z.20260914.stations.forecast.nc,Point Clear/Grand Hotel,0.0
noaa_ngofs2_point_clear_station,MODEL,"8733821 Pt Clear, MB",93,nearest_verified_coordinate,0.3114,30.489032745361328,-87.93621826171875,272.06378173828125,1.8300000429153442,bottom,39,-0.987500011920929,salinity,14.702712059020996,1e-3,2026-09-16T09:00:00+00:00,2026-09-14T15:00:00+00:00,2026-09-14T21:48:04.514562+00:00,2026-09-14T21:48:04.514562+00:00,https://opendap.co-ops.nos.noaa.gov/thredds/dodsC/NOAA/NGOFS2/MODELS/2026/09/14/ngofs2.t15z.20260914.stations.forecast.nc,Point Clear/Grand Hotel,0.0
noaa_ngofs2_point_clear_station,MODEL,"8733821 Pt Clear, MB",93,nearest_verified_coordinate,0.3114,30.489032745361328,-87.93621826171875,272.06378173828125,1.8300000429153442,surface,,,water_surface_elevation,0.4171169400215149,m,2026-09-16T09:00:00+00:00,2026-09-14T15:00:00+00:00,2026-09-14T21:48:04.514562+00:00,2026-09-14T21:48:04.514562+00:00,https://opendap.co-ops.nos.noaa.gov/thredds/dodsC/NOAA/NGOFS2/MODELS/2026/09/14/ngofs2.t15z.20260914.stations.forecast.nc,Point Clear/Grand Hotel,0.0
noaa_ngofs2_point_clear_station,MODEL,"8733821 Pt Clear, MB",93,nearest_verified_coordinate,0.3114,30.489032745361328,-87.93621826171875,272.06378173828125,1.8300000429153442,surface,0,-0.012500000186264515,eastward_current,-0.12106822431087494,m/s,2026-09-16T09:06:00+00:00,2026-09-14T15:00:00+00:00,2026-09-14T21:48:04.514562+00:00,2026-09-14T21:48:04.514562+00:00,https://opendap.co-ops.nos.noaa.gov/thredds/dodsC/NOAA/NGOFS2/MODELS/2026/09/14/ngofs2.t15z.20260914.stations.forecast.nc,Point Clear/Grand Hotel,0.0
noaa_ngofs2_point_clear_station,MODEL,"8733821 Pt Clear, MB",93,nearest_verified_coordinate,0.3114,30.489032745361328,-87.93621826171875,272.06378173828125,1.8300000429153442,surface,0,-0.012500000186264515,northward_current,-0.20723342895507812,m/s,2026-09-16T09:06:00+00:00,2026-09-14T15:00:00+00:00,2026-09-14T21:48:04.514562+00:00,2026-09-14T21:48:04.514562+00:00,https://opendap.co-ops.nos.noaa.gov/thredds/dodsC/NOAA/NGOFS2/MODELS/2026/09/14/ngofs2.t15z.20260914.stations.forecast.nc,Point Clear/Grand Hotel,0.0
noaa_ngofs2_point_clear_station,MODEL,"8733821 Pt Clear, MB",93,nearest_verified_coordinate,0.3114,30.489032745361328,-87.93621826171875,272.06378173828125,1.8300000429153442,surface,0,-0.012500000186264515,shoreward_current,-0.12106822431087495,m/s,2026-09-16T09:06:00+00:00,2026-09-14T15:00:00+00:00,2026-09-14T21:48:04.514562+00:00,2026-09-14T21:48:04.514562+00:00,https://opendap.co-ops.nos.noaa.gov/thredds/dodsC/NOAA/NGOFS2/MODELS/2026/09/14/ngofs2.t15z.20260914.stations.forecast.nc,Point Clear/Grand Hotel,0.0
noaa_ngofs2_point_clear_station,MODEL,"8733821 Pt Clear, MB",93,nearest_verified_coordinate,0.3114,30.489032745361328,-87.93621826171875,272.06378173828125,1.8300000429153442,surface,0,-0.012500000186264515,water_temperature,31.89552116394043,degC,2026-09-16T09:06:00+00:00,2026-09-14T15:00:00+00:00,2026-09-14T21:48:04.514562+00:00,2026-09-14T21:48:04.514562+00:00,https://opendap.co-ops.nos.noaa.gov/thredds/dodsC/NOAA/NGOFS2/MODELS/2026/09/14/ngofs2.t15z.20260914.stations.forecast.nc,Point Clear/Grand Hotel,0.0
noaa_ngofs2_point_clear_station,MODEL,"8733821 Pt Clear, MB",93,nearest_verified_coordinate,0.3114,30.489032745361328,-87.93621826171875,272.06378173828125,1.8300000429153442,surface,0,-0.012500000186264515,salinity,14.011649131774902,1e-3,2026-09-16T09:06:00+00:00,2026-09-14T15:00:00+00:00,2026-09-14T21:48:04.514562+00:00,2026-09-14T21:48:04.514562+00:00,https://opendap.co-ops.nos.noaa.gov/thredds/dodsC/NOAA/NGOFS2/MODELS/2026/09/14/ngofs2.t15z.20260914.stations.forecast.nc,Point Clear/Grand Hotel,0.0
noaa_ngofs2_point_clear_station,MODEL,"8733821 Pt Clear, MB",93,nearest_verified_coordinate,0.3114,30.489032745361328,-87.93621826171875,272.06378173828125,1.8300000429153442,bottom,39,-0.987500011920929,eastward_current,-0.010996301658451557,m/s,2026-09-16T09:06:00+00:00,2026-09-14T15:00:00+00:00,2026-09-14T21:48:04.514562+00:00,2026-09-14T21:48:04.514562+00:00,https://opendap.co-ops.nos.noaa.gov/thredds/dodsC/NOAA/NGOFS2/MODELS/2026/09/14/ngofs2.t15z.20260914.stations.forecast.nc,Point Clear/Grand Hotel,0.0
noaa_ngofs2_point_clear_station,MODEL,"8733821 Pt Clear, MB",93,nearest_verified_coordinate,0.3114,30.489032745361328,-87.93621826171875,272.06378173828125,1.8300000429153442,bottom,39,-0.987500011920929,northward_current,-0.04575050249695778,m/s,2026-09-16T09:06:00+00:00,2026-09-14T15:00:00+00:00,2026-09-14T21:48:04.514562+00:00,2026-09-14T21:48:04.514562+00:00,https://opendap.co-ops.nos.noaa.gov/thredds/dodsC/NOAA/NGOFS2/MODELS/2026/09/14/ngofs2.t15z.20260914.stations.forecast.nc,Point Clear/Grand Hotel,0.0
noaa_ngofs2_point_clear_station,MODEL,"8733821 Pt Clear, MB",93,nearest_verified_coordinate,0.3114,30.489032745361328,-87.93621826171875,272.06378173828125,1.8300000429153442,bottom,39,-0.987500011920929,shoreward_current,-0.01099630165845156,m/s,2026-09-16T09:06:00+00:00,2026-09-14T15:00:00+00:00,2026-09-14T21:48:04.514562+00:00,2026-09-14T21:48:04.514562+00:00,https://opendap.co-ops.nos.noaa.gov/thredds/dodsC/NOAA/NGOFS2/MODELS/2026/09/14/ngofs2.t15z.20260914.stations.forecast.nc,Point Clear/Grand Hotel,0.0
noaa_ngofs2_point_clear_station,MODEL,"8733821 Pt Clear, MB",93,nearest_verified_coordinate,0.3114,30.489032745361328,-87.93621826171875,272.06378173828125,1.8300000429153442,bottom,39,-0.987500011920929,water_temperature,32.01734924316406,degC,2026-09-16T09:06:00+00:00,2026-09-14T15:00:00+00:00,2026-09-14T21:48:04.514562+00:00,2026-09-14T21:48:04.514562+00:00,https://opendap.co-ops.nos.noaa.gov/thredds/dodsC/NOAA/NGOFS2/MODELS/2026/09/14/ngofs2.t15z.20260914.stations.forecast.nc,Point Clear/Grand Hotel,0.0
noaa_ngofs2_point_clear_station,MODEL,"8733821 Pt Clear, MB",93,nearest_verified_coordinate,0.3114,30.489032745361328,-87.93621826171875,272.06378173828125,1.8300000429153442,bottom,39,-0.987500011920929,salinity,14.663322448730469,1e-3,2026-09-16T09:06:00+00:00,2026-09-14T15:00:00+00:00,2026-09-14T21:48:04.514562+00:00,2026-09-14T21:48:04.514562+00:00,https://opendap.co-ops.nos.noaa.gov/thredds/dodsC/NOAA/NGOFS2/MODELS/2026/09/14/ngofs2.t15z.20260914.stations.forecast.nc,Point Clear/Grand Hotel,0.0
noaa_ngofs2_point_clear_station,MODEL,"8733821 Pt Clear, MB",93,nearest_verified_coordinate,0.3114,30.489032745361328,-87.93621826171875,272.06378173828125,1.8300000429153442,surface,,,water_surface_elevation,0.4119355082511902,m,2026-09-16T09:06:00+00:00,2026-09-14T15:00:00+00:00,2026-09-14T21:48:04.514562+00:00,2026-09-14T21:48:04.514562+00:00,https://opendap.co-ops.nos.noaa.gov/thredds/dodsC/NOAA/NGOFS2/MODELS/2026/09/14/ngofs2.t15z.20260914.stations.forecast.nc,Point Clear/Grand Hotel,0.0
noaa_ngofs2_point_clear_station,MODEL,"8733821 Pt Clear, MB",93,nearest_verified_coordinate,0.3114,30.489032745361328,-87.93621826171875,272.06378173828125,1.8300000429153442,surface,0,-0.012500000186264515,eastward_current,-0.12231426686048508,m/s,2026-09-16T09:12:00+00:00,2026-09-14T15:00:00+00:00,2026-09-14T21:48:04.514562+00:00,2026-09-14T21:48:04.514562+00:00,https://opendap.co-ops.nos.noaa.gov/thredds/dodsC/NOAA/NGOFS2/MODELS/2026/09/14/ngofs2.t15z.20260914.stations.forecast.nc,Point Clear/Grand Hotel,0.0
noaa_ngofs2_point_clear_station,MODEL,"8733821 Pt Clear, MB",93,nearest_verified_coordinate,0.3114,30.489032745361328,-87.93621826171875,272.06378173828125,1.8300000429153442,surface,0,-0.012500000186264515,northward_current,-0.2121870219707489,m/s,2026-09-16T09:12:00+00:00,2026-09-14T15:00:00+00:00,2026-09-14T21:48:04.514562+00:00,2026-09-14T21:48:04.514562+00:00,https://opendap.co-ops.nos.noaa.gov/thredds/dodsC/NOAA/NGOFS2/MODELS/2026/09/14/ngofs2.t15z.20260914.stations.forecast.nc,Point Clear/Grand Hotel,0.0
noaa_ngofs2_point_clear_station,MODEL,"8733821 Pt Clear, MB",93,nearest_verified_coordinate,0.3114,30.489032745361328,-87.93621826171875,272.06378173828125,1.8300000429153442,surface,0,-0.012500000186264515,shoreward_current,-0.12231426686048509,m/s,2026-09-16T09:12:00+00:00,2026-09-14T15:00:00+00:00,2026-09-14T21:48:04.514562+00:00,2026-09-14T21:48:04.514562+00:00,https://opendap.co-ops.nos.noaa.gov/thredds/dodsC/NOAA/NGOFS2/MODELS/2026/09/14/ngofs2.t15z.20260914.stations.forecast.nc,Point Clear/Grand Hotel,0.0
noaa_ngofs2_point_clear_station,MODEL,"8733821 Pt Clear, MB",93,nearest_verified_coordinate,0.3114,30.489032745361328,-87.93621826171875,272.06378173828125,1.8300000429153442,surface,0,-0.012500000186264515,water_temperature,31.920406341552734,degC,2026-09-16T09:12:00+00:00,2026-09-14T15:00:00+00:00,2026-09-14T21:48:04.514562+00:00,2026-09-14T21:48:04.514562+00:00,https://opendap.co-ops.nos.noaa.gov/thredds/dodsC/NOAA/NGOFS2/MODELS/2026/09/14/ngofs2.t15z.20260914.stations.forecast.nc,Point Clear/Grand Hotel,0.0
noaa_ngofs2_point_clear_station,MODEL,"8733821 Pt Clear, MB",93,nearest_verified_coordinate,0.3114,30.489032745361328,-87.93621826171875,272.06378173828125,1.8300000429153442,surface,0,-0.012500000186264515,salinity,13.944418907165527,1e-3,2026-09-16T09:12:00+00:00,2026-09-14T15:00:00+00:00,2026-09-14T21:48:04.514562+00:00,2026-09-14T21:48:04.514562+00:00,https://opendap.co-ops.nos.noaa.gov/thredds/dodsC/NOAA/NGOFS2/MODELS/2026/09/14/ngofs2.t15z.20260914.stations.forecast.nc,Point Clear/Grand Hotel,0.0
noaa_ngofs2_point_clear_station,MODEL,"8733821 Pt Clear, MB",93,nearest_verified_coordinate,0.3114,30.489032745361328,-87.93621826171875,272.06378173828125,1.8300000429153442,bottom,39,-0.987500011920929,eastward_current,-0.011765210889279842,m/s,2026-09-16T09:12:00+00:00,2026-09-14T15:00:00+00:00,2026-09-14T21:48:04.514562+00:00,2026-09-14T21:48:04.514562+00:00,https://opendap.co-ops.nos.noaa.gov/thredds/dodsC/NOAA/NGOFS2/MODELS/2026/09/14/ngofs2.t15z.20260914.stations.forecast.nc,Point Clear/Grand Hotel,0.0
noaa_ngofs2_point_clear_station,MODEL,"8733821 Pt Clear, MB",93,nearest_verified_coordinate,0.3114,30.489032745361328,-87.93621826171875,272.06378173828125,1.8300000429153442,bottom,39,-0.987500011920929,northward_current,-0.04732628911733627,m/s,2026-09-16T09:12:00+00:00,2026-09-14T15:00:00+00:00,2026-09-14T21:48:04.514562+00:00,2026-09-14T21:48:04.514562+00:00,https://opendap.co-ops.nos.noaa.gov/thredds/dodsC/NOAA/NGOFS2/MODELS/2026/09/14/ngofs2.t15z.20260914.stations.forecast.nc,Point Clear/Grand Hotel,0.0
noaa_ngofs2_point_clear_station,MODEL,"8733821 Pt Clear, MB",93,nearest_verified_coordinate,0.3114,30.489032745361328,-87.93621826171875,272.06378173828125,1.8300000429153442,bottom,39,-0.987500011920929,shoreward_current,-0.011765210889279846,m/s,2026-09-16T09:12:00+00:00,2026-09-14T15:00:00+00:00,2026-09-14T21:48:04.514562+00:00,2026-09-14T21:48:04.514562+00:00,https://opendap.co-ops.nos.noaa.gov/thredds/dodsC/NOAA/NGOFS2/MODELS/2026/09/14/ngofs2.t15z.20260914.stations.forecast.nc,Point Clear/Grand Hotel,0.0
noaa_ngofs2_point_clear_station,MODEL,"8733821 Pt Clear, MB",93,nearest_verified_coordinate,0.3114,30.489032745361328,-87.93621826171875,272.06378173828125,1.8300000429153442,bottom,39,-0.987500011920929,water_temperature,32.028076171875,degC,2026-09-16T09:12:00+00:00,2026-09-14T15:00:00+00:00,2026-09-14T21:48:04.514562+00:00,2026-09-14T21:48:04.514562+00:00,https://opendap.co-ops.nos.noaa.gov/thredds/dodsC/NOAA/NGOFS2/MODELS/2026/09/14/ngofs2.t15z.20260914.stations.forecast.nc,Point Clear/Grand Hotel,0.0
noaa_ngofs2_point_clear_station,MODEL,"8733821 Pt Clear, MB",93,nearest_verified_coordinate,0.3114,30.489032745361328,-87.93621826171875,272.06378173828125,1.8300000429153442,bottom,39,-0.987500011920929,salinity,14.62409496307373,1e-3,2026-09-16T09:12:00+00:00,2026-09-14T15:00:00+00:00,2026-09-14T21:48:04.514562+00:00,2026-09-14T21:48:04.514562+00:00,https://opendap.co-ops.nos.noaa.gov/thredds/dodsC/NOAA/NGOFS2/MODELS/2026/09/14/ngofs2.t15z.20260914.stations.forecast.nc,Point Clear/Grand Hotel,0.0
noaa_ngofs2_point_clear_station,MODEL,"8733821 Pt Clear, MB",93,nearest_verified_coordinate,0.3114,30.489032745361328,-87.93621826171875,272.06378173828125,1.8300000429153442,surface,,,water_surface_elevation,0.40672069787979126,m,2026-09-16T09:12:00+00:00,2026-09-14T15:00:00+00:00,2026-09-14T21:48:04.514562+00:00,2026-09-14T21:48:04.514562+00:00,https://opendap.co-ops.nos.noaa.gov/thredds/dodsC/NOAA/NGOFS2/MODELS/2026/09/14/ngofs2.t15z.20260914.stations.forecast.nc,Point Clear/Grand Hotel,0.0
noaa_ngofs2_point_clear_station,MODEL,"8733821 Pt Clear, MB",93,nearest_verified_coordinate,0.3114,30.489032745361328,-87.93621826171875,272.06378173828125,1.8300000429153442,surface,0,-0.012500000186264515,eastward_current,-0.12274631857872009,m/s,2026-09-16T09:18:00+00:00,2026-09-14T15:00:00+00:00,2026-09-14T21:48:04.514562+00:00,2026-09-14T21:48:04.514562+00:00,https://opendap.co-ops.nos.noaa.gov/thredds/dodsC/NOAA/NGOFS2/MODELS/2026/09/14/ngofs2.t15z.20260914.stations.forecast.nc,Point Clear/Grand Hotel,0.0
noaa_ngofs2_point_clear_station,MODEL,"8733821 Pt Clear, MB",93,nearest_verified_coordinate,0.3114,30.489032745361328,-87.93621826171875,272.06378173828125,1.8300000429153442,surface,0,-0.012500000186264515,northward_current,-0.21559713780879974,m/s,2026-09-16T09:18:00+00:00,2026-09-14T15:00:00+00:00,2026-09-14T21:48:04.514562+00:00,2026-09-14T21:48:04.514562+00:00,https://opendap.co-ops.nos.noaa.gov/thredds/dodsC/NOAA/NGOFS2/MODELS/2026/09/14/ngofs2.t15z.20260914.stations.forecast.nc,Point Clear/Grand Hotel,0.0
noaa_ngofs2_point_clear_station,MODEL,"8733821 Pt Clear, MB",93,nearest_verified_coordinate,0.3114,30.489032745361328,-87.93621826171875,272.06378173828125,1.8300000429153442,surface,0,-0.012500000186264515,shoreward_current,-0.1227463185787201,m/s,2026-09-16T09:18:00+00:00,2026-09-14T15:00:00+00:00,2026-09-14T21:48:04.514562+00:00,2026-09-14T21:48:04.514562+00:00,https://opendap.co-ops.nos.noaa.gov/thredds/dodsC/NOAA/NGOFS2/MODELS/2026/09/14/ngofs2.t15z.20260914.stations.forecast.nc,Point Clear/Grand Hotel,0.0
noaa_ngofs2_point_clear_station,MODEL,"8733821 Pt Clear, MB",93,nearest_verified_coordinate,0.3114,30.489032745361328,-87.93621826171875,272.06378173828125,1.8300000429153442,surface,0,-0.012500000186264515,water_temperature,31.94764518737793,degC,2026-09-16T09:18:00+00:00,2026-09-14T15:00:00+00:00,2026-09-14T21:48:04.514562+00:00,2026-09-14T21:48:04.514562+00:00,https://opendap.co-ops.nos.noaa.gov/thredds/dodsC/NOAA/NGOFS2/MODELS/2026/09/14/ngofs2.t15z.20260914.stations.forecast.nc,Point Clear/Grand Hotel,0.0
noaa_ngofs2_point_clear_station,MODEL,"8733821 Pt Clear, MB",93,nearest_verified_coordinate,0.3114,30.489032745361328,-87.93621826171875,272.06378173828125,1.8300000429153442,surface,0,-0.012500000186264515,salinity,13.886584281921387,1e-3,2026-09-16T09:18:00+00:00,2026-09-14T15:00:00+00:00,2026-09-14T21:48:04.514562+00:00,2026-09-14T21:48:04.514562+00:00,https://opendap.co-ops.nos.noaa.gov/thredds/dodsC/NOAA/NGOFS2/MODELS/2026/09/14/ngofs2.t15z.20260914.stations.forecast.nc,Point Clear/Grand Hotel,0.0
noaa_ngofs2_point_clear_station,MODEL,"8733821 Pt Clear, MB",93,nearest_verified_coordinate,0.3114,30.489032745361328,-87.93621826171875,272.06378173828125,1.8300000429153442,bottom,39,-0.987500011920929,eastward_current,-0.012446805834770203,m/s,2026-09-16T09:18:00+00:00,2026-09-14T15:00:00+00:00,2026-09-14T21:48:04.514562+00:00,2026-09-14T21:48:04.514562+00:00,https://opendap.co-ops.nos.noaa.gov/thredds/dodsC/NOAA/NGOFS2/MODELS/2026/09/14/ngofs2.t15z.20260914.stations.forecast.nc,Point Clear/Grand Hotel,0.0
noaa_ngofs2_point_clear_station,MODEL,"8733821 Pt Clear, MB",93,nearest_verified_coordinate,0.3114,30.489032745361328,-87.93621826171875,272.06378173828125,1.8300000429153442,bottom,39,-0.987500011920929,northward_current,-0.048557348549366,m/s,2026-09-16T09:18:00+00:00,2026-09-14T15:00:00+00:00,2026-09-14T21:48:04.514562+00:00,2026-09-14T21:48:04.514562+00:00,https://opendap.co-ops.nos.noaa.gov/thredds/dodsC/NOAA/NGOFS2/MODELS/2026/09/14/ngofs2.t15z.20260914.stations.forecast.nc,Point Clear/Grand Hotel,0.0
noaa_ngofs2_point_clear_station,MODEL,"8733821 Pt Clear, MB",93,nearest_verified_coordinate,0.3114,30.489032745361328,-87.93621826171875,272.06378173828125,1.8300000429153442,bottom,39,-0.987500011920929,shoreward_current,-0.012446805834770206,m/s,2026-09-16T09:18:00+00:00,2026-09-14T15:00:00+00:00,2026-09-14T21:48:04.514562+00:00,2026-09-14T21:48:04.514562+00:00,https://opendap.co-ops.nos.noaa.gov/thredds/dodsC/NOAA/NGOFS2/MODELS/2026/09/14/ngofs2.t15z.20260914.stations.forecast.nc,Point Clear/Grand Hotel,0.0
noaa_ngofs2_point_clear_station,MODEL,"8733821 Pt Clear, MB",93,nearest_verified_coordinate,0.3114,30.489032745361328,-87.93621826171875,272.06378173828125,1.8300000429153442,bottom,39,-0.987500011920929,water_temperature,32.04050064086914,degC,2026-09-16T09:18:00+00:00,2026-09-14T15:00:00+00:00,2026-09-14T21:48:04.514562+00:00,2026-09-14T21:48:04.514562+00:00,https://opendap.co-ops.nos.noaa.gov/thredds/dodsC/NOAA/NGOFS2/MODELS/2026/09/14/ngofs2.t15z.20260914.stations.forecast.nc,Point Clear/Grand Hotel,0.0
noaa_ngofs2_point_clear_station,MODEL,"8733821 Pt Clear, MB",93,nearest_verified_coordinate,0.3114,30.489032745361328,-87.93621826171875,272.06378173828125,1.8300000429153442,bottom,39,-0.987500011920929,salinity,14.584375381469727,1e-3,2026-09-16T09:18:00+00:00,2026-09-14T15:00:00+00:00,2026-09-14T21:48:04.514562+00:00,2026-09-14T21:48:04.514562+00:00,https://opendap.co-ops.nos.noaa.gov/thredds/dodsC/NOAA/NGOFS2/MODELS/2026/09/14/ngofs2.t15z.20260914.stations.forecast.nc,Point Clear/Grand Hotel,0.0
noaa_ngofs2_point_clear_station,MODEL,"8733821 Pt Clear, MB",93,nearest_verified_coordinate,0.3114,30.489032745361328,-87.93621826171875,272.06378173828125,1.8300000429153442,surface,,,water_surface_elevation,0.40182700753211975,m,2026-09-16T09:18:00+00:00,2026-09-14T15:00:00+00:00,2026-09-14T21:48:04.514562+00:00,2026-09-14T21:48:04.514562+00:00,https://opendap.co-ops.nos.noaa.gov/thredds/dodsC/NOAA/NGOFS2/MODELS/2026/09/14/ngofs2.t15z.20260914.stations.forecast.nc,Point Clear/Grand Hotel,0.0
noaa_ngofs2_point_clear_station,MODEL,"8733821 Pt Clear, MB",93,nearest_verified_coordinate,0.3114,30.489032745361328,-87.93621826171875,272.06378173828125,1.8300000429153442,surface,0,-0.012500000186264515,eastward_current,-0.12219936400651932,m/s,2026-09-16T09:24:00+00:00,2026-09-14T15:00:00+00:00,2026-09-14T21:48:04.514562+00:00,2026-09-14T21:48:04.514562+00:00,https://opendap.co-ops.nos.noaa.gov/thredds/dodsC/NOAA/NGOFS2/MODELS/2026/09/14/ngofs2.t15z.20260914.stations.forecast.nc,Point Clear/Grand Hotel,0.0
noaa_ngofs2_point_clear_station,MODEL,"8733821 Pt Clear, MB",93,nearest_verified_coordinate,0.3114,30.489032745361328,-87.93621826171875,272.06378173828125,1.8300000429153442,surface,0,-0.012500000186264515,northward_current,-0.21765954792499542,m/s,2026-09-16T09:24:00+00:00,2026-09-14T15:00:00+00:00,2026-09-14T21:48:04.514562+00:00,2026-09-14T21:48:04.514562+00:00,https://opendap.co-ops.nos.noaa.gov/thredds/dodsC/NOAA/NGOFS2/MODELS/2026/09/14/ngofs2.t15z.20260914.stations.forecast.nc,Point Clear/Grand Hotel,0.0
noaa_ngofs2_point_clear_station,MODEL,"8733821 Pt Clear, MB",93,nearest_verified_coordinate,0.3114,30.489032745361328,-87.93621826171875,272.06378173828125,1.8300000429153442,surface,0,-0.012500000186264515,shoreward_current,-0.12219936400651933,m/s,2026-09-16T09:24:00+00:00,2026-09-14T15:00:00+00:00,2026-09-14T21:48:04.514562+00:00,2026-09-14T21:48:04.514562+00:00,https://opendap.co-ops.nos.noaa.gov/thredds/dodsC/NOAA/NGOFS2/MODELS/2026/09/14/ngofs2.t15z.20260914.stations.forecast.nc,Point Clear/Grand Hotel,0.0
noaa_ngofs2_point_clear_station,MODEL,"8733821 Pt Clear, MB",93,nearest_verified_coordinate,0.3114,30.489032745361328,-87.93621826171875,272.06378173828125,1.8300000429153442,surface,0,-0.012500000186264515,water_temperature,31.975387573242188,degC,2026-09-16T09:24:00+00:00,2026-09-14T15:00:00+00:00,2026-09-14T21:48:04.514562+00:00,2026-09-14T21:48:04.514562+00:00,https://opendap.co-ops.nos.noaa.gov/thredds/dodsC/NOAA/NGOFS2/MODELS/2026/09/14/ngofs2.t15z.20260914.stations.forecast.nc,Point Clear/Grand Hotel,0.0
noaa_ngofs2_point_clear_station,MODEL,"8733821 Pt Clear, MB",93,nearest_verified_coordinate,0.3114,30.489032745361328,-87.93621826171875,272.06378173828125,1.8300000429153442,surface,0,-0.012500000186264515,salinity,13.838956832885742,1e-3,2026-09-16T09:24:00+00:00,2026-09-14T15:00:00+00:00,2026-09-14T21:48:04.514562+00:00,2026-09-14T21:48:04.514562+00:00,https://opendap.co-ops.nos.noaa.gov/thredds/dodsC/NOAA/NGOFS2/MODELS/2026/09/14/ngofs2.t15z.20260914.stations.forecast.nc,Point Clear/Grand Hotel,0.0
noaa_ngofs2_point_clear_station,MODEL,"8733821 Pt Clear, MB",93,nearest_verified_coordinate,0.3114,30.489032745361328,-87.93621826171875,272.06378173828125,1.8300000429153442,bottom,39,-0.987500011920929,eastward_current,-0.013097246177494526,m/s,2026-09-16T09:24:00+00:00,2026-09-14T15:00:00+00:00,2026-09-14T21:48:04.514562+00:00,2026-09-14T21:48:04.514562+00:00,https://opendap.co-ops.nos.noaa.gov/thredds/dodsC/NOAA/NGOFS2/MODELS/2026/09/14/ngofs2.t15z.20260914.stations.forecast.nc,Point Clear/Grand Hotel,0.0
noaa_ngofs2_point_clear_station,MODEL,"8733821 Pt Clear, MB",93,nearest_verified_coordinate,0.3114,30.489032745361328,-87.93621826171875,272.06378173828125,1.8300000429153442,bottom,39,-0.987500011920929,northward_current,-0.04953446239233017,m/s,2026-09-16T09:24:00+00:00,2026-09-14T15:00:00+00:00,2026-09-14T21:48:04.514562+00:00,2026-09-14T21:48:04.514562+00:00,https://opendap.co-ops.nos.noaa.gov/thredds/dodsC/NOAA/NGOFS2/MODELS/2026/09/14/ngofs2.t15z.20260914.stations.forecast.nc,Point Clear/Grand Hotel,0.0
noaa_ngofs2_point_clear_station,MODEL,"8733821 Pt Clear, MB",93,nearest_verified_coordinate,0.3114,30.489032745361328,-87.93621826171875,272.06378173828125,1.8300000429153442,bottom,39,-0.987500011920929,shoreward_current,-0.01309724617749453,m/s,2026-09-16T09:24:00+00:00,2026-09-14T15:00:00+00:00,2026-09-14T21:48:04.514562+00:00,2026-09-14T21:48:04.514562+00:00,https://opendap.co-ops.nos.noaa.gov/thredds/dodsC/NOAA/NGOFS2/MODELS/2026/09/14/ngofs2.t15z.20260914.stations.forecast.nc,Point Clear/Grand Hotel,0.0
noaa_ngofs2_point_clear_station,MODEL,"8733821 Pt Clear, MB",93,nearest_verified_coordinate,0.3114,30.489032745361328,-87.93621826171875,272.06378173828125,1.8300000429153442,bottom,39,-0.987500011920929,water_temperature,32.0546760559082,degC,2026-09-16T09:24:00+00:00,2026-09-14T15:00:00+00:00,2026-09-14T21:48:04.514562+00:00,2026-09-14T21:48:04.514562+00:00,https://opendap.co-ops.nos.noaa.gov/thredds/dodsC/NOAA/NGOFS2/MODELS/2026/09/14/ngofs2.t15z.20260914.stations.forecast.nc,Point Clear/Grand Hotel,0.0
noaa_ngofs2_point_clear_station,MODEL,"8733821 Pt Clear, MB",93,nearest_verified_coordinate,0.3114,30.489032745361328,-87.93621826171875,272.06378173828125,1.8300000429153442,bottom,39,-0.987500011920929,salinity,14.544273376464844,1e-3,2026-09-16T09:24:00+00:00,2026-09-14T15:00:00+00:00,2026-09-14T21:48:04.514562+00:00,2026-09-14T21:48:04.514562+00:00,https://opendap.co-ops.nos.noaa.gov/thredds/dodsC/NOAA/NGOFS2/MODELS/2026/09/14/ngofs2.t15z.20260914.stations.forecast.nc,Point Clear/Grand Hotel,0.0
noaa_ngofs2_point_clear_station,MODEL,"8733821 Pt Clear, MB",93,nearest_verified_coordinate,0.3114,30.489032745361328,-87.93621826171875,272.06378173828125,1.8300000429153442,surface,,,water_surface_elevation,0.39711302518844604,m,2026-09-16T09:24:00+00:00,2026-09-14T15:00:00+00:00,2026-09-14T21:48:04.514562+00:00,2026-09-14T21:48:04.514562+00:00,https://opendap.co-ops.nos.noaa.gov/thredds/dodsC/NOAA/NGOFS2/MODELS/2026/09/14/ngofs2.t15z.20260914.stations.forecast.nc,Point Clear/Grand Hotel,0.0
noaa_ngofs2_point_clear_station,MODEL,"8733821 Pt Clear, MB",93,nearest_verified_coordinate,0.3114,30.489032745361328,-87.93621826171875,272.06378173828125,1.8300000429153442,surface,0,-0.012500000186264515,eastward_current,-0.12198753654956818,m/s,2026-09-16T09:30:00+00:00,2026-09-14T15:00:00+00:00,2026-09-14T21:48:04.514562+00:00,2026-09-14T21:48:04.514562+00:00,https://opendap.co-ops.nos.noaa.gov/thredds/dodsC/NOAA/NGOFS2/MODELS/2026/09/14/ngofs2.t15z.20260914.stations.forecast.nc,Point Clear/Grand Hotel,0.0
noaa_ngofs2_point_clear_station,MODEL,"8733821 Pt Clear, MB",93,nearest_verified_coordinate,0.3114,30.489032745361328,-87.93621826171875,272.06378173828125,1.8300000429153442,surface,0,-0.012500000186264515,northward_current,-0.2200523316860199,m/s,2026-09-16T09:30:00+00:00,2026-09-14T15:00:00+00:00,2026-09-14T21:48:04.514562+00:00,2026-09-14T21:48:04.514562+00:00,https://opendap.co-ops.nos.noaa.gov/thredds/dodsC/NOAA/NGOFS2/MODELS/2026/09/14/ngofs2.t15z.20260914.stations.forecast.nc,Point Clear/Grand Hotel,0.0
noaa_ngofs2_point_clear_station,MODEL,"8733821 Pt Clear, MB",93,nearest_verified_coordinate,0.3114,30.489032745361328,-87.93621826171875,272.06378173828125,1.8300000429153442,surface,0,-0.012500000186264515,shoreward_current,-0.12198753654956819,m/s,2026-09-16T09:30:00+00:00,2026-09-14T15:00:00+00:00,2026-09-14T21:48:04.514562+00:00,2026-09-14T21:48:04.514562+00:00,https://opendap.co-ops.nos.noaa.gov/thredds/dodsC/NOAA/NGOFS2/MODELS/2026/09/14/ngofs2.t15z.20260914.stations.forecast.nc,Point Clear/Grand Hotel,0.0
noaa_ngofs2_point_clear_station,MODEL,"8733821 Pt Clear, MB",93,nearest_verified_coordinate,0.3114,30.489032745361328,-87.93621826171875,272.06378173828125,1.8300000429153442,surface,0,-0.012500000186264515,water_temperature,32.00255584716797,degC,2026-09-16T09:30:00+00:00,2026-09-14T15:00:00+00:00,2026-09-14T21:48:04.514562+00:00,2026-09-14T21:48:04.514562+00:00,https://opendap.co-ops.nos.noaa.gov/thredds/dodsC/NOAA/NGOFS2/MODELS/2026/09/14/ngofs2.t15z.20260914.stations.forecast.nc,Point Clear/Grand Hotel,0.0
noaa_ngofs2_point_clear_station,MODEL,"8733821 Pt Clear, MB",93,nearest_verified_coordinate,0.3114,30.489032745361328,-87.93621826171875,272.06378173828125,1.8300000429153442,surface,0,-0.012500000186264515,salinity,13.799903869628906,1e-3,2026-09-16T09:30:00+00:00,2026-09-14T15:00:00+00:00,2026-09-14T21:48:04.514562+00:00,2026-09-14T21:48:04.514562+00:00,https://opendap.co-ops.nos.noaa.gov/thredds/dodsC/NOAA/NGOFS2/MODELS/2026/09/14/ngofs2.t15z.20260914.stations.forecast.nc,Point Clear/Grand Hotel,0.0
noaa_ngofs2_point_clear_station,MODEL,"8733821 Pt Clear, MB",93,nearest_verified_coordinate,0.3114,30.489032745361328,-87.93621826171875,272.06378173828125,1.8300000429153442,bottom,39,-0.987500011920929,eastward_current,-0.013734133914113045,m/s,2026-09-16T09:30:00+00:00,2026-09-14T15:00:00+00:00,2026-09-14T21:48:04.514562+00:00,2026-09-14T21:48:04.514562+00:00,https://opendap.co-ops.nos.noaa.gov/thredds/dodsC/NOAA/NGOFS2/MODELS/2026/09/14/ngofs2.t15z.20260914.stations.forecast.nc,Point Clear/Grand Hotel,0.0
noaa_ngofs2_point_clear_station,MODEL,"8733821 Pt Clear, MB",93,nearest_verified_coordinate,0.3114,30.489032745361328,-87.93621826171875,272.06378173828125,1.8300000429153442,bottom,39,-0.987500011920929,northward_current,-0.05061601847410202,m/s,2026-09-16T09:30:00+00:00,2026-09-14T15:00:00+00:00,2026-09-14T21:48:04.514562+00:00,2026-09-14T21:48:04.514562+00:00,https://opendap.co-ops.nos.noaa.gov/thredds/dodsC/NOAA/NGOFS2/MODELS/2026/09/14/ngofs2.t15z.20260914.stations.forecast.nc,Point Clear/Grand Hotel,0.0
noaa_ngofs2_point_clear_station,MODEL,"8733821 Pt Clear, MB",93,nearest_verified_coordinate,0.3114,30.489032745361328,-87.93621826171875,272.06378173828125,1.8300000429153442,bottom,39,-0.987500011920929,shoreward_current,-0.013734133914113048,m/s,2026-09-16T09:30:00+00:00,2026-09-14T15:00:00+00:00,2026-09-14T21:48:04.514562+00:00,2026-09-14T21:48:04.514562+00:00,https://opendap.co-ops.nos.noaa.gov/thredds/dodsC/NOAA/NGOFS2/MODELS/2026/09/14/ngofs2.t15z.20260914.stations.forecast.nc,Point Clear/Grand Hotel,0.0
noaa_ngofs2_point_clear_station,MODEL,"8733821 Pt Clear, MB",93,nearest_verified_coordinate,0.3114,30.489032745361328,-87.93621826171875,272.06378173828125,1.8300000429153442,bottom,39,-0.987500011920929,water_temperature,32.07083511352539,degC,2026-09-16T09:30:00+00:00,2026-09-14T15:00:00+00:00,2026-09-14T21:48:04.514562+00:00,2026-09-14T21:48:04.514562+00:00,https://opendap.co-ops.nos.noaa.gov/thredds/dodsC/NOAA/NGOFS2/MODELS/2026/09/14/ngofs2.t15z.20260914.stations.forecast.nc,Point Clear/Grand Hotel,0.0
noaa_ngofs2_point_clear_station,MODEL,"8733821 Pt Clear, MB",93,nearest_verified_coordinate,0.3114,30.489032745361328,-87.93621826171875,272.06378173828125,1.8300000429153442,bottom,39,-0.987500011920929,salinity,14.503119468688965,1e-3,2026-09-16T09:30:00+00:00,2026-09-14T15:00:00+00:00,2026-09-14T21:48:04.514562+00:00,2026-09-14T21:48:04.514562+00:00,https://opendap.co-ops.nos.noaa.gov/thredds/dodsC/NOAA/NGOFS2/MODELS/2026/09/14/ngofs2.t15z.20260914.stations.forecast.nc,Point Clear/Grand Hotel,0.0
noaa_ngofs2_point_clear_station,MODEL,"8733821 Pt Clear, MB",93,nearest_verified_coordinate,0.3114,30.489032745361328,-87.93621826171875,272.06378173828125,1.8300000429153442,surface,,,water_surface_elevation,0.3923655152320862,m,2026-09-16T09:30:00+00:00,2026-09-14T15:00:00+00:00,2026-09-14T21:48:04.514562+00:00,2026-09-14T21:48:04.514562+00:00,https://opendap.co-ops.nos.noaa.gov/thredds/dodsC/NOAA/NGOFS2/MODELS/2026/09/14/ngofs2.t15z.20260914.stations.forecast.nc,Point Clear/Grand Hotel,0.0
noaa_ngofs2_point_clear_station,MODEL,"8733821 Pt Clear, MB",93,nearest_verified_coordinate,0.3114,30.489032745361328,-87.93621826171875,272.06378173828125,1.8300000429153442,surface,0,-0.012500000186264515,eastward_current,-0.12214571982622147,m/s,2026-09-16T09:36:00+00:00,2026-09-14T15:00:00+00:00,2026-09-14T21:48:04.514562+00:00,2026-09-14T21:48:04.514562+00:00,https://opendap.co-ops.nos.noaa.gov/thredds/dodsC/NOAA/NGOFS2/MODELS/2026/09/14/ngofs2.t15z.20260914.stations.forecast.nc,Point Clear/Grand Hotel,0.0
noaa_ngofs2_point_clear_station,MODEL,"8733821 Pt Clear, MB",93,nearest_verified_coordinate,0.3114,30.489032745361328,-87.93621826171875,272.06378173828125,1.8300000429153442,surface,0,-0.012500000186264515,northward_current,-0.22263483703136444,m/s,2026-09-16T09:36:00+00:00,2026-09-14T15:00:00+00:00,2026-09-14T21:48:04.514562+00:00,2026-09-14T21:48:04.514562+00:00,https://opendap.co-ops.nos.noaa.gov/thredds/dodsC/NOAA/NGOFS2/MODELS/2026/09/14/ngofs2.t15z.20260914.stations.forecast.nc,Point Clear/Grand Hotel,0.0
noaa_ngofs2_point_clear_station,MODEL,"8733821 Pt Clear, MB",93,nearest_verified_coordinate,0.3114,30.489032745361328,-87.93621826171875,272.06378173828125,1.8300000429153442,surface,0,-0.012500000186264515,shoreward_current,-0.12214571982622148,m/s,2026-09-16T09:36:00+00:00,2026-09-14T15:00:00+00:00,2026-09-14T21:48:04.514562+00:00,2026-09-14T21:48:04.514562+00:00,https://opendap.co-ops.nos.noaa.gov/thredds/dodsC/NOAA/NGOFS2/MODELS/2026/09/14/ngofs2.t15z.20260914.stations.forecast.nc,Point Clear/Grand Hotel,0.0
noaa_ngofs2_point_clear_station,MODEL,"8733821 Pt Clear, MB",93,nearest_verified_coordinate,0.3114,30.489032745361328,-87.93621826171875,272.06378173828125,1.8300000429153442,surface,0,-0.012500000186264515,water_temperature,32.02920150756836,degC,2026-09-16T09:36:00+00:00,2026-09-14T15:00:00+00:00,2026-09-14T21:48:04.514562+00:00,2026-09-14T21:48:04.514562+00:00,https://opendap.co-ops.nos.noaa.gov/thredds/dodsC/NOAA/NGOFS2/MODELS/2026/09/14/ngofs2.t15z.20260914.stations.forecast.nc,Point Clear/Grand Hotel,0.0
noaa_ngofs2_point_clear_station,MODEL,"8733821 Pt Clear, MB",93,nearest_verified_coordinate,0.3114,30.489032745361328,-87.93621826171875,272.06378173828125,1.8300000429153442,surface,0,-0.012500000186264515,salinity,13.76926040649414,1e-3,2026-09-16T09:36:00+00:00,2026-09-14T15:00:00+00:00,2026-09-14T21:48:04.514562+00:00,2026-09-14T21:48:04.514562+00:00,https://opendap.co-ops.nos.noaa.gov/thredds/dodsC/NOAA/NGOFS2/MODELS/2026/09/14/ngofs2.t15z.20260914.stations.forecast.nc,Point Clear/Grand Hotel,0.0
noaa_ngofs2_point_clear_station,MODEL,"8733821 Pt Clear, MB",93,nearest_verified_coordinate,0.3114,30.489032745361328,-87.93621826171875,272.06378173828125,1.8300000429153442,bottom,39,-0.987500011920929,eastward_current,-0.014382852241396904,m/s,2026-09-16T09:36:00+00:00,2026-09-14T15:00:00+00:00,2026-09-14T21:48:04.514562+00:00,2026-09-14T21:48:04.514562+00:00,https://opendap.co-ops.nos.noaa.gov/thredds/dodsC/NOAA/NGOFS2/MODELS/2026/09/14/ngofs2.t15z.20260914.stations.forecast.nc,Point Clear/Grand Hotel,0.0
noaa_ngofs2_point_clear_station,MODEL,"8733821 Pt Clear, MB",93,nearest_verified_coordinate,0.3114,30.489032745361328,-87.93621826171875,272.06378173828125,1.8300000429153442,bottom,39,-0.987500011920929,northward_current,-0.05158631131052971,m/s,2026-09-16T09:36:00+00:00,2026-09-14T15:00:00+00:00,2026-09-14T21:48:04.514562+00:00,2026-09-14T21:48:04.514562+00:00,https://opendap.co-ops.nos.noaa.gov/thredds/dodsC/NOAA/NGOFS2/MODELS/2026/09/14/ngofs2.t15z.20260914.stations.forecast.nc,Point Clear/Grand Hotel,0.0
noaa_ngofs2_point_clear_station,MODEL,"8733821 Pt Clear, MB",93,nearest_verified_coordinate,0.3114,30.489032745361328,-87.93621826171875,272.06378173828125,1.8300000429153442,bottom,39,-0.987500011920929,shoreward_current,-0.014382852241396907,m/s,2026-09-16T09:36:00+00:00,2026-09-14T15:00:00+00:00,2026-09-14T21:48:04.514562+00:00,2026-09-14T21:48:04.514562+00:00,https://opendap.co-ops.nos.noaa.gov/thredds/dodsC/NOAA/NGOFS2/MODELS/2026/09/14/ngofs2.t15z.20260914.stations.forecast.nc,Point Clear/Grand Hotel,0.0
noaa_ngofs2_point_clear_station,MODEL,"8733821 Pt Clear, MB",93,nearest_verified_coordinate,0.3114,30.489032745361328,-87.93621826171875,272.06378173828125,1.8300000429153442,bottom,39,-0.987500011920929,water_temperature,32.08908462524414,degC,2026-09-16T09:36:00+00:00,2026-09-14T15:00:00+00:00,2026-09-14T21:48:04.514562+00:00,2026-09-14T21:48:04.514562+00:00,https://opendap.co-ops.nos.noaa.gov/thredds/dodsC/NOAA/NGOFS2/MODELS/2026/09/14/ngofs2.t15z.20260914.stations.forecast.nc,Point Clear/Grand Hotel,0.0
noaa_ngofs2_point_clear_station,MODEL,"8733821 Pt Clear, MB",93,nearest_verified_coordinate,0.3114,30.489032745361328,-87.93621826171875,272.06378173828125,1.8300000429153442,bottom,39,-0.987500011920929,salinity,14.461535453796387,1e-3,2026-09-16T09:36:00+00:00,2026-09-14T15:00:00+00:00,2026-09-14T21:48:04.514562+00:00,2026-09-14T21:48:04.514562+00:00,https://opendap.co-ops.nos.noaa.gov/thredds/dodsC/NOAA/NGOFS2/MODELS/2026/09/14/ngofs2.t15z.20260914.stations.forecast.nc,Point Clear/Grand Hotel,0.0
noaa_ngofs2_point_clear_station,MODEL,"8733821 Pt Clear, MB",93,nearest_verified_coordinate,0.3114,30.489032745361328,-87.93621826171875,272.06378173828125,1.8300000429153442,surface,,,water_surface_elevation,0.38703349232673645,m,2026-09-16T09:36:00+00:00,2026-09-14T15:00:00+00:00,2026-09-14T21:48:04.514562+00:00,2026-09-14T21:48:04.514562+00:00,https://opendap.co-ops.nos.noaa.gov/thredds/dodsC/NOAA/NGOFS2/MODELS/2026/09/14/ngofs2.t15z.20260914.stations.forecast.nc,Point Clear/Grand Hotel,0.0
noaa_ngofs2_point_clear_station,MODEL,"8733821 Pt Clear, MB",93,nearest_verified_coordinate,0.3114,30.489032745361328,-87.93621826171875,272.06378173828125,1.8300000429153442,surface,0,-0.012500000186264515,eastward_current,-0.12173298746347427,m/s,2026-09-16T09:42:00+00:00,2026-09-14T15:00:00+00:00,2026-09-14T21:48:04.514562+00:00,2026-09-14T21:48:04.514562+00:00,https://opendap.co-ops.nos.noaa.gov/thredds/dodsC/NOAA/NGOFS2/MODELS/2026/09/14/ngofs2.t15z.20260914.stations.forecast.nc,Point Clear/Grand Hotel,0.0
noaa_ngofs2_point_clear_station,MODEL,"8733821 Pt Clear, MB",93,nearest_verified_coordinate,0.3114,30.489032745361328,-87.93621826171875,272.06378173828125,1.8300000429153442,surface,0,-0.012500000186264515,northward_current,-0.22400756180286407,m/s,2026-09-16T09:42:00+00:00,2026-09-14T15:00:00+00:00,2026-09-14T21:48:04.514562+00:00,2026-09-14T21:48:04.514562+00:00,https://opendap.co-ops.nos.noaa.gov/thredds/dodsC/NOAA/NGOFS2/MODELS/2026/09/14/ngofs2.t15z.20260914.stations.forecast.nc,Point Clear/Grand Hotel,0.0
noaa_ngofs2_point_clear_station,MODEL,"8733821 Pt Clear, MB",93,nearest_verified_coordinate,0.3114,30.489032745361328,-87.93621826171875,272.06378173828125,1.8300000429153442,surface,0,-0.012500000186264515,shoreward_current,-0.12173298746347429,m/s,2026-09-16T09:42:00+00:00,2026-09-14T15:00:00+00:00,2026-09-14T21:48:04.514562+00:00,2026-09-14T21:48:04.514562+00:00,https://opendap.co-ops.nos.noaa.gov/thredds/dodsC/NOAA/NGOFS2/MODELS/2026/09/14/ngofs2.t15z.20260914.stations.forecast.nc,Point Clear/Grand Hotel,0.0
noaa_ngofs2_point_clear_station,MODEL,"8733821 Pt Clear, MB",93,nearest_verified_coordinate,0.3114,30.489032745361328,-87.93621826171875,272.06378173828125,1.8300000429153442,surface,0,-0.012500000186264515,water_temperature,32.0553092956543,degC,2026-09-16T09:42:00+00:00,2026-09-14T15:00:00+00:00,2026-09-14T21:48:04.514562+00:00,2026-09-14T21:48:04.514562+00:00,https://opendap.co-ops.nos.noaa.gov/thredds/dodsC/NOAA/NGOFS2/MODELS/2026/09/14/ngofs2.t15z.20260914.stations.forecast.nc,Point Clear/Grand Hotel,0.0
noaa_ngofs2_point_clear_station,MODEL,"8733821 Pt Clear, MB",93,nearest_verified_coordinate,0.3114,30.489032745361328,-87.93621826171875,272.06378173828125,1.8300000429153442,surface,0,-0.012500000186264515,salinity,13.745466232299805,1e-3,2026-09-16T09:42:00+00:00,2026-09-14T15:00:00+00:00,2026-09-14T21:48:04.514562+00:00,2026-09-14T21:48:04.514562+00:00,https://opendap.co-ops.nos.noaa.gov/thredds/dodsC/NOAA/NGOFS2/MODELS/2026/09/14/ngofs2.t15z.20260914.stations.forecast.nc,Point Clear/Grand Hotel,0.0
noaa_ngofs2_point_clear_station,MODEL,"8733821 Pt Clear, MB",93,nearest_verified_coordinate,0.3114,30.489032745361328,-87.93621826171875,272.06378173828125,1.8300000429153442,bottom,39,-0.987500011920929,eastward_current,-0.014644336886703968,m/s,2026-09-16T09:42:00+00:00,2026-09-14T15:00:00+00:00,2026-09-14T21:48:04.514562+00:00,2026-09-14T21:48:04.514562+00:00,https://opendap.co-ops.nos.noaa.gov/thredds/dodsC/NOAA/NGOFS2/MODELS/2026/09/14/ngofs2.t15z.20260914.stations.forecast.nc,Point Clear/Grand Hotel,0.0
noaa_ngofs2_point_clear_station,MODEL,"8733821 Pt Clear, MB",93,nearest_verified_coordinate,0.3114,30.489032745361328,-87.93621826171875,272.06378173828125,1.8300000429153442,bottom,39,-0.987500011920929,northward_current,-0.05211612209677696,m/s,2026-09-16T09:42:00+00:00,2026-09-14T15:00:00+00:00,2026-09-14T21:48:04.514562+00:00,2026-09-14T21:48:04.514562+00:00,https://opendap.co-ops.nos.noaa.gov/thredds/dodsC/NOAA/NGOFS2/MODELS/2026/09/14/ngofs2.t15z.20260914.stations.forecast.nc,Point Clear/Grand Hotel,0.0
noaa_ngofs2_point_clear_station,MODEL,"8733821 Pt Clear, MB",93,nearest_verified_coordinate,0.3114,30.489032745361328,-87.93621826171875,272.06378173828125,1.8300000429153442,bottom,39,-0.987500011920929,shoreward_current,-0.014644336886703972,m/s,2026-09-16T09:42:00+00:00,2026-09-14T15:00:00+00:00,2026-09-14T21:48:04.514562+00:00,2026-09-14T21:48:04.514562+00:00,https://opendap.co-ops.nos.noaa.gov/thredds/dodsC/NOAA/NGOFS2/MODELS/2026/09/14/ngofs2.t15z.20260914.stations.forecast.nc,Point Clear/Grand Hotel,0.0
noaa_ngofs2_point_clear_station,MODEL,"8733821 Pt Clear, MB",93,nearest_verified_coordinate,0.3114,30.489032745361328,-87.93621826171875,272.06378173828125,1.8300000429153442,bottom,39,-0.987500011920929,water_temperature,32.10922622680664,degC,2026-09-16T09:42:00+00:00,2026-09-14T15:00:00+00:00,2026-09-14T21:48:04.514562+00:00,2026-09-14T21:48:04.514562+00:00,https://opendap.co-ops.nos.noaa.gov/thredds/dodsC/NOAA/NGOFS2/MODELS/2026/09/14/ngofs2.t15z.20260914.stations.forecast.nc,Point Clear/Grand Hotel,0.0
noaa_ngofs2_point_clear_station,MODEL,"8733821 Pt Clear, MB",93,nearest_verified_coordinate,0.3114,30.489032745361328,-87.93621826171875,272.06378173828125,1.8300000429153442,bottom,39,-0.987500011920929,salinity,14.419458389282227,1e-3,2026-09-16T09:42:00+00:00,2026-09-14T15:00:00+00:00,2026-09-14T21:48:04.514562+00:00,2026-09-14T21:48:04.514562+00:00,https://opendap.co-ops.nos.noaa.gov/thredds/dodsC/NOAA/NGOFS2/MODELS/2026/09/14/ngofs2.t15z.20260914.stations.forecast.nc,Point Clear/Grand Hotel,0.0
noaa_ngofs2_point_clear_station,MODEL,"8733821 Pt Clear, MB",93,nearest_verified_coordinate,0.3114,30.489032745361328,-87.93621826171875,272.06378173828125,1.8300000429153442,surface,,,water_surface_elevation,0.38069218397140503,m,2026-09-16T09:42:00+00:00,2026-09-14T15:00:00+00:00,2026-09-14T21:48:04.514562+00:00,2026-09-14T21:48:04.514562+00:00,https://opendap.co-ops.nos.noaa.gov/thredds/dodsC/NOAA/NGOFS2/MODELS/2026/09/14/ngofs2.t15z.20260914.stations.forecast.nc,Point Clear/Grand Hotel,0.0
noaa_ngofs2_point_clear_station,MODEL,"8733821 Pt Clear, MB",93,nearest_verified_coordinate,0.3114,30.489032745361328,-87.93621826171875,272.06378173828125,1.8300000429153442,surface,0,-0.012500000186264515,eastward_current,-0.12035074830055237,m/s,2026-09-16T09:48:00+00:00,2026-09-14T15:00:00+00:00,2026-09-14T21:48:04.514562+00:00,2026-09-14T21:48:04.514562+00:00,https://opendap.co-ops.nos.noaa.gov/thredds/dodsC/NOAA/NGOFS2/MODELS/2026/09/14/ngofs2.t15z.20260914.stations.forecast.nc,Point Clear/Grand Hotel,0.0
noaa_ngofs2_point_clear_station,MODEL,"8733821 Pt Clear, MB",93,nearest_verified_coordinate,0.3114,30.489032745361328,-87.93621826171875,272.06378173828125,1.8300000429153442,surface,0,-0.012500000186264515,northward_current,-0.22351770102977753,m/s,2026-09-16T09:48:00+00:00,2026-09-14T15:00:00+00:00,2026-09-14T21:48:04.514562+00:00,2026-09-14T21:48:04.514562+00:00,https://opendap.co-ops.nos.noaa.gov/thredds/dodsC/NOAA/NGOFS2/MODELS/2026/09/14/ngofs2.t15z.20260914.stations.forecast.nc,Point Clear/Grand Hotel,0.0
noaa_ngofs2_point_clear_station,MODEL,"8733821 Pt Clear, MB",93,nearest_verified_coordinate,0.3114,30.489032745361328,-87.93621826171875,272.06378173828125,1.8300000429153442,surface,0,-0.012500000186264515,shoreward_current,-0.12035074830055238,m/s,2026-09-16T09:48:00+00:00,2026-09-14T15:00:00+00:00,2026-09-14T21:48:04.514562+00:00,2026-09-14T21:48:04.514562+00:00,https://opendap.co-ops.nos.noaa.gov/thredds/dodsC/NOAA/NGOFS2/MODELS/2026/09/14/ngofs2.t15z.20260914.stations.forecast.nc,Point Clear/Grand Hotel,0.0
noaa_ngofs2_point_clear_station,MODEL,"8733821 Pt Clear, MB",93,nearest_verified_coordinate,0.3114,30.489032745361328,-87.93621826171875,272.06378173828125,1.8300000429153442,surface,0,-0.012500000186264515,water_temperature,32.08026123046875,degC,2026-09-16T09:48:00+00:00,2026-09-14T15:00:00+00:00,2026-09-14T21:48:04.514562+00:00,2026-09-14T21:48:04.514562+00:00,https://opendap.co-ops.nos.noaa.gov/thredds/dodsC/NOAA/NGOFS2/MODELS/2026/09/14/ngofs2.t15z.20260914.stations.forecast.nc,Point Clear/Grand Hotel,0.0
noaa_ngofs2_point_clear_station,MODEL,"8733821 Pt Clear, MB",93,nearest_verified_coordinate,0.3114,30.489032745361328,-87.93621826171875,272.06378173828125,1.8300000429153442,surface,0,-0.012500000186264515,salinity,13.727498054504395,1e-3,2026-09-16T09:48:00+00:00,2026-09-14T15:00:00+00:00,2026-09-14T21:48:04.514562+00:00,2026-09-14T21:48:04.514562+00:00,https://opendap.co-ops.nos.noaa.gov/thredds/dodsC/NOAA/NGOFS2/MODELS/2026/09/14/ngofs2.t15z.20260914.stations.forecast.nc,Point Clear/Grand Hotel,0.0
noaa_ngofs2_point_clear_station,MODEL,"8733821 Pt Clear, MB",93,nearest_verified_coordinate,0.3114,30.489032745361328,-87.93621826171875,272.06378173828125,1.8300000429153442,bottom,39,-0.987500011920929,eastward_current,-0.01472951378673315,m/s,2026-09-16T09:48:00+00:00,2026-09-14T15:00:00+00:00,2026-09-14T21:48:04.514562+00:00,2026-09-14T21:48:04.514562+00:00,https://opendap.co-ops.nos.noaa.gov/thredds/dodsC/NOAA/NGOFS2/MODELS/2026/09/14/ngofs2.t15z.20260914.stations.forecast.nc,Point Clear/Grand Hotel,0.0
noaa_ngofs2_point_clear_station,MODEL,"8733821 Pt Clear, MB",93,nearest_verified_coordinate,0.3114,30.489032745361328,-87.93621826171875,272.06378173828125,1.8300000429153442,bottom,39,-0.987500011920929,northward_current,-0.0521843284368515,m/s,2026-09-16T09:48:00+00:00,2026-09-14T15:00:00+00:00,2026-09-14T21:48:04.514562+00:00,2026-09-14T21:48:04.514562+00:00,https://opendap.co-ops.nos.noaa.gov/thredds/dodsC/NOAA/NGOFS2/MODELS/2026/09/14/ngofs2.t15z.20260914.stations.forecast.nc,Point Clear/Grand Hotel,0.0
noaa_ngofs2_point_clear_station,MODEL,"8733821 Pt Clear, MB",93,nearest_verified_coordinate,0.3114,30.489032745361328,-87.93621826171875,272.06378173828125,1.8300000429153442,bottom,39,-0.987500011920929,shoreward_current,-0.014729513786733154,m/s,2026-09-16T09:48:00+00:00,2026-09-14T15:00:00+00:00,2026-09-14T21:48:04.514562+00:00,2026-09-14T21:48:04.514562+00:00,https://opendap.co-ops.nos.noaa.gov/thredds/dodsC/NOAA/NGOFS2/MODELS/2026/09/14/ngofs2.t15z.20260914.stations.forecast.nc,Point Clear/Grand Hotel,0.0
noaa_ngofs2_point_clear_station,MODEL,"8733821 Pt Clear, MB",93,nearest_verified_coordinate,0.3114,30.489032745361328,-87.93621826171875,272.06378173828125,1.8300000429153442,bottom,39,-0.987500011920929,water_temperature,32.1309814453125,degC,2026-09-16T09:48:00+00:00,2026-09-14T15:00:00+00:00,2026-09-14T21:48:04.514562+00:00,2026-09-14T21:48:04.514562+00:00,https://opendap.co-ops.nos.noaa.gov/thredds/dodsC/NOAA/NGOFS2/MODELS/2026/09/14/ngofs2.t15z.20260914.stations.forecast.nc,Point Clear/Grand Hotel,0.0
noaa_ngofs2_point_clear_station,MODEL,"8733821 Pt Clear, MB",93,nearest_verified_coordinate,0.3114,30.489032745361328,-87.93621826171875,272.06378173828125,1.8300000429153442,bottom,39,-0.987500011920929,salinity,14.376982688903809,1e-3,2026-09-16T09:48:00+00:00,2026-09-14T15:00:00+00:00,2026-09-14T21:48:04.514562+00:00,2026-09-14T21:48:04.514562+00:00,https://opendap.co-ops.nos.noaa.gov/thredds/dodsC/NOAA/NGOFS2/MODELS/2026/09/14/ngofs2.t15z.20260914.stations.forecast.nc,Point Clear/Grand Hotel,0.0
noaa_ngofs2_point_clear_station,MODEL,"8733821 Pt Clear, MB",93,nearest_verified_coordinate,0.3114,30.489032745361328,-87.93621826171875,272.06378173828125,1.8300000429153442,surface,,,water_surface_elevation,0.37427911162376404,m,2026-09-16T09:48:00+00:00,2026-09-14T15:00:00+00:00,2026-09-14T21:48:04.514562+00:00,2026-09-14T21:48:04.514562+00:00,https://opendap.co-ops.nos.noaa.gov/thredds/dodsC/NOAA/NGOFS2/MODELS/2026/09/14/ngofs2.t15z.20260914.stations.forecast.nc,Point Clear/Grand Hotel,0.0
noaa_ngofs2_point_clear_station,MODEL,"8733821 Pt Clear, MB",93,nearest_verified_coordinate,0.3114,30.489032745361328,-87.93621826171875,272.06378173828125,1.8300000429153442,surface,0,-0.012500000186264515,eastward_current,-0.11898874491453171,m/s,2026-09-16T09:54:00+00:00,2026-09-14T15:00:00+00:00,2026-09-14T21:48:04.514562+00:00,2026-09-14T21:48:04.514562+00:00,https://opendap.co-ops.nos.noaa.gov/thredds/dodsC/NOAA/NGOFS2/MODELS/2026/09/14/ngofs2.t15z.20260914.stations.forecast.nc,Point Clear/Grand Hotel,0.0
noaa_ngofs2_point_clear_station,MODEL,"8733821 Pt Clear, MB",93,nearest_verified_coordinate,0.3114,30.489032745361328,-87.93621826171875,272.06378173828125,1.8300000429153442,surface,0,-0.012500000186264515,northward_current,-0.22203700244426727,m/s,2026-09-16T09:54:00+00:00,2026-09-14T15:00:00+00:00,2026-09-14T21:48:04.514562+00:00,2026-09-14T21:48:04.514562+00:00,https://opendap.co-ops.nos.noaa.gov/thredds/dodsC/NOAA/NGOFS2/MODELS/2026/09/14/ngofs2.t15z.20260914.stations.forecast.nc,Point Clear/Grand Hotel,0.0
noaa_ngofs2_point_clear_station,MODEL,"8733821 Pt Clear, MB",93,nearest_verified_coordinate,0.3114,30.489032745361328,-87.93621826171875,272.06378173828125,1.8300000429153442,surface,0,-0.012500000186264515,shoreward_current,-0.11898874491453172,m/s,2026-09-16T09:54:00+00:00,2026-09-14T15:00:00+00:00,2026-09-14T21:48:04.514562+00:00,2026-09-14T21:48:04.514562+00:00,https://opendap.co-ops.nos.noaa.gov/thredds/dodsC/NOAA/NGOFS2/MODELS/2026/09/14/ngofs2.t15z.20260914.stations.forecast.nc,Point Clear/Grand Hotel,0.0
noaa_ngofs2_point_clear_station,MODEL,"8733821 Pt Clear, MB",93,nearest_verified_coordinate,0.3114,30.489032745361328,-87.93621826171875,272.06378173828125,1.8300000429153442,surface,0,-0.012500000186264515,water_temperature,32.103755950927734,degC,2026-09-16T09:54:00+00:00,2026-09-14T15:00:00+00:00,2026-09-14T21:48:04.514562+00:00,2026-09-14T21:48:04.514562+00:00,https://opendap.co-ops.nos.noaa.gov/thredds/dodsC/NOAA/NGOFS2/MODELS/2026/09/14/ngofs2.t15z.20260914.stations.forecast.nc,Point Clear/Grand Hotel,0.0
noaa_ngofs2_point_clear_station,MODEL,"8733821 Pt Clear, MB",93,nearest_verified_coordinate,0.3114,30.489032745361328,-87.93621826171875,272.06378173828125,1.8300000429153442,surface,0,-0.012500000186264515,salinity,13.715921401977539,1e-3,2026-09-16T09:54:00+00:00,2026-09-14T15:00:00+00:00,2026-09-14T21:48:04.514562+00:00,2026-09-14T21:48:04.514562+00:00,https://opendap.co-ops.nos.noaa.gov/thredds/dodsC/NOAA/NGOFS2/MODELS/2026/09/14/ngofs2.t15z.20260914.stations.forecast.nc,Point Clear/Grand Hotel,0.0
noaa_ngofs2_point_clear_station,MODEL,"8733821 Pt Clear, MB",93,nearest_verified_coordinate,0.3114,30.489032745361328,-87.93621826171875,272.06378173828125,1.8300000429153442,bottom,39,-0.987500011920929,eastward_current,-0.014751891605556011,m/s,2026-09-16T09:54:00+00:00,2026-09-14T15:00:00+00:00,2026-09-14T21:48:04.514562+00:00,2026-09-14T21:48:04.514562+00:00,https://opendap.co-ops.nos.noaa.gov/thredds/dodsC/NOAA/NGOFS2/MODELS/2026/09/14/ngofs2.t15z.20260914.stations.forecast.nc,Point Clear/Grand Hotel,0.0
noaa_ngofs2_point_clear_station,MODEL,"8733821 Pt Clear, MB",93,nearest_verified_coordinate,0.3114,30.489032745361328,-87.93621826171875,272.06378173828125,1.8300000429153442,bottom,39,-0.987500011920929,northward_current,-0.05190078914165497,m/s,2026-09-16T09:54:00+00:00,2026-09-14T15:00:00+00:00,2026-09-14T21:48:04.514562+00:00,2026-09-14T21:48:04.514562+00:00,https://opendap.co-ops.nos.noaa.gov/thredds/dodsC/NOAA/NGOFS2/MODELS/2026/09/14/ngofs2.t15z.20260914.stations.forecast.nc,Point Clear/Grand Hotel,0.0
noaa_ngofs2_point_clear_station,MODEL,"8733821 Pt Clear, MB",93,nearest_verified_coordinate,0.3114,30.489032745361328,-87.93621826171875,272.06378173828125,1.8300000429153442,bottom,39,-0.987500011920929,shoreward_current,-0.014751891605556015,m/s,2026-09-16T09:54:00+00:00,2026-09-14T15:00:00+00:00,2026-09-14T21:48:04.514562+00:00,2026-09-14T21:48:04.514562+00:00,https://opendap.co-ops.nos.noaa.gov/thredds/dodsC/NOAA/NGOFS2/MODELS/2026/09/14/ngofs2.t15z.20260914.stations.forecast.nc,Point Clear/Grand Hotel,0.0
noaa_ngofs2_point_clear_station,MODEL,"8733821 Pt Clear, MB",93,nearest_verified_coordinate,0.3114,30.489032745361328,-87.93621826171875,272.06378173828125,1.8300000429153442,bottom,39,-0.987500011920929,water_temperature,32.154052734375,degC,2026-09-16T09:54:00+00:00,2026-09-14T15:00:00+00:00,2026-09-14T21:48:04.514562+00:00,2026-09-14T21:48:04.514562+00:00,https://opendap.co-ops.nos.noaa.gov/thredds/dodsC/NOAA/NGOFS2/MODELS/2026/09/14/ngofs2.t15z.20260914.stations.forecast.nc,Point Clear/Grand Hotel,0.0
noaa_ngofs2_point_clear_station,MODEL,"8733821 Pt Clear, MB",93,nearest_verified_coordinate,0.3114,30.489032745361328,-87.93621826171875,272.06378173828125,1.8300000429153442,bottom,39,-0.987500011920929,salinity,14.335505485534668,1e-3,2026-09-16T09:54:00+00:00,2026-09-14T15:00:00+00:00,2026-09-14T21:48:04.514562+00:00,2026-09-14T21:48:04.514562+00:00,https://opendap.co-ops.nos.noaa.gov/thredds/dodsC/NOAA/NGOFS2/MODELS/2026/09/14/ngofs2.t15z.20260914.stations.forecast.nc,Point Clear/Grand Hotel,0.0
noaa_ngofs2_point_clear_station,MODEL,"8733821 Pt Clear, MB",93,nearest_verified_coordinate,0.3114,30.489032745361328,-87.93621826171875,272.06378173828125,1.8300000429153442,surface,,,water_surface_elevation,0.36807504296302795,m,2026-09-16T09:54:00+00:00,2026-09-14T15:00:00+00:00,2026-09-14T21:48:04.514562+00:00,2026-09-14T21:48:04.514562+00:00,https://opendap.co-ops.nos.noaa.gov/thredds/dodsC/NOAA/NGOFS2/MODELS/2026/09/14/ngofs2.t15z.20260914.stations.forecast.nc,Point Clear/Grand Hotel,0.0
noaa_ngofs2_point_clear_station,MODEL,"8733821 Pt Clear, MB",93,nearest_verified_coordinate,0.3114,30.489032745361328,-87.93621826171875,272.06378173828125,1.8300000429153442,surface,0,-0.012500000186264515,eastward_current,-0.11705698817968369,m/s,2026-09-16T10:00:00+00:00,2026-09-14T15:00:00+00:00,2026-09-14T21:48:04.514562+00:00,2026-09-14T21:48:04.514562+00:00,https://opendap.co-ops.nos.noaa.gov/thredds/dodsC/NOAA/NGOFS2/MODELS/2026/09/14/ngofs2.t15z.20260914.stations.forecast.nc,Point Clear/Grand Hotel,0.0
noaa_ngofs2_point_clear_station,MODEL,"8733821 Pt Clear, MB",93,nearest_verified_coordinate,0.3114,30.489032745361328,-87.93621826171875,272.06378173828125,1.8300000429153442,surface,0,-0.012500000186264515,northward_current,-0.21921278536319733,m/s,2026-09-16T10:00:00+00:00,2026-09-14T15:00:00+00:00,2026-09-14T21:48:04.514562+00:00,2026-09-14T21:48:04.514562+00:00,https://opendap.co-ops.nos.noaa.gov/thredds/dodsC/NOAA/NGOFS2/MODELS/2026/09/14/ngofs2.t15z.20260914.stations.forecast.nc,Point Clear/Grand Hotel,0.0
noaa_ngofs2_point_clear_station,MODEL,"8733821 Pt Clear, MB",93,nearest_verified_coordinate,0.3114,30.489032745361328,-87.93621826171875,272.06378173828125,1.8300000429153442,surface,0,-0.012500000186264515,shoreward_current,-0.1170569881796837,m/s,2026-09-16T10:00:00+00:00,2026-09-14T15:00:00+00:00,2026-09-14T21:48:04.514562+00:00,2026-09-14T21:48:04.514562+00:00,https://opendap.co-ops.nos.noaa.gov/thredds/dodsC/NOAA/NGOFS2/MODELS/2026/09/14/ngofs2.t15z.20260914.stations.forecast.nc,Point Clear/Grand Hotel,0.0
noaa_ngofs2_point_clear_station,MODEL,"8733821 Pt Clear, MB",93,nearest_verified_coordinate,0.3114,30.489032745361328,-87.93621826171875,272.06378173828125,1.8300000429153442,surface,0,-0.012500000186264515,water_temperature,32.12610626220703,degC,2026-09-16T10:00:00+00:00,2026-09-14T15:00:00+00:00,2026-09-14T21:48:04.514562+00:00,2026-09-14T21:48:04.514562+00:00,https://opendap.co-ops.nos.noaa.gov/thredds/dodsC/NOAA/NGOFS2/MODELS/2026/09/14/ngofs2.t15z.20260914.stations.forecast.nc,Point Clear/Grand Hotel,0.0
noaa_ngofs2_point_clear_station,MODEL,"8733821 Pt Clear, MB",93,nearest_verified_coordinate,0.3114,30.489032745361328,-87.93621826171875,272.06378173828125,1.8300000429153442,surface,0,-0.012500000186264515,salinity,13.709026336669922,1e-3,2026-09-16T10:00:00+00:00,2026-09-14T15:00:00+00:00,2026-09-14T21:48:04.514562+00:00,2026-09-14T21:48:04.514562+00:00,https://opendap.co-ops.nos.noaa.gov/thredds/dodsC/NOAA/NGOFS2/MODELS/2026/09/14/ngofs2.t15z.20260914.stations.forecast.nc,Point Clear/Grand Hotel,0.0
noaa_ngofs2_point_clear_station,MODEL,"8733821 Pt Clear, MB",93,nearest_verified_coordinate,0.3114,30.489032745361328,-87.93621826171875,272.06378173828125,1.8300000429153442,bottom,39,-0.987500011920929,eastward_current,-0.014615309424698353,m/s,2026-09-16T10:00:00+00:00,2026-09-14T15:00:00+00:00,2026-09-14T21:48:04.514562+00:00,2026-09-14T21:48:04.514562+00:00,https://opendap.co-ops.nos.noaa.gov/thredds/dodsC/NOAA/NGOFS2/MODELS/2026/09/14/ngofs2.t15z.20260914.stations.forecast.nc,Point Clear/Grand Hotel,0.0
noaa_ngofs2_point_clear_station,MODEL,"8733821 Pt Clear, MB",93,nearest_verified_coordinate,0.3114,30.489032745361328,-87.93621826171875,272.06378173828125,1.8300000429153442,bottom,39,-0.987500011920929,northward_current,-0.05128421634435654,m/s,2026-09-16T10:00:00+00:00,2026-09-14T15:00:00+00:00,2026-09-14T21:48:04.514562+00:00,2026-09-14T21:48:04.514562+00:00,https://opendap.co-ops.nos.noaa.gov/thredds/dodsC/NOAA/NGOFS2/MODELS/2026/09/14/ngofs2.t15z.20260914.stations.forecast.nc,Point Clear/Grand Hotel,0.0
noaa_ngofs2_point_clear_station,MODEL,"8733821 Pt Clear, MB",93,nearest_verified_coordinate,0.3114,30.489032745361328,-87.93621826171875,272.06378173828125,1.8300000429153442,bottom,39,-0.987500011920929,shoreward_current,-0.014615309424698356,m/s,2026-09-16T10:00:00+00:00,2026-09-14T15:00:00+00:00,2026-09-14T21:48:04.514562+00:00,2026-09-14T21:48:04.514562+00:00,https://opendap.co-ops.nos.noaa.gov/thredds/dodsC/NOAA/NGOFS2/MODELS/2026/09/14/ngofs2.t15z.20260914.stations.forecast.nc,Point Clear/Grand Hotel,0.0
noaa_ngofs2_point_clear_station,MODEL,"8733821 Pt Clear, MB",93,nearest_verified_coordinate,0.3114,30.489032745361328,-87.93621826171875,272.06378173828125,1.8300000429153442,bottom,39,-0.987500011920929,water_temperature,32.177921295166016,degC,2026-09-16T10:00:00+00:00,2026-09-14T15:00:00+00:00,2026-09-14T21:48:04.514562+00:00,2026-09-14T21:48:04.514562+00:00,https://opendap.co-ops.nos.noaa.gov/thredds/dodsC/NOAA/NGOFS2/MODELS/2026/09/14/ngofs2.t15z.20260914.stations.forecast.nc,Point Clear/Grand Hotel,0.0
noaa_ngofs2_point_clear_station,MODEL,"8733821 Pt Clear, MB",93,nearest_verified_coordinate,0.3114,30.489032745361328,-87.93621826171875,272.06378173828125,1.8300000429153442,bottom,39,-0.987500011920929,salinity,14.295005798339844,1e-3,2026-09-16T10:00:00+00:00,2026-09-14T15:00:00+00:00,2026-09-14T21:48:04.514562+00:00,2026-09-14T21:48:04.514562+00:00,https://opendap.co-ops.nos.noaa.gov/thredds/dodsC/NOAA/NGOFS2/MODELS/2026/09/14/ngofs2.t15z.20260914.stations.forecast.nc,Point Clear/Grand Hotel,0.0
noaa_ngofs2_point_clear_station,MODEL,"8733821 Pt Clear, MB",93,nearest_verified_coordinate,0.3114,30.489032745361328,-87.93621826171875,272.06378173828125,1.8300000429153442,surface,,,water_surface_elevation,0.3618799149990082,m,2026-09-16T10:00:00+00:00,2026-09-14T15:00:00+00:00,2026-09-14T21:48:04.514562+00:00,2026-09-14T21:48:04.514562+00:00,https://opendap.co-ops.nos.noaa.gov/thredds/dodsC/NOAA/NGOFS2/MODELS/2026/09/14/ngofs2.t15z.20260914.stations.forecast.nc,Point Clear/Grand Hotel,0.0
noaa_ngofs2_point_clear_station,MODEL,"8733821 Pt Clear, MB",93,nearest_verified_coordinate,0.3114,30.489032745361328,-87.93621826171875,272.06378173828125,1.8300000429153442,surface,0,-0.012500000186264515,eastward_current,-0.11540184170007706,m/s,2026-09-16T10:06:00+00:00,2026-09-14T15:00:00+00:00,2026-09-14T21:48:04.514562+00:00,2026-09-14T21:48:04.514562+00:00,https://opendap.co-ops.nos.noaa.gov/thredds/dodsC/NOAA/NGOFS2/MODELS/2026/09/14/ngofs2.t15z.20260914.stations.forecast.nc,Point Clear/Grand Hotel,0.0
noaa_ngofs2_point_clear_station,MODEL,"8733821 Pt Clear, MB",93,nearest_verified_coordinate,0.3114,30.489032745361328,-87.93621826171875,272.06378173828125,1.8300000429153442,surface,0,-0.012500000186264515,northward_current,-0.21741755306720734,m/s,2026-09-16T10:06:00+00:00,2026-09-14T15:00:00+00:00,2026-09-14T21:48:04.514562+00:00,2026-09-14T21:48:04.514562+00:00,https://opendap.co-ops.nos.noaa.gov/thredds/dodsC/NOAA/NGOFS2/MODELS/2026/09/14/ngofs2.t15z.20260914.stations.forecast.nc,Point Clear/Grand Hotel,0.0
noaa_ngofs2_point_clear_station,MODEL,"8733821 Pt Clear, MB",93,nearest_verified_coordinate,0.3114,30.489032745361328,-87.93621826171875,272.06378173828125,1.8300000429153442,surface,0,-0.012500000186264515,shoreward_current,-0.11540184170007707,m/s,2026-09-16T10:06:00+00:00,2026-09-14T15:00:00+00:00,2026-09-14T21:48:04.514562+00:00,2026-09-14T21:48:04.514562+00:00,https://opendap.co-ops.nos.noaa.gov/thredds/dodsC/NOAA/NGOFS2/MODELS/2026/09/14/ngofs2.t15z.20260914.stations.forecast.nc,Point Clear/Grand Hotel,0.0
noaa_ngofs2_point_clear_station,MODEL,"8733821 Pt Clear, MB",93,nearest_verified_coordinate,0.3114,30.489032745361328,-87.93621826171875,272.06378173828125,1.8300000429153442,surface,0,-0.012500000186264515,water_temperature,32.14689636230469,degC,2026-09-16T10:06:00+00:00,2026-09-14T15:00:00+00:00,2026-09-14T21:48:04.514562+00:00,2026-09-14T21:48:04.514562+00:00,https://opendap.co-ops.nos.noaa.gov/thredds/dodsC/NOAA/NGOFS2/MODELS/2026/09/14/ngofs2.t15z.20260914.stations.forecast.nc,Point Clear/Grand Hotel,0.0
noaa_ngofs2_point_clear_station,MODEL,"8733821 Pt Clear, MB",93,nearest_verified_coordinate,0.3114,30.489032745361328,-87.93621826171875,272.06378173828125,1.8300000429153442,surface,0,-0.012500000186264515,salinity,13.704339027404785,1e-3,2026-09-16T10:06:00+00:00,2026-09-14T15:00:00+00:00,2026-09-14T21:48:04.514562+00:00,2026-09-14T21:48:04.514562+00:00,https://opendap.co-ops.nos.noaa.gov/thredds/dodsC/NOAA/NGOFS2/MODELS/2026/09/14/ngofs2.t15z.20260914.stations.forecast.nc,Point Clear/Grand Hotel,0.0
noaa_ngofs2_point_clear_station,MODEL,"8733821 Pt Clear, MB",93,nearest_verified_coordinate,0.3114,30.489032745361328,-87.93621826171875,272.06378173828125,1.8300000429153442,bottom,39,-0.987500011920929,eastward_current,-0.014530254527926445,m/s,2026-09-16T10:06:00+00:00,2026-09-14T15:00:00+00:00,2026-09-14T21:48:04.514562+00:00,2026-09-14T21:48:04.514562+00:00,https://opendap.co-ops.nos.noaa.gov/thredds/dodsC/NOAA/NGOFS2/MODELS/2026/09/14/ngofs2.t15z.20260914.stations.forecast.nc,Point Clear/Grand Hotel,0.0
noaa_ngofs2_point_clear_station,MODEL,"8733821 Pt Clear, MB",93,nearest_verified_coordinate,0.3114,30.489032745361328,-87.93621826171875,272.06378173828125,1.8300000429153442,bottom,39,-0.987500011920929,northward_current,-0.051145393401384354,m/s,2026-09-16T10:06:00+00:00,2026-09-14T15:00:00+00:00,2026-09-14T21:48:04.514562+00:00,2026-09-14T21:48:04.514562+00:00,https://opendap.co-ops.nos.noaa.gov/thredds/dodsC/NOAA/NGOFS2/MODELS/2026/09/14/ngofs2.t15z.20260914.stations.forecast.nc,Point Clear/Grand Hotel,0.0
noaa_ngofs2_point_clear_station,MODEL,"8733821 Pt Clear, MB",93,nearest_verified_coordinate,0.3114,30.489032745361328,-87.93621826171875,272.06378173828125,1.8300000429153442,bottom,39,-0.987500011920929,shoreward_current,-0.014530254527926448,m/s,2026-09-16T10:06:00+00:00,2026-09-14T15:00:00+00:00,2026-09-14T21:48:04.514562+00:00,2026-09-14T21:48:04.514562+00:00,https://opendap.co-ops.nos.noaa.gov/thredds/dodsC/NOAA/NGOFS2/MODELS/2026/09/14/ngofs2.t15z.20260914.stations.forecast.nc,Point Clear/Grand Hotel,0.0
noaa_ngofs2_point_clear_station,MODEL,"8733821 Pt Clear, MB",93,nearest_verified_coordinate,0.3114,30.489032745361328,-87.93621826171875,272.06378173828125,1.8300000429153442,bottom,39,-0.987500011920929,water_temperature,32.20235061645508,degC,2026-09-16T10:06:00+00:00,2026-09-14T15:00:00+00:00,2026-09-14T21:48:04.514562+00:00,2026-09-14T21:48:04.514562+00:00,https://opendap.co-ops.nos.noaa.gov/thredds/dodsC/NOAA/NGOFS2/MODELS/2026/09/14/ngofs2.t15z.20260914.stations.forecast.nc,Point Clear/Grand Hotel,0.0
noaa_ngofs2_point_clear_station,MODEL,"8733821 Pt Clear, MB",93,nearest_verified_coordinate,0.3114,30.489032745361328,-87.93621826171875,272.06378173828125,1.8300000429153442,bottom,39,-0.987500011920929,salinity,14.255608558654785,1e-3,2026-09-16T10:06:00+00:00,2026-09-14T15:00:00+00:00,2026-09-14T21:48:04.514562+00:00,2026-09-14T21:48:04.514562+00:00,https://opendap.co-ops.nos.noaa.gov/thredds/dodsC/NOAA/NGOFS2/MODELS/2026/09/14/ngofs2.t15z.20260914.stations.forecast.nc,Point Clear/Grand Hotel,0.0
noaa_ngofs2_point_clear_station,MODEL,"8733821 Pt Clear, MB",93,nearest_verified_coordinate,0.3114,30.489032745361328,-87.93621826171875,272.06378173828125,1.8300000429153442,surface,,,water_surface_elevation,0.3551144003868103,m,2026-09-16T10:06:00+00:00,2026-09-14T15:00:00+00:00,2026-09-14T21:48:04.514562+00:00,2026-09-14T21:48:04.514562+00:00,https://opendap.co-ops.nos.noaa.gov/thredds/dodsC/NOAA/NGOFS2/MODELS/2026/09/14/ngofs2.t15z.20260914.stations.forecast.nc,Point Clear/Grand Hotel,0.0
noaa_ngofs2_point_clear_station,MODEL,"8733821 Pt Clear, MB",93,nearest_verified_coordinate,0.3114,30.489032745361328,-87.93621826171875,272.06378173828125,1.8300000429153442,surface,0,-0.012500000186264515,eastward_current,-0.11392471194267273,m/s,2026-09-16T10:12:00+00:00,2026-09-14T15:00:00+00:00,2026-09-14T21:48:04.514562+00:00,2026-09-14T21:48:04.514562+00:00,https://opendap.co-ops.nos.noaa.gov/thredds/dodsC/NOAA/NGOFS2/MODELS/2026/09/14/ngofs2.t15z.20260914.stations.forecast.nc,Point Clear/Grand Hotel,0.0
noaa_ngofs2_point_clear_station,MODEL,"8733821 Pt Clear, MB",93,nearest_verified_coordinate,0.3114,30.489032745361328,-87.93621826171875,272.06378173828125,1.8300000429153442,surface,0,-0.012500000186264515,northward_current,-0.21621181070804596,m/s,2026-09-16T10:12:00+00:00,2026-09-14T15:00:00+00:00,2026-09-14T21:48:04.514562+00:00,2026-09-14T21:48:04.514562+00:00,https://opendap.co-ops.nos.noaa.gov/thredds/dodsC/NOAA/NGOFS2/MODELS/2026/09/14/ngofs2.t15z.20260914.stations.forecast.nc,Point Clear/Grand Hotel,0.0
noaa_ngofs2_point_clear_station,MODEL,"8733821 Pt Clear, MB",93,nearest_verified_coordinate,0.3114,30.489032745361328,-87.93621826171875,272.06378173828125,1.8300000429153442,surface,0,-0.012500000186264515,shoreward_current,-0.11392471194267274,m/s,2026-09-16T10:12:00+00:00,2026-09-14T15:00:00+00:00,2026-09-14T21:48:04.514562+00:00,2026-09-14T21:48:04.514562+00:00,https://opendap.co-ops.nos.noaa.gov/thredds/dodsC/NOAA/NGOFS2/MODELS/2026/09/14/ngofs2.t15z.20260914.stations.forecast.nc,Point Clear/Grand Hotel,0.0
noaa_ngofs2_point_clear_station,MODEL,"8733821 Pt Clear, MB",93,nearest_verified_coordinate,0.3114,30.489032745361328,-87.93621826171875,272.06378173828125,1.8300000429153442,surface,0,-0.012500000186264515,water_temperature,32.16607666015625,degC,2026-09-16T10:12:00+00:00,2026-09-14T15:00:00+00:00,2026-09-14T21:48:04.514562+00:00,2026-09-14T21:48:04.514562+00:00,https://opendap.co-ops.nos.noaa.gov/thredds/dodsC/NOAA/NGOFS2/MODELS/2026/09/14/ngofs2.t15z.20260914.stations.forecast.nc,Point Clear/Grand Hotel,0.0
noaa_ngofs2_point_clear_station,MODEL,"8733821 Pt Clear, MB",93,nearest_verified_coordinate,0.3114,30.489032745361328,-87.93621826171875,272.06378173828125,1.8300000429153442,surface,0,-0.012500000186264515,salinity,13.701533317565918,1e-3,2026-09-16T10:12:00+00:00,2026-09-14T15:00:00+00:00,2026-09-14T21:48:04.514562+00:00,2026-09-14T21:48:04.514562+00:00,https://opendap.co-ops.nos.noaa.gov/thredds/dodsC/NOAA/NGOFS2/MODELS/2026/09/14/ngofs2.t15z.20260914.stations.forecast.nc,Point Clear/Grand Hotel,0.0
noaa_ngofs2_point_clear_station,MODEL,"8733821 Pt Clear, MB",93,nearest_verified_coordinate,0.3114,30.489032745361328,-87.93621826171875,272.06378173828125,1.8300000429153442,bottom,39,-0.987500011920929,eastward_current,-0.014624006114900112,m/s,2026-09-16T10:12:00+00:00,2026-09-14T15:00:00+00:00,2026-09-14T21:48:04.514562+00:00,2026-09-14T21:48:04.514562+00:00,https://opendap.co-ops.nos.noaa.gov/thredds/dodsC/NOAA/NGOFS2/MODELS/2026/09/14/ngofs2.t15z.20260914.stations.forecast.nc,Point Clear/Grand Hotel,0.0
noaa_ngofs2_point_clear_station,MODEL,"8733821 Pt Clear, MB",93,nearest_verified_coordinate,0.3114,30.489032745361328,-87.93621826171875,272.06378173828125,1.8300000429153442,bottom,39,-0.987500011920929,northward_current,-0.05143792927265167,m/s,2026-09-16T10:12:00+00:00,2026-09-14T15:00:00+00:00,2026-09-14T21:48:04.514562+00:00,2026-09-14T21:48:04.514562+00:00,https://opendap.co-ops.nos.noaa.gov/thredds/dodsC/NOAA/NGOFS2/MODELS/2026/09/14/ngofs2.t15z.20260914.stations.forecast.nc,Point Clear/Grand Hotel,0.0
noaa_ngofs2_point_clear_station,MODEL,"8733821 Pt Clear, MB",93,nearest_verified_coordinate,0.3114,30.489032745361328,-87.93621826171875,272.06378173828125,1.8300000429153442,bottom,39,-0.987500011920929,shoreward_current,-0.014624006114900116,m/s,2026-09-16T10:12:00+00:00,2026-09-14T15:00:00+00:00,2026-09-14T21:48:04.514562+00:00,2026-09-14T21:48:04.514562+00:00,https://opendap.co-ops.nos.noaa.gov/thredds/dodsC/NOAA/NGOFS2/MODELS/2026/09/14/ngofs2.t15z.20260914.stations.forecast.nc,Point Clear/Grand Hotel,0.0
noaa_ngofs2_point_clear_station,MODEL,"8733821 Pt Clear, MB",93,nearest_verified_coordinate,0.3114,30.489032745361328,-87.93621826171875,272.06378173828125,1.8300000429153442,bottom,39,-0.987500011920929,water_temperature,32.227378845214844,degC,2026-09-16T10:12:00+00:00,2026-09-14T15:00:00+00:00,2026-09-14T21:48:04.514562+00:00,2026-09-14T21:48:04.514562+00:00,https://opendap.co-ops.nos.noaa.gov/thredds/dodsC/NOAA/NGOFS2/MODELS/2026/09/14/ngofs2.t15z.20260914.stations.forecast.nc,Point Clear/Grand Hotel,0.0
noaa_ngofs2_point_clear_station,MODEL,"8733821 Pt Clear, MB",93,nearest_verified_coordinate,0.3114,30.489032745361328,-87.93621826171875,272.06378173828125,1.8300000429153442,bottom,39,-0.987500011920929,salinity,14.217428207397461,1e-3,2026-09-16T10:12:00+00:00,2026-09-14T15:00:00+00:00,2026-09-14T21:48:04.514562+00:00,2026-09-14T21:48:04.514562+00:00,https://opendap.co-ops.nos.noaa.gov/thredds/dodsC/NOAA/NGOFS2/MODELS/2026/09/14/ngofs2.t15z.20260914.stations.forecast.nc,Point Clear/Grand Hotel,0.0
noaa_ngofs2_point_clear_station,MODEL,"8733821 Pt Clear, MB",93,nearest_verified_coordinate,0.3114,30.489032745361328,-87.93621826171875,272.06378173828125,1.8300000429153442,surface,,,water_surface_elevation,0.3481684923171997,m,2026-09-16T10:12:00+00:00,2026-09-14T15:00:00+00:00,2026-09-14T21:48:04.514562+00:00,2026-09-14T21:48:04.514562+00:00,https://opendap.co-ops.nos.noaa.gov/thredds/dodsC/NOAA/NGOFS2/MODELS/2026/09/14/ngofs2.t15z.20260914.stations.forecast.nc,Point Clear/Grand Hotel,0.0
noaa_ngofs2_point_clear_station,MODEL,"8733821 Pt Clear, MB",93,nearest_verified_coordinate,0.3114,30.489032745361328,-87.93621826171875,272.06378173828125,1.8300000429153442,surface,0,-0.012500000186264515,eastward_current,-0.11269090324640274,m/s,2026-09-16T10:18:00+00:00,2026-09-14T15:00:00+00:00,2026-09-14T21:48:04.514562+00:00,2026-09-14T21:48:04.514562+00:00,https://opendap.co-ops.nos.noaa.gov/thredds/dodsC/NOAA/NGOFS2/MODELS/2026/09/14/ngofs2.t15z.20260914.stations.forecast.nc,Point Clear/Grand Hotel,0.0
noaa_ngofs2_point_clear_station,MODEL,"8733821 Pt Clear, MB",93,nearest_verified_coordinate,0.3114,30.489032745361328,-87.93621826171875,272.06378173828125,1.8300000429153442,surface,0,-0.012500000186264515,northward_current,-0.2151343673467636,m/s,2026-09-16T10:18:00+00:00,2026-09-14T15:00:00+00:00,2026-09-14T21:48:04.514562+00:00,2026-09-14T21:48:04.514562+00:00,https://opendap.co-ops.nos.noaa.gov/thredds/dodsC/NOAA/NGOFS2/MODELS/2026/09/14/ngofs2.t15z.20260914.stations.forecast.nc,Point Clear/Grand Hotel,0.0
noaa_ngofs2_point_clear_station,MODEL,"8733821 Pt Clear, MB",93,nearest_verified_coordinate,0.3114,30.489032745361328,-87.93621826171875,272.06378173828125,1.8300000429153442,surface,0,-0.012500000186264515,shoreward_current,-0.11269090324640275,m/s,2026-09-16T10:18:00+00:00,2026-09-14T15:00:00+00:00,2026-09-14T21:48:04.514562+00:00,2026-09-14T21:48:04.514562+00:00,https://opendap.co-ops.nos.noaa.gov/thredds/dodsC/NOAA/NGOFS2/MODELS/2026/09/14/ngofs2.t15z.20260914.stations.forecast.nc,Point Clear/Grand Hotel,0.0
noaa_ngofs2_point_clear_station,MODEL,"8733821 Pt Clear, MB",93,nearest_verified_coordinate,0.3114,30.489032745361328,-87.93621826171875,272.06378173828125,1.8300000429153442,surface,0,-0.012500000186264515,water_temperature,32.18541717529297,degC,2026-09-16T10:18:00+00:00,2026-09-14T15:00:00+00:00,2026-09-14T21:48:04.514562+00:00,2026-09-14T21:48:04.514562+00:00,https://opendap.co-ops.nos.noaa.gov/thredds/dodsC/NOAA/NGOFS2/MODELS/2026/09/14/ngofs2.t15z.20260914.stations.forecast.nc,Point Clear/Grand Hotel,0.0
noaa_ngofs2_point_clear_station,MODEL,"8733821 Pt Clear, MB",93,nearest_verified_coordinate,0.3114,30.489032745361328,-87.93621826171875,272.06378173828125,1.8300000429153442,surface,0,-0.012500000186264515,salinity,13.7030668258667,1e-3,2026-09-16T10:18:00+00:00,2026-09-14T15:00:00+00:00,2026-09-14T21:48:04.514562+00:00,2026-09-14T21:48:04.514562+00:00,https://opendap.co-ops.nos.noaa.gov/thredds/dodsC/NOAA/NGOFS2/MODELS/2026/09/14/ngofs2.t15z.20260914.stations.forecast.nc,Point Clear/Grand Hotel,0.0
noaa_ngofs2_point_clear_station,MODEL,"8733821 Pt Clear, MB",93,nearest_verified_coordinate,0.3114,30.489032745361328,-87.93621826171875,272.06378173828125,1.8300000429153442,bottom,39,-0.987500011920929,eastward_current,-0.014648422598838806,m/s,2026-09-16T10:18:00+00:00,2026-09-14T15:00:00+00:00,2026-09-14T21:48:04.514562+00:00,2026-09-14T21:48:04.514562+00:00,https://opendap.co-ops.nos.noaa.gov/thredds/dodsC/NOAA/NGOFS2/MODELS/2026/09/14/ngofs2.t15z.20260914.stations.forecast.nc,Point Clear/Grand Hotel,0.0
noaa_ngofs2_point_clear_station,MODEL,"8733821 Pt Clear, MB",93,nearest_verified_coordinate,0.3114,30.489032745361328,-87.93621826171875,272.06378173828125,1.8300000429153442,bottom,39,-0.987500011920929,northward_current,-0.05151146277785301,m/s,2026-09-16T10:18:00+00:00,2026-09-14T15:00:00+00:00,2026-09-14T21:48:04.514562+00:00,2026-09-14T21:48:04.514562+00:00,https://opendap.co-ops.nos.noaa.gov/thredds/dodsC/NOAA/NGOFS2/MODELS/2026/09/14/ngofs2.t15z.20260914.stations.forecast.nc,Point Clear/Grand Hotel,0.0
noaa_ngofs2_point_clear_station,MODEL,"8733821 Pt Clear, MB",93,nearest_verified_coordinate,0.3114,30.489032745361328,-87.93621826171875,272.06378173828125,1.8300000429153442,bottom,39,-0.987500011920929,shoreward_current,-0.01464842259883881,m/s,2026-09-16T10:18:00+00:00,2026-09-14T15:00:00+00:00,2026-09-14T21:48:04.514562+00:00,2026-09-14T21:48:04.514562+00:00,https://opendap.co-ops.nos.noaa.gov/thredds/dodsC/NOAA/NGOFS2/MODELS/2026/09/14/ngofs2.t15z.20260914.stations.forecast.nc,Point Clear/Grand Hotel,0.0
noaa_ngofs2_point_clear_station,MODEL,"8733821 Pt Clear, MB",93,nearest_verified_coordinate,0.3114,30.489032745361328,-87.93621826171875,272.06378173828125,1.8300000429153442,bottom,39,-0.987500011920929,water_temperature,32.25273513793945,degC,2026-09-16T10:18:00+00:00,2026-09-14T15:00:00+00:00,2026-09-14T21:48:04.514562+00:00,2026-09-14T21:48:04.514562+00:00,https://opendap.co-ops.nos.noaa.gov/thredds/dodsC/NOAA/NGOFS2/MODELS/2026/09/14/ngofs2.t15z.20260914.stations.forecast.nc,Point Clear/Grand Hotel,0.0
noaa_ngofs2_point_clear_station,MODEL,"8733821 Pt Clear, MB",93,nearest_verified_coordinate,0.3114,30.489032745361328,-87.93621826171875,272.06378173828125,1.8300000429153442,bottom,39,-0.987500011920929,salinity,14.180295944213867,1e-3,2026-09-16T10:18:00+00:00,2026-09-14T15:00:00+00:00,2026-09-14T21:48:04.514562+00:00,2026-09-14T21:48:04.514562+00:00,https://opendap.co-ops.nos.noaa.gov/thredds/dodsC/NOAA/NGOFS2/MODELS/2026/09/14/ngofs2.t15z.20260914.stations.forecast.nc,Point Clear/Grand Hotel,0.0
noaa_ngofs2_point_clear_station,MODEL,"8733821 Pt Clear, MB",93,nearest_verified_coordinate,0.3114,30.489032745361328,-87.93621826171875,272.06378173828125,1.8300000429153442,surface,,,water_surface_elevation,0.34128689765930176,m,2026-09-16T10:18:00+00:00,2026-09-14T15:00:00+00:00,2026-09-14T21:48:04.514562+00:00,2026-09-14T21:48:04.514562+00:00,https://opendap.co-ops.nos.noaa.gov/thredds/dodsC/NOAA/NGOFS2/MODELS/2026/09/14/ngofs2.t15z.20260914.stations.forecast.nc,Point Clear/Grand Hotel,0.0
noaa_ngofs2_point_clear_station,MODEL,"8733821 Pt Clear, MB",93,nearest_verified_coordinate,0.3114,30.489032745361328,-87.93621826171875,272.06378173828125,1.8300000429153442,surface,0,-0.012500000186264515,eastward_current,-0.11140342801809311,m/s,2026-09-16T10:24:00+00:00,2026-09-14T15:00:00+00:00,2026-09-14T21:48:04.514562+00:00,2026-09-14T21:48:04.514562+00:00,https://opendap.co-ops.nos.noaa.gov/thredds/dodsC/NOAA/NGOFS2/MODELS/2026/09/14/ngofs2.t15z.20260914.stations.forecast.nc,Point Clear/Grand Hotel,0.0
noaa_ngofs2_point_clear_station,MODEL,"8733821 Pt Clear, MB",93,nearest_verified_coordinate,0.3114,30.489032745361328,-87.93621826171875,272.06378173828125,1.8300000429153442,surface,0,-0.012500000186264515,northward_current,-0.21355916559696198,m/s,2026-09-16T10:24:00+00:00,2026-09-14T15:00:00+00:00,2026-09-14T21:48:04.514562+00:00,2026-09-14T21:48:04.514562+00:00,https://opendap.co-ops.nos.noaa.gov/thredds/dodsC/NOAA/NGOFS2/MODELS/2026/09/14/ngofs2.t15z.20260914.stations.forecast.nc,Point Clear/Grand Hotel,0.0
noaa_ngofs2_point_clear_station,MODEL,"8733821 Pt Clear, MB",93,nearest_verified_coordinate,0.3114,30.489032745361328,-87.93621826171875,272.06378173828125,1.8300000429153442,surface,0,-0.012500000186264515,shoreward_current,-0.11140342801809312,m/s,2026-09-16T10:24:00+00:00,2026-09-14T15:00:00+00:00,2026-09-14T21:48:04.514562+00:00,2026-09-14T21:48:04.514562+00:00,https://opendap.co-ops.nos.noaa.gov/thredds/dodsC/NOAA/NGOFS2/MODELS/2026/09/14/ngofs2.t15z.20260914.stations.forecast.nc,Point Clear/Grand Hotel,0.0
noaa_ngofs2_point_clear_station,MODEL,"8733821 Pt Clear, MB",93,nearest_verified_coordinate,0.3114,30.489032745361328,-87.93621826171875,272.06378173828125,1.8300000429153442,surface,0,-0.012500000186264515,water_temperature,32.20681381225586,degC,2026-09-16T10:24:00+00:00,2026-09-14T15:00:00+00:00,2026-09-14T21:48:04.514562+00:00,2026-09-14T21:48:04.514562+00:00,https://opendap.co-ops.nos.noaa.gov/thredds/dodsC/NOAA/NGOFS2/MODELS/2026/09/14/ngofs2.t15z.20260914.stations.forecast.nc,Point Clear/Grand Hotel,0.0
noaa_ngofs2_point_clear_station,MODEL,"8733821 Pt Clear, MB",93,nearest_verified_coordinate,0.3114,30.489032745361328,-87.93621826171875,272.06378173828125,1.8300000429153442,surface,0,-0.012500000186264515,salinity,13.710573196411133,1e-3,2026-09-16T10:24:00+00:00,2026-09-14T15:00:00+00:00,2026-09-14T21:48:04.514562+00:00,2026-09-14T21:48:04.514562+00:00,https://opendap.co-ops.nos.noaa.gov/thredds/dodsC/NOAA/NGOFS2/MODELS/2026/09/14/ngofs2.t15z.20260914.stations.forecast.nc,Point Clear/Grand Hotel,0.0
noaa_ngofs2_point_clear_station,MODEL,"8733821 Pt Clear, MB",93,nearest_verified_coordinate,0.3114,30.489032745361328,-87.93621826171875,272.06378173828125,1.8300000429153442,bottom,39,-0.987500011920929,eastward_current,-0.01462780125439167,m/s,2026-09-16T10:24:00+00:00,2026-09-14T15:00:00+00:00,2026-09-14T21:48:04.514562+00:00,2026-09-14T21:48:04.514562+00:00,https://opendap.co-ops.nos.noaa.gov/thredds/dodsC/NOAA/NGOFS2/MODELS/2026/09/14/ngofs2.t15z.20260914.stations.forecast.nc,Point Clear/Grand Hotel,0.0
noaa_ngofs2_point_clear_station,MODEL,"8733821 Pt Clear, MB",93,nearest_verified_coordinate,0.3114,30.489032745361328,-87.93621826171875,272.06378173828125,1.8300000429153442,bottom,39,-0.987500011920929,northward_current,-0.05138980969786644,m/s,2026-09-16T10:24:00+00:00,2026-09-14T15:00:00+00:00,2026-09-14T21:48:04.514562+00:00,2026-09-14T21:48:04.514562+00:00,https://opendap.co-ops.nos.noaa.gov/thredds/dodsC/NOAA/NGOFS2/MODELS/2026/09/14/ngofs2.t15z.20260914.stations.forecast.nc,Point Clear/Grand Hotel,0.0
noaa_ngofs2_point_clear_station,MODEL,"8733821 Pt Clear, MB",93,nearest_verified_coordinate,0.3114,30.489032745361328,-87.93621826171875,272.06378173828125,1.8300000429153442,bottom,39,-0.987500011920929,shoreward_current,-0.014627801254391674,m/s,2026-09-16T10:24:00+00:00,2026-09-14T15:00:00+00:00,2026-09-14T21:48:04.514562+00:00,2026-09-14T21:48:04.514562+00:00,https://opendap.co-ops.nos.noaa.gov/thredds/dodsC/NOAA/NGOFS2/MODELS/2026/09/14/ngofs2.t15z.20260914.stations.forecast.nc,Point Clear/Grand Hotel,0.0
noaa_ngofs2_point_clear_station,MODEL,"8733821 Pt Clear, MB",93,nearest_verified_coordinate,0.3114,30.489032745361328,-87.93621826171875,272.06378173828125,1.8300000429153442,bottom,39,-0.987500011920929,water_temperature,32.278038024902344,degC,2026-09-16T10:24:00+00:00,2026-09-14T15:00:00+00:00,2026-09-14T21:48:04.514562+00:00,2026-09-14T21:48:04.514562+00:00,https://opendap.co-ops.nos.noaa.gov/thredds/dodsC/NOAA/NGOFS2/MODELS/2026/09/14/ngofs2.t15z.20260914.stations.forecast.nc,Point Clear/Grand Hotel,0.0
noaa_ngofs2_point_clear_station,MODEL,"8733821 Pt Clear, MB",93,nearest_verified_coordinate,0.3114,30.489032745361328,-87.93621826171875,272.06378173828125,1.8300000429153442,bottom,39,-0.987500011920929,salinity,14.143854141235352,1e-3,2026-09-16T10:24:00+00:00,2026-09-14T15:00:00+00:00,2026-09-14T21:48:04.514562+00:00,2026-09-14T21:48:04.514562+00:00,https://opendap.co-ops.nos.noaa.gov/thredds/dodsC/NOAA/NGOFS2/MODELS/2026/09/14/ngofs2.t15z.20260914.stations.forecast.nc,Point Clear/Grand Hotel,0.0
noaa_ngofs2_point_clear_station,MODEL,"8733821 Pt Clear, MB",93,nearest_verified_coordinate,0.3114,30.489032745361328,-87.93621826171875,272.06378173828125,1.8300000429153442,surface,,,water_surface_elevation,0.3344639539718628,m,2026-09-16T10:24:00+00:00,2026-09-14T15:00:00+00:00,2026-09-14T21:48:04.514562+00:00,2026-09-14T21:48:04.514562+00:00,https://opendap.co-ops.nos.noaa.gov/thredds/dodsC/NOAA/NGOFS2/MODELS/2026/09/14/ngofs2.t15z.20260914.stations.forecast.nc,Point Clear/Grand Hotel,0.0
noaa_ngofs2_point_clear_station,MODEL,"8733821 Pt Clear, MB",93,nearest_verified_coordinate,0.3114,30.489032745361328,-87.93621826171875,272.06378173828125,1.8300000429153442,surface,0,-0.012500000186264515,eastward_current,-0.10992515832185745,m/s,2026-09-16T10:30:00+00:00,2026-09-14T15:00:00+00:00,2026-09-14T21:48:04.514562+00:00,2026-09-14T21:48:04.514562+00:00,https://opendap.co-ops.nos.noaa.gov/thredds/dodsC/NOAA/NGOFS2/MODELS/2026/09/14/ngofs2.t15z.20260914.stations.forecast.nc,Point Clear/Grand Hotel,0.0
noaa_ngofs2_point_clear_station,MODEL,"8733821 Pt Clear, MB",93,nearest_verified_coordinate,0.3114,30.489032745361328,-87.93621826171875,272.06378173828125,1.8300000429153442,surface,0,-0.012500000186264515,northward_current,-0.21174636483192444,m/s,2026-09-16T10:30:00+00:00,2026-09-14T15:00:00+00:00,2026-09-14T21:48:04.514562+00:00,2026-09-14T21:48:04.514562+00:00,https://opendap.co-ops.nos.noaa.gov/thredds/dodsC/NOAA/NGOFS2/MODELS/2026/09/14/ngofs2.t15z.20260914.stations.forecast.nc,Point Clear/Grand Hotel,0.0
noaa_ngofs2_point_clear_station,MODEL,"8733821 Pt Clear, MB",93,nearest_verified_coordinate,0.3114,30.489032745361328,-87.93621826171875,272.06378173828125,1.8300000429153442,surface,0,-0.012500000186264515,shoreward_current,-0.10992515832185747,m/s,2026-09-16T10:30:00+00:00,2026-09-14T15:00:00+00:00,2026-09-14T21:48:04.514562+00:00,2026-09-14T21:48:04.514562+00:00,https://opendap.co-ops.nos.noaa.gov/thredds/dodsC/NOAA/NGOFS2/MODELS/2026/09/14/ngofs2.t15z.20260914.stations.forecast.nc,Point Clear/Grand Hotel,0.0
noaa_ngofs2_point_clear_station,MODEL,"8733821 Pt Clear, MB",93,nearest_verified_coordinate,0.3114,30.489032745361328,-87.93621826171875,272.06378173828125,1.8300000429153442,surface,0,-0.012500000186264515,water_temperature,32.22981643676758,degC,2026-09-16T10:30:00+00:00,2026-09-14T15:00:00+00:00,2026-09-14T21:48:04.514562+00:00,2026-09-14T21:48:04.514562+00:00,https://opendap.co-ops.nos.noaa.gov/thredds/dodsC/NOAA/NGOFS2/MODELS/2026/09/14/ngofs2.t15z.20260914.stations.forecast.nc,Point Clear/Grand Hotel,0.0
noaa_ngofs2_point_clear_station,MODEL,"8733821 Pt Clear, MB",93,nearest_verified_coordinate,0.3114,30.489032745361328,-87.93621826171875,272.06378173828125,1.8300000429153442,surface,0,-0.012500000186264515,salinity,13.72008991241455,1e-3,2026-09-16T10:30:00+00:00,2026-09-14T15:00:00+00:00,2026-09-14T21:48:04.514562+00:00,2026-09-14T21:48:04.514562+00:00,https://opendap.co-ops.nos.noaa.gov/thredds/dodsC/NOAA/NGOFS2/MODELS/2026/09/14/ngofs2.t15z.20260914.stations.forecast.nc,Point Clear/Grand Hotel,0.0
noaa_ngofs2_point_clear_station,MODEL,"8733821 Pt Clear, MB",93,nearest_verified_coordinate,0.3114,30.489032745361328,-87.93621826171875,272.06378173828125,1.8300000429153442,bottom,39,-0.987500011920929,eastward_current,-0.014665198512375355,m/s,2026-09-16T10:30:00+00:00,2026-09-14T15:00:00+00:00,2026-09-14T21:48:04.514562+00:00,2026-09-14T21:48:04.514562+00:00,https://opendap.co-ops.nos.noaa.gov/thredds/dodsC/NOAA/NGOFS2/MODELS/2026/09/14/ngofs2.t15z.20260914.stations.forecast.nc,Point Clear/Grand Hotel,0.0
noaa_ngofs2_point_clear_station,MODEL,"8733821 Pt Clear, MB",93,nearest_verified_coordinate,0.3114,30.489032745361328,-87.93621826171875,272.06378173828125,1.8300000429153442,bottom,39,-0.987500011920929,northward_current,-0.051421791315078735,m/s,2026-09-16T10:30:00+00:00,2026-09-14T15:00:00+00:00,2026-09-14T21:48:04.514562+00:00,2026-09-14T21:48:04.514562+00:00,https://opendap.co-ops.nos.noaa.gov/thredds/dodsC/NOAA/NGOFS2/MODELS/2026/09/14/ngofs2.t15z.20260914.stations.forecast.nc,Point Clear/Grand Hotel,0.0
noaa_ngofs2_point_clear_station,MODEL,"8733821 Pt Clear, MB",93,nearest_verified_coordinate,0.3114,30.489032745361328,-87.93621826171875,272.06378173828125,1.8300000429153442,bottom,39,-0.987500011920929,shoreward_current,-0.014665198512375358,m/s,2026-09-16T10:30:00+00:00,2026-09-14T15:00:00+00:00,2026-09-14T21:48:04.514562+00:00,2026-09-14T21:48:04.514562+00:00,https://opendap.co-ops.nos.noaa.gov/thredds/dodsC/NOAA/NGOFS2/MODELS/2026/09/14/ngofs2.t15z.20260914.stations.forecast.nc,Point Clear/Grand Hotel,0.0
noaa_ngofs2_point_clear_station,MODEL,"8733821 Pt Clear, MB",93,nearest_verified_coordinate,0.3114,30.489032745361328,-87.93621826171875,272.06378173828125,1.8300000429153442,bottom,39,-0.987500011920929,water_temperature,32.30308151245117,degC,2026-09-16T10:30:00+00:00,2026-09-14T15:00:00+00:00,2026-09-14T21:48:04.514562+00:00,2026-09-14T21:48:04.514562+00:00,https://opendap.co-ops.nos.noaa.gov/thredds/dodsC/NOAA/NGOFS2/MODELS/2026/09/14/ngofs2.t15z.20260914.stations.forecast.nc,Point Clear/Grand Hotel,0.0
noaa_ngofs2_point_clear_station,MODEL,"8733821 Pt Clear, MB",93,nearest_verified_coordinate,0.3114,30.489032745361328,-87.93621826171875,272.06378173828125,1.8300000429153442,bottom,39,-0.987500011920929,salinity,14.108590126037598,1e-3,2026-09-16T10:30:00+00:00,2026-09-14T15:00:00+00:00,2026-09-14T21:48:04.514562+00:00,2026-09-14T21:48:04.514562+00:00,https://opendap.co-ops.nos.noaa.gov/thredds/dodsC/NOAA/NGOFS2/MODELS/2026/09/14/ngofs2.t15z.20260914.stations.forecast.nc,Point Clear/Grand Hotel,0.0
noaa_ngofs2_point_clear_station,MODEL,"8733821 Pt Clear, MB",93,nearest_verified_coordinate,0.3114,30.489032745361328,-87.93621826171875,272.06378173828125,1.8300000429153442,surface,,,water_surface_elevation,0.3278225064277649,m,2026-09-16T10:30:00+00:00,2026-09-14T15:00:00+00:00,2026-09-14T21:48:04.514562+00:00,2026-09-14T21:48:04.514562+00:00,https://opendap.co-ops.nos.noaa.gov/thredds/dodsC/NOAA/NGOFS2/MODELS/2026/09/14/ngofs2.t15z.20260914.stations.forecast.nc,Point Clear/Grand Hotel,0.0
noaa_ngofs2_point_clear_station,MODEL,"8733821 Pt Clear, MB",93,nearest_verified_coordinate,0.3114,30.489032745361328,-87.93621826171875,272.06378173828125,1.8300000429153442,surface,0,-0.012500000186264515,eastward_current,-0.10855492204427719,m/s,2026-09-16T10:36:00+00:00,2026-09-14T15:00:00+00:00,2026-09-14T21:48:04.514562+00:00,2026-09-14T21:48:04.514562+00:00,https://opendap.co-ops.nos.noaa.gov/thredds/dodsC/NOAA/NGOFS2/MODELS/2026/09/14/ngofs2.t15z.20260914.stations.forecast.nc,Point Clear/Grand Hotel,0.0
noaa_ngofs2_point_clear_station,MODEL,"8733821 Pt Clear, MB",93,nearest_verified_coordinate,0.3114,30.489032745361328,-87.93621826171875,272.06378173828125,1.8300000429153442,surface,0,-0.012500000186264515,northward_current,-0.2101403772830963,m/s,2026-09-16T10:36:00+00:00,2026-09-14T15:00:00+00:00,2026-09-14T21:48:04.514562+00:00,2026-09-14T21:48:04.514562+00:00,https://opendap.co-ops.nos.noaa.gov/thredds/dodsC/NOAA/NGOFS2/MODELS/2026/09/14/ngofs2.t15z.20260914.stations.forecast.nc,Point Clear/Grand Hotel,0.0
noaa_ngofs2_point_clear_station,MODEL,"8733821 Pt Clear, MB",93,nearest_verified_coordinate,0.3114,30.489032745361328,-87.93621826171875,272.06378173828125,1.8300000429153442,surface,0,-0.012500000186264515,shoreward_current,-0.1085549220442772,m/s,2026-09-16T10:36:00+00:00,2026-09-14T15:00:00+00:00,2026-09-14T21:48:04.514562+00:00,2026-09-14T21:48:04.514562+00:00,https://opendap.co-ops.nos.noaa.gov/thredds/dodsC/NOAA/NGOFS2/MODELS/2026/09/14/ngofs2.t15z.20260914.stations.forecast.nc,Point Clear/Grand Hotel,0.0
noaa_ngofs2_point_clear_station,MODEL,"8733821 Pt Clear, MB",93,nearest_verified_coordinate,0.3114,30.489032745361328,-87.93621826171875,272.06378173828125,1.8300000429153442,surface,0,-0.012500000186264515,water_temperature,32.25791931152344,degC,2026-09-16T10:36:00+00:00,2026-09-14T15:00:00+00:00,2026-09-14T21:48:04.514562+00:00,2026-09-14T21:48:04.514562+00:00,https://opendap.co-ops.nos.noaa.gov/thredds/dodsC/NOAA/NGOFS2/MODELS/2026/09/14/ngofs2.t15z.20260914.stations.forecast.nc,Point Clear/Grand Hotel,0.0
noaa_ngofs2_point_clear_station,MODEL,"8733821 Pt Clear, MB",93,nearest_verified_coordinate,0.3114,30.489032745361328,-87.93621826171875,272.06378173828125,1.8300000429153442,surface,0,-0.012500000186264515,salinity,13.734993934631348,1e-3,2026-09-16T10:36:00+00:00,2026-09-14T15:00:00+00:00,2026-09-14T21:48:04.514562+00:00,2026-09-14T21:48:04.514562+00:00,https://opendap.co-ops.nos.noaa.gov/thredds/dodsC/NOAA/NGOFS2/MODELS/2026/09/14/ngofs2.t15z.20260914.stations.forecast.nc,Point Clear/Grand Hotel,0.0
noaa_ngofs2_point_clear_station,MODEL,"8733821 Pt Clear, MB",93,nearest_verified_coordinate,0.3114,30.489032745361328,-87.93621826171875,272.06378173828125,1.8300000429153442,bottom,39,-0.987500011920929,eastward_current,-0.014813806861639023,m/s,2026-09-16T10:36:00+00:00,2026-09-14T15:00:00+00:00,2026-09-14T21:48:04.514562+00:00,2026-09-14T21:48:04.514562+00:00,https://opendap.co-ops.nos.noaa.gov/thredds/dodsC/NOAA/NGOFS2/MODELS/2026/09/14/ngofs2.t15z.20260914.stations.forecast.nc,Point Clear/Grand Hotel,0.0
noaa_ngofs2_point_clear_station,MODEL,"8733821 Pt Clear, MB",93,nearest_verified_coordinate,0.3114,30.489032745361328,-87.93621826171875,272.06378173828125,1.8300000429153442,bottom,39,-0.987500011920929,northward_current,-0.051471225917339325,m/s,2026-09-16T10:36:00+00:00,2026-09-14T15:00:00+00:00,2026-09-14T21:48:04.514562+00:00,2026-09-14T21:48:04.514562+00:00,https://opendap.co-ops.nos.noaa.gov/thredds/dodsC/NOAA/NGOFS2/MODELS/2026/09/14/ngofs2.t15z.20260914.stations.forecast.nc,Point Clear/Grand Hotel,0.0
noaa_ngofs2_point_clear_station,MODEL,"8733821 Pt Clear, MB",93,nearest_verified_coordinate,0.3114,30.489032745361328,-87.93621826171875,272.06378173828125,1.8300000429153442,bottom,39,-0.987500011920929,shoreward_current,-0.014813806861639026,m/s,2026-09-16T10:36:00+00:00,2026-09-14T15:00:00+00:00,2026-09-14T21:48:04.514562+00:00,2026-09-14T21:48:04.514562+00:00,https://opendap.co-ops.nos.noaa.gov/thredds/dodsC/NOAA/NGOFS2/MODELS/2026/09/14/ngofs2.t15z.20260914.stations.forecast.nc,Point Clear/Grand Hotel,0.0
noaa_ngofs2_point_clear_station,MODEL,"8733821 Pt Clear, MB",93,nearest_verified_coordinate,0.3114,30.489032745361328,-87.93621826171875,272.06378173828125,1.8300000429153442,bottom,39,-0.987500011920929,water_temperature,32.32746505737305,degC,2026-09-16T10:36:00+00:00,2026-09-14T15:00:00+00:00,2026-09-14T21:48:04.514562+00:00,2026-09-14T21:48:04.514562+00:00,https://opendap.co-ops.nos.noaa.gov/thredds/dodsC/NOAA/NGOFS2/MODELS/2026/09/14/ngofs2.t15z.20260914.stations.forecast.nc,Point Clear/Grand Hotel,0.0
noaa_ngofs2_point_clear_station,MODEL,"8733821 Pt Clear, MB",93,nearest_verified_coordinate,0.3114,30.489032745361328,-87.93621826171875,272.06378173828125,1.8300000429153442,bottom,39,-0.987500011920929,salinity,14.07392406463623,1e-3,2026-09-16T10:36:00+00:00,2026-09-14T15:00:00+00:00,2026-09-14T21:48:04.514562+00:00,2026-09-14T21:48:04.514562+00:00,https://opendap.co-ops.nos.noaa.gov/thredds/dodsC/NOAA/NGOFS2/MODELS/2026/09/14/ngofs2.t15z.20260914.stations.forecast.nc,Point Clear/Grand Hotel,0.0
noaa_ngofs2_point_clear_station,MODEL,"8733821 Pt Clear, MB",93,nearest_verified_coordinate,0.3114,30.489032745361328,-87.93621826171875,272.06378173828125,1.8300000429153442,surface,,,water_surface_elevation,0.32117271423339844,m,2026-09-16T10:36:00+00:00,2026-09-14T15:00:00+00:00,2026-09-14T21:48:04.514562+00:00,2026-09-14T21:48:04.514562+00:00,https://opendap.co-ops.nos.noaa.gov/thredds/dodsC/NOAA/NGOFS2/MODELS/2026/09/14/ngofs2.t15z.20260914.stations.forecast.nc,Point Clear/Grand Hotel,0.0
noaa_ngofs2_point_clear_station,MODEL,"8733821 Pt Clear, MB",93,nearest_verified_coordinate,0.3114,30.489032745361328,-87.93621826171875,272.06378173828125,1.8300000429153442,surface,0,-0.012500000186264515,eastward_current,-0.10745369642972946,m/s,2026-09-16T10:42:00+00:00,2026-09-14T15:00:00+00:00,2026-09-14T21:48:04.514562+00:00,2026-09-14T21:48:04.514562+00:00,https://opendap.co-ops.nos.noaa.gov/thredds/dodsC/NOAA/NGOFS2/MODELS/2026/09/14/ngofs2.t15z.20260914.stations.forecast.nc,Point Clear/Grand Hotel,0.0
noaa_ngofs2_point_clear_station,MODEL,"8733821 Pt Clear, MB",93,nearest_verified_coordinate,0.3114,30.489032745361328,-87.93621826171875,272.06378173828125,1.8300000429153442,surface,0,-0.012500000186264515,northward_current,-0.20844875276088715,m/s,2026-09-16T10:42:00+00:00,2026-09-14T15:00:00+00:00,2026-09-14T21:48:04.514562+00:00,2026-09-14T21:48:04.514562+00:00,https://opendap.co-ops.nos.noaa.gov/thredds/dodsC/NOAA/NGOFS2/MODELS/2026/09/14/ngofs2.t15z.20260914.stations.forecast.nc,Point Clear/Grand Hotel,0.0
noaa_ngofs2_point_clear_station,MODEL,"8733821 Pt Clear, MB",93,nearest_verified_coordinate,0.3114,30.489032745361328,-87.93621826171875,272.06378173828125,1.8300000429153442,surface,0,-0.012500000186264515,shoreward_current,-0.10745369642972948,m/s,2026-09-16T10:42:00+00:00,2026-09-14T15:00:00+00:00,2026-09-14T21:48:04.514562+00:00,2026-09-14T21:48:04.514562+00:00,https://opendap.co-ops.nos.noaa.gov/thredds/dodsC/NOAA/NGOFS2/MODELS/2026/09/14/ngofs2.t15z.20260914.stations.forecast.nc,Point Clear/Grand Hotel,0.0
noaa_ngofs2_point_clear_station,MODEL,"8733821 Pt Clear, MB",93,nearest_verified_coordinate,0.3114,30.489032745361328,-87.93621826171875,272.06378173828125,1.8300000429153442,surface,0,-0.012500000186264515,water_temperature,32.290279388427734,degC,2026-09-16T10:42:00+00:00,2026-09-14T15:00:00+00:00,2026-09-14T21:48:04.514562+00:00,2026-09-14T21:48:04.514562+00:00,https://opendap.co-ops.nos.noaa.gov/thredds/dodsC/NOAA/NGOFS2/MODELS/2026/09/14/ngofs2.t15z.20260914.stations.forecast.nc,Point Clear/Grand Hotel,0.0
noaa_ngofs2_point_clear_station,MODEL,"8733821 Pt Clear, MB",93,nearest_verified_coordinate,0.3114,30.489032745361328,-87.93621826171875,272.06378173828125,1.8300000429153442,surface,0,-0.012500000186264515,salinity,13.750462532043457,1e-3,2026-09-16T10:42:00+00:00,2026-09-14T15:00:00+00:00,2026-09-14T21:48:04.514562+00:00,2026-09-14T21:48:04.514562+00:00,https://opendap.co-ops.nos.noaa.gov/thredds/dodsC/NOAA/NGOFS2/MODELS/2026/09/14/ngofs2.t15z.20260914.stations.forecast.nc,Point Clear/Grand Hotel,0.0
noaa_ngofs2_point_clear_station,MODEL,"8733821 Pt Clear, MB",93,nearest_verified_coordinate,0.3114,30.489032745361328,-87.93621826171875,272.06378173828125,1.8300000429153442,bottom,39,-0.987500011920929,eastward_current,-0.015030834823846817,m/s,2026-09-16T10:42:00+00:00,2026-09-14T15:00:00+00:00,2026-09-14T21:48:04.514562+00:00,2026-09-14T21:48:04.514562+00:00,https://opendap.co-ops.nos.noaa.gov/thredds/dodsC/NOAA/NGOFS2/MODELS/2026/09/14/ngofs2.t15z.20260914.stations.forecast.nc,Point Clear/Grand Hotel,0.0
noaa_ngofs2_point_clear_station,MODEL,"8733821 Pt Clear, MB",93,nearest_verified_coordinate,0.3114,30.489032745361328,-87.93621826171875,272.06378173828125,1.8300000429153442,bottom,39,-0.987500011920929,northward_current,-0.05146327614784241,m/s,2026-09-16T10:42:00+00:00,2026-09-14T15:00:00+00:00,2026-09-14T21:48:04.514562+00:00,2026-09-14T21:48:04.514562+00:00,https://opendap.co-ops.nos.noaa.gov/thredds/dodsC/NOAA/NGOFS2/MODELS/2026/09/14/ngofs2.t15z.20260914.stations.forecast.nc,Point Clear/Grand Hotel,0.0
noaa_ngofs2_point_clear_station,MODEL,"8733821 Pt Clear, MB",93,nearest_verified_coordinate,0.3114,30.489032745361328,-87.93621826171875,272.06378173828125,1.8300000429153442,bottom,39,-0.987500011920929,shoreward_current,-0.01503083482384682,m/s,2026-09-16T10:42:00+00:00,2026-09-14T15:00:00+00:00,2026-09-14T21:48:04.514562+00:00,2026-09-14T21:48:04.514562+00:00,https://opendap.co-ops.nos.noaa.gov/thredds/dodsC/NOAA/NGOFS2/MODELS/2026/09/14/ngofs2.t15z.20260914.stations.forecast.nc,Point Clear/Grand Hotel,0.0
noaa_ngofs2_point_clear_station,MODEL,"8733821 Pt Clear, MB",93,nearest_verified_coordinate,0.3114,30.489032745361328,-87.93621826171875,272.06378173828125,1.8300000429153442,bottom,39,-0.987500011920929,water_temperature,32.35090637207031,degC,2026-09-16T10:42:00+00:00,2026-09-14T15:00:00+00:00,2026-09-14T21:48:04.514562+00:00,2026-09-14T21:48:04.514562+00:00,https://opendap.co-ops.nos.noaa.gov/thredds/dodsC/NOAA/NGOFS2/MODELS/2026/09/14/ngofs2.t15z.20260914.stations.forecast.nc,Point Clear/Grand Hotel,0.0
noaa_ngofs2_point_clear_station,MODEL,"8733821 Pt Clear, MB",93,nearest_verified_coordinate,0.3114,30.489032745361328,-87.93621826171875,272.06378173828125,1.8300000429153442,bottom,39,-0.987500011920929,salinity,14.039631843566895,1e-3,2026-09-16T10:42:00+00:00,2026-09-14T15:00:00+00:00,2026-09-14T21:48:04.514562+00:00,2026-09-14T21:48:04.514562+00:00,https://opendap.co-ops.nos.noaa.gov/thredds/dodsC/NOAA/NGOFS2/MODELS/2026/09/14/ngofs2.t15z.20260914.stations.forecast.nc,Point Clear/Grand Hotel,0.0
noaa_ngofs2_point_clear_station,MODEL,"8733821 Pt Clear, MB",93,nearest_verified_coordinate,0.3114,30.489032745361328,-87.93621826171875,272.06378173828125,1.8300000429153442,surface,,,water_surface_elevation,0.31362661719322205,m,2026-09-16T10:42:00+00:00,2026-09-14T15:00:00+00:00,2026-09-14T21:48:04.514562+00:00,2026-09-14T21:48:04.514562+00:00,https://opendap.co-ops.nos.noaa.gov/thredds/dodsC/NOAA/NGOFS2/MODELS/2026/09/14/ngofs2.t15z.20260914.stations.forecast.nc,Point Clear/Grand Hotel,0.0
noaa_ngofs2_point_clear_station,MODEL,"8733821 Pt Clear, MB",93,nearest_verified_coordinate,0.3114,30.489032745361328,-87.93621826171875,272.06378173828125,1.8300000429153442,surface,0,-0.012500000186264515,eastward_current,-0.10508183389902115,m/s,2026-09-16T10:48:00+00:00,2026-09-14T15:00:00+00:00,2026-09-14T21:48:04.514562+00:00,2026-09-14T21:48:04.514562+00:00,https://opendap.co-ops.nos.noaa.gov/thredds/dodsC/NOAA/NGOFS2/MODELS/2026/09/14/ngofs2.t15z.20260914.stations.forecast.nc,Point Clear/Grand Hotel,0.0
noaa_ngofs2_point_clear_station,MODEL,"8733821 Pt Clear, MB",93,nearest_verified_coordinate,0.3114,30.489032745361328,-87.93621826171875,272.06378173828125,1.8300000429153442,surface,0,-0.012500000186264515,northward_current,-0.2053256332874298,m/s,2026-09-16T10:48:00+00:00,2026-09-14T15:00:00+00:00,2026-09-14T21:48:04.514562+00:00,2026-09-14T21:48:04.514562+00:00,https://opendap.co-ops.nos.noaa.gov/thredds/dodsC/NOAA/NGOFS2/MODELS/2026/09/14/ngofs2.t15z.20260914.stations.forecast.nc,Point Clear/Grand Hotel,0.0
noaa_ngofs2_point_clear_station,MODEL,"8733821 Pt Clear, MB",93,nearest_verified_coordinate,0.3114,30.489032745361328,-87.93621826171875,272.06378173828125,1.8300000429153442,surface,0,-0.012500000186264515,shoreward_current,-0.10508183389902116,m/s,2026-09-16T10:48:00+00:00,2026-09-14T15:00:00+00:00,2026-09-14T21:48:04.514562+00:00,2026-09-14T21:48:04.514562+00:00,https://opendap.co-ops.nos.noaa.gov/thredds/dodsC/NOAA/NGOFS2/MODELS/2026/09/14/ngofs2.t15z.20260914.stations.forecast.nc,Point Clear/Grand Hotel,0.0
noaa_ngofs2_point_clear_station,MODEL,"8733821 Pt Clear, MB",93,nearest_verified_coordinate,0.3114,30.489032745361328,-87.93621826171875,272.06378173828125,1.8300000429153442,surface,0,-0.012500000186264515,water_temperature,32.317623138427734,degC,2026-09-16T10:48:00+00:00,2026-09-14T15:00:00+00:00,2026-09-14T21:48:04.514562+00:00,2026-09-14T21:48:04.514562+00:00,https://opendap.co-ops.nos.noaa.gov/thredds/dodsC/NOAA/NGOFS2/MODELS/2026/09/14/ngofs2.t15z.20260914.stations.forecast.nc,Point Clear/Grand Hotel,0.0
noaa_ngofs2_point_clear_station,MODEL,"8733821 Pt Clear, MB",93,nearest_verified_coordinate,0.3114,30.489032745361328,-87.93621826171875,272.06378173828125,1.8300000429153442,surface,0,-0.012500000186264515,salinity,13.755364418029785,1e-3,2026-09-16T10:48:00+00:00,2026-09-14T15:00:00+00:00,2026-09-14T21:48:04.514562+00:00,2026-09-14T21:48:04.514562+00:00,https://opendap.co-ops.nos.noaa.gov/thredds/dodsC/NOAA/NGOFS2/MODELS/2026/09/14/ngofs2.t15z.20260914.stations.forecast.nc,Point Clear/Grand Hotel,0.0
noaa_ngofs2_point_clear_station,MODEL,"8733821 Pt Clear, MB",93,nearest_verified_coordinate,0.3114,30.489032745361328,-87.93621826171875,272.06378173828125,1.8300000429153442,bottom,39,-0.987500011920929,eastward_current,-0.014985798858106136,m/s,2026-09-16T10:48:00+00:00,2026-09-14T15:00:00+00:00,2026-09-14T21:48:04.514562+00:00,2026-09-14T21:48:04.514562+00:00,https://opendap.co-ops.nos.noaa.gov/thredds/dodsC/NOAA/NGOFS2/MODELS/2026/09/14/ngofs2.t15z.20260914.stations.forecast.nc,Point Clear/Grand Hotel,0.0
noaa_ngofs2_point_clear_station,MODEL,"8733821 Pt Clear, MB",93,nearest_verified_coordinate,0.3114,30.489032745361328,-87.93621826171875,272.06378173828125,1.8300000429153442,bottom,39,-0.987500011920929,northward_current,-0.051207035779953,m/s,2026-09-16T10:48:00+00:00,2026-09-14T15:00:00+00:00,2026-09-14T21:48:04.514562+00:00,2026-09-14T21:48:04.514562+00:00,https://opendap.co-ops.nos.noaa.gov/thredds/dodsC/NOAA/NGOFS2/MODELS/2026/09/14/ngofs2.t15z.20260914.stations.forecast.nc,Point Clear/Grand Hotel,0.0
noaa_ngofs2_point_clear_station,MODEL,"8733821 Pt Clear, MB",93,nearest_verified_coordinate,0.3114,30.489032745361328,-87.93621826171875,272.06378173828125,1.8300000429153442,bottom,39,-0.987500011920929,shoreward_current,-0.01498579885810614,m/s,2026-09-16T10:48:00+00:00,2026-09-14T15:00:00+00:00,2026-09-14T21:48:04.514562+00:00,2026-09-14T21:48:04.514562+00:00,https://opendap.co-ops.nos.noaa.gov/thredds/dodsC/NOAA/NGOFS2/MODELS/2026/09/14/ngofs2.t15z.20260914.stations.forecast.nc,Point Clear/Grand Hotel,0.0
noaa_ngofs2_point_clear_station,MODEL,"8733821 Pt Clear, MB",93,nearest_verified_coordinate,0.3114,30.489032745361328,-87.93621826171875,272.06378173828125,1.8300000429153442,bottom,39,-0.987500011920929,water_temperature,32.372962951660156,degC,2026-09-16T10:48:00+00:00,2026-09-14T15:00:00+00:00,2026-09-14T21:48:04.514562+00:00,2026-09-14T21:48:04.514562+00:00,https://opendap.co-ops.nos.noaa.gov/thredds/dodsC/NOAA/NGOFS2/MODELS/2026/09/14/ngofs2.t15z.20260914.stations.forecast.nc,Point Clear/Grand Hotel,0.0
noaa_ngofs2_point_clear_station,MODEL,"8733821 Pt Clear, MB",93,nearest_verified_coordinate,0.3114,30.489032745361328,-87.93621826171875,272.06378173828125,1.8300000429153442,bottom,39,-0.987500011920929,salinity,14.00631332397461,1e-3,2026-09-16T10:48:00+00:00,2026-09-14T15:00:00+00:00,2026-09-14T21:48:04.514562+00:00,2026-09-14T21:48:04.514562+00:00,https://opendap.co-ops.nos.noaa.gov/thredds/dodsC/NOAA/NGOFS2/MODELS/2026/09/14/ngofs2.t15z.20260914.stations.forecast.nc,Point Clear/Grand Hotel,0.0
noaa_ngofs2_point_clear_station,MODEL,"8733821 Pt Clear, MB",93,nearest_verified_coordinate,0.3114,30.489032745361328,-87.93621826171875,272.06378173828125,1.8300000429153442,surface,,,water_surface_elevation,0.3058462142944336,m,2026-09-16T10:48:00+00:00,2026-09-14T15:00:00+00:00,2026-09-14T21:48:04.514562+00:00,2026-09-14T21:48:04.514562+00:00,https://opendap.co-ops.nos.noaa.gov/thredds/dodsC/NOAA/NGOFS2/MODELS/2026/09/14/ngofs2.t15z.20260914.stations.forecast.nc,Point Clear/Grand Hotel,0.0
noaa_ngofs2_point_clear_station,MODEL,"8733821 Pt Clear, MB",93,nearest_verified_coordinate,0.3114,30.489032745361328,-87.93621826171875,272.06378173828125,1.8300000429153442,surface,0,-0.012500000186264515,eastward_current,-0.10261478275060654,m/s,2026-09-16T10:54:00+00:00,2026-09-14T15:00:00+00:00,2026-09-14T21:48:04.514562+00:00,2026-09-14T21:48:04.514562+00:00,https://opendap.co-ops.nos.noaa.gov/thredds/dodsC/NOAA/NGOFS2/MODELS/2026/09/14/ngofs2.t15z.20260914.stations.forecast.nc,Point Clear/Grand Hotel,0.0
noaa_ngofs2_point_clear_station,MODEL,"8733821 Pt Clear, MB",93,nearest_verified_coordinate,0.3114,30.489032745361328,-87.93621826171875,272.06378173828125,1.8300000429153442,surface,0,-0.012500000186264515,northward_current,-0.20084023475646973,m/s,2026-09-16T10:54:00+00:00,2026-09-14T15:00:00+00:00,2026-09-14T21:48:04.514562+00:00,2026-09-14T21:48:04.514562+00:00,https://opendap.co-ops.nos.noaa.gov/thredds/dodsC/NOAA/NGOFS2/MODELS/2026/09/14/ngofs2.t15z.20260914.stations.forecast.nc,Point Clear/Grand Hotel,0.0
noaa_ngofs2_point_clear_station,MODEL,"8733821 Pt Clear, MB",93,nearest_verified_coordinate,0.3114,30.489032745361328,-87.93621826171875,272.06378173828125,1.8300000429153442,surface,0,-0.012500000186264515,shoreward_current,-0.10261478275060655,m/s,2026-09-16T10:54:00+00:00,2026-09-14T15:00:00+00:00,2026-09-14T21:48:04.514562+00:00,2026-09-14T21:48:04.514562+00:00,https://opendap.co-ops.nos.noaa.gov/thredds/dodsC/NOAA/NGOFS2/MODELS/2026/09/14/ngofs2.t15z.20260914.stations.forecast.nc,Point Clear/Grand Hotel,0.0
noaa_ngofs2_point_clear_station,MODEL,"8733821 Pt Clear, MB",93,nearest_verified_coordinate,0.3114,30.489032745361328,-87.93621826171875,272.06378173828125,1.8300000429153442,surface,0,-0.012500000186264515,water_temperature,32.3360710144043,degC,2026-09-16T10:54:00+00:00,2026-09-14T15:00:00+00:00,2026-09-14T21:48:04.514562+00:00,2026-09-14T21:48:04.514562+00:00,https://opendap.co-ops.nos.noaa.gov/thredds/dodsC/NOAA/NGOFS2/MODELS/2026/09/14/ngofs2.t15z.20260914.stations.forecast.nc,Point Clear/Grand Hotel,0.0
noaa_ngofs2_point_clear_station,MODEL,"8733821 Pt Clear, MB",93,nearest_verified_coordinate,0.3114,30.489032745361328,-87.93621826171875,272.06378173828125,1.8300000429153442,surface,0,-0.012500000186264515,salinity,13.750518798828125,1e-3,2026-09-16T10:54:00+00:00,2026-09-14T15:00:00+00:00,2026-09-14T21:48:04.514562+00:00,2026-09-14T21:48:04.514562+00:00,https://opendap.co-ops.nos.noaa.gov/thredds/dodsC/NOAA/NGOFS2/MODELS/2026/09/14/ngofs2.t15z.20260914.stations.forecast.nc,Point Clear/Grand Hotel,0.0
noaa_ngofs2_point_clear_station,MODEL,"8733821 Pt Clear, MB",93,nearest_verified_coordinate,0.3114,30.489032745361328,-87.93621826171875,272.06378173828125,1.8300000429153442,bottom,39,-0.987500011920929,eastward_current,-0.015056649222970009,m/s,2026-09-16T10:54:00+00:00,2026-09-14T15:00:00+00:00,2026-09-14T21:48:04.514562+00:00,2026-09-14T21:48:04.514562+00:00,https://opendap.co-ops.nos.noaa.gov/thredds/dodsC/NOAA/NGOFS2/MODELS/2026/09/14/ngofs2.t15z.20260914.stations.forecast.nc,Point Clear/Grand Hotel,0.0
noaa_ngofs2_point_clear_station,MODEL,"8733821 Pt Clear, MB",93,nearest_verified_coordinate,0.3114,30.489032745361328,-87.93621826171875,272.06378173828125,1.8300000429153442,bottom,39,-0.987500011920929,northward_current,-0.05070418119430542,m/s,2026-09-16T10:54:00+00:00,2026-09-14T15:00:00+00:00,2026-09-14T21:48:04.514562+00:00,2026-09-14T21:48:04.514562+00:00,https://opendap.co-ops.nos.noaa.gov/thredds/dodsC/NOAA/NGOFS2/MODELS/2026/09/14/ngofs2.t15z.20260914.stations.forecast.nc,Point Clear/Grand Hotel,0.0
noaa_ngofs2_point_clear_station,MODEL,"8733821 Pt Clear, MB",93,nearest_verified_coordinate,0.3114,30.489032745361328,-87.93621826171875,272.06378173828125,1.8300000429153442,bottom,39,-0.987500011920929,shoreward_current,-0.015056649222970012,m/s,2026-09-16T10:54:00+00:00,2026-09-14T15:00:00+00:00,2026-09-14T21:48:04.514562+00:00,2026-09-14T21:48:04.514562+00:00,https://opendap.co-ops.nos.noaa.gov/thredds/dodsC/NOAA/NGOFS2/MODELS/2026/09/14/ngofs2.t15z.20260914.stations.forecast.nc,Point Clear/Grand Hotel,0.0
noaa_ngofs2_point_clear_station,MODEL,"8733821 Pt Clear, MB",93,nearest_verified_coordinate,0.3114,30.489032745361328,-87.93621826171875,272.06378173828125,1.8300000429153442,bottom,39,-0.987500011920929,water_temperature,32.39292907714844,degC,2026-09-16T10:54:00+00:00,2026-09-14T15:00:00+00:00,2026-09-14T21:48:04.514562+00:00,2026-09-14T21:48:04.514562+00:00,https://opendap.co-ops.nos.noaa.gov/thredds/dodsC/NOAA/NGOFS2/MODELS/2026/09/14/ngofs2.t15z.20260914.stations.forecast.nc,Point Clear/Grand Hotel,0.0
noaa_ngofs2_point_clear_station,MODEL,"8733821 Pt Clear, MB",93,nearest_verified_coordinate,0.3114,30.489032745361328,-87.93621826171875,272.06378173828125,1.8300000429153442,bottom,39,-0.987500011920929,salinity,13.97288703918457,1e-3,2026-09-16T10:54:00+00:00,2026-09-14T15:00:00+00:00,2026-09-14T21:48:04.514562+00:00,2026-09-14T21:48:04.514562+00:00,https://opendap.co-ops.nos.noaa.gov/thredds/dodsC/NOAA/NGOFS2/MODELS/2026/09/14/ngofs2.t15z.20260914.stations.forecast.nc,Point Clear/Grand Hotel,0.0
noaa_ngofs2_point_clear_station,MODEL,"8733821 Pt Clear, MB",93,nearest_verified_coordinate,0.3114,30.489032745361328,-87.93621826171875,272.06378173828125,1.8300000429153442,surface,,,water_surface_elevation,0.29816538095474243,m,2026-09-16T10:54:00+00:00,2026-09-14T15:00:00+00:00,2026-09-14T21:48:04.514562+00:00,2026-09-14T21:48:04.514562+00:00,https://opendap.co-ops.nos.noaa.gov/thredds/dodsC/NOAA/NGOFS2/MODELS/2026/09/14/ngofs2.t15z.20260914.stations.forecast.nc,Point Clear/Grand Hotel,0.0
noaa_ngofs2_point_clear_station,MODEL,"8733821 Pt Clear, MB",93,nearest_verified_coordinate,0.3114,30.489032745361328,-87.93621826171875,272.06378173828125,1.8300000429153442,surface,0,-0.012500000186264515,eastward_current,-0.1000366061925888,m/s,2026-09-16T11:00:00+00:00,2026-09-14T15:00:00+00:00,2026-09-14T21:48:04.514562+00:00,2026-09-14T21:48:04.514562+00:00,https://opendap.co-ops.nos.noaa.gov/thredds/dodsC/NOAA/NGOFS2/MODELS/2026/09/14/ngofs2.t15z.20260914.stations.forecast.nc,Point Clear/Grand Hotel,0.0
noaa_ngofs2_point_clear_station,MODEL,"8733821 Pt Clear, MB",93,nearest_verified_coordinate,0.3114,30.489032745361328,-87.93621826171875,272.06378173828125,1.8300000429153442,surface,0,-0.012500000186264515,northward_current,-0.1958151012659073,m/s,2026-09-16T11:00:00+00:00,2026-09-14T15:00:00+00:00,2026-09-14T21:48:04.514562+00:00,2026-09-14T21:48:04.514562+00:00,https://opendap.co-ops.nos.noaa.gov/thredds/dodsC/NOAA/NGOFS2/MODELS/2026/09/14/ngofs2.t15z.20260914.stations.forecast.nc,Point Clear/Grand Hotel,0.0
noaa_ngofs2_point_clear_station,MODEL,"8733821 Pt Clear, MB",93,nearest_verified_coordinate,0.3114,30.489032745361328,-87.93621826171875,272.06378173828125,1.8300000429153442,surface,0,-0.012500000186264515,shoreward_current,-0.10003660619258882,m/s,2026-09-16T11:00:00+00:00,2026-09-14T15:00:00+00:00,2026-09-14T21:48:04.514562+00:00,2026-09-14T21:48:04.514562+00:00,https://opendap.co-ops.nos.noaa.gov/thredds/dodsC/NOAA/NGOFS2/MODELS/2026/09/14/ngofs2.t15z.20260914.stations.forecast.nc,Point Clear/Grand Hotel,0.0
noaa_ngofs2_point_clear_station,MODEL,"8733821 Pt Clear, MB",93,nearest_verified_coordinate,0.3114,30.489032745361328,-87.93621826171875,272.06378173828125,1.8300000429153442,surface,0,-0.012500000186264515,water_temperature,32.35155487060547,degC,2026-09-16T11:00:00+00:00,2026-09-14T15:00:00+00:00,2026-09-14T21:48:04.514562+00:00,2026-09-14T21:48:04.514562+00:00,https://opendap.co-ops.nos.noaa.gov/thredds/dodsC/NOAA/NGOFS2/MODELS/2026/09/14/ngofs2.t15z.20260914.stations.forecast.nc,Point Clear/Grand Hotel,0.0
noaa_ngofs2_point_clear_station,MODEL,"8733821 Pt Clear, MB",93,nearest_verified_coordinate,0.3114,30.489032745361328,-87.93621826171875,272.06378173828125,1.8300000429153442,surface,0,-0.012500000186264515,salinity,13.743298530578613,1e-3,2026-09-16T11:00:00+00:00,2026-09-14T15:00:00+00:00,2026-09-14T21:48:04.514562+00:00,2026-09-14T21:48:04.514562+00:00,https://opendap.co-ops.nos.noaa.gov/thredds/dodsC/NOAA/NGOFS2/MODELS/2026/09/14/ngofs2.t15z.20260914.stations.forecast.nc,Point Clear/Grand Hotel,0.0
noaa_ngofs2_point_clear_station,MODEL,"8733821 Pt Clear, MB",93,nearest_verified_coordinate,0.3114,30.489032745361328,-87.93621826171875,272.06378173828125,1.8300000429153442,bottom,39,-0.987500011920929,eastward_current,-0.01492258906364441,m/s,2026-09-16T11:00:00+00:00,2026-09-14T15:00:00+00:00,2026-09-14T21:48:04.514562+00:00,2026-09-14T21:48:04.514562+00:00,https://opendap.co-ops.nos.noaa.gov/thredds/dodsC/NOAA/NGOFS2/MODELS/2026/09/14/ngofs2.t15z.20260914.stations.forecast.nc,Point Clear/Grand Hotel,0.0
noaa_ngofs2_point_clear_station,MODEL,"8733821 Pt Clear, MB",93,nearest_verified_coordinate,0.3114,30.489032745361328,-87.93621826171875,272.06378173828125,1.8300000429153442,bottom,39,-0.987500011920929,northward_current,-0.04976840689778328,m/s,2026-09-16T11:00:00+00:00,2026-09-14T15:00:00+00:00,2026-09-14T21:48:04.514562+00:00,2026-09-14T21:48:04.514562+00:00,https://opendap.co-ops.nos.noaa.gov/thredds/dodsC/NOAA/NGOFS2/MODELS/2026/09/14/ngofs2.t15z.20260914.stations.forecast.nc,Point Clear/Grand Hotel,0.0
noaa_ngofs2_point_clear_station,MODEL,"8733821 Pt Clear, MB",93,nearest_verified_coordinate,0.3114,30.489032745361328,-87.93621826171875,272.06378173828125,1.8300000429153442,bottom,39,-0.987500011920929,shoreward_current,-0.014922589063644413,m/s,2026-09-16T11:00:00+00:00,2026-09-14T15:00:00+00:00,2026-09-14T21:48:04.514562+00:00,2026-09-14T21:48:04.514562+00:00,https://opendap.co-ops.nos.noaa.gov/thredds/dodsC/NOAA/NGOFS2/MODELS/2026/09/14/ngofs2.t15z.20260914.stations.forecast.nc,Point Clear/Grand Hotel,0.0
noaa_ngofs2_point_clear_station,MODEL,"8733821 Pt Clear, MB",93,nearest_verified_coordinate,0.3114,30.489032745361328,-87.93621826171875,272.06378173828125,1.8300000429153442,bottom,39,-0.987500011920929,water_temperature,32.410858154296875,degC,2026-09-16T11:00:00+00:00,2026-09-14T15:00:00+00:00,2026-09-14T21:48:04.514562+00:00,2026-09-14T21:48:04.514562+00:00,https://opendap.co-ops.nos.noaa.gov/thredds/dodsC/NOAA/NGOFS2/MODELS/2026/09/14/ngofs2.t15z.20260914.stations.forecast.nc,Point Clear/Grand Hotel,0.0
noaa_ngofs2_point_clear_station,MODEL,"8733821 Pt Clear, MB",93,nearest_verified_coordinate,0.3114,30.489032745361328,-87.93621826171875,272.06378173828125,1.8300000429153442,bottom,39,-0.987500011920929,salinity,13.940369606018066,1e-3,2026-09-16T11:00:00+00:00,2026-09-14T15:00:00+00:00,2026-09-14T21:48:04.514562+00:00,2026-09-14T21:48:04.514562+00:00,https://opendap.co-ops.nos.noaa.gov/thredds/dodsC/NOAA/NGOFS2/MODELS/2026/09/14/ngofs2.t15z.20260914.stations.forecast.nc,Point Clear/Grand Hotel,0.0
noaa_ngofs2_point_clear_station,MODEL,"8733821 Pt Clear, MB",93,nearest_verified_coordinate,0.3114,30.489032745361328,-87.93621826171875,272.06378173828125,1.8300000429153442,surface,,,water_surface_elevation,0.29065823554992676,m,2026-09-16T11:00:00+00:00,2026-09-14T15:00:00+00:00,2026-09-14T21:48:04.514562+00:00,2026-09-14T21:48:04.514562+00:00,https://opendap.co-ops.nos.noaa.gov/thredds/dodsC/NOAA/NGOFS2/MODELS/2026/09/14/ngofs2.t15z.20260914.stations.forecast.nc,Point Clear/Grand Hotel,0.0
noaa_ngofs2_point_clear_station,MODEL,"8733821 Pt Clear, MB",93,nearest_verified_coordinate,0.3114,30.489032745361328,-87.93621826171875,272.06378173828125,1.8300000429153442,surface,0,-0.012500000186264515,eastward_current,-0.09751506894826889,m/s,2026-09-16T11:06:00+00:00,2026-09-14T15:00:00+00:00,2026-09-14T21:48:04.514562+00:00,2026-09-14T21:48:04.514562+00:00,https://opendap.co-ops.nos.noaa.gov/thredds/dodsC/NOAA/NGOFS2/MODELS/2026/09/14/ngofs2.t15z.20260914.stations.forecast.nc,Point Clear/Grand Hotel,0.0
noaa_ngofs2_point_clear_station,MODEL,"8733821 Pt Clear, MB",93,nearest_verified_coordinate,0.3114,30.489032745361328,-87.93621826171875,272.06378173828125,1.8300000429153442,surface,0,-0.012500000186264515,northward_current,-0.19129160046577454,m/s,2026-09-16T11:06:00+00:00,2026-09-14T15:00:00+00:00,2026-09-14T21:48:04.514562+00:00,2026-09-14T21:48:04.514562+00:00,https://opendap.co-ops.nos.noaa.gov/thredds/dodsC/NOAA/NGOFS2/MODELS/2026/09/14/ngofs2.t15z.20260914.stations.forecast.nc,Point Clear/Grand Hotel,0.0
noaa_ngofs2_point_clear_station,MODEL,"8733821 Pt Clear, MB",93,nearest_verified_coordinate,0.3114,30.489032745361328,-87.93621826171875,272.06378173828125,1.8300000429153442,surface,0,-0.012500000186264515,shoreward_current,-0.0975150689482689,m/s,2026-09-16T11:06:00+00:00,2026-09-14T15:00:00+00:00,2026-09-14T21:48:04.514562+00:00,2026-09-14T21:48:04.514562+00:00,https://opendap.co-ops.nos.noaa.gov/thredds/dodsC/NOAA/NGOFS2/MODELS/2026/09/14/ngofs2.t15z.20260914.stations.forecast.nc,Point Clear/Grand Hotel,0.0
noaa_ngofs2_point_clear_station,MODEL,"8733821 Pt Clear, MB",93,nearest_verified_coordinate,0.3114,30.489032745361328,-87.93621826171875,272.06378173828125,1.8300000429153442,surface,0,-0.012500000186264515,water_temperature,32.365577697753906,degC,2026-09-16T11:06:00+00:00,2026-09-14T15:00:00+00:00,2026-09-14T21:48:04.514562+00:00,2026-09-14T21:48:04.514562+00:00,https://opendap.co-ops.nos.noaa.gov/thredds/dodsC/NOAA/NGOFS2/MODELS/2026/09/14/ngofs2.t15z.20260914.stations.forecast.nc,Point Clear/Grand Hotel,0.0
noaa_ngofs2_point_clear_station,MODEL,"8733821 Pt Clear, MB",93,nearest_verified_coordinate,0.3114,30.489032745361328,-87.93621826171875,272.06378173828125,1.8300000429153442,surface,0,-0.012500000186264515,salinity,13.735383987426758,1e-3,2026-09-16T11:06:00+00:00,2026-09-14T15:00:00+00:00,2026-09-14T21:48:04.514562+00:00,2026-09-14T21:48:04.514562+00:00,https://opendap.co-ops.nos.noaa.gov/thredds/dodsC/NOAA/NGOFS2/MODELS/2026/09/14/ngofs2.t15z.20260914.stations.forecast.nc,Point Clear/Grand Hotel,0.0
noaa_ngofs2_point_clear_station,MODEL,"8733821 Pt Clear, MB",93,nearest_verified_coordinate,0.3114,30.489032745361328,-87.93621826171875,272.06378173828125,1.8300000429153442,bottom,39,-0.987500011920929,eastward_current,-0.01489460188895464,m/s,2026-09-16T11:06:00+00:00,2026-09-14T15:00:00+00:00,2026-09-14T21:48:04.514562+00:00,2026-09-14T21:48:04.514562+00:00,https://opendap.co-ops.nos.noaa.gov/thredds/dodsC/NOAA/NGOFS2/MODELS/2026/09/14/ngofs2.t15z.20260914.stations.forecast.nc,Point Clear/Grand Hotel,0.0
noaa_ngofs2_point_clear_station,MODEL,"8733821 Pt Clear, MB",93,nearest_verified_coordinate,0.3114,30.489032745361328,-87.93621826171875,272.06378173828125,1.8300000429153442,bottom,39,-0.987500011920929,northward_current,-0.04919951409101486,m/s,2026-09-16T11:06:00+00:00,2026-09-14T15:00:00+00:00,2026-09-14T21:48:04.514562+00:00,2026-09-14T21:48:04.514562+00:00,https://opendap.co-ops.nos.noaa.gov/thredds/dodsC/NOAA/NGOFS2/MODELS/2026/09/14/ngofs2.t15z.20260914.stations.forecast.nc,Point Clear/Grand Hotel,0.0
noaa_ngofs2_point_clear_station,MODEL,"8733821 Pt Clear, MB",93,nearest_verified_coordinate,0.3114,30.489032745361328,-87.93621826171875,272.06378173828125,1.8300000429153442,bottom,39,-0.987500011920929,shoreward_current,-0.014894601888954643,m/s,2026-09-16T11:06:00+00:00,2026-09-14T15:00:00+00:00,2026-09-14T21:48:04.514562+00:00,2026-09-14T21:48:04.514562+00:00,https://opendap.co-ops.nos.noaa.gov/thredds/dodsC/NOAA/NGOFS2/MODELS/2026/09/14/ngofs2.t15z.20260914.stations.forecast.nc,Point Clear/Grand Hotel,0.0
noaa_ngofs2_point_clear_station,MODEL,"8733821 Pt Clear, MB",93,nearest_verified_coordinate,0.3114,30.489032745361328,-87.93621826171875,272.06378173828125,1.8300000429153442,bottom,39,-0.987500011920929,water_temperature,32.426841735839844,degC,2026-09-16T11:06:00+00:00,2026-09-14T15:00:00+00:00,2026-09-14T21:48:04.514562+00:00,2026-09-14T21:48:04.514562+00:00,https://opendap.co-ops.nos.noaa.gov/thredds/dodsC/NOAA/NGOFS2/MODELS/2026/09/14/ngofs2.t15z.20260914.stations.forecast.nc,Point Clear/Grand Hotel,0.0
noaa_ngofs2_point_clear_station,MODEL,"8733821 Pt Clear, MB",93,nearest_verified_coordinate,0.3114,30.489032745361328,-87.93621826171875,272.06378173828125,1.8300000429153442,bottom,39,-0.987500011920929,salinity,13.90958023071289,1e-3,2026-09-16T11:06:00+00:00,2026-09-14T15:00:00+00:00,2026-09-14T21:48:04.514562+00:00,2026-09-14T21:48:04.514562+00:00,https://opendap.co-ops.nos.noaa.gov/thredds/dodsC/NOAA/NGOFS2/MODELS/2026/09/14/ngofs2.t15z.20260914.stations.forecast.nc,Point Clear/Grand Hotel,0.0
noaa_ngofs2_point_clear_station,MODEL,"8733821 Pt Clear, MB",93,nearest_verified_coordinate,0.3114,30.489032745361328,-87.93621826171875,272.06378173828125,1.8300000429153442,surface,,,water_surface_elevation,0.2830638885498047,m,2026-09-16T11:06:00+00:00,2026-09-14T15:00:00+00:00,2026-09-14T21:48:04.514562+00:00,2026-09-14T21:48:04.514562+00:00,https://opendap.co-ops.nos.noaa.gov/thredds/dodsC/NOAA/NGOFS2/MODELS/2026/09/14/ngofs2.t15z.20260914.stations.forecast.nc,Point Clear/Grand Hotel,0.0
noaa_ngofs2_point_clear_station,MODEL,"8733821 Pt Clear, MB",93,nearest_verified_coordinate,0.3114,30.489032745361328,-87.93621826171875,272.06378173828125,1.8300000429153442,surface,0,-0.012500000186264515,eastward_current,-0.09547687321901321,m/s,2026-09-16T11:12:00+00:00,2026-09-14T15:00:00+00:00,2026-09-14T21:48:04.514562+00:00,2026-09-14T21:48:04.514562+00:00,https://opendap.co-ops.nos.noaa.gov/thredds/dodsC/NOAA/NGOFS2/MODELS/2026/09/14/ngofs2.t15z.20260914.stations.forecast.nc,Point Clear/Grand Hotel,0.0
noaa_ngofs2_point_clear_station,MODEL,"8733821 Pt Clear, MB",93,nearest_verified_coordinate,0.3114,30.489032745361328,-87.93621826171875,272.06378173828125,1.8300000429153442,surface,0,-0.012500000186264515,northward_current,-0.18773384392261505,m/s,2026-09-16T11:12:00+00:00,2026-09-14T15:00:00+00:00,2026-09-14T21:48:04.514562+00:00,2026-09-14T21:48:04.514562+00:00,https://opendap.co-ops.nos.noaa.gov/thredds/dodsC/NOAA/NGOFS2/MODELS/2026/09/14/ngofs2.t15z.20260914.stations.forecast.nc,Point Clear/Grand Hotel,0.0
noaa_ngofs2_point_clear_station,MODEL,"8733821 Pt Clear, MB",93,nearest_verified_coordinate,0.3114,30.489032745361328,-87.93621826171875,272.06378173828125,1.8300000429153442,surface,0,-0.012500000186264515,shoreward_current,-0.09547687321901323,m/s,2026-09-16T11:12:00+00:00,2026-09-14T15:00:00+00:00,2026-09-14T21:48:04.514562+00:00,2026-09-14T21:48:04.514562+00:00,https://opendap.co-ops.nos.noaa.gov/thredds/dodsC/NOAA/NGOFS2/MODELS/2026/09/14/ngofs2.t15z.20260914.stations.forecast.nc,Point Clear/Grand Hotel,0.0
noaa_ngofs2_point_clear_station,MODEL,"8733821 Pt Clear, MB",93,nearest_verified_coordinate,0.3114,30.489032745361328,-87.93621826171875,272.06378173828125,1.8300000429153442,surface,0,-0.012500000186264515,water_temperature,32.377925872802734,degC,2026-09-16T11:12:00+00:00,2026-09-14T15:00:00+00:00,2026-09-14T21:48:04.514562+00:00,2026-09-14T21:48:04.514562+00:00,https://opendap.co-ops.nos.noaa.gov/thredds/dodsC/NOAA/NGOFS2/MODELS/2026/09/14/ngofs2.t15z.20260914.stations.forecast.nc,Point Clear/Grand Hotel,0.0
noaa_ngofs2_point_clear_station,MODEL,"8733821 Pt Clear, MB",93,nearest_verified_coordinate,0.3114,30.489032745361328,-87.93621826171875,272.06378173828125,1.8300000429153442,surface,0,-0.012500000186264515,salinity,13.726885795593262,1e-3,2026-09-16T11:12:00+00:00,2026-09-14T15:00:00+00:00,2026-09-14T21:48:04.514562+00:00,2026-09-14T21:48:04.514562+00:00,https://opendap.co-ops.nos.noaa.gov/thredds/dodsC/NOAA/NGOFS2/MODELS/2026/09/14/ngofs2.t15z.20260914.stations.forecast.nc,Point Clear/Grand Hotel,0.0
noaa_ngofs2_point_clear_station,MODEL,"8733821 Pt Clear, MB",93,nearest_verified_coordinate,0.3114,30.489032745361328,-87.93621826171875,272.06378173828125,1.8300000429153442,bottom,39,-0.987500011920929,eastward_current,-0.014953488484025002,m/s,2026-09-16T11:12:00+00:00,2026-09-14T15:00:00+00:00,2026-09-14T21:48:04.514562+00:00,2026-09-14T21:48:04.514562+00:00,https://opendap.co-ops.nos.noaa.gov/thredds/dodsC/NOAA/NGOFS2/MODELS/2026/09/14/ngofs2.t15z.20260914.stations.forecast.nc,Point Clear/Grand Hotel,0.0
noaa_ngofs2_point_clear_station,MODEL,"8733821 Pt Clear, MB",93,nearest_verified_coordinate,0.3114,30.489032745361328,-87.93621826171875,272.06378173828125,1.8300000429153442,bottom,39,-0.987500011920929,northward_current,-0.048852358013391495,m/s,2026-09-16T11:12:00+00:00,2026-09-14T15:00:00+00:00,2026-09-14T21:48:04.514562+00:00,2026-09-14T21:48:04.514562+00:00,https://opendap.co-ops.nos.noaa.gov/thredds/dodsC/NOAA/NGOFS2/MODELS/2026/09/14/ngofs2.t15z.20260914.stations.forecast.nc,Point Clear/Grand Hotel,0.0
noaa_ngofs2_point_clear_station,MODEL,"8733821 Pt Clear, MB",93,nearest_verified_coordinate,0.3114,30.489032745361328,-87.93621826171875,272.06378173828125,1.8300000429153442,bottom,39,-0.987500011920929,shoreward_current,-0.014953488484025005,m/s,2026-09-16T11:12:00+00:00,2026-09-14T15:00:00+00:00,2026-09-14T21:48:04.514562+00:00,2026-09-14T21:48:04.514562+00:00,https://opendap.co-ops.nos.noaa.gov/thredds/dodsC/NOAA/NGOFS2/MODELS/2026/09/14/ngofs2.t15z.20260914.stations.forecast.nc,Point Clear/Grand Hotel,0.0
noaa_ngofs2_point_clear_station,MODEL,"8733821 Pt Clear, MB",93,nearest_verified_coordinate,0.3114,30.489032745361328,-87.93621826171875,272.06378173828125,1.8300000429153442,bottom,39,-0.987500011920929,water_temperature,32.44075012207031,degC,2026-09-16T11:12:00+00:00,2026-09-14T15:00:00+00:00,2026-09-14T21:48:04.514562+00:00,2026-09-14T21:48:04.514562+00:00,https://opendap.co-ops.nos.noaa.gov/thredds/dodsC/NOAA/NGOFS2/MODELS/2026/09/14/ngofs2.t15z.20260914.stations.forecast.nc,Point Clear/Grand Hotel,0.0
noaa_ngofs2_point_clear_station,MODEL,"8733821 Pt Clear, MB",93,nearest_verified_coordinate,0.3114,30.489032745361328,-87.93621826171875,272.06378173828125,1.8300000429153442,bottom,39,-0.987500011920929,salinity,13.879867553710938,1e-3,2026-09-16T11:12:00+00:00,2026-09-14T15:00:00+00:00,2026-09-14T21:48:04.514562+00:00,2026-09-14T21:48:04.514562+00:00,https://opendap.co-ops.nos.noaa.gov/thredds/dodsC/NOAA/NGOFS2/MODELS/2026/09/14/ngofs2.t15z.20260914.stations.forecast.nc,Point Clear/Grand Hotel,0.0
noaa_ngofs2_point_clear_station,MODEL,"8733821 Pt Clear, MB",93,nearest_verified_coordinate,0.3114,30.489032745361328,-87.93621826171875,272.06378173828125,1.8300000429153442,surface,,,water_surface_elevation,0.27531301975250244,m,2026-09-16T11:12:00+00:00,2026-09-14T15:00:00+00:00,2026-09-14T21:48:04.514562+00:00,2026-09-14T21:48:04.514562+00:00,https://opendap.co-ops.nos.noaa.gov/thredds/dodsC/NOAA/NGOFS2/MODELS/2026/09/14/ngofs2.t15z.20260914.stations.forecast.nc,Point Clear/Grand Hotel,0.0
noaa_ngofs2_point_clear_station,MODEL,"8733821 Pt Clear, MB",93,nearest_verified_coordinate,0.3114,30.489032745361328,-87.93621826171875,272.06378173828125,1.8300000429153442,surface,0,-0.012500000186264515,eastward_current,-0.09373738616704941,m/s,2026-09-16T11:18:00+00:00,2026-09-14T15:00:00+00:00,2026-09-14T21:48:04.514562+00:00,2026-09-14T21:48:04.514562+00:00,https://opendap.co-ops.nos.noaa.gov/thredds/dodsC/NOAA/NGOFS2/MODELS/2026/09/14/ngofs2.t15z.20260914.stations.forecast.nc,Point Clear/Grand Hotel,0.0
noaa_ngofs2_point_clear_station,MODEL,"8733821 Pt Clear, MB",93,nearest_verified_coordinate,0.3114,30.489032745361328,-87.93621826171875,272.06378173828125,1.8300000429153442,surface,0,-0.012500000186264515,northward_current,-0.18456627428531647,m/s,2026-09-16T11:18:00+00:00,2026-09-14T15:00:00+00:00,2026-09-14T21:48:04.514562+00:00,2026-09-14T21:48:04.514562+00:00,https://opendap.co-ops.nos.noaa.gov/thredds/dodsC/NOAA/NGOFS2/MODELS/2026/09/14/ngofs2.t15z.20260914.stations.forecast.nc,Point Clear/Grand Hotel,0.0
noaa_ngofs2_point_clear_station,MODEL,"8733821 Pt Clear, MB",93,nearest_verified_coordinate,0.3114,30.489032745361328,-87.93621826171875,272.06378173828125,1.8300000429153442,surface,0,-0.012500000186264515,shoreward_current,-0.09373738616704942,m/s,2026-09-16T11:18:00+00:00,2026-09-14T15:00:00+00:00,2026-09-14T21:48:04.514562+00:00,2026-09-14T21:48:04.514562+00:00,https://opendap.co-ops.nos.noaa.gov/thredds/dodsC/NOAA/NGOFS2/MODELS/2026/09/14/ngofs2.t15z.20260914.stations.forecast.nc,Point Clear/Grand Hotel,0.0
noaa_ngofs2_point_clear_station,MODEL,"8733821 Pt Clear, MB",93,nearest_verified_coordinate,0.3114,30.489032745361328,-87.93621826171875,272.06378173828125,1.8300000429153442,surface,0,-0.012500000186264515,water_temperature,32.388614654541016,degC,2026-09-16T11:18:00+00:00,2026-09-14T15:00:00+00:00,2026-09-14T21:48:04.514562+00:00,2026-09-14T21:48:04.514562+00:00,https://opendap.co-ops.nos.noaa.gov/thredds/dodsC/NOAA/NGOFS2/MODELS/2026/09/14/ngofs2.t15z.20260914.stations.forecast.nc,Point Clear/Grand Hotel,0.0
noaa_ngofs2_point_clear_station,MODEL,"8733821 Pt Clear, MB",93,nearest_verified_coordinate,0.3114,30.489032745361328,-87.93621826171875,272.06378173828125,1.8300000429153442,surface,0,-0.012500000186264515,salinity,13.717878341674805,1e-3,2026-09-16T11:18:00+00:00,2026-09-14T15:00:00+00:00,2026-09-14T21:48:04.514562+00:00,2026-09-14T21:48:04.514562+00:00,https://opendap.co-ops.nos.noaa.gov/thredds/dodsC/NOAA/NGOFS2/MODELS/2026/09/14/ngofs2.t15z.20260914.stations.forecast.nc,Point Clear/Grand Hotel,0.0
noaa_ngofs2_point_clear_station,MODEL,"8733821 Pt Clear, MB",93,nearest_verified_coordinate,0.3114,30.489032745361328,-87.93621826171875,272.06378173828125,1.8300000429153442,bottom,39,-0.987500011920929,eastward_current,-0.01496349461376667,m/s,2026-09-16T11:18:00+00:00,2026-09-14T15:00:00+00:00,2026-09-14T21:48:04.514562+00:00,2026-09-14T21:48:04.514562+00:00,https://opendap.co-ops.nos.noaa.gov/thredds/dodsC/NOAA/NGOFS2/MODELS/2026/09/14/ngofs2.t15z.20260914.stations.forecast.nc,Point Clear/Grand Hotel,0.0
noaa_ngofs2_point_clear_station,MODEL,"8733821 Pt Clear, MB",93,nearest_verified_coordinate,0.3114,30.489032745361328,-87.93621826171875,272.06378173828125,1.8300000429153442,bottom,39,-0.987500011920929,northward_current,-0.04868955537676811,m/s,2026-09-16T11:18:00+00:00,2026-09-14T15:00:00+00:00,2026-09-14T21:48:04.514562+00:00,2026-09-14T21:48:04.514562+00:00,https://opendap.co-ops.nos.noaa.gov/thredds/dodsC/NOAA/NGOFS2/MODELS/2026/09/14/ngofs2.t15z.20260914.stations.forecast.nc,Point Clear/Grand Hotel,0.0
noaa_ngofs2_point_clear_station,MODEL,"8733821 Pt Clear, MB",93,nearest_verified_coordinate,0.3114,30.489032745361328,-87.93621826171875,272.06378173828125,1.8300000429153442,bottom,39,-0.987500011920929,shoreward_current,-0.014963494613766674,m/s,2026-09-16T11:18:00+00:00,2026-09-14T15:00:00+00:00,2026-09-14T21:48:04.514562+00:00,2026-09-14T21:48:04.514562+00:00,https://opendap.co-ops.nos.noaa.gov/thredds/dodsC/NOAA/NGOFS2/MODELS/2026/09/14/ngofs2.t15z.20260914.stations.forecast.nc,Point Clear/Grand Hotel,0.0
noaa_ngofs2_point_clear_station,MODEL,"8733821 Pt Clear, MB",93,nearest_verified_coordinate,0.3114,30.489032745361328,-87.93621826171875,272.06378173828125,1.8300000429153442,bottom,39,-0.987500011920929,water_temperature,32.45284652709961,degC,2026-09-16T11:18:00+00:00,2026-09-14T15:00:00+00:00,2026-09-14T21:48:04.514562+00:00,2026-09-14T21:48:04.514562+00:00,https://opendap.co-ops.nos.noaa.gov/thredds/dodsC/NOAA/NGOFS2/MODELS/2026/09/14/ngofs2.t15z.20260914.stations.forecast.nc,Point Clear/Grand Hotel,0.0
noaa_ngofs2_point_clear_station,MODEL,"8733821 Pt Clear, MB",93,nearest_verified_coordinate,0.3114,30.489032745361328,-87.93621826171875,272.06378173828125,1.8300000429153442,bottom,39,-0.987500011920929,salinity,13.851600646972656,1e-3,2026-09-16T11:18:00+00:00,2026-09-14T15:00:00+00:00,2026-09-14T21:48:04.514562+00:00,2026-09-14T21:48:04.514562+00:00,https://opendap.co-ops.nos.noaa.gov/thredds/dodsC/NOAA/NGOFS2/MODELS/2026/09/14/ngofs2.t15z.20260914.stations.forecast.nc,Point Clear/Grand Hotel,0.0
noaa_ngofs2_point_clear_station,MODEL,"8733821 Pt Clear, MB",93,nearest_verified_coordinate,0.3114,30.489032745361328,-87.93621826171875,272.06378173828125,1.8300000429153442,surface,,,water_surface_elevation,0.26764392852783203,m,2026-09-16T11:18:00+00:00,2026-09-14T15:00:00+00:00,2026-09-14T21:48:04.514562+00:00,2026-09-14T21:48:04.514562+00:00,https://opendap.co-ops.nos.noaa.gov/thredds/dodsC/NOAA/NGOFS2/MODELS/2026/09/14/ngofs2.t15z.20260914.stations.forecast.nc,Point Clear/Grand Hotel,0.0
noaa_ngofs2_point_clear_station,MODEL,"8733821 Pt Clear, MB",93,nearest_verified_coordinate,0.3114,30.489032745361328,-87.93621826171875,272.06378173828125,1.8300000429153442,surface,0,-0.012500000186264515,eastward_current,-0.09195630252361298,m/s,2026-09-16T11:24:00+00:00,2026-09-14T15:00:00+00:00,2026-09-14T21:48:04.514562+00:00,2026-09-14T21:48:04.514562+00:00,https://opendap.co-ops.nos.noaa.gov/thredds/dodsC/NOAA/NGOFS2/MODELS/2026/09/14/ngofs2.t15z.20260914.stations.forecast.nc,Point Clear/Grand Hotel,0.0
noaa_ngofs2_point_clear_station,MODEL,"8733821 Pt Clear, MB",93,nearest_verified_coordinate,0.3114,30.489032745361328,-87.93621826171875,272.06378173828125,1.8300000429153442,surface,0,-0.012500000186264515,northward_current,-0.18074923753738403,m/s,2026-09-16T11:24:00+00:00,2026-09-14T15:00:00+00:00,2026-09-14T21:48:04.514562+00:00,2026-09-14T21:48:04.514562+00:00,https://opendap.co-ops.nos.noaa.gov/thredds/dodsC/NOAA/NGOFS2/MODELS/2026/09/14/ngofs2.t15z.20260914.stations.forecast.nc,Point Clear/Grand Hotel,0.0
noaa_ngofs2_point_clear_station,MODEL,"8733821 Pt Clear, MB",93,nearest_verified_coordinate,0.3114,30.489032745361328,-87.93621826171875,272.06378173828125,1.8300000429153442,surface,0,-0.012500000186264515,shoreward_current,-0.09195630252361299,m/s,2026-09-16T11:24:00+00:00,2026-09-14T15:00:00+00:00,2026-09-14T21:48:04.514562+00:00,2026-09-14T21:48:04.514562+00:00,https://opendap.co-ops.nos.noaa.gov/thredds/dodsC/NOAA/NGOFS2/MODELS/2026/09/14/ngofs2.t15z.20260914.stations.forecast.nc,Point Clear/Grand Hotel,0.0
noaa_ngofs2_point_clear_station,MODEL,"8733821 Pt Clear, MB",93,nearest_verified_coordinate,0.3114,30.489032745361328,-87.93621826171875,272.06378173828125,1.8300000429153442,surface,0,-0.012500000186264515,water_temperature,32.39778518676758,degC,2026-09-16T11:24:00+00:00,2026-09-14T15:00:00+00:00,2026-09-14T21:48:04.514562+00:00,2026-09-14T21:48:04.514562+00:00,https://opendap.co-ops.nos.noaa.gov/thredds/dodsC/NOAA/NGOFS2/MODELS/2026/09/14/ngofs2.t15z.20260914.stations.forecast.nc,Point Clear/Grand Hotel,0.0
noaa_ngofs2_point_clear_station,MODEL,"8733821 Pt Clear, MB",93,nearest_verified_coordinate,0.3114,30.489032745361328,-87.93621826171875,272.06378173828125,1.8300000429153442,surface,0,-0.012500000186264515,salinity,13.708701133728027,1e-3,2026-09-16T11:24:00+00:00,2026-09-14T15:00:00+00:00,2026-09-14T21:48:04.514562+00:00,2026-09-14T21:48:04.514562+00:00,https://opendap.co-ops.nos.noaa.gov/thredds/dodsC/NOAA/NGOFS2/MODELS/2026/09/14/ngofs2.t15z.20260914.stations.forecast.nc,Point Clear/Grand Hotel,0.0
noaa_ngofs2_point_clear_station,MODEL,"8733821 Pt Clear, MB",93,nearest_verified_coordinate,0.3114,30.489032745361328,-87.93621826171875,272.06378173828125,1.8300000429153442,bottom,39,-0.987500011920929,eastward_current,-0.014980996958911419,m/s,2026-09-16T11:24:00+00:00,2026-09-14T15:00:00+00:00,2026-09-14T21:48:04.514562+00:00,2026-09-14T21:48:04.514562+00:00,https://opendap.co-ops.nos.noaa.gov/thredds/dodsC/NOAA/NGOFS2/MODELS/2026/09/14/ngofs2.t15z.20260914.stations.forecast.nc,Point Clear/Grand Hotel,0.0
noaa_ngofs2_point_clear_station,MODEL,"8733821 Pt Clear, MB",93,nearest_verified_coordinate,0.3114,30.489032745361328,-87.93621826171875,272.06378173828125,1.8300000429153442,bottom,39,-0.987500011920929,northward_current,-0.048238739371299744,m/s,2026-09-16T11:24:00+00:00,2026-09-14T15:00:00+00:00,2026-09-14T21:48:04.514562+00:00,2026-09-14T21:48:04.514562+00:00,https://opendap.co-ops.nos.noaa.gov/thredds/dodsC/NOAA/NGOFS2/MODELS/2026/09/14/ngofs2.t15z.20260914.stations.forecast.nc,Point Clear/Grand Hotel,0.0
noaa_ngofs2_point_clear_station,MODEL,"8733821 Pt Clear, MB",93,nearest_verified_coordinate,0.3114,30.489032745361328,-87.93621826171875,272.06378173828125,1.8300000429153442,bottom,39,-0.987500011920929,shoreward_current,-0.014980996958911422,m/s,2026-09-16T11:24:00+00:00,2026-09-14T15:00:00+00:00,2026-09-14T21:48:04.514562+00:00,2026-09-14T21:48:04.514562+00:00,https://opendap.co-ops.nos.noaa.gov/thredds/dodsC/NOAA/NGOFS2/MODELS/2026/09/14/ngofs2.t15z.20260914.stations.forecast.nc,Point Clear/Grand Hotel,0.0
noaa_ngofs2_point_clear_station,MODEL,"8733821 Pt Clear, MB",93,nearest_verified_coordinate,0.3114,30.489032745361328,-87.93621826171875,272.06378173828125,1.8300000429153442,bottom,39,-0.987500011920929,water_temperature,32.46348190307617,degC,2026-09-16T11:24:00+00:00,2026-09-14T15:00:00+00:00,2026-09-14T21:48:04.514562+00:00,2026-09-14T21:48:04.514562+00:00,https://opendap.co-ops.nos.noaa.gov/thredds/dodsC/NOAA/NGOFS2/MODELS/2026/09/14/ngofs2.t15z.20260914.stations.forecast.nc,Point Clear/Grand Hotel,0.0
noaa_ngofs2_point_clear_station,MODEL,"8733821 Pt Clear, MB",93,nearest_verified_coordinate,0.3114,30.489032745361328,-87.93621826171875,272.06378173828125,1.8300000429153442,bottom,39,-0.987500011920929,salinity,13.825498580932617,1e-3,2026-09-16T11:24:00+00:00,2026-09-14T15:00:00+00:00,2026-09-14T21:48:04.514562+00:00,2026-09-14T21:48:04.514562+00:00,https://opendap.co-ops.nos.noaa.gov/thredds/dodsC/NOAA/NGOFS2/MODELS/2026/09/14/ngofs2.t15z.20260914.stations.forecast.nc,Point Clear/Grand Hotel,0.0
noaa_ngofs2_point_clear_station,MODEL,"8733821 Pt Clear, MB",93,nearest_verified_coordinate,0.3114,30.489032745361328,-87.93621826171875,272.06378173828125,1.8300000429153442,surface,,,water_surface_elevation,0.26008254289627075,m,2026-09-16T11:24:00+00:00,2026-09-14T15:00:00+00:00,2026-09-14T21:48:04.514562+00:00,2026-09-14T21:48:04.514562+00:00,https://opendap.co-ops.nos.noaa.gov/thredds/dodsC/NOAA/NGOFS2/MODELS/2026/09/14/ngofs2.t15z.20260914.stations.forecast.nc,Point Clear/Grand Hotel,0.0
noaa_ngofs2_point_clear_station,MODEL,"8733821 Pt Clear, MB",93,nearest_verified_coordinate,0.3114,30.489032745361328,-87.93621826171875,272.06378173828125,1.8300000429153442,surface,0,-0.012500000186264515,eastward_current,-0.09006012231111526,m/s,2026-09-16T11:30:00+00:00,2026-09-14T15:00:00+00:00,2026-09-14T21:48:04.514562+00:00,2026-09-14T21:48:04.514562+00:00,https://opendap.co-ops.nos.noaa.gov/thredds/dodsC/NOAA/NGOFS2/MODELS/2026/09/14/ngofs2.t15z.20260914.stations.forecast.nc,Point Clear/Grand Hotel,0.0
noaa_ngofs2_point_clear_station,MODEL,"8733821 Pt Clear, MB",93,nearest_verified_coordinate,0.3114,30.489032745361328,-87.93621826171875,272.06378173828125,1.8300000429153442,surface,0,-0.012500000186264515,northward_current,-0.17703767120838165,m/s,2026-09-16T11:30:00+00:00,2026-09-14T15:00:00+00:00,2026-09-14T21:48:04.514562+00:00,2026-09-14T21:48:04.514562+00:00,https://opendap.co-ops.nos.noaa.gov/thredds/dodsC/NOAA/NGOFS2/MODELS/2026/09/14/ngofs2.t15z.20260914.stations.forecast.nc,Point Clear/Grand Hotel,0.0
noaa_ngofs2_point_clear_station,MODEL,"8733821 Pt Clear, MB",93,nearest_verified_coordinate,0.3114,30.489032745361328,-87.93621826171875,272.06378173828125,1.8300000429153442,surface,0,-0.012500000186264515,shoreward_current,-0.09006012231111528,m/s,2026-09-16T11:30:00+00:00,2026-09-14T15:00:00+00:00,2026-09-14T21:48:04.514562+00:00,2026-09-14T21:48:04.514562+00:00,https://opendap.co-ops.nos.noaa.gov/thredds/dodsC/NOAA/NGOFS2/MODELS/2026/09/14/ngofs2.t15z.20260914.stations.forecast.nc,Point Clear/Grand Hotel,0.0
noaa_ngofs2_point_clear_station,MODEL,"8733821 Pt Clear, MB",93,nearest_verified_coordinate,0.3114,30.489032745361328,-87.93621826171875,272.06378173828125,1.8300000429153442,surface,0,-0.012500000186264515,water_temperature,32.40541458129883,degC,2026-09-16T11:30:00+00:00,2026-09-14T15:00:00+00:00,2026-09-14T21:48:04.514562+00:00,2026-09-14T21:48:04.514562+00:00,https://opendap.co-ops.nos.noaa.gov/thredds/dodsC/NOAA/NGOFS2/MODELS/2026/09/14/ngofs2.t15z.20260914.stations.forecast.nc,Point Clear/Grand Hotel,0.0
noaa_ngofs2_point_clear_station,MODEL,"8733821 Pt Clear, MB",93,nearest_verified_coordinate,0.3114,30.489032745361328,-87.93621826171875,272.06378173828125,1.8300000429153442,surface,0,-0.012500000186264515,salinity,13.699522018432617,1e-3,2026-09-16T11:30:00+00:00,2026-09-14T15:00:00+00:00,2026-09-14T21:48:04.514562+00:00,2026-09-14T21:48:04.514562+00:00,https://opendap.co-ops.nos.noaa.gov/thredds/dodsC/NOAA/NGOFS2/MODELS/2026/09/14/ngofs2.t15z.20260914.stations.forecast.nc,Point Clear/Grand Hotel,0.0
noaa_ngofs2_point_clear_station,MODEL,"8733821 Pt Clear, MB",93,nearest_verified_coordinate,0.3114,30.489032745361328,-87.93621826171875,272.06378173828125,1.8300000429153442,bottom,39,-0.987500011920929,eastward_current,-0.014865641482174397,m/s,2026-09-16T11:30:00+00:00,2026-09-14T15:00:00+00:00,2026-09-14T21:48:04.514562+00:00,2026-09-14T21:48:04.514562+00:00,https://opendap.co-ops.nos.noaa.gov/thredds/dodsC/NOAA/NGOFS2/MODELS/2026/09/14/ngofs2.t15z.20260914.stations.forecast.nc,Point Clear/Grand Hotel,0.0
noaa_ngofs2_point_clear_station,MODEL,"8733821 Pt Clear, MB",93,nearest_verified_coordinate,0.3114,30.489032745361328,-87.93621826171875,272.06378173828125,1.8300000429153442,bottom,39,-0.987500011920929,northward_current,-0.04760836809873581,m/s,2026-09-16T11:30:00+00:00,2026-09-14T15:00:00+00:00,2026-09-14T21:48:04.514562+00:00,2026-09-14T21:48:04.514562+00:00,https://opendap.co-ops.nos.noaa.gov/thredds/dodsC/NOAA/NGOFS2/MODELS/2026/09/14/ngofs2.t15z.20260914.stations.forecast.nc,Point Clear/Grand Hotel,0.0
noaa_ngofs2_point_clear_station,MODEL,"8733821 Pt Clear, MB",93,nearest_verified_coordinate,0.3114,30.489032745361328,-87.93621826171875,272.06378173828125,1.8300000429153442,bottom,39,-0.987500011920929,shoreward_current,-0.0148656414821744,m/s,2026-09-16T11:30:00+00:00,2026-09-14T15:00:00+00:00,2026-09-14T21:48:04.514562+00:00,2026-09-14T21:48:04.514562+00:00,https://opendap.co-ops.nos.noaa.gov/thredds/dodsC/NOAA/NGOFS2/MODELS/2026/09/14/ngofs2.t15z.20260914.stations.forecast.nc,Point Clear/Grand Hotel,0.0
noaa_ngofs2_point_clear_station,MODEL,"8733821 Pt Clear, MB",93,nearest_verified_coordinate,0.3114,30.489032745361328,-87.93621826171875,272.06378173828125,1.8300000429153442,bottom,39,-0.987500011920929,water_temperature,32.47236633300781,degC,2026-09-16T11:30:00+00:00,2026-09-14T15:00:00+00:00,2026-09-14T21:48:04.514562+00:00,2026-09-14T21:48:04.514562+00:00,https://opendap.co-ops.nos.noaa.gov/thredds/dodsC/NOAA/NGOFS2/MODELS/2026/09/14/ngofs2.t15z.20260914.stations.forecast.nc,Point Clear/Grand Hotel,0.0
noaa_ngofs2_point_clear_station,MODEL,"8733821 Pt Clear, MB",93,nearest_verified_coordinate,0.3114,30.489032745361328,-87.93621826171875,272.06378173828125,1.8300000429153442,bottom,39,-0.987500011920929,salinity,13.8010835647583,1e-3,2026-09-16T11:30:00+00:00,2026-09-14T15:00:00+00:00,2026-09-14T21:48:04.514562+00:00,2026-09-14T21:48:04.514562+00:00,https://opendap.co-ops.nos.noaa.gov/thredds/dodsC/NOAA/NGOFS2/MODELS/2026/09/14/ngofs2.t15z.20260914.stations.forecast.nc,Point Clear/Grand Hotel,0.0
noaa_ngofs2_point_clear_station,MODEL,"8733821 Pt Clear, MB",93,nearest_verified_coordinate,0.3114,30.489032745361328,-87.93621826171875,272.06378173828125,1.8300000429153442,surface,,,water_surface_elevation,0.2527632415294647,m,2026-09-16T11:30:00+00:00,2026-09-14T15:00:00+00:00,2026-09-14T21:48:04.514562+00:00,2026-09-14T21:48:04.514562+00:00,https://opendap.co-ops.nos.noaa.gov/thredds/dodsC/NOAA/NGOFS2/MODELS/2026/09/14/ngofs2.t15z.20260914.stations.forecast.nc,Point Clear/Grand Hotel,0.0
noaa_ngofs2_point_clear_station,MODEL,"8733821 Pt Clear, MB",93,nearest_verified_coordinate,0.3114,30.489032745361328,-87.93621826171875,272.06378173828125,1.8300000429153442,surface,0,-0.012500000186264515,eastward_current,-0.08811252564191818,m/s,2026-09-16T11:36:00+00:00,2026-09-14T15:00:00+00:00,2026-09-14T21:48:04.514562+00:00,2026-09-14T21:48:04.514562+00:00,https://opendap.co-ops.nos.noaa.gov/thredds/dodsC/NOAA/NGOFS2/MODELS/2026/09/14/ngofs2.t15z.20260914.stations.forecast.nc,Point Clear/Grand Hotel,0.0
noaa_ngofs2_point_clear_station,MODEL,"8733821 Pt Clear, MB",93,nearest_verified_coordinate,0.3114,30.489032745361328,-87.93621826171875,272.06378173828125,1.8300000429153442,surface,0,-0.012500000186264515,northward_current,-0.1734721064567566,m/s,2026-09-16T11:36:00+00:00,2026-09-14T15:00:00+00:00,2026-09-14T21:48:04.514562+00:00,2026-09-14T21:48:04.514562+00:00,https://opendap.co-ops.nos.noaa.gov/thredds/dodsC/NOAA/NGOFS2/MODELS/2026/09/14/ngofs2.t15z.20260914.stations.forecast.nc,Point Clear/Grand Hotel,0.0
noaa_ngofs2_point_clear_station,MODEL,"8733821 Pt Clear, MB",93,nearest_verified_coordinate,0.3114,30.489032745361328,-87.93621826171875,272.06378173828125,1.8300000429153442,surface,0,-0.012500000186264515,shoreward_current,-0.0881125256419182,m/s,2026-09-16T11:36:00+00:00,2026-09-14T15:00:00+00:00,2026-09-14T21:48:04.514562+00:00,2026-09-14T21:48:04.514562+00:00,https://opendap.co-ops.nos.noaa.gov/thredds/dodsC/NOAA/NGOFS2/MODELS/2026/09/14/ngofs2.t15z.20260914.stations.forecast.nc,Point Clear/Grand Hotel,0.0
noaa_ngofs2_point_clear_station,MODEL,"8733821 Pt Clear, MB",93,nearest_verified_coordinate,0.3114,30.489032745361328,-87.93621826171875,272.06378173828125,1.8300000429153442,surface,0,-0.012500000186264515,water_temperature,32.411949157714844,degC,2026-09-16T11:36:00+00:00,2026-09-14T15:00:00+00:00,2026-09-14T21:48:04.514562+00:00,2026-09-14T21:48:04.514562+00:00,https://opendap.co-ops.nos.noaa.gov/thredds/dodsC/NOAA/NGOFS2/MODELS/2026/09/14/ngofs2.t15z.20260914.stations.forecast.nc,Point Clear/Grand Hotel,0.0
noaa_ngofs2_point_clear_station,MODEL,"8733821 Pt Clear, MB",93,nearest_verified_coordinate,0.3114,30.489032745361328,-87.93621826171875,272.06378173828125,1.8300000429153442,surface,0,-0.012500000186264515,salinity,13.690645217895508,1e-3,2026-09-16T11:36:00+00:00,2026-09-14T15:00:00+00:00,2026-09-14T21:48:04.514562+00:00,2026-09-14T21:48:04.514562+00:00,https://opendap.co-ops.nos.noaa.gov/thredds/dodsC/NOAA/NGOFS2/MODELS/2026/09/14/ngofs2.t15z.20260914.stations.forecast.nc,Point Clear/Grand Hotel,0.0
noaa_ngofs2_point_clear_station,MODEL,"8733821 Pt Clear, MB",93,nearest_verified_coordinate,0.3114,30.489032745361328,-87.93621826171875,272.06378173828125,1.8300000429153442,bottom,39,-0.987500011920929,eastward_current,-0.014798276126384735,m/s,2026-09-16T11:36:00+00:00,2026-09-14T15:00:00+00:00,2026-09-14T21:48:04.514562+00:00,2026-09-14T21:48:04.514562+00:00,https://opendap.co-ops.nos.noaa.gov/thredds/dodsC/NOAA/NGOFS2/MODELS/2026/09/14/ngofs2.t15z.20260914.stations.forecast.nc,Point Clear/Grand Hotel,0.0
noaa_ngofs2_point_clear_station,MODEL,"8733821 Pt Clear, MB",93,nearest_verified_coordinate,0.3114,30.489032745361328,-87.93621826171875,272.06378173828125,1.8300000429153442,bottom,39,-0.987500011920929,northward_current,-0.04705287143588066,m/s,2026-09-16T11:36:00+00:00,2026-09-14T15:00:00+00:00,2026-09-14T21:48:04.514562+00:00,2026-09-14T21:48:04.514562+00:00,https://opendap.co-ops.nos.noaa.gov/thredds/dodsC/NOAA/NGOFS2/MODELS/2026/09/14/ngofs2.t15z.20260914.stations.forecast.nc,Point Clear/Grand Hotel,0.0
noaa_ngofs2_point_clear_station,MODEL,"8733821 Pt Clear, MB",93,nearest_verified_coordinate,0.3114,30.489032745361328,-87.93621826171875,272.06378173828125,1.8300000429153442,bottom,39,-0.987500011920929,shoreward_current,-0.014798276126384739,m/s,2026-09-16T11:36:00+00:00,2026-09-14T15:00:00+00:00,2026-09-14T21:48:04.514562+00:00,2026-09-14T21:48:04.514562+00:00,https://opendap.co-ops.nos.noaa.gov/thredds/dodsC/NOAA/NGOFS2/MODELS/2026/09/14/ngofs2.t15z.20260914.stations.forecast.nc,Point Clear/Grand Hotel,0.0
noaa_ngofs2_point_clear_station,MODEL,"8733821 Pt Clear, MB",93,nearest_verified_coordinate,0.3114,30.489032745361328,-87.93621826171875,272.06378173828125,1.8300000429153442,bottom,39,-0.987500011920929,water_temperature,32.47956085205078,degC,2026-09-16T11:36:00+00:00,2026-09-14T15:00:00+00:00,2026-09-14T21:48:04.514562+00:00,2026-09-14T21:48:04.514562+00:00,https://opendap.co-ops.nos.noaa.gov/thredds/dodsC/NOAA/NGOFS2/MODELS/2026/09/14/ngofs2.t15z.20260914.stations.forecast.nc,Point Clear/Grand Hotel,0.0
noaa_ngofs2_point_clear_station,MODEL,"8733821 Pt Clear, MB",93,nearest_verified_coordinate,0.3114,30.489032745361328,-87.93621826171875,272.06378173828125,1.8300000429153442,bottom,39,-0.987500011920929,salinity,13.77840805053711,1e-3,2026-09-16T11:36:00+00:00,2026-09-14T15:00:00+00:00,2026-09-14T21:48:04.514562+00:00,2026-09-14T21:48:04.514562+00:00,https://opendap.co-ops.nos.noaa.gov/thredds/dodsC/NOAA/NGOFS2/MODELS/2026/09/14/ngofs2.t15z.20260914.stations.forecast.nc,Point Clear/Grand Hotel,0.0
noaa_ngofs2_point_clear_station,MODEL,"8733821 Pt Clear, MB",93,nearest_verified_coordinate,0.3114,30.489032745361328,-87.93621826171875,272.06378173828125,1.8300000429153442,surface,,,water_surface_elevation,0.24622003734111786,m,2026-09-16T11:36:00+00:00,2026-09-14T15:00:00+00:00,2026-09-14T21:48:04.514562+00:00,2026-09-14T21:48:04.514562+00:00,https://opendap.co-ops.nos.noaa.gov/thredds/dodsC/NOAA/NGOFS2/MODELS/2026/09/14/ngofs2.t15z.20260914.stations.forecast.nc,Point Clear/Grand Hotel,0.0
noaa_ngofs2_point_clear_station,MODEL,"8733821 Pt Clear, MB",93,nearest_verified_coordinate,0.3114,30.489032745361328,-87.93621826171875,272.06378173828125,1.8300000429153442,surface,0,-0.012500000186264515,eastward_current,-0.08671368658542633,m/s,2026-09-16T11:42:00+00:00,2026-09-14T15:00:00+00:00,2026-09-14T21:48:04.514562+00:00,2026-09-14T21:48:04.514562+00:00,https://opendap.co-ops.nos.noaa.gov/thredds/dodsC/NOAA/NGOFS2/MODELS/2026/09/14/ngofs2.t15z.20260914.stations.forecast.nc,Point Clear/Grand Hotel,0.0
noaa_ngofs2_point_clear_station,MODEL,"8733821 Pt Clear, MB",93,nearest_verified_coordinate,0.3114,30.489032745361328,-87.93621826171875,272.06378173828125,1.8300000429153442,surface,0,-0.012500000186264515,northward_current,-0.16980302333831787,m/s,2026-09-16T11:42:00+00:00,2026-09-14T15:00:00+00:00,2026-09-14T21:48:04.514562+00:00,2026-09-14T21:48:04.514562+00:00,https://opendap.co-ops.nos.noaa.gov/thredds/dodsC/NOAA/NGOFS2/MODELS/2026/09/14/ngofs2.t15z.20260914.stations.forecast.nc,Point Clear/Grand Hotel,0.0
noaa_ngofs2_point_clear_station,MODEL,"8733821 Pt Clear, MB",93,nearest_verified_coordinate,0.3114,30.489032745361328,-87.93621826171875,272.06378173828125,1.8300000429153442,surface,0,-0.012500000186264515,shoreward_current,-0.08671368658542634,m/s,2026-09-16T11:42:00+00:00,2026-09-14T15:00:00+00:00,2026-09-14T21:48:04.514562+00:00,2026-09-14T21:48:04.514562+00:00,https://opendap.co-ops.nos.noaa.gov/thredds/dodsC/NOAA/NGOFS2/MODELS/2026/09/14/ngofs2.t15z.20260914.stations.forecast.nc,Point Clear/Grand Hotel,0.0
noaa_ngofs2_point_clear_station,MODEL,"8733821 Pt Clear, MB",93,nearest_verified_coordinate,0.3114,30.489032745361328,-87.93621826171875,272.06378173828125,1.8300000429153442,surface,0,-0.012500000186264515,water_temperature,32.41783905029297,degC,2026-09-16T11:42:00+00:00,2026-09-14T15:00:00+00:00,2026-09-14T21:48:04.514562+00:00,2026-09-14T21:48:04.514562+00:00,https://opendap.co-ops.nos.noaa.gov/thredds/dodsC/NOAA/NGOFS2/MODELS/2026/09/14/ngofs2.t15z.20260914.stations.forecast.nc,Point Clear/Grand Hotel,0.0
noaa_ngofs2_point_clear_station,MODEL,"8733821 Pt Clear, MB",93,nearest_verified_coordinate,0.3114,30.489032745361328,-87.93621826171875,272.06378173828125,1.8300000429153442,surface,0,-0.012500000186264515,salinity,13.682408332824707,1e-3,2026-09-16T11:42:00+00:00,2026-09-14T15:00:00+00:00,2026-09-14T21:48:04.514562+00:00,2026-09-14T21:48:04.514562+00:00,https://opendap.co-ops.nos.noaa.gov/thredds/dodsC/NOAA/NGOFS2/MODELS/2026/09/14/ngofs2.t15z.20260914.stations.forecast.nc,Point Clear/Grand Hotel,0.0
noaa_ngofs2_point_clear_station,MODEL,"8733821 Pt Clear, MB",93,nearest_verified_coordinate,0.3114,30.489032745361328,-87.93621826171875,272.06378173828125,1.8300000429153442,bottom,39,-0.987500011920929,eastward_current,-0.014909174293279648,m/s,2026-09-16T11:42:00+00:00,2026-09-14T15:00:00+00:00,2026-09-14T21:48:04.514562+00:00,2026-09-14T21:48:04.514562+00:00,https://opendap.co-ops.nos.noaa.gov/thredds/dodsC/NOAA/NGOFS2/MODELS/2026/09/14/ngofs2.t15z.20260914.stations.forecast.nc,Point Clear/Grand Hotel,0.0
noaa_ngofs2_point_clear_station,MODEL,"8733821 Pt Clear, MB",93,nearest_verified_coordinate,0.3114,30.489032745361328,-87.93621826171875,272.06378173828125,1.8300000429153442,bottom,39,-0.987500011920929,northward_current,-0.04633143171668053,m/s,2026-09-16T11:42:00+00:00,2026-09-14T15:00:00+00:00,2026-09-14T21:48:04.514562+00:00,2026-09-14T21:48:04.514562+00:00,https://opendap.co-ops.nos.noaa.gov/thredds/dodsC/NOAA/NGOFS2/MODELS/2026/09/14/ngofs2.t15z.20260914.stations.forecast.nc,Point Clear/Grand Hotel,0.0
noaa_ngofs2_point_clear_station,MODEL,"8733821 Pt Clear, MB",93,nearest_verified_coordinate,0.3114,30.489032745361328,-87.93621826171875,272.06378173828125,1.8300000429153442,bottom,39,-0.987500011920929,shoreward_current,-0.014909174293279651,m/s,2026-09-16T11:42:00+00:00,2026-09-14T15:00:00+00:00,2026-09-14T21:48:04.514562+00:00,2026-09-14T21:48:04.514562+00:00,https://opendap.co-ops.nos.noaa.gov/thredds/dodsC/NOAA/NGOFS2/MODELS/2026/09/14/ngofs2.t15z.20260914.stations.forecast.nc,Point Clear/Grand Hotel,0.0
noaa_ngofs2_point_clear_station,MODEL,"8733821 Pt Clear, MB",93,nearest_verified_coordinate,0.3114,30.489032745361328,-87.93621826171875,272.06378173828125,1.8300000429153442,bottom,39,-0.987500011920929,water_temperature,32.484737396240234,degC,2026-09-16T11:42:00+00:00,2026-09-14T15:00:00+00:00,2026-09-14T21:48:04.514562+00:00,2026-09-14T21:48:04.514562+00:00,https://opendap.co-ops.nos.noaa.gov/thredds/dodsC/NOAA/NGOFS2/MODELS/2026/09/14/ngofs2.t15z.20260914.stations.forecast.nc,Point Clear/Grand Hotel,0.0
noaa_ngofs2_point_clear_station,MODEL,"8733821 Pt Clear, MB",93,nearest_verified_coordinate,0.3114,30.489032745361328,-87.93621826171875,272.06378173828125,1.8300000429153442,bottom,39,-0.987500011920929,salinity,13.756702423095703,1e-3,2026-09-16T11:42:00+00:00,2026-09-14T15:00:00+00:00,2026-09-14T21:48:04.514562+00:00,2026-09-14T21:48:04.514562+00:00,https://opendap.co-ops.nos.noaa.gov/thredds/dodsC/NOAA/NGOFS2/MODELS/2026/09/14/ngofs2.t15z.20260914.stations.forecast.nc,Point Clear/Grand Hotel,0.0
noaa_ngofs2_point_clear_station,MODEL,"8733821 Pt Clear, MB",93,nearest_verified_coordinate,0.3114,30.489032745361328,-87.93621826171875,272.06378173828125,1.8300000429153442,surface,,,water_surface_elevation,0.23936954140663147,m,2026-09-16T11:42:00+00:00,2026-09-14T15:00:00+00:00,2026-09-14T21:48:04.514562+00:00,2026-09-14T21:48:04.514562+00:00,https://opendap.co-ops.nos.noaa.gov/thredds/dodsC/NOAA/NGOFS2/MODELS/2026/09/14/ngofs2.t15z.20260914.stations.forecast.nc,Point Clear/Grand Hotel,0.0
noaa_ngofs2_point_clear_station,MODEL,"8733821 Pt Clear, MB",93,nearest_verified_coordinate,0.3114,30.489032745361328,-87.93621826171875,272.06378173828125,1.8300000429153442,surface,0,-0.012500000186264515,eastward_current,-0.08475836366415024,m/s,2026-09-16T11:48:00+00:00,2026-09-14T15:00:00+00:00,2026-09-14T21:48:04.514562+00:00,2026-09-14T21:48:04.514562+00:00,https://opendap.co-ops.nos.noaa.gov/thredds/dodsC/NOAA/NGOFS2/MODELS/2026/09/14/ngofs2.t15z.20260914.stations.forecast.nc,Point Clear/Grand Hotel,0.0
noaa_ngofs2_point_clear_station,MODEL,"8733821 Pt Clear, MB",93,nearest_verified_coordinate,0.3114,30.489032745361328,-87.93621826171875,272.06378173828125,1.8300000429153442,surface,0,-0.012500000186264515,northward_current,-0.16607864201068878,m/s,2026-09-16T11:48:00+00:00,2026-09-14T15:00:00+00:00,2026-09-14T21:48:04.514562+00:00,2026-09-14T21:48:04.514562+00:00,https://opendap.co-ops.nos.noaa.gov/thredds/dodsC/NOAA/NGOFS2/MODELS/2026/09/14/ngofs2.t15z.20260914.stations.forecast.nc,Point Clear/Grand Hotel,0.0
noaa_ngofs2_point_clear_station,MODEL,"8733821 Pt Clear, MB",93,nearest_verified_coordinate,0.3114,30.489032745361328,-87.93621826171875,272.06378173828125,1.8300000429153442,surface,0,-0.012500000186264515,shoreward_current,-0.08475836366415025,m/s,2026-09-16T11:48:00+00:00,2026-09-14T15:00:00+00:00,2026-09-14T21:48:04.514562+00:00,2026-09-14T21:48:04.514562+00:00,https://opendap.co-ops.nos.noaa.gov/thredds/dodsC/NOAA/NGOFS2/MODELS/2026/09/14/ngofs2.t15z.20260914.stations.forecast.nc,Point Clear/Grand Hotel,0.0
noaa_ngofs2_point_clear_station,MODEL,"8733821 Pt Clear, MB",93,nearest_verified_coordinate,0.3114,30.489032745361328,-87.93621826171875,272.06378173828125,1.8300000429153442,surface,0,-0.012500000186264515,water_temperature,32.424034118652344,degC,2026-09-16T11:48:00+00:00,2026-09-14T15:00:00+00:00,2026-09-14T21:48:04.514562+00:00,2026-09-14T21:48:04.514562+00:00,https://opendap.co-ops.nos.noaa.gov/thredds/dodsC/NOAA/NGOFS2/MODELS/2026/09/14/ngofs2.t15z.20260914.stations.forecast.nc,Point Clear/Grand Hotel,0.0
noaa_ngofs2_point_clear_station,MODEL,"8733821 Pt Clear, MB",93,nearest_verified_coordinate,0.3114,30.489032745361328,-87.93621826171875,272.06378173828125,1.8300000429153442,surface,0,-0.012500000186264515,salinity,13.675053596496582,1e-3,2026-09-16T11:48:00+00:00,2026-09-14T15:00:00+00:00,2026-09-14T21:48:04.514562+00:00,2026-09-14T21:48:04.514562+00:00,https://opendap.co-ops.nos.noaa.gov/thredds/dodsC/NOAA/NGOFS2/MODELS/2026/09/14/ngofs2.t15z.20260914.stations.forecast.nc,Point Clear/Grand Hotel,0.0
noaa_ngofs2_point_clear_station,MODEL,"8733821 Pt Clear, MB",93,nearest_verified_coordinate,0.3114,30.489032745361328,-87.93621826171875,272.06378173828125,1.8300000429153442,bottom,39,-0.987500011920929,eastward_current,-0.014836073853075504,m/s,2026-09-16T11:48:00+00:00,2026-09-14T15:00:00+00:00,2026-09-14T21:48:04.514562+00:00,2026-09-14T21:48:04.514562+00:00,https://opendap.co-ops.nos.noaa.gov/thredds/dodsC/NOAA/NGOFS2/MODELS/2026/09/14/ngofs2.t15z.20260914.stations.forecast.nc,Point Clear/Grand Hotel,0.0
noaa_ngofs2_point_clear_station,MODEL,"8733821 Pt Clear, MB",93,nearest_verified_coordinate,0.3114,30.489032745361328,-87.93621826171875,272.06378173828125,1.8300000429153442,bottom,39,-0.987500011920929,northward_current,-0.0457826666533947,m/s,2026-09-16T11:48:00+00:00,2026-09-14T15:00:00+00:00,2026-09-14T21:48:04.514562+00:00,2026-09-14T21:48:04.514562+00:00,https://opendap.co-ops.nos.noaa.gov/thredds/dodsC/NOAA/NGOFS2/MODELS/2026/09/14/ngofs2.t15z.20260914.stations.forecast.nc,Point Clear/Grand Hotel,0.0
noaa_ngofs2_point_clear_station,MODEL,"8733821 Pt Clear, MB",93,nearest_verified_coordinate,0.3114,30.489032745361328,-87.93621826171875,272.06378173828125,1.8300000429153442,bottom,39,-0.987500011920929,shoreward_current,-0.014836073853075508,m/s,2026-09-16T11:48:00+00:00,2026-09-14T15:00:00+00:00,2026-09-14T21:48:04.514562+00:00,2026-09-14T21:48:04.514562+00:00,https://opendap.co-ops.nos.noaa.gov/thredds/dodsC/NOAA/NGOFS2/MODELS/2026/09/14/ngofs2.t15z.20260914.stations.forecast.nc,Point Clear/Grand Hotel,0.0
noaa_ngofs2_point_clear_station,MODEL,"8733821 Pt Clear, MB",93,nearest_verified_coordinate,0.3114,30.489032745361328,-87.93621826171875,272.06378173828125,1.8300000429153442,bottom,39,-0.987500011920929,water_temperature,32.48774719238281,degC,2026-09-16T11:48:00+00:00,2026-09-14T15:00:00+00:00,2026-09-14T21:48:04.514562+00:00,2026-09-14T21:48:04.514562+00:00,https://opendap.co-ops.nos.noaa.gov/thredds/dodsC/NOAA/NGOFS2/MODELS/2026/09/14/ngofs2.t15z.20260914.stations.forecast.nc,Point Clear/Grand Hotel,0.0
noaa_ngofs2_point_clear_station,MODEL,"8733821 Pt Clear, MB",93,nearest_verified_coordinate,0.3114,30.489032745361328,-87.93621826171875,272.06378173828125,1.8300000429153442,bottom,39,-0.987500011920929,salinity,13.735562324523926,1e-3,2026-09-16T11:48:00+00:00,2026-09-14T15:00:00+00:00,2026-09-14T21:48:04.514562+00:00,2026-09-14T21:48:04.514562+00:00,https://opendap.co-ops.nos.noaa.gov/thredds/dodsC/NOAA/NGOFS2/MODELS/2026/09/14/ngofs2.t15z.20260914.stations.forecast.nc,Point Clear/Grand Hotel,0.0
noaa_ngofs2_point_clear_station,MODEL,"8733821 Pt Clear, MB",93,nearest_verified_coordinate,0.3114,30.489032745361328,-87.93621826171875,272.06378173828125,1.8300000429153442,surface,,,water_surface_elevation,0.23180526494979858,m,2026-09-16T11:48:00+00:00,2026-09-14T15:00:00+00:00,2026-09-14T21:48:04.514562+00:00,2026-09-14T21:48:04.514562+00:00,https://opendap.co-ops.nos.noaa.gov/thredds/dodsC/NOAA/NGOFS2/MODELS/2026/09/14/ngofs2.t15z.20260914.stations.forecast.nc,Point Clear/Grand Hotel,0.0
noaa_ngofs2_point_clear_station,MODEL,"8733821 Pt Clear, MB",93,nearest_verified_coordinate,0.3114,30.489032745361328,-87.93621826171875,272.06378173828125,1.8300000429153442,surface,0,-0.012500000186264515,eastward_current,-0.08229456841945648,m/s,2026-09-16T11:54:00+00:00,2026-09-14T15:00:00+00:00,2026-09-14T21:48:04.514562+00:00,2026-09-14T21:48:04.514562+00:00,https://opendap.co-ops.nos.noaa.gov/thredds/dodsC/NOAA/NGOFS2/MODELS/2026/09/14/ngofs2.t15z.20260914.stations.forecast.nc,Point Clear/Grand Hotel,0.0
noaa_ngofs2_point_clear_station,MODEL,"8733821 Pt Clear, MB",93,nearest_verified_coordinate,0.3114,30.489032745361328,-87.93621826171875,272.06378173828125,1.8300000429153442,surface,0,-0.012500000186264515,northward_current,-0.1615278720855713,m/s,2026-09-16T11:54:00+00:00,2026-09-14T15:00:00+00:00,2026-09-14T21:48:04.514562+00:00,2026-09-14T21:48:04.514562+00:00,https://opendap.co-ops.nos.noaa.gov/thredds/dodsC/NOAA/NGOFS2/MODELS/2026/09/14/ngofs2.t15z.20260914.stations.forecast.nc,Point Clear/Grand Hotel,0.0
noaa_ngofs2_point_clear_station,MODEL,"8733821 Pt Clear, MB",93,nearest_verified_coordinate,0.3114,30.489032745361328,-87.93621826171875,272.06378173828125,1.8300000429153442,surface,0,-0.012500000186264515,shoreward_current,-0.0822945684194565,m/s,2026-09-16T11:54:00+00:00,2026-09-14T15:00:00+00:00,2026-09-14T21:48:04.514562+00:00,2026-09-14T21:48:04.514562+00:00,https://opendap.co-ops.nos.noaa.gov/thredds/dodsC/NOAA/NGOFS2/MODELS/2026/09/14/ngofs2.t15z.20260914.stations.forecast.nc,Point Clear/Grand Hotel,0.0
noaa_ngofs2_point_clear_station,MODEL,"8733821 Pt Clear, MB",93,nearest_verified_coordinate,0.3114,30.489032745361328,-87.93621826171875,272.06378173828125,1.8300000429153442,surface,0,-0.012500000186264515,water_temperature,32.42979049682617,degC,2026-09-16T11:54:00+00:00,2026-09-14T15:00:00+00:00,2026-09-14T21:48:04.514562+00:00,2026-09-14T21:48:04.514562+00:00,https://opendap.co-ops.nos.noaa.gov/thredds/dodsC/NOAA/NGOFS2/MODELS/2026/09/14/ngofs2.t15z.20260914.stations.forecast.nc,Point Clear/Grand Hotel,0.0
noaa_ngofs2_point_clear_station,MODEL,"8733821 Pt Clear, MB",93,nearest_verified_coordinate,0.3114,30.489032745361328,-87.93621826171875,272.06378173828125,1.8300000429153442,surface,0,-0.012500000186264515,salinity,13.667450904846191,1e-3,2026-09-16T11:54:00+00:00,2026-09-14T15:00:00+00:00,2026-09-14T21:48:04.514562+00:00,2026-09-14T21:48:04.514562+00:00,https://opendap.co-ops.nos.noaa.gov/thredds/dodsC/NOAA/NGOFS2/MODELS/2026/09/14/ngofs2.t15z.20260914.stations.forecast.nc,Point Clear/Grand Hotel,0.0
noaa_ngofs2_point_clear_station,MODEL,"8733821 Pt Clear, MB",93,nearest_verified_coordinate,0.3114,30.489032745361328,-87.93621826171875,272.06378173828125,1.8300000429153442,bottom,39,-0.987500011920929,eastward_current,-0.014774574898183346,m/s,2026-09-16T11:54:00+00:00,2026-09-14T15:00:00+00:00,2026-09-14T21:48:04.514562+00:00,2026-09-14T21:48:04.514562+00:00,https://opendap.co-ops.nos.noaa.gov/thredds/dodsC/NOAA/NGOFS2/MODELS/2026/09/14/ngofs2.t15z.20260914.stations.forecast.nc,Point Clear/Grand Hotel,0.0
noaa_ngofs2_point_clear_station,MODEL,"8733821 Pt Clear, MB",93,nearest_verified_coordinate,0.3114,30.489032745361328,-87.93621826171875,272.06378173828125,1.8300000429153442,bottom,39,-0.987500011920929,northward_current,-0.045043013989925385,m/s,2026-09-16T11:54:00+00:00,2026-09-14T15:00:00+00:00,2026-09-14T21:48:04.514562+00:00,2026-09-14T21:48:04.514562+00:00,https://opendap.co-ops.nos.noaa.gov/thredds/dodsC/NOAA/NGOFS2/MODELS/2026/09/14/ngofs2.t15z.20260914.stations.forecast.nc,Point Clear/Grand Hotel,0.0
noaa_ngofs2_point_clear_station,MODEL,"8733821 Pt Clear, MB",93,nearest_verified_coordinate,0.3114,30.489032745361328,-87.93621826171875,272.06378173828125,1.8300000429153442,bottom,39,-0.987500011920929,shoreward_current,-0.01477457489818335,m/s,2026-09-16T11:54:00+00:00,2026-09-14T15:00:00+00:00,2026-09-14T21:48:04.514562+00:00,2026-09-14T21:48:04.514562+00:00,https://opendap.co-ops.nos.noaa.gov/thredds/dodsC/NOAA/NGOFS2/MODELS/2026/09/14/ngofs2.t15z.20260914.stations.forecast.nc,Point Clear/Grand Hotel,0.0
noaa_ngofs2_point_clear_station,MODEL,"8733821 Pt Clear, MB",93,nearest_verified_coordinate,0.3114,30.489032745361328,-87.93621826171875,272.06378173828125,1.8300000429153442,bottom,39,-0.987500011920929,water_temperature,32.48887634277344,degC,2026-09-16T11:54:00+00:00,2026-09-14T15:00:00+00:00,2026-09-14T21:48:04.514562+00:00,2026-09-14T21:48:04.514562+00:00,https://opendap.co-ops.nos.noaa.gov/thredds/dodsC/NOAA/NGOFS2/MODELS/2026/09/14/ngofs2.t15z.20260914.stations.forecast.nc,Point Clear/Grand Hotel,0.0
noaa_ngofs2_point_clear_station,MODEL,"8733821 Pt Clear, MB",93,nearest_verified_coordinate,0.3114,30.489032745361328,-87.93621826171875,272.06378173828125,1.8300000429153442,bottom,39,-0.987500011920929,salinity,13.715590476989746,1e-3,2026-09-16T11:54:00+00:00,2026-09-14T15:00:00+00:00,2026-09-14T21:48:04.514562+00:00,2026-09-14T21:48:04.514562+00:00,https://opendap.co-ops.nos.noaa.gov/thredds/dodsC/NOAA/NGOFS2/MODELS/2026/09/14/ngofs2.t15z.20260914.stations.forecast.nc,Point Clear/Grand Hotel,0.0
noaa_ngofs2_point_clear_station,MODEL,"8733821 Pt Clear, MB",93,nearest_verified_coordinate,0.3114,30.489032745361328,-87.93621826171875,272.06378173828125,1.8300000429153442,surface,,,water_surface_elevation,0.22425009310245514,m,2026-09-16T11:54:00+00:00,2026-09-14T15:00:00+00:00,2026-09-14T21:48:04.514562+00:00,2026-09-14T21:48:04.514562+00:00,https://opendap.co-ops.nos.noaa.gov/thredds/dodsC/NOAA/NGOFS2/MODELS/2026/09/14/ngofs2.t15z.20260914.stations.forecast.nc,Point Clear/Grand Hotel,0.0
noaa_ngofs2_point_clear_station,MODEL,"8733821 Pt Clear, MB",93,nearest_verified_coordinate,0.3114,30.489032745361328,-87.93621826171875,272.06378173828125,1.8300000429153442,surface,0,-0.012500000186264515,eastward_current,-0.07953751087188721,m/s,2026-09-16T12:00:00+00:00,2026-09-14T15:00:00+00:00,2026-09-14T21:48:04.514562+00:00,2026-09-14T21:48:04.514562+00:00,https://opendap.co-ops.nos.noaa.gov/thredds/dodsC/NOAA/NGOFS2/MODELS/2026/09/14/ngofs2.t15z.20260914.stations.forecast.nc,Point Clear/Grand Hotel,0.0
noaa_ngofs2_point_clear_station,MODEL,"8733821 Pt Clear, MB",93,nearest_verified_coordinate,0.3114,30.489032745361328,-87.93621826171875,272.06378173828125,1.8300000429153442,surface,0,-0.012500000186264515,northward_current,-0.15616098046302795,m/s,2026-09-16T12:00:00+00:00,2026-09-14T15:00:00+00:00,2026-09-14T21:48:04.514562+00:00,2026-09-14T21:48:04.514562+00:00,https://opendap.co-ops.nos.noaa.gov/thredds/dodsC/NOAA/NGOFS2/MODELS/2026/09/14/ngofs2.t15z.20260914.stations.forecast.nc,Point Clear/Grand Hotel,0.0
noaa_ngofs2_point_clear_station,MODEL,"8733821 Pt Clear, MB",93,nearest_verified_coordinate,0.3114,30.489032745361328,-87.93621826171875,272.06378173828125,1.8300000429153442,surface,0,-0.012500000186264515,shoreward_current,-0.07953751087188722,m/s,2026-09-16T12:00:00+00:00,2026-09-14T15:00:00+00:00,2026-09-14T21:48:04.514562+00:00,2026-09-14T21:48:04.514562+00:00,https://opendap.co-ops.nos.noaa.gov/thredds/dodsC/NOAA/NGOFS2/MODELS/2026/09/14/ngofs2.t15z.20260914.stations.forecast.nc,Point Clear/Grand Hotel,0.0
noaa_ngofs2_point_clear_station,MODEL,"8733821 Pt Clear, MB",93,nearest_verified_coordinate,0.3114,30.489032745361328,-87.93621826171875,272.06378173828125,1.8300000429153442,surface,0,-0.012500000186264515,water_temperature,32.433616638183594,degC,2026-09-16T12:00:00+00:00,2026-09-14T15:00:00+00:00,2026-09-14T21:48:04.514562+00:00,2026-09-14T21:48:04.514562+00:00,https://opendap.co-ops.nos.noaa.gov/thredds/dodsC/NOAA/NGOFS2/MODELS/2026/09/14/ngofs2.t15z.20260914.stations.forecast.nc,Point Clear/Grand Hotel,0.0
noaa_ngofs2_point_clear_station,MODEL,"8733821 Pt Clear, MB",93,nearest_verified_coordinate,0.3114,30.489032745361328,-87.93621826171875,272.06378173828125,1.8300000429153442,surface,0,-0.012500000186264515,salinity,13.65845775604248,1e-3,2026-09-16T12:00:00+00:00,2026-09-14T15:00:00+00:00,2026-09-14T21:48:04.514562+00:00,2026-09-14T21:48:04.514562+00:00,https://opendap.co-ops.nos.noaa.gov/thredds/dodsC/NOAA/NGOFS2/MODELS/2026/09/14/ngofs2.t15z.20260914.stations.forecast.nc,Point Clear/Grand Hotel,0.0
noaa_ngofs2_point_clear_station,MODEL,"8733821 Pt Clear, MB",93,nearest_verified_coordinate,0.3114,30.489032745361328,-87.93621826171875,272.06378173828125,1.8300000429153442,bottom,39,-0.987500011920929,eastward_current,-0.014563745819032192,m/s,2026-09-16T12:00:00+00:00,2026-09-14T15:00:00+00:00,2026-09-14T21:48:04.514562+00:00,2026-09-14T21:48:04.514562+00:00,https://opendap.co-ops.nos.noaa.gov/thredds/dodsC/NOAA/NGOFS2/MODELS/2026/09/14/ngofs2.t15z.20260914.stations.forecast.nc,Point Clear/Grand Hotel,0.0
noaa_ngofs2_point_clear_station,MODEL,"8733821 Pt Clear, MB",93,nearest_verified_coordinate,0.3114,30.489032745361328,-87.93621826171875,272.06378173828125,1.8300000429153442,bottom,39,-0.987500011920929,northward_current,-0.04394102096557617,m/s,2026-09-16T12:00:00+00:00,2026-09-14T15:00:00+00:00,2026-09-14T21:48:04.514562+00:00,2026-09-14T21:48:04.514562+00:00,https://opendap.co-ops.nos.noaa.gov/thredds/dodsC/NOAA/NGOFS2/MODELS/2026/09/14/ngofs2.t15z.20260914.stations.forecast.nc,Point Clear/Grand Hotel,0.0
noaa_ngofs2_point_clear_station,MODEL,"8733821 Pt Clear, MB",93,nearest_verified_coordinate,0.3114,30.489032745361328,-87.93621826171875,272.06378173828125,1.8300000429153442,bottom,39,-0.987500011920929,shoreward_current,-0.014563745819032196,m/s,2026-09-16T12:00:00+00:00,2026-09-14T15:00:00+00:00,2026-09-14T21:48:04.514562+00:00,2026-09-14T21:48:04.514562+00:00,https://opendap.co-ops.nos.noaa.gov/thredds/dodsC/NOAA/NGOFS2/MODELS/2026/09/14/ngofs2.t15z.20260914.stations.forecast.nc,Point Clear/Grand Hotel,0.0
noaa_ngofs2_point_clear_station,MODEL,"8733821 Pt Clear, MB",93,nearest_verified_coordinate,0.3114,30.489032745361328,-87.93621826171875,272.06378173828125,1.8300000429153442,bottom,39,-0.987500011920929,water_temperature,32.48894500732422,degC,2026-09-16T12:00:00+00:00,2026-09-14T15:00:00+00:00,2026-09-14T21:48:04.514562+00:00,2026-09-14T21:48:04.514562+00:00,https://opendap.co-ops.nos.noaa.gov/thredds/dodsC/NOAA/NGOFS2/MODELS/2026/09/14/ngofs2.t15z.20260914.stations.forecast.nc,Point Clear/Grand Hotel,0.0
noaa_ngofs2_point_clear_station,MODEL,"8733821 Pt Clear, MB",93,nearest_verified_coordinate,0.3114,30.489032745361328,-87.93621826171875,272.06378173828125,1.8300000429153442,bottom,39,-0.987500011920929,salinity,13.697622299194336,1e-3,2026-09-16T12:00:00+00:00,2026-09-14T15:00:00+00:00,2026-09-14T21:48:04.514562+00:00,2026-09-14T21:48:04.514562+00:00,https://opendap.co-ops.nos.noaa.gov/thredds/dodsC/NOAA/NGOFS2/MODELS/2026/09/14/ngofs2.t15z.20260914.stations.forecast.nc,Point Clear/Grand Hotel,0.0
noaa_ngofs2_point_clear_station,MODEL,"8733821 Pt Clear, MB",93,nearest_verified_coordinate,0.3114,30.489032745361328,-87.93621826171875,272.06378173828125,1.8300000429153442,surface,,,water_surface_elevation,0.21710102260112762,m,2026-09-16T12:00:00+00:00,2026-09-14T15:00:00+00:00,2026-09-14T21:48:04.514562+00:00,2026-09-14T21:48:04.514562+00:00,https://opendap.co-ops.nos.noaa.gov/thredds/dodsC/NOAA/NGOFS2/MODELS/2026/09/14/ngofs2.t15z.20260914.stations.forecast.nc,Point Clear/Grand Hotel,0.0
noaa_ngofs2_point_clear_station,MODEL,"8733821 Pt Clear, MB",93,nearest_verified_coordinate,0.3114,30.489032745361328,-87.93621826171875,272.06378173828125,1.8300000429153442,surface,0,-0.012500000186264515,eastward_current,-0.07722048461437225,m/s,2026-09-16T12:06:00+00:00,2026-09-14T15:00:00+00:00,2026-09-14T21:48:04.514562+00:00,2026-09-14T21:48:04.514562+00:00,https://opendap.co-ops.nos.noaa.gov/thredds/dodsC/NOAA/NGOFS2/MODELS/2026/09/14/ngofs2.t15z.20260914.stations.forecast.nc,Point Clear/Grand Hotel,0.0
noaa_ngofs2_point_clear_station,MODEL,"8733821 Pt Clear, MB",93,nearest_verified_coordinate,0.3114,30.489032745361328,-87.93621826171875,272.06378173828125,1.8300000429153442,surface,0,-0.012500000186264515,northward_current,-0.1509345918893814,m/s,2026-09-16T12:06:00+00:00,2026-09-14T15:00:00+00:00,2026-09-14T21:48:04.514562+00:00,2026-09-14T21:48:04.514562+00:00,https://opendap.co-ops.nos.noaa.gov/thredds/dodsC/NOAA/NGOFS2/MODELS/2026/09/14/ngofs2.t15z.20260914.stations.forecast.nc,Point Clear/Grand Hotel,0.0
noaa_ngofs2_point_clear_station,MODEL,"8733821 Pt Clear, MB",93,nearest_verified_coordinate,0.3114,30.489032745361328,-87.93621826171875,272.06378173828125,1.8300000429153442,surface,0,-0.012500000186264515,shoreward_current,-0.07722048461437227,m/s,2026-09-16T12:06:00+00:00,2026-09-14T15:00:00+00:00,2026-09-14T21:48:04.514562+00:00,2026-09-14T21:48:04.514562+00:00,https://opendap.co-ops.nos.noaa.gov/thredds/dodsC/NOAA/NGOFS2/MODELS/2026/09/14/ngofs2.t15z.20260914.stations.forecast.nc,Point Clear/Grand Hotel,0.0
noaa_ngofs2_point_clear_station,MODEL,"8733821 Pt Clear, MB",93,nearest_verified_coordinate,0.3114,30.489032745361328,-87.93621826171875,272.06378173828125,1.8300000429153442,surface,0,-0.012500000186264515,water_temperature,32.43610382080078,degC,2026-09-16T12:06:00+00:00,2026-09-14T15:00:00+00:00,2026-09-14T21:48:04.514562+00:00,2026-09-14T21:48:04.514562+00:00,https://opendap.co-ops.nos.noaa.gov/thredds/dodsC/NOAA/NGOFS2/MODELS/2026/09/14/ngofs2.t15z.20260914.stations.forecast.nc,Point Clear/Grand Hotel,0.0
noaa_ngofs2_point_clear_station,MODEL,"8733821 Pt Clear, MB",93,nearest_verified_coordinate,0.3114,30.489032745361328,-87.93621826171875,272.06378173828125,1.8300000429153442,surface,0,-0.012500000186264515,salinity,13.648514747619629,1e-3,2026-09-16T12:06:00+00:00,2026-09-14T15:00:00+00:00,2026-09-14T21:48:04.514562+00:00,2026-09-14T21:48:04.514562+00:00,https://opendap.co-ops.nos.noaa.gov/thredds/dodsC/NOAA/NGOFS2/MODELS/2026/09/14/ngofs2.t15z.20260914.stations.forecast.nc,Point Clear/Grand Hotel,0.0
noaa_ngofs2_point_clear_station,MODEL,"8733821 Pt Clear, MB",93,nearest_verified_coordinate,0.3114,30.489032745361328,-87.93621826171875,272.06378173828125,1.8300000429153442,bottom,39,-0.987500011920929,eastward_current,-0.014451056718826294,m/s,2026-09-16T12:06:00+00:00,2026-09-14T15:00:00+00:00,2026-09-14T21:48:04.514562+00:00,2026-09-14T21:48:04.514562+00:00,https://opendap.co-ops.nos.noaa.gov/thredds/dodsC/NOAA/NGOFS2/MODELS/2026/09/14/ngofs2.t15z.20260914.stations.forecast.nc,Point Clear/Grand Hotel,0.0
noaa_ngofs2_point_clear_station,MODEL,"8733821 Pt Clear, MB",93,nearest_verified_coordinate,0.3114,30.489032745361328,-87.93621826171875,272.06378173828125,1.8300000429153442,bottom,39,-0.987500011920929,northward_current,-0.04293423146009445,m/s,2026-09-16T12:06:00+00:00,2026-09-14T15:00:00+00:00,2026-09-14T21:48:04.514562+00:00,2026-09-14T21:48:04.514562+00:00,https://opendap.co-ops.nos.noaa.gov/thredds/dodsC/NOAA/NGOFS2/MODELS/2026/09/14/ngofs2.t15z.20260914.stations.forecast.nc,Point Clear/Grand Hotel,0.0
noaa_ngofs2_point_clear_station,MODEL,"8733821 Pt Clear, MB",93,nearest_verified_coordinate,0.3114,30.489032745361328,-87.93621826171875,272.06378173828125,1.8300000429153442,bottom,39,-0.987500011920929,shoreward_current,-0.014451056718826297,m/s,2026-09-16T12:06:00+00:00,2026-09-14T15:00:00+00:00,2026-09-14T21:48:04.514562+00:00,2026-09-14T21:48:04.514562+00:00,https://opendap.co-ops.nos.noaa.gov/thredds/dodsC/NOAA/NGOFS2/MODELS/2026/09/14/ngofs2.t15z.20260914.stations.forecast.nc,Point Clear/Grand Hotel,0.0
noaa_ngofs2_point_clear_station,MODEL,"8733821 Pt Clear, MB",93,nearest_verified_coordinate,0.3114,30.489032745361328,-87.93621826171875,272.06378173828125,1.8300000429153442,bottom,39,-0.987500011920929,water_temperature,32.48851013183594,degC,2026-09-16T12:06:00+00:00,2026-09-14T15:00:00+00:00,2026-09-14T21:48:04.514562+00:00,2026-09-14T21:48:04.514562+00:00,https://opendap.co-ops.nos.noaa.gov/thredds/dodsC/NOAA/NGOFS2/MODELS/2026/09/14/ngofs2.t15z.20260914.stations.forecast.nc,Point Clear/Grand Hotel,0.0
noaa_ngofs2_point_clear_station,MODEL,"8733821 Pt Clear, MB",93,nearest_verified_coordinate,0.3114,30.489032745361328,-87.93621826171875,272.06378173828125,1.8300000429153442,bottom,39,-0.987500011920929,salinity,13.681563377380371,1e-3,2026-09-16T12:06:00+00:00,2026-09-14T15:00:00+00:00,2026-09-14T21:48:04.514562+00:00,2026-09-14T21:48:04.514562+00:00,https://opendap.co-ops.nos.noaa.gov/thredds/dodsC/NOAA/NGOFS2/MODELS/2026/09/14/ngofs2.t15z.20260914.stations.forecast.nc,Point Clear/Grand Hotel,0.0
noaa_ngofs2_point_clear_station,MODEL,"8733821 Pt Clear, MB",93,nearest_verified_coordinate,0.3114,30.489032745361328,-87.93621826171875,272.06378173828125,1.8300000429153442,surface,,,water_surface_elevation,0.21013742685317993,m,2026-09-16T12:06:00+00:00,2026-09-14T15:00:00+00:00,2026-09-14T21:48:04.514562+00:00,2026-09-14T21:48:04.514562+00:00,https://opendap.co-ops.nos.noaa.gov/thredds/dodsC/NOAA/NGOFS2/MODELS/2026/09/14/ngofs2.t15z.20260914.stations.forecast.nc,Point Clear/Grand Hotel,0.0
noaa_ngofs2_point_clear_station,MODEL,"8733821 Pt Clear, MB",93,nearest_verified_coordinate,0.3114,30.489032745361328,-87.93621826171875,272.06378173828125,1.8300000429153442,surface,0,-0.012500000186264515,eastward_current,-0.07534785568714142,m/s,2026-09-16T12:12:00+00:00,2026-09-14T15:00:00+00:00,2026-09-14T21:48:04.514562+00:00,2026-09-14T21:48:04.514562+00:00,https://opendap.co-ops.nos.noaa.gov/thredds/dodsC/NOAA/NGOFS2/MODELS/2026/09/14/ngofs2.t15z.20260914.stations.forecast.nc,Point Clear/Grand Hotel,0.0
noaa_ngofs2_point_clear_station,MODEL,"8733821 Pt Clear, MB",93,nearest_verified_coordinate,0.3114,30.489032745361328,-87.93621826171875,272.06378173828125,1.8300000429153442,surface,0,-0.012500000186264515,northward_current,-0.1466069519519806,m/s,2026-09-16T12:12:00+00:00,2026-09-14T15:00:00+00:00,2026-09-14T21:48:04.514562+00:00,2026-09-14T21:48:04.514562+00:00,https://opendap.co-ops.nos.noaa.gov/thredds/dodsC/NOAA/NGOFS2/MODELS/2026/09/14/ngofs2.t15z.20260914.stations.forecast.nc,Point Clear/Grand Hotel,0.0
noaa_ngofs2_point_clear_station,MODEL,"8733821 Pt Clear, MB",93,nearest_verified_coordinate,0.3114,30.489032745361328,-87.93621826171875,272.06378173828125,1.8300000429153442,surface,0,-0.012500000186264515,shoreward_current,-0.07534785568714143,m/s,2026-09-16T12:12:00+00:00,2026-09-14T15:00:00+00:00,2026-09-14T21:48:04.514562+00:00,2026-09-14T21:48:04.514562+00:00,https://opendap.co-ops.nos.noaa.gov/thredds/dodsC/NOAA/NGOFS2/MODELS/2026/09/14/ngofs2.t15z.20260914.stations.forecast.nc,Point Clear/Grand Hotel,0.0
noaa_ngofs2_point_clear_station,MODEL,"8733821 Pt Clear, MB",93,nearest_verified_coordinate,0.3114,30.489032745361328,-87.93621826171875,272.06378173828125,1.8300000429153442,surface,0,-0.012500000186264515,water_temperature,32.43775177001953,degC,2026-09-16T12:12:00+00:00,2026-09-14T15:00:00+00:00,2026-09-14T21:48:04.514562+00:00,2026-09-14T21:48:04.514562+00:00,https://opendap.co-ops.nos.noaa.gov/thredds/dodsC/NOAA/NGOFS2/MODELS/2026/09/14/ngofs2.t15z.20260914.stations.forecast.nc,Point Clear/Grand Hotel,0.0
noaa_ngofs2_point_clear_station,MODEL,"8733821 Pt Clear, MB",93,nearest_verified_coordinate,0.3114,30.489032745361328,-87.93621826171875,272.06378173828125,1.8300000429153442,surface,0,-0.012500000186264515,salinity,13.637990951538086,1e-3,2026-09-16T12:12:00+00:00,2026-09-14T15:00:00+00:00,2026-09-14T21:48:04.514562+00:00,2026-09-14T21:48:04.514562+00:00,https://opendap.co-ops.nos.noaa.gov/thredds/dodsC/NOAA/NGOFS2/MODELS/2026/09/14/ngofs2.t15z.20260914.stations.forecast.nc,Point Clear/Grand Hotel,0.0
noaa_ngofs2_point_clear_station,MODEL,"8733821 Pt Clear, MB",93,nearest_verified_coordinate,0.3114,30.489032745361328,-87.93621826171875,272.06378173828125,1.8300000429153442,bottom,39,-0.987500011920929,eastward_current,-0.014324672520160675,m/s,2026-09-16T12:12:00+00:00,2026-09-14T15:00:00+00:00,2026-09-14T21:48:04.514562+00:00,2026-09-14T21:48:04.514562+00:00,https://opendap.co-ops.nos.noaa.gov/thredds/dodsC/NOAA/NGOFS2/MODELS/2026/09/14/ngofs2.t15z.20260914.stations.forecast.nc,Point Clear/Grand Hotel,0.0
noaa_ngofs2_point_clear_station,MODEL,"8733821 Pt Clear, MB",93,nearest_verified_coordinate,0.3114,30.489032745361328,-87.93621826171875,272.06378173828125,1.8300000429153442,bottom,39,-0.987500011920929,northward_current,-0.042196791619062424,m/s,2026-09-16T12:12:00+00:00,2026-09-14T15:00:00+00:00,2026-09-14T21:48:04.514562+00:00,2026-09-14T21:48:04.514562+00:00,https://opendap.co-ops.nos.noaa.gov/thredds/dodsC/NOAA/NGOFS2/MODELS/2026/09/14/ngofs2.t15z.20260914.stations.forecast.nc,Point Clear/Grand Hotel,0.0
noaa_ngofs2_point_clear_station,MODEL,"8733821 Pt Clear, MB",93,nearest_verified_coordinate,0.3114,30.489032745361328,-87.93621826171875,272.06378173828125,1.8300000429153442,bottom,39,-0.987500011920929,shoreward_current,-0.014324672520160677,m/s,2026-09-16T12:12:00+00:00,2026-09-14T15:00:00+00:00,2026-09-14T21:48:04.514562+00:00,2026-09-14T21:48:04.514562+00:00,https://opendap.co-ops.nos.noaa.gov/thredds/dodsC/NOAA/NGOFS2/MODELS/2026/09/14/ngofs2.t15z.20260914.stations.forecast.nc,Point Clear/Grand Hotel,0.0
noaa_ngofs2_point_clear_station,MODEL,"8733821 Pt Clear, MB",93,nearest_verified_coordinate,0.3114,30.489032745361328,-87.93621826171875,272.06378173828125,1.8300000429153442,bottom,39,-0.987500011920929,water_temperature,32.48773956298828,degC,2026-09-16T12:12:00+00:00,2026-09-14T15:00:00+00:00,2026-09-14T21:48:04.514562+00:00,2026-09-14T21:48:04.514562+00:00,https://opendap.co-ops.nos.noaa.gov/thredds/dodsC/NOAA/NGOFS2/MODELS/2026/09/14/ngofs2.t15z.20260914.stations.forecast.nc,Point Clear/Grand Hotel,0.0
noaa_ngofs2_point_clear_station,MODEL,"8733821 Pt Clear, MB",93,nearest_verified_coordinate,0.3114,30.489032745361328,-87.93621826171875,272.06378173828125,1.8300000429153442,bottom,39,-0.987500011920929,salinity,13.666747093200684,1e-3,2026-09-16T12:12:00+00:00,2026-09-14T15:00:00+00:00,2026-09-14T21:48:04.514562+00:00,2026-09-14T21:48:04.514562+00:00,https://opendap.co-ops.nos.noaa.gov/thredds/dodsC/NOAA/NGOFS2/MODELS/2026/09/14/ngofs2.t15z.20260914.stations.forecast.nc,Point Clear/Grand Hotel,0.0
noaa_ngofs2_point_clear_station,MODEL,"8733821 Pt Clear, MB",93,nearest_verified_coordinate,0.3114,30.489032745361328,-87.93621826171875,272.06378173828125,1.8300000429153442,surface,,,water_surface_elevation,0.20294027030467987,m,2026-09-16T12:12:00+00:00,2026-09-14T15:00:00+00:00,2026-09-14T21:48:04.514562+00:00,2026-09-14T21:48:04.514562+00:00,https://opendap.co-ops.nos.noaa.gov/thredds/dodsC/NOAA/NGOFS2/MODELS/2026/09/14/ngofs2.t15z.20260914.stations.forecast.nc,Point Clear/Grand Hotel,0.0
noaa_ngofs2_point_clear_station,MODEL,"8733821 Pt Clear, MB",93,nearest_verified_coordinate,0.3114,30.489032745361328,-87.93621826171875,272.06378173828125,1.8300000429153442,surface,0,-0.012500000186264515,eastward_current,-0.07368041574954987,m/s,2026-09-16T12:18:00+00:00,2026-09-14T15:00:00+00:00,2026-09-14T21:48:04.514562+00:00,2026-09-14T21:48:04.514562+00:00,https://opendap.co-ops.nos.noaa.gov/thredds/dodsC/NOAA/NGOFS2/MODELS/2026/09/14/ngofs2.t15z.20260914.stations.forecast.nc,Point Clear/Grand Hotel,0.0
noaa_ngofs2_point_clear_station,MODEL,"8733821 Pt Clear, MB",93,nearest_verified_coordinate,0.3114,30.489032745361328,-87.93621826171875,272.06378173828125,1.8300000429153442,surface,0,-0.012500000186264515,northward_current,-0.14325903356075287,m/s,2026-09-16T12:18:00+00:00,2026-09-14T15:00:00+00:00,2026-09-14T21:48:04.514562+00:00,2026-09-14T21:48:04.514562+00:00,https://opendap.co-ops.nos.noaa.gov/thredds/dodsC/NOAA/NGOFS2/MODELS/2026/09/14/ngofs2.t15z.20260914.stations.forecast.nc,Point Clear/Grand Hotel,0.0
noaa_ngofs2_point_clear_station,MODEL,"8733821 Pt Clear, MB",93,nearest_verified_coordinate,0.3114,30.489032745361328,-87.93621826171875,272.06378173828125,1.8300000429153442,surface,0,-0.012500000186264515,shoreward_current,-0.07368041574954988,m/s,2026-09-16T12:18:00+00:00,2026-09-14T15:00:00+00:00,2026-09-14T21:48:04.514562+00:00,2026-09-14T21:48:04.514562+00:00,https://opendap.co-ops.nos.noaa.gov/thredds/dodsC/NOAA/NGOFS2/MODELS/2026/09/14/ngofs2.t15z.20260914.stations.forecast.nc,Point Clear/Grand Hotel,0.0
noaa_ngofs2_point_clear_station,MODEL,"8733821 Pt Clear, MB",93,nearest_verified_coordinate,0.3114,30.489032745361328,-87.93621826171875,272.06378173828125,1.8300000429153442,surface,0,-0.012500000186264515,water_temperature,32.438758850097656,degC,2026-09-16T12:18:00+00:00,2026-09-14T15:00:00+00:00,2026-09-14T21:48:04.514562+00:00,2026-09-14T21:48:04.514562+00:00,https://opendap.co-ops.nos.noaa.gov/thredds/dodsC/NOAA/NGOFS2/MODELS/2026/09/14/ngofs2.t15z.20260914.stations.forecast.nc,Point Clear/Grand Hotel,0.0
noaa_ngofs2_point_clear_station,MODEL,"8733821 Pt Clear, MB",93,nearest_verified_coordinate,0.3114,30.489032745361328,-87.93621826171875,272.06378173828125,1.8300000429153442,surface,0,-0.012500000186264515,salinity,13.627246856689453,1e-3,2026-09-16T12:18:00+00:00,2026-09-14T15:00:00+00:00,2026-09-14T21:48:04.514562+00:00,2026-09-14T21:48:04.514562+00:00,https://opendap.co-ops.nos.noaa.gov/thredds/dodsC/NOAA/NGOFS2/MODELS/2026/09/14/ngofs2.t15z.20260914.stations.forecast.nc,Point Clear/Grand Hotel,0.0
noaa_ngofs2_point_clear_station,MODEL,"8733821 Pt Clear, MB",93,nearest_verified_coordinate,0.3114,30.489032745361328,-87.93621826171875,272.06378173828125,1.8300000429153442,bottom,39,-0.987500011920929,eastward_current,-0.014144465327262878,m/s,2026-09-16T12:18:00+00:00,2026-09-14T15:00:00+00:00,2026-09-14T21:48:04.514562+00:00,2026-09-14T21:48:04.514562+00:00,https://opendap.co-ops.nos.noaa.gov/thredds/dodsC/NOAA/NGOFS2/MODELS/2026/09/14/ngofs2.t15z.20260914.stations.forecast.nc,Point Clear/Grand Hotel,0.0
noaa_ngofs2_point_clear_station,MODEL,"8733821 Pt Clear, MB",93,nearest_verified_coordinate,0.3114,30.489032745361328,-87.93621826171875,272.06378173828125,1.8300000429153442,bottom,39,-0.987500011920929,northward_current,-0.041727885603904724,m/s,2026-09-16T12:18:00+00:00,2026-09-14T15:00:00+00:00,2026-09-14T21:48:04.514562+00:00,2026-09-14T21:48:04.514562+00:00,https://opendap.co-ops.nos.noaa.gov/thredds/dodsC/NOAA/NGOFS2/MODELS/2026/09/14/ngofs2.t15z.20260914.stations.forecast.nc,Point Clear/Grand Hotel,0.0
noaa_ngofs2_point_clear_station,MODEL,"8733821 Pt Clear, MB",93,nearest_verified_coordinate,0.3114,30.489032745361328,-87.93621826171875,272.06378173828125,1.8300000429153442,bottom,39,-0.987500011920929,shoreward_current,-0.01414446532726288,m/s,2026-09-16T12:18:00+00:00,2026-09-14T15:00:00+00:00,2026-09-14T21:48:04.514562+00:00,2026-09-14T21:48:04.514562+00:00,https://opendap.co-ops.nos.noaa.gov/thredds/dodsC/NOAA/NGOFS2/MODELS/2026/09/14/ngofs2.t15z.20260914.stations.forecast.nc,Point Clear/Grand Hotel,0.0
noaa_ngofs2_point_clear_station,MODEL,"8733821 Pt Clear, MB",93,nearest_verified_coordinate,0.3114,30.489032745361328,-87.93621826171875,272.06378173828125,1.8300000429153442,bottom,39,-0.987500011920929,water_temperature,32.486610412597656,degC,2026-09-16T12:18:00+00:00,2026-09-14T15:00:00+00:00,2026-09-14T21:48:04.514562+00:00,2026-09-14T21:48:04.514562+00:00,https://opendap.co-ops.nos.noaa.gov/thredds/dodsC/NOAA/NGOFS2/MODELS/2026/09/14/ngofs2.t15z.20260914.stations.forecast.nc,Point Clear/Grand Hotel,0.0
noaa_ngofs2_point_clear_station,MODEL,"8733821 Pt Clear, MB",93,nearest_verified_coordinate,0.3114,30.489032745361328,-87.93621826171875,272.06378173828125,1.8300000429153442,bottom,39,-0.987500011920929,salinity,13.652824401855469,1e-3,2026-09-16T12:18:00+00:00,2026-09-14T15:00:00+00:00,2026-09-14T21:48:04.514562+00:00,2026-09-14T21:48:04.514562+00:00,https://opendap.co-ops.nos.noaa.gov/thredds/dodsC/NOAA/NGOFS2/MODELS/2026/09/14/ngofs2.t15z.20260914.stations.forecast.nc,Point Clear/Grand Hotel,0.0
noaa_ngofs2_point_clear_station,MODEL,"8733821 Pt Clear, MB",93,nearest_verified_coordinate,0.3114,30.489032745361328,-87.93621826171875,272.06378173828125,1.8300000429153442,surface,,,water_surface_elevation,0.19562608003616333,m,2026-09-16T12:18:00+00:00,2026-09-14T15:00:00+00:00,2026-09-14T21:48:04.514562+00:00,2026-09-14T21:48:04.514562+00:00,https://opendap.co-ops.nos.noaa.gov/thredds/dodsC/NOAA/NGOFS2/MODELS/2026/09/14/ngofs2.t15z.20260914.stations.forecast.nc,Point Clear/Grand Hotel,0.0
noaa_ngofs2_point_clear_station,MODEL,"8733821 Pt Clear, MB",93,nearest_verified_coordinate,0.3114,30.489032745361328,-87.93621826171875,272.06378173828125,1.8300000429153442,surface,0,-0.012500000186264515,eastward_current,-0.07218997180461884,m/s,2026-09-16T12:24:00+00:00,2026-09-14T15:00:00+00:00,2026-09-14T21:48:04.514562+00:00,2026-09-14T21:48:04.514562+00:00,https://opendap.co-ops.nos.noaa.gov/thredds/dodsC/NOAA/NGOFS2/MODELS/2026/09/14/ngofs2.t15z.20260914.stations.forecast.nc,Point Clear/Grand Hotel,0.0
noaa_ngofs2_point_clear_station,MODEL,"8733821 Pt Clear, MB",93,nearest_verified_coordinate,0.3114,30.489032745361328,-87.93621826171875,272.06378173828125,1.8300000429153442,surface,0,-0.012500000186264515,northward_current,-0.14010214805603027,m/s,2026-09-16T12:24:00+00:00,2026-09-14T15:00:00+00:00,2026-09-14T21:48:04.514562+00:00,2026-09-14T21:48:04.514562+00:00,https://opendap.co-ops.nos.noaa.gov/thredds/dodsC/NOAA/NGOFS2/MODELS/2026/09/14/ngofs2.t15z.20260914.stations.forecast.nc,Point Clear/Grand Hotel,0.0
noaa_ngofs2_point_clear_station,MODEL,"8733821 Pt Clear, MB",93,nearest_verified_coordinate,0.3114,30.489032745361328,-87.93621826171875,272.06378173828125,1.8300000429153442,surface,0,-0.012500000186264515,shoreward_current,-0.07218997180461885,m/s,2026-09-16T12:24:00+00:00,2026-09-14T15:00:00+00:00,2026-09-14T21:48:04.514562+00:00,2026-09-14T21:48:04.514562+00:00,https://opendap.co-ops.nos.noaa.gov/thredds/dodsC/NOAA/NGOFS2/MODELS/2026/09/14/ngofs2.t15z.20260914.stations.forecast.nc,Point Clear/Grand Hotel,0.0
noaa_ngofs2_point_clear_station,MODEL,"8733821 Pt Clear, MB",93,nearest_verified_coordinate,0.3114,30.489032745361328,-87.93621826171875,272.06378173828125,1.8300000429153442,surface,0,-0.012500000186264515,water_temperature,32.439388275146484,degC,2026-09-16T12:24:00+00:00,2026-09-14T15:00:00+00:00,2026-09-14T21:48:04.514562+00:00,2026-09-14T21:48:04.514562+00:00,https://opendap.co-ops.nos.noaa.gov/thredds/dodsC/NOAA/NGOFS2/MODELS/2026/09/14/ngofs2.t15z.20260914.stations.forecast.nc,Point Clear/Grand Hotel,0.0
noaa_ngofs2_point_clear_station,MODEL,"8733821 Pt Clear, MB",93,nearest_verified_coordinate,0.3114,30.489032745361328,-87.93621826171875,272.06378173828125,1.8300000429153442,surface,0,-0.012500000186264515,salinity,13.616497039794922,1e-3,2026-09-16T12:24:00+00:00,2026-09-14T15:00:00+00:00,2026-09-14T21:48:04.514562+00:00,2026-09-14T21:48:04.514562+00:00,https://opendap.co-ops.nos.noaa.gov/thredds/dodsC/NOAA/NGOFS2/MODELS/2026/09/14/ngofs2.t15z.20260914.stations.forecast.nc,Point Clear/Grand Hotel,0.0
noaa_ngofs2_point_clear_station,MODEL,"8733821 Pt Clear, MB",93,nearest_verified_coordinate,0.3114,30.489032745361328,-87.93621826171875,272.06378173828125,1.8300000429153442,bottom,39,-0.987500011920929,eastward_current,-0.013998165726661682,m/s,2026-09-16T12:24:00+00:00,2026-09-14T15:00:00+00:00,2026-09-14T21:48:04.514562+00:00,2026-09-14T21:48:04.514562+00:00,https://opendap.co-ops.nos.noaa.gov/thredds/dodsC/NOAA/NGOFS2/MODELS/2026/09/14/ngofs2.t15z.20260914.stations.forecast.nc,Point Clear/Grand Hotel,0.0
noaa_ngofs2_point_clear_station,MODEL,"8733821 Pt Clear, MB",93,nearest_verified_coordinate,0.3114,30.489032745361328,-87.93621826171875,272.06378173828125,1.8300000429153442,bottom,39,-0.987500011920929,northward_current,-0.04118930920958519,m/s,2026-09-16T12:24:00+00:00,2026-09-14T15:00:00+00:00,2026-09-14T21:48:04.514562+00:00,2026-09-14T21:48:04.514562+00:00,https://opendap.co-ops.nos.noaa.gov/thredds/dodsC/NOAA/NGOFS2/MODELS/2026/09/14/ngofs2.t15z.20260914.stations.forecast.nc,Point Clear/Grand Hotel,0.0
noaa_ngofs2_point_clear_station,MODEL,"8733821 Pt Clear, MB",93,nearest_verified_coordinate,0.3114,30.489032745361328,-87.93621826171875,272.06378173828125,1.8300000429153442,bottom,39,-0.987500011920929,shoreward_current,-0.013998165726661684,m/s,2026-09-16T12:24:00+00:00,2026-09-14T15:00:00+00:00,2026-09-14T21:48:04.514562+00:00,2026-09-14T21:48:04.514562+00:00,https://opendap.co-ops.nos.noaa.gov/thredds/dodsC/NOAA/NGOFS2/MODELS/2026/09/14/ngofs2.t15z.20260914.stations.forecast.nc,Point Clear/Grand Hotel,0.0
noaa_ngofs2_point_clear_station,MODEL,"8733821 Pt Clear, MB",93,nearest_verified_coordinate,0.3114,30.489032745361328,-87.93621826171875,272.06378173828125,1.8300000429153442,bottom,39,-0.987500011920929,water_temperature,32.4850959777832,degC,2026-09-16T12:24:00+00:00,2026-09-14T15:00:00+00:00,2026-09-14T21:48:04.514562+00:00,2026-09-14T21:48:04.514562+00:00,https://opendap.co-ops.nos.noaa.gov/thredds/dodsC/NOAA/NGOFS2/MODELS/2026/09/14/ngofs2.t15z.20260914.stations.forecast.nc,Point Clear/Grand Hotel,0.0
noaa_ngofs2_point_clear_station,MODEL,"8733821 Pt Clear, MB",93,nearest_verified_coordinate,0.3114,30.489032745361328,-87.93621826171875,272.06378173828125,1.8300000429153442,bottom,39,-0.987500011920929,salinity,13.639513969421387,1e-3,2026-09-16T12:24:00+00:00,2026-09-14T15:00:00+00:00,2026-09-14T21:48:04.514562+00:00,2026-09-14T21:48:04.514562+00:00,https://opendap.co-ops.nos.noaa.gov/thredds/dodsC/NOAA/NGOFS2/MODELS/2026/09/14/ngofs2.t15z.20260914.stations.forecast.nc,Point Clear/Grand Hotel,0.0
noaa_ngofs2_point_clear_station,MODEL,"8733821 Pt Clear, MB",93,nearest_verified_coordinate,0.3114,30.489032745361328,-87.93621826171875,272.06378173828125,1.8300000429153442,surface,,,water_surface_elevation,0.18873268365859985,m,2026-09-16T12:24:00+00:00,2026-09-14T15:00:00+00:00,2026-09-14T21:48:04.514562+00:00,2026-09-14T21:48:04.514562+00:00,https://opendap.co-ops.nos.noaa.gov/thredds/dodsC/NOAA/NGOFS2/MODELS/2026/09/14/ngofs2.t15z.20260914.stations.forecast.nc,Point Clear/Grand Hotel,0.0
noaa_ngofs2_point_clear_station,MODEL,"8733821 Pt Clear, MB",93,nearest_verified_coordinate,0.3114,30.489032745361328,-87.93621826171875,272.06378173828125,1.8300000429153442,surface,0,-0.012500000186264515,eastward_current,-0.07074977457523346,m/s,2026-09-16T12:30:00+00:00,2026-09-14T15:00:00+00:00,2026-09-14T21:48:04.514562+00:00,2026-09-14T21:48:04.514562+00:00,https://opendap.co-ops.nos.noaa.gov/thredds/dodsC/NOAA/NGOFS2/MODELS/2026/09/14/ngofs2.t15z.20260914.stations.forecast.nc,Point Clear/Grand Hotel,0.0
noaa_ngofs2_point_clear_station,MODEL,"8733821 Pt Clear, MB",93,nearest_verified_coordinate,0.3114,30.489032745361328,-87.93621826171875,272.06378173828125,1.8300000429153442,surface,0,-0.012500000186264515,northward_current,-0.1366713047027588,m/s,2026-09-16T12:30:00+00:00,2026-09-14T15:00:00+00:00,2026-09-14T21:48:04.514562+00:00,2026-09-14T21:48:04.514562+00:00,https://opendap.co-ops.nos.noaa.gov/thredds/dodsC/NOAA/NGOFS2/MODELS/2026/09/14/ngofs2.t15z.20260914.stations.forecast.nc,Point Clear/Grand Hotel,0.0
noaa_ngofs2_point_clear_station,MODEL,"8733821 Pt Clear, MB",93,nearest_verified_coordinate,0.3114,30.489032745361328,-87.93621826171875,272.06378173828125,1.8300000429153442,surface,0,-0.012500000186264515,shoreward_current,-0.07074977457523347,m/s,2026-09-16T12:30:00+00:00,2026-09-14T15:00:00+00:00,2026-09-14T21:48:04.514562+00:00,2026-09-14T21:48:04.514562+00:00,https://opendap.co-ops.nos.noaa.gov/thredds/dodsC/NOAA/NGOFS2/MODELS/2026/09/14/ngofs2.t15z.20260914.stations.forecast.nc,Point Clear/Grand Hotel,0.0
noaa_ngofs2_point_clear_station,MODEL,"8733821 Pt Clear, MB",93,nearest_verified_coordinate,0.3114,30.489032745361328,-87.93621826171875,272.06378173828125,1.8300000429153442,surface,0,-0.012500000186264515,water_temperature,32.43973159790039,degC,2026-09-16T12:30:00+00:00,2026-09-14T15:00:00+00:00,2026-09-14T21:48:04.514562+00:00,2026-09-14T21:48:04.514562+00:00,https://opendap.co-ops.nos.noaa.gov/thredds/dodsC/NOAA/NGOFS2/MODELS/2026/09/14/ngofs2.t15z.20260914.stations.forecast.nc,Point Clear/Grand Hotel,0.0
noaa_ngofs2_point_clear_station,MODEL,"8733821 Pt Clear, MB",93,nearest_verified_coordinate,0.3114,30.489032745361328,-87.93621826171875,272.06378173828125,1.8300000429153442,surface,0,-0.012500000186264515,salinity,13.605782508850098,1e-3,2026-09-16T12:30:00+00:00,2026-09-14T15:00:00+00:00,2026-09-14T21:48:04.514562+00:00,2026-09-14T21:48:04.514562+00:00,https://opendap.co-ops.nos.noaa.gov/thredds/dodsC/NOAA/NGOFS2/MODELS/2026/09/14/ngofs2.t15z.20260914.stations.forecast.nc,Point Clear/Grand Hotel,0.0
noaa_ngofs2_point_clear_station,MODEL,"8733821 Pt Clear, MB",93,nearest_verified_coordinate,0.3114,30.489032745361328,-87.93621826171875,272.06378173828125,1.8300000429153442,bottom,39,-0.987500011920929,eastward_current,-0.013837850652635098,m/s,2026-09-16T12:30:00+00:00,2026-09-14T15:00:00+00:00,2026-09-14T21:48:04.514562+00:00,2026-09-14T21:48:04.514562+00:00,https://opendap.co-ops.nos.noaa.gov/thredds/dodsC/NOAA/NGOFS2/MODELS/2026/09/14/ngofs2.t15z.20260914.stations.forecast.nc,Point Clear/Grand Hotel,0.0
noaa_ngofs2_point_clear_station,MODEL,"8733821 Pt Clear, MB",93,nearest_verified_coordinate,0.3114,30.489032745361328,-87.93621826171875,272.06378173828125,1.8300000429153442,bottom,39,-0.987500011920929,northward_current,-0.04051562026143074,m/s,2026-09-16T12:30:00+00:00,2026-09-14T15:00:00+00:00,2026-09-14T21:48:04.514562+00:00,2026-09-14T21:48:04.514562+00:00,https://opendap.co-ops.nos.noaa.gov/thredds/dodsC/NOAA/NGOFS2/MODELS/2026/09/14/ngofs2.t15z.20260914.stations.forecast.nc,Point Clear/Grand Hotel,0.0
noaa_ngofs2_point_clear_station,MODEL,"8733821 Pt Clear, MB",93,nearest_verified_coordinate,0.3114,30.489032745361328,-87.93621826171875,272.06378173828125,1.8300000429153442,bottom,39,-0.987500011920929,shoreward_current,-0.0138378506526351,m/s,2026-09-16T12:30:00+00:00,2026-09-14T15:00:00+00:00,2026-09-14T21:48:04.514562+00:00,2026-09-14T21:48:04.514562+00:00,https://opendap.co-ops.nos.noaa.gov/thredds/dodsC/NOAA/NGOFS2/MODELS/2026/09/14/ngofs2.t15z.20260914.stations.forecast.nc,Point Clear/Grand Hotel,0.0
noaa_ngofs2_point_clear_station,MODEL,"8733821 Pt Clear, MB",93,nearest_verified_coordinate,0.3114,30.489032745361328,-87.93621826171875,272.06378173828125,1.8300000429153442,bottom,39,-0.987500011920929,water_temperature,32.48318099975586,degC,2026-09-16T12:30:00+00:00,2026-09-14T15:00:00+00:00,2026-09-14T21:48:04.514562+00:00,2026-09-14T21:48:04.514562+00:00,https://opendap.co-ops.nos.noaa.gov/thredds/dodsC/NOAA/NGOFS2/MODELS/2026/09/14/ngofs2.t15z.20260914.stations.forecast.nc,Point Clear/Grand Hotel,0.0
noaa_ngofs2_point_clear_station,MODEL,"8733821 Pt Clear, MB",93,nearest_verified_coordinate,0.3114,30.489032745361328,-87.93621826171875,272.06378173828125,1.8300000429153442,bottom,39,-0.987500011920929,salinity,13.626554489135742,1e-3,2026-09-16T12:30:00+00:00,2026-09-14T15:00:00+00:00,2026-09-14T21:48:04.514562+00:00,2026-09-14T21:48:04.514562+00:00,https://opendap.co-ops.nos.noaa.gov/thredds/dodsC/NOAA/NGOFS2/MODELS/2026/09/14/ngofs2.t15z.20260914.stations.forecast.nc,Point Clear/Grand Hotel,0.0
noaa_ngofs2_point_clear_station,MODEL,"8733821 Pt Clear, MB",93,nearest_verified_coordinate,0.3114,30.489032745361328,-87.93621826171875,272.06378173828125,1.8300000429153442,surface,,,water_surface_elevation,0.1817585825920105,m,2026-09-16T12:30:00+00:00,2026-09-14T15:00:00+00:00,2026-09-14T21:48:04.514562+00:00,2026-09-14T21:48:04.514562+00:00,https://opendap.co-ops.nos.noaa.gov/thredds/dodsC/NOAA/NGOFS2/MODELS/2026/09/14/ngofs2.t15z.20260914.stations.forecast.nc,Point Clear/Grand Hotel,0.0
noaa_ngofs2_point_clear_station,MODEL,"8733821 Pt Clear, MB",93,nearest_verified_coordinate,0.3114,30.489032745361328,-87.93621826171875,272.06378173828125,1.8300000429153442,surface,0,-0.012500000186264515,eastward_current,-0.0688643753528595,m/s,2026-09-16T12:36:00+00:00,2026-09-14T15:00:00+00:00,2026-09-14T21:48:04.514562+00:00,2026-09-14T21:48:04.514562+00:00,https://opendap.co-ops.nos.noaa.gov/thredds/dodsC/NOAA/NGOFS2/MODELS/2026/09/14/ngofs2.t15z.20260914.stations.forecast.nc,Point Clear/Grand Hotel,0.0
noaa_ngofs2_point_clear_station,MODEL,"8733821 Pt Clear, MB",93,nearest_verified_coordinate,0.3114,30.489032745361328,-87.93621826171875,272.06378173828125,1.8300000429153442,surface,0,-0.012500000186264515,northward_current,-0.1329346001148224,m/s,2026-09-16T12:36:00+00:00,2026-09-14T15:00:00+00:00,2026-09-14T21:48:04.514562+00:00,2026-09-14T21:48:04.514562+00:00,https://opendap.co-ops.nos.noaa.gov/thredds/dodsC/NOAA/NGOFS2/MODELS/2026/09/14/ngofs2.t15z.20260914.stations.forecast.nc,Point Clear/Grand Hotel,0.0
noaa_ngofs2_point_clear_station,MODEL,"8733821 Pt Clear, MB",93,nearest_verified_coordinate,0.3114,30.489032745361328,-87.93621826171875,272.06378173828125,1.8300000429153442,surface,0,-0.012500000186264515,shoreward_current,-0.06886437535285951,m/s,2026-09-16T12:36:00+00:00,2026-09-14T15:00:00+00:00,2026-09-14T21:48:04.514562+00:00,2026-09-14T21:48:04.514562+00:00,https://opendap.co-ops.nos.noaa.gov/thredds/dodsC/NOAA/NGOFS2/MODELS/2026/09/14/ngofs2.t15z.20260914.stations.forecast.nc,Point Clear/Grand Hotel,0.0
noaa_ngofs2_point_clear_station,MODEL,"8733821 Pt Clear, MB",93,nearest_verified_coordinate,0.3114,30.489032745361328,-87.93621826171875,272.06378173828125,1.8300000429153442,surface,0,-0.012500000186264515,water_temperature,32.43974685668945,degC,2026-09-16T12:36:00+00:00,2026-09-14T15:00:00+00:00,2026-09-14T21:48:04.514562+00:00,2026-09-14T21:48:04.514562+00:00,https://opendap.co-ops.nos.noaa.gov/thredds/dodsC/NOAA/NGOFS2/MODELS/2026/09/14/ngofs2.t15z.20260914.stations.forecast.nc,Point Clear/Grand Hotel,0.0
noaa_ngofs2_point_clear_station,MODEL,"8733821 Pt Clear, MB",93,nearest_verified_coordinate,0.3114,30.489032745361328,-87.93621826171875,272.06378173828125,1.8300000429153442,surface,0,-0.012500000186264515,salinity,13.595111846923828,1e-3,2026-09-16T12:36:00+00:00,2026-09-14T15:00:00+00:00,2026-09-14T21:48:04.514562+00:00,2026-09-14T21:48:04.514562+00:00,https://opendap.co-ops.nos.noaa.gov/thredds/dodsC/NOAA/NGOFS2/MODELS/2026/09/14/ngofs2.t15z.20260914.stations.forecast.nc,Point Clear/Grand Hotel,0.0
noaa_ngofs2_point_clear_station,MODEL,"8733821 Pt Clear, MB",93,nearest_verified_coordinate,0.3114,30.489032745361328,-87.93621826171875,272.06378173828125,1.8300000429153442,bottom,39,-0.987500011920929,eastward_current,-0.013470534235239029,m/s,2026-09-16T12:36:00+00:00,2026-09-14T15:00:00+00:00,2026-09-14T21:48:04.514562+00:00,2026-09-14T21:48:04.514562+00:00,https://opendap.co-ops.nos.noaa.gov/thredds/dodsC/NOAA/NGOFS2/MODELS/2026/09/14/ngofs2.t15z.20260914.stations.forecast.nc,Point Clear/Grand Hotel,0.0
noaa_ngofs2_point_clear_station,MODEL,"8733821 Pt Clear, MB",93,nearest_verified_coordinate,0.3114,30.489032745361328,-87.93621826171875,272.06378173828125,1.8300000429153442,bottom,39,-0.987500011920929,northward_current,-0.03974029794335365,m/s,2026-09-16T12:36:00+00:00,2026-09-14T15:00:00+00:00,2026-09-14T21:48:04.514562+00:00,2026-09-14T21:48:04.514562+00:00,https://opendap.co-ops.nos.noaa.gov/thredds/dodsC/NOAA/NGOFS2/MODELS/2026/09/14/ngofs2.t15z.20260914.stations.forecast.nc,Point Clear/Grand Hotel,0.0
noaa_ngofs2_point_clear_station,MODEL,"8733821 Pt Clear, MB",93,nearest_verified_coordinate,0.3114,30.489032745361328,-87.93621826171875,272.06378173828125,1.8300000429153442,bottom,39,-0.987500011920929,shoreward_current,-0.01347053423523903,m/s,2026-09-16T12:36:00+00:00,2026-09-14T15:00:00+00:00,2026-09-14T21:48:04.514562+00:00,2026-09-14T21:48:04.514562+00:00,https://opendap.co-ops.nos.noaa.gov/thredds/dodsC/NOAA/NGOFS2/MODELS/2026/09/14/ngofs2.t15z.20260914.stations.forecast.nc,Point Clear/Grand Hotel,0.0
noaa_ngofs2_point_clear_station,MODEL,"8733821 Pt Clear, MB",93,nearest_verified_coordinate,0.3114,30.489032745361328,-87.93621826171875,272.06378173828125,1.8300000429153442,bottom,39,-0.987500011920929,water_temperature,32.48094940185547,degC,2026-09-16T12:36:00+00:00,2026-09-14T15:00:00+00:00,2026-09-14T21:48:04.514562+00:00,2026-09-14T21:48:04.514562+00:00,https://opendap.co-ops.nos.noaa.gov/thredds/dodsC/NOAA/NGOFS2/MODELS/2026/09/14/ngofs2.t15z.20260914.stations.forecast.nc,Point Clear/Grand Hotel,0.0
noaa_ngofs2_point_clear_station,MODEL,"8733821 Pt Clear, MB",93,nearest_verified_coordinate,0.3114,30.489032745361328,-87.93621826171875,272.06378173828125,1.8300000429153442,bottom,39,-0.987500011920929,salinity,13.613935470581055,1e-3,2026-09-16T12:36:00+00:00,2026-09-14T15:00:00+00:00,2026-09-14T21:48:04.514562+00:00,2026-09-14T21:48:04.514562+00:00,https://opendap.co-ops.nos.noaa.gov/thredds/dodsC/NOAA/NGOFS2/MODELS/2026/09/14/ngofs2.t15z.20260914.stations.forecast.nc,Point Clear/Grand Hotel,0.0
noaa_ngofs2_point_clear_station,MODEL,"8733821 Pt Clear, MB",93,nearest_verified_coordinate,0.3114,30.489032745361328,-87.93621826171875,272.06378173828125,1.8300000429153442,surface,,,water_surface_elevation,0.17522497475147247,m,2026-09-16T12:36:00+00:00,2026-09-14T15:00:00+00:00,2026-09-14T21:48:04.514562+00:00,2026-09-14T21:48:04.514562+00:00,https://opendap.co-ops.nos.noaa.gov/thredds/dodsC/NOAA/NGOFS2/MODELS/2026/09/14/ngofs2.t15z.20260914.stations.forecast.nc,Point Clear/Grand Hotel,0.0
noaa_ngofs2_point_clear_station,MODEL,"8733821 Pt Clear, MB",93,nearest_verified_coordinate,0.3114,30.489032745361328,-87.93621826171875,272.06378173828125,1.8300000429153442,surface,0,-0.012500000186264515,eastward_current,-0.06721839308738708,m/s,2026-09-16T12:42:00+00:00,2026-09-14T15:00:00+00:00,2026-09-14T21:48:04.514562+00:00,2026-09-14T21:48:04.514562+00:00,https://opendap.co-ops.nos.noaa.gov/thredds/dodsC/NOAA/NGOFS2/MODELS/2026/09/14/ngofs2.t15z.20260914.stations.forecast.nc,Point Clear/Grand Hotel,0.0
noaa_ngofs2_point_clear_station,MODEL,"8733821 Pt Clear, MB",93,nearest_verified_coordinate,0.3114,30.489032745361328,-87.93621826171875,272.06378173828125,1.8300000429153442,surface,0,-0.012500000186264515,northward_current,-0.12882034480571747,m/s,2026-09-16T12:42:00+00:00,2026-09-14T15:00:00+00:00,2026-09-14T21:48:04.514562+00:00,2026-09-14T21:48:04.514562+00:00,https://opendap.co-ops.nos.noaa.gov/thredds/dodsC/NOAA/NGOFS2/MODELS/2026/09/14/ngofs2.t15z.20260914.stations.forecast.nc,Point Clear/Grand Hotel,0.0
noaa_ngofs2_point_clear_station,MODEL,"8733821 Pt Clear, MB",93,nearest_verified_coordinate,0.3114,30.489032745361328,-87.93621826171875,272.06378173828125,1.8300000429153442,surface,0,-0.012500000186264515,shoreward_current,-0.0672183930873871,m/s,2026-09-16T12:42:00+00:00,2026-09-14T15:00:00+00:00,2026-09-14T21:48:04.514562+00:00,2026-09-14T21:48:04.514562+00:00,https://opendap.co-ops.nos.noaa.gov/thredds/dodsC/NOAA/NGOFS2/MODELS/2026/09/14/ngofs2.t15z.20260914.stations.forecast.nc,Point Clear/Grand Hotel,0.0
noaa_ngofs2_point_clear_station,MODEL,"8733821 Pt Clear, MB",93,nearest_verified_coordinate,0.3114,30.489032745361328,-87.93621826171875,272.06378173828125,1.8300000429153442,surface,0,-0.012500000186264515,water_temperature,32.43922805786133,degC,2026-09-16T12:42:00+00:00,2026-09-14T15:00:00+00:00,2026-09-14T21:48:04.514562+00:00,2026-09-14T21:48:04.514562+00:00,https://opendap.co-ops.nos.noaa.gov/thredds/dodsC/NOAA/NGOFS2/MODELS/2026/09/14/ngofs2.t15z.20260914.stations.forecast.nc,Point Clear/Grand Hotel,0.0
noaa_ngofs2_point_clear_station,MODEL,"8733821 Pt Clear, MB",93,nearest_verified_coordinate,0.3114,30.489032745361328,-87.93621826171875,272.06378173828125,1.8300000429153442,surface,0,-0.012500000186264515,salinity,13.5844144821167,1e-3,2026-09-16T12:42:00+00:00,2026-09-14T15:00:00+00:00,2026-09-14T21:48:04.514562+00:00,2026-09-14T21:48:04.514562+00:00,https://opendap.co-ops.nos.noaa.gov/thredds/dodsC/NOAA/NGOFS2/MODELS/2026/09/14/ngofs2.t15z.20260914.stations.forecast.nc,Point Clear/Grand Hotel,0.0
noaa_ngofs2_point_clear_station,MODEL,"8733821 Pt Clear, MB",93,nearest_verified_coordinate,0.3114,30.489032745361328,-87.93621826171875,272.06378173828125,1.8300000429153442,bottom,39,-0.987500011920929,eastward_current,-0.013346591033041477,m/s,2026-09-16T12:42:00+00:00,2026-09-14T15:00:00+00:00,2026-09-14T21:48:04.514562+00:00,2026-09-14T21:48:04.514562+00:00,https://opendap.co-ops.nos.noaa.gov/thredds/dodsC/NOAA/NGOFS2/MODELS/2026/09/14/ngofs2.t15z.20260914.stations.forecast.nc,Point Clear/Grand Hotel,0.0
noaa_ngofs2_point_clear_station,MODEL,"8733821 Pt Clear, MB",93,nearest_verified_coordinate,0.3114,30.489032745361328,-87.93621826171875,272.06378173828125,1.8300000429153442,bottom,39,-0.987500011920929,northward_current,-0.03887864574790001,m/s,2026-09-16T12:42:00+00:00,2026-09-14T15:00:00+00:00,2026-09-14T21:48:04.514562+00:00,2026-09-14T21:48:04.514562+00:00,https://opendap.co-ops.nos.noaa.gov/thredds/dodsC/NOAA/NGOFS2/MODELS/2026/09/14/ngofs2.t15z.20260914.stations.forecast.nc,Point Clear/Grand Hotel,0.0
noaa_ngofs2_point_clear_station,MODEL,"8733821 Pt Clear, MB",93,nearest_verified_coordinate,0.3114,30.489032745361328,-87.93621826171875,272.06378173828125,1.8300000429153442,bottom,39,-0.987500011920929,shoreward_current,-0.013346591033041479,m/s,2026-09-16T12:42:00+00:00,2026-09-14T15:00:00+00:00,2026-09-14T21:48:04.514562+00:00,2026-09-14T21:48:04.514562+00:00,https://opendap.co-ops.nos.noaa.gov/thredds/dodsC/NOAA/NGOFS2/MODELS/2026/09/14/ngofs2.t15z.20260914.stations.forecast.nc,Point Clear/Grand Hotel,0.0
noaa_ngofs2_point_clear_station,MODEL,"8733821 Pt Clear, MB",93,nearest_verified_coordinate,0.3114,30.489032745361328,-87.93621826171875,272.06378173828125,1.8300000429153442,bottom,39,-0.987500011920929,water_temperature,32.47848892211914,degC,2026-09-16T12:42:00+00:00,2026-09-14T15:00:00+00:00,2026-09-14T21:48:04.514562+00:00,2026-09-14T21:48:04.514562+00:00,https://opendap.co-ops.nos.noaa.gov/thredds/dodsC/NOAA/NGOFS2/MODELS/2026/09/14/ngofs2.t15z.20260914.stations.forecast.nc,Point Clear/Grand Hotel,0.0
noaa_ngofs2_point_clear_station,MODEL,"8733821 Pt Clear, MB",93,nearest_verified_coordinate,0.3114,30.489032745361328,-87.93621826171875,272.06378173828125,1.8300000429153442,bottom,39,-0.987500011920929,salinity,13.601601600646973,1e-3,2026-09-16T12:42:00+00:00,2026-09-14T15:00:00+00:00,2026-09-14T21:48:04.514562+00:00,2026-09-14T21:48:04.514562+00:00,https://opendap.co-ops.nos.noaa.gov/thredds/dodsC/NOAA/NGOFS2/MODELS/2026/09/14/ngofs2.t15z.20260914.stations.forecast.nc,Point Clear/Grand Hotel,0.0
noaa_ngofs2_point_clear_station,MODEL,"8733821 Pt Clear, MB",93,nearest_verified_coordinate,0.3114,30.489032745361328,-87.93621826171875,272.06378173828125,1.8300000429153442,surface,,,water_surface_elevation,0.16914989054203033,m,2026-09-16T12:42:00+00:00,2026-09-14T15:00:00+00:00,2026-09-14T21:48:04.514562+00:00,2026-09-14T21:48:04.514562+00:00,https://opendap.co-ops.nos.noaa.gov/thredds/dodsC/NOAA/NGOFS2/MODELS/2026/09/14/ngofs2.t15z.20260914.stations.forecast.nc,Point Clear/Grand Hotel,0.0
noaa_ngofs2_point_clear_station,MODEL,"8733821 Pt Clear, MB",93,nearest_verified_coordinate,0.3114,30.489032745361328,-87.93621826171875,272.06378173828125,1.8300000429153442,surface,0,-0.012500000186264515,eastward_current,-0.06603104621171951,m/s,2026-09-16T12:48:00+00:00,2026-09-14T15:00:00+00:00,2026-09-14T21:48:04.514562+00:00,2026-09-14T21:48:04.514562+00:00,https://opendap.co-ops.nos.noaa.gov/thredds/dodsC/NOAA/NGOFS2/MODELS/2026/09/14/ngofs2.t15z.20260914.stations.forecast.nc,Point Clear/Grand Hotel,0.0
noaa_ngofs2_point_clear_station,MODEL,"8733821 Pt Clear, MB",93,nearest_verified_coordinate,0.3114,30.489032745361328,-87.93621826171875,272.06378173828125,1.8300000429153442,surface,0,-0.012500000186264515,northward_current,-0.12530609965324402,m/s,2026-09-16T12:48:00+00:00,2026-09-14T15:00:00+00:00,2026-09-14T21:48:04.514562+00:00,2026-09-14T21:48:04.514562+00:00,https://opendap.co-ops.nos.noaa.gov/thredds/dodsC/NOAA/NGOFS2/MODELS/2026/09/14/ngofs2.t15z.20260914.stations.forecast.nc,Point Clear/Grand Hotel,0.0
noaa_ngofs2_point_clear_station,MODEL,"8733821 Pt Clear, MB",93,nearest_verified_coordinate,0.3114,30.489032745361328,-87.93621826171875,272.06378173828125,1.8300000429153442,surface,0,-0.012500000186264515,shoreward_current,-0.06603104621171953,m/s,2026-09-16T12:48:00+00:00,2026-09-14T15:00:00+00:00,2026-09-14T21:48:04.514562+00:00,2026-09-14T21:48:04.514562+00:00,https://opendap.co-ops.nos.noaa.gov/thredds/dodsC/NOAA/NGOFS2/MODELS/2026/09/14/ngofs2.t15z.20260914.stations.forecast.nc,Point Clear/Grand Hotel,0.0
noaa_ngofs2_point_clear_station,MODEL,"8733821 Pt Clear, MB",93,nearest_verified_coordinate,0.3114,30.489032745361328,-87.93621826171875,272.06378173828125,1.8300000429153442,surface,0,-0.012500000186264515,water_temperature,32.43821334838867,degC,2026-09-16T12:48:00+00:00,2026-09-14T15:00:00+00:00,2026-09-14T21:48:04.514562+00:00,2026-09-14T21:48:04.514562+00:00,https://opendap.co-ops.nos.noaa.gov/thredds/dodsC/NOAA/NGOFS2/MODELS/2026/09/14/ngofs2.t15z.20260914.stations.forecast.nc,Point Clear/Grand Hotel,0.0
noaa_ngofs2_point_clear_station,MODEL,"8733821 Pt Clear, MB",93,nearest_verified_coordinate,0.3114,30.489032745361328,-87.93621826171875,272.06378173828125,1.8300000429153442,surface,0,-0.012500000186264515,salinity,13.57353687286377,1e-3,2026-09-16T12:48:00+00:00,2026-09-14T15:00:00+00:00,2026-09-14T21:48:04.514562+00:00,2026-09-14T21:48:04.514562+00:00,https://opendap.co-ops.nos.noaa.gov/thredds/dodsC/NOAA/NGOFS2/MODELS/2026/09/14/ngofs2.t15z.20260914.stations.forecast.nc,Point Clear/Grand Hotel,0.0
noaa_ngofs2_point_clear_station,MODEL,"8733821 Pt Clear, MB",93,nearest_verified_coordinate,0.3114,30.489032745361328,-87.93621826171875,272.06378173828125,1.8300000429153442,bottom,39,-0.987500011920929,eastward_current,-0.013272428885102272,m/s,2026-09-16T12:48:00+00:00,2026-09-14T15:00:00+00:00,2026-09-14T21:48:04.514562+00:00,2026-09-14T21:48:04.514562+00:00,https://opendap.co-ops.nos.noaa.gov/thredds/dodsC/NOAA/NGOFS2/MODELS/2026/09/14/ngofs2.t15z.20260914.stations.forecast.nc,Point Clear/Grand Hotel,0.0
noaa_ngofs2_point_clear_station,MODEL,"8733821 Pt Clear, MB",93,nearest_verified_coordinate,0.3114,30.489032745361328,-87.93621826171875,272.06378173828125,1.8300000429153442,bottom,39,-0.987500011920929,northward_current,-0.03821422532200813,m/s,2026-09-16T12:48:00+00:00,2026-09-14T15:00:00+00:00,2026-09-14T21:48:04.514562+00:00,2026-09-14T21:48:04.514562+00:00,https://opendap.co-ops.nos.noaa.gov/thredds/dodsC/NOAA/NGOFS2/MODELS/2026/09/14/ngofs2.t15z.20260914.stations.forecast.nc,Point Clear/Grand Hotel,0.0
noaa_ngofs2_point_clear_station,MODEL,"8733821 Pt Clear, MB",93,nearest_verified_coordinate,0.3114,30.489032745361328,-87.93621826171875,272.06378173828125,1.8300000429153442,bottom,39,-0.987500011920929,shoreward_current,-0.013272428885102274,m/s,2026-09-16T12:48:00+00:00,2026-09-14T15:00:00+00:00,2026-09-14T21:48:04.514562+00:00,2026-09-14T21:48:04.514562+00:00,https://opendap.co-ops.nos.noaa.gov/thredds/dodsC/NOAA/NGOFS2/MODELS/2026/09/14/ngofs2.t15z.20260914.stations.forecast.nc,Point Clear/Grand Hotel,0.0
noaa_ngofs2_point_clear_station,MODEL,"8733821 Pt Clear, MB",93,nearest_verified_coordinate,0.3114,30.489032745361328,-87.93621826171875,272.06378173828125,1.8300000429153442,bottom,39,-0.987500011920929,water_temperature,32.47590255737305,degC,2026-09-16T12:48:00+00:00,2026-09-14T15:00:00+00:00,2026-09-14T21:48:04.514562+00:00,2026-09-14T21:48:04.514562+00:00,https://opendap.co-ops.nos.noaa.gov/thredds/dodsC/NOAA/NGOFS2/MODELS/2026/09/14/ngofs2.t15z.20260914.stations.forecast.nc,Point Clear/Grand Hotel,0.0
noaa_ngofs2_point_clear_station,MODEL,"8733821 Pt Clear, MB",93,nearest_verified_coordinate,0.3114,30.489032745361328,-87.93621826171875,272.06378173828125,1.8300000429153442,bottom,39,-0.987500011920929,salinity,13.589370727539062,1e-3,2026-09-16T12:48:00+00:00,2026-09-14T15:00:00+00:00,2026-09-14T21:48:04.514562+00:00,2026-09-14T21:48:04.514562+00:00,https://opendap.co-ops.nos.noaa.gov/thredds/dodsC/NOAA/NGOFS2/MODELS/2026/09/14/ngofs2.t15z.20260914.stations.forecast.nc,Point Clear/Grand Hotel,0.0
noaa_ngofs2_point_clear_station,MODEL,"8733821 Pt Clear, MB",93,nearest_verified_coordinate,0.3114,30.489032745361328,-87.93621826171875,272.06378173828125,1.8300000429153442,surface,,,water_surface_elevation,0.16230644285678864,m,2026-09-16T12:48:00+00:00,2026-09-14T15:00:00+00:00,2026-09-14T21:48:04.514562+00:00,2026-09-14T21:48:04.514562+00:00,https://opendap.co-ops.nos.noaa.gov/thredds/dodsC/NOAA/NGOFS2/MODELS/2026/09/14/ngofs2.t15z.20260914.stations.forecast.nc,Point Clear/Grand Hotel,0.0
noaa_ngofs2_point_clear_station,MODEL,"8733821 Pt Clear, MB",93,nearest_verified_coordinate,0.3114,30.489032745361328,-87.93621826171875,272.06378173828125,1.8300000429153442,surface,0,-0.012500000186264515,eastward_current,-0.06431885808706284,m/s,2026-09-16T12:54:00+00:00,2026-09-14T15:00:00+00:00,2026-09-14T21:48:04.514562+00:00,2026-09-14T21:48:04.514562+00:00,https://opendap.co-ops.nos.noaa.gov/thredds/dodsC/NOAA/NGOFS2/MODELS/2026/09/14/ngofs2.t15z.20260914.stations.forecast.nc,Point Clear/Grand Hotel,0.0
noaa_ngofs2_point_clear_station,MODEL,"8733821 Pt Clear, MB",93,nearest_verified_coordinate,0.3114,30.489032745361328,-87.93621826171875,272.06378173828125,1.8300000429153442,surface,0,-0.012500000186264515,northward_current,-0.12163762748241425,m/s,2026-09-16T12:54:00+00:00,2026-09-14T15:00:00+00:00,2026-09-14T21:48:04.514562+00:00,2026-09-14T21:48:04.514562+00:00,https://opendap.co-ops.nos.noaa.gov/thredds/dodsC/NOAA/NGOFS2/MODELS/2026/09/14/ngofs2.t15z.20260914.stations.forecast.nc,Point Clear/Grand Hotel,0.0
noaa_ngofs2_point_clear_station,MODEL,"8733821 Pt Clear, MB",93,nearest_verified_coordinate,0.3114,30.489032745361328,-87.93621826171875,272.06378173828125,1.8300000429153442,surface,0,-0.012500000186264515,shoreward_current,-0.06431885808706285,m/s,2026-09-16T12:54:00+00:00,2026-09-14T15:00:00+00:00,2026-09-14T21:48:04.514562+00:00,2026-09-14T21:48:04.514562+00:00,https://opendap.co-ops.nos.noaa.gov/thredds/dodsC/NOAA/NGOFS2/MODELS/2026/09/14/ngofs2.t15z.20260914.stations.forecast.nc,Point Clear/Grand Hotel,0.0
noaa_ngofs2_point_clear_station,MODEL,"8733821 Pt Clear, MB",93,nearest_verified_coordinate,0.3114,30.489032745361328,-87.93621826171875,272.06378173828125,1.8300000429153442,surface,0,-0.012500000186264515,water_temperature,32.43687438964844,degC,2026-09-16T12:54:00+00:00,2026-09-14T15:00:00+00:00,2026-09-14T21:48:04.514562+00:00,2026-09-14T21:48:04.514562+00:00,https://opendap.co-ops.nos.noaa.gov/thredds/dodsC/NOAA/NGOFS2/MODELS/2026/09/14/ngofs2.t15z.20260914.stations.forecast.nc,Point Clear/Grand Hotel,0.0
noaa_ngofs2_point_clear_station,MODEL,"8733821 Pt Clear, MB",93,nearest_verified_coordinate,0.3114,30.489032745361328,-87.93621826171875,272.06378173828125,1.8300000429153442,surface,0,-0.012500000186264515,salinity,13.562650680541992,1e-3,2026-09-16T12:54:00+00:00,2026-09-14T15:00:00+00:00,2026-09-14T21:48:04.514562+00:00,2026-09-14T21:48:04.514562+00:00,https://opendap.co-ops.nos.noaa.gov/thredds/dodsC/NOAA/NGOFS2/MODELS/2026/09/14/ngofs2.t15z.20260914.stations.forecast.nc,Point Clear/Grand Hotel,0.0
noaa_ngofs2_point_clear_station,MODEL,"8733821 Pt Clear, MB",93,nearest_verified_coordinate,0.3114,30.489032745361328,-87.93621826171875,272.06378173828125,1.8300000429153442,bottom,39,-0.987500011920929,eastward_current,-0.012852895073592663,m/s,2026-09-16T12:54:00+00:00,2026-09-14T15:00:00+00:00,2026-09-14T21:48:04.514562+00:00,2026-09-14T21:48:04.514562+00:00,https://opendap.co-ops.nos.noaa.gov/thredds/dodsC/NOAA/NGOFS2/MODELS/2026/09/14/ngofs2.t15z.20260914.stations.forecast.nc,Point Clear/Grand Hotel,0.0
noaa_ngofs2_point_clear_station,MODEL,"8733821 Pt Clear, MB",93,nearest_verified_coordinate,0.3114,30.489032745361328,-87.93621826171875,272.06378173828125,1.8300000429153442,bottom,39,-0.987500011920929,northward_current,-0.03734380751848221,m/s,2026-09-16T12:54:00+00:00,2026-09-14T15:00:00+00:00,2026-09-14T21:48:04.514562+00:00,2026-09-14T21:48:04.514562+00:00,https://opendap.co-ops.nos.noaa.gov/thredds/dodsC/NOAA/NGOFS2/MODELS/2026/09/14/ngofs2.t15z.20260914.stations.forecast.nc,Point Clear/Grand Hotel,0.0
noaa_ngofs2_point_clear_station,MODEL,"8733821 Pt Clear, MB",93,nearest_verified_coordinate,0.3114,30.489032745361328,-87.93621826171875,272.06378173828125,1.8300000429153442,bottom,39,-0.987500011920929,shoreward_current,-0.012852895073592665,m/s,2026-09-16T12:54:00+00:00,2026-09-14T15:00:00+00:00,2026-09-14T21:48:04.514562+00:00,2026-09-14T21:48:04.514562+00:00,https://opendap.co-ops.nos.noaa.gov/thredds/dodsC/NOAA/NGOFS2/MODELS/2026/09/14/ngofs2.t15z.20260914.stations.forecast.nc,Point Clear/Grand Hotel,0.0
noaa_ngofs2_point_clear_station,MODEL,"8733821 Pt Clear, MB",93,nearest_verified_coordinate,0.3114,30.489032745361328,-87.93621826171875,272.06378173828125,1.8300000429153442,bottom,39,-0.987500011920929,water_temperature,32.47324752807617,degC,2026-09-16T12:54:00+00:00,2026-09-14T15:00:00+00:00,2026-09-14T21:48:04.514562+00:00,2026-09-14T21:48:04.514562+00:00,https://opendap.co-ops.nos.noaa.gov/thredds/dodsC/NOAA/NGOFS2/MODELS/2026/09/14/ngofs2.t15z.20260914.stations.forecast.nc,Point Clear/Grand Hotel,0.0
noaa_ngofs2_point_clear_station,MODEL,"8733821 Pt Clear, MB",93,nearest_verified_coordinate,0.3114,30.489032745361328,-87.93621826171875,272.06378173828125,1.8300000429153442,bottom,39,-0.987500011920929,salinity,13.577406883239746,1e-3,2026-09-16T12:54:00+00:00,2026-09-14T15:00:00+00:00,2026-09-14T21:48:04.514562+00:00,2026-09-14T21:48:04.514562+00:00,https://opendap.co-ops.nos.noaa.gov/thredds/dodsC/NOAA/NGOFS2/MODELS/2026/09/14/ngofs2.t15z.20260914.stations.forecast.nc,Point Clear/Grand Hotel,0.0
noaa_ngofs2_point_clear_station,MODEL,"8733821 Pt Clear, MB",93,nearest_verified_coordinate,0.3114,30.489032745361328,-87.93621826171875,272.06378173828125,1.8300000429153442,surface,,,water_surface_elevation,0.15547358989715576,m,2026-09-16T12:54:00+00:00,2026-09-14T15:00:00+00:00,2026-09-14T21:48:04.514562+00:00,2026-09-14T21:48:04.514562+00:00,https://opendap.co-ops.nos.noaa.gov/thredds/dodsC/NOAA/NGOFS2/MODELS/2026/09/14/ngofs2.t15z.20260914.stations.forecast.nc,Point Clear/Grand Hotel,0.0
noaa_ngofs2_point_clear_station,MODEL,"8733821 Pt Clear, MB",93,nearest_verified_coordinate,0.3114,30.489032745361328,-87.93621826171875,272.06378173828125,1.8300000429153442,surface,0,-0.012500000186264515,eastward_current,-0.0623617060482502,m/s,2026-09-16T13:00:00+00:00,2026-09-14T15:00:00+00:00,2026-09-14T21:48:04.514562+00:00,2026-09-14T21:48:04.514562+00:00,https://opendap.co-ops.nos.noaa.gov/thredds/dodsC/NOAA/NGOFS2/MODELS/2026/09/14/ngofs2.t15z.20260914.stations.forecast.nc,Point Clear/Grand Hotel,0.0
noaa_ngofs2_point_clear_station,MODEL,"8733821 Pt Clear, MB",93,nearest_verified_coordinate,0.3114,30.489032745361328,-87.93621826171875,272.06378173828125,1.8300000429153442,surface,0,-0.012500000186264515,northward_current,-0.11700170487165451,m/s,2026-09-16T13:00:00+00:00,2026-09-14T15:00:00+00:00,2026-09-14T21:48:04.514562+00:00,2026-09-14T21:48:04.514562+00:00,https://opendap.co-ops.nos.noaa.gov/thredds/dodsC/NOAA/NGOFS2/MODELS/2026/09/14/ngofs2.t15z.20260914.stations.forecast.nc,Point Clear/Grand Hotel,0.0
noaa_ngofs2_point_clear_station,MODEL,"8733821 Pt Clear, MB",93,nearest_verified_coordinate,0.3114,30.489032745361328,-87.93621826171875,272.06378173828125,1.8300000429153442,surface,0,-0.012500000186264515,shoreward_current,-0.062361706048250205,m/s,2026-09-16T13:00:00+00:00,2026-09-14T15:00:00+00:00,2026-09-14T21:48:04.514562+00:00,2026-09-14T21:48:04.514562+00:00,https://opendap.co-ops.nos.noaa.gov/thredds/dodsC/NOAA/NGOFS2/MODELS/2026/09/14/ngofs2.t15z.20260914.stations.forecast.nc,Point Clear/Grand Hotel,0.0
noaa_ngofs2_point_clear_station,MODEL,"8733821 Pt Clear, MB",93,nearest_verified_coordinate,0.3114,30.489032745361328,-87.93621826171875,272.06378173828125,1.8300000429153442,surface,0,-0.012500000186264515,water_temperature,32.43525695800781,degC,2026-09-16T13:00:00+00:00,2026-09-14T15:00:00+00:00,2026-09-14T21:48:04.514562+00:00,2026-09-14T21:48:04.514562+00:00,https://opendap.co-ops.nos.noaa.gov/thredds/dodsC/NOAA/NGOFS2/MODELS/2026/09/14/ngofs2.t15z.20260914.stations.forecast.nc,Point Clear/Grand Hotel,0.0
noaa_ngofs2_point_clear_station,MODEL,"8733821 Pt Clear, MB",93,nearest_verified_coordinate,0.3114,30.489032745361328,-87.93621826171875,272.06378173828125,1.8300000429153442,surface,0,-0.012500000186264515,salinity,13.551928520202637,1e-3,2026-09-16T13:00:00+00:00,2026-09-14T15:00:00+00:00,2026-09-14T21:48:04.514562+00:00,2026-09-14T21:48:04.514562+00:00,https://opendap.co-ops.nos.noaa.gov/thredds/dodsC/NOAA/NGOFS2/MODELS/2026/09/14/ngofs2.t15z.20260914.stations.forecast.nc,Point Clear/Grand Hotel,0.0
noaa_ngofs2_point_clear_station,MODEL,"8733821 Pt Clear, MB",93,nearest_verified_coordinate,0.3114,30.489032745361328,-87.93621826171875,272.06378173828125,1.8300000429153442,bottom,39,-0.987500011920929,eastward_current,-0.012311953119933605,m/s,2026-09-16T13:00:00+00:00,2026-09-14T15:00:00+00:00,2026-09-14T21:48:04.514562+00:00,2026-09-14T21:48:04.514562+00:00,https://opendap.co-ops.nos.noaa.gov/thredds/dodsC/NOAA/NGOFS2/MODELS/2026/09/14/ngofs2.t15z.20260914.stations.forecast.nc,Point Clear/Grand Hotel,0.0
noaa_ngofs2_point_clear_station,MODEL,"8733821 Pt Clear, MB",93,nearest_verified_coordinate,0.3114,30.489032745361328,-87.93621826171875,272.06378173828125,1.8300000429153442,bottom,39,-0.987500011920929,northward_current,-0.036009449511766434,m/s,2026-09-16T13:00:00+00:00,2026-09-14T15:00:00+00:00,2026-09-14T21:48:04.514562+00:00,2026-09-14T21:48:04.514562+00:00,https://opendap.co-ops.nos.noaa.gov/thredds/dodsC/NOAA/NGOFS2/MODELS/2026/09/14/ngofs2.t15z.20260914.stations.forecast.nc,Point Clear/Grand Hotel,0.0
noaa_ngofs2_point_clear_station,MODEL,"8733821 Pt Clear, MB",93,nearest_verified_coordinate,0.3114,30.489032745361328,-87.93621826171875,272.06378173828125,1.8300000429153442,bottom,39,-0.987500011920929,shoreward_current,-0.012311953119933607,m/s,2026-09-16T13:00:00+00:00,2026-09-14T15:00:00+00:00,2026-09-14T21:48:04.514562+00:00,2026-09-14T21:48:04.514562+00:00,https://opendap.co-ops.nos.noaa.gov/thredds/dodsC/NOAA/NGOFS2/MODELS/2026/09/14/ngofs2.t15z.20260914.stations.forecast.nc,Point Clear/Grand Hotel,0.0
noaa_ngofs2_point_clear_station,MODEL,"8733821 Pt Clear, MB",93,nearest_verified_coordinate,0.3114,30.489032745361328,-87.93621826171875,272.06378173828125,1.8300000429153442,bottom,39,-0.987500011920929,water_temperature,32.47055435180664,degC,2026-09-16T13:00:00+00:00,2026-09-14T15:00:00+00:00,2026-09-14T21:48:04.514562+00:00,2026-09-14T21:48:04.514562+00:00,https://opendap.co-ops.nos.noaa.gov/thredds/dodsC/NOAA/NGOFS2/MODELS/2026/09/14/ngofs2.t15z.20260914.stations.forecast.nc,Point Clear/Grand Hotel,0.0
noaa_ngofs2_point_clear_station,MODEL,"8733821 Pt Clear, MB",93,nearest_verified_coordinate,0.3114,30.489032745361328,-87.93621826171875,272.06378173828125,1.8300000429153442,bottom,39,-0.987500011920929,salinity,13.565838813781738,1e-3,2026-09-16T13:00:00+00:00,2026-09-14T15:00:00+00:00,2026-09-14T21:48:04.514562+00:00,2026-09-14T21:48:04.514562+00:00,https://opendap.co-ops.nos.noaa.gov/thredds/dodsC/NOAA/NGOFS2/MODELS/2026/09/14/ngofs2.t15z.20260914.stations.forecast.nc,Point Clear/Grand Hotel,0.0
noaa_ngofs2_point_clear_station,MODEL,"8733821 Pt Clear, MB",93,nearest_verified_coordinate,0.3114,30.489032745361328,-87.93621826171875,272.06378173828125,1.8300000429153442,surface,,,water_surface_elevation,0.14892932772636414,m,2026-09-16T13:00:00+00:00,2026-09-14T15:00:00+00:00,2026-09-14T21:48:04.514562+00:00,2026-09-14T21:48:04.514562+00:00,https://opendap.co-ops.nos.noaa.gov/thredds/dodsC/NOAA/NGOFS2/MODELS/2026/09/14/ngofs2.t15z.20260914.stations.forecast.nc,Point Clear/Grand Hotel,0.0
noaa_ngofs2_point_clear_station,MODEL,"8733821 Pt Clear, MB",93,nearest_verified_coordinate,0.3114,30.489032745361328,-87.93621826171875,272.06378173828125,1.8300000429153442,surface,0,-0.012500000186264515,eastward_current,-0.060087960213422775,m/s,2026-09-16T13:06:00+00:00,2026-09-14T15:00:00+00:00,2026-09-14T21:48:04.514562+00:00,2026-09-14T21:48:04.514562+00:00,https://opendap.co-ops.nos.noaa.gov/thredds/dodsC/NOAA/NGOFS2/MODELS/2026/09/14/ngofs2.t15z.20260914.stations.forecast.nc,Point Clear/Grand Hotel,0.0
noaa_ngofs2_point_clear_station,MODEL,"8733821 Pt Clear, MB",93,nearest_verified_coordinate,0.3114,30.489032745361328,-87.93621826171875,272.06378173828125,1.8300000429153442,surface,0,-0.012500000186264515,northward_current,-0.11145316809415817,m/s,2026-09-16T13:06:00+00:00,2026-09-14T15:00:00+00:00,2026-09-14T21:48:04.514562+00:00,2026-09-14T21:48:04.514562+00:00,https://opendap.co-ops.nos.noaa.gov/thredds/dodsC/NOAA/NGOFS2/MODELS/2026/09/14/ngofs2.t15z.20260914.stations.forecast.nc,Point Clear/Grand Hotel,0.0
noaa_ngofs2_point_clear_station,MODEL,"8733821 Pt Clear, MB",93,nearest_verified_coordinate,0.3114,30.489032745361328,-87.93621826171875,272.06378173828125,1.8300000429153442,surface,0,-0.012500000186264515,shoreward_current,-0.06008796021342278,m/s,2026-09-16T13:06:00+00:00,2026-09-14T15:00:00+00:00,2026-09-14T21:48:04.514562+00:00,2026-09-14T21:48:04.514562+00:00,https://opendap.co-ops.nos.noaa.gov/thredds/dodsC/NOAA/NGOFS2/MODELS/2026/09/14/ngofs2.t15z.20260914.stations.forecast.nc,Point Clear/Grand Hotel,0.0
noaa_ngofs2_point_clear_station,MODEL,"8733821 Pt Clear, MB",93,nearest_verified_coordinate,0.3114,30.489032745361328,-87.93621826171875,272.06378173828125,1.8300000429153442,surface,0,-0.012500000186264515,water_temperature,32.43336486816406,degC,2026-09-16T13:06:00+00:00,2026-09-14T15:00:00+00:00,2026-09-14T21:48:04.514562+00:00,2026-09-14T21:48:04.514562+00:00,https://opendap.co-ops.nos.noaa.gov/thredds/dodsC/NOAA/NGOFS2/MODELS/2026/09/14/ngofs2.t15z.20260914.stations.forecast.nc,Point Clear/Grand Hotel,0.0
noaa_ngofs2_point_clear_station,MODEL,"8733821 Pt Clear, MB",93,nearest_verified_coordinate,0.3114,30.489032745361328,-87.93621826171875,272.06378173828125,1.8300000429153442,surface,0,-0.012500000186264515,salinity,13.54150676727295,1e-3,2026-09-16T13:06:00+00:00,2026-09-14T15:00:00+00:00,2026-09-14T21:48:04.514562+00:00,2026-09-14T21:48:04.514562+00:00,https://opendap.co-ops.nos.noaa.gov/thredds/dodsC/NOAA/NGOFS2/MODELS/2026/09/14/ngofs2.t15z.20260914.stations.forecast.nc,Point Clear/Grand Hotel,0.0
noaa_ngofs2_point_clear_station,MODEL,"8733821 Pt Clear, MB",93,nearest_verified_coordinate,0.3114,30.489032745361328,-87.93621826171875,272.06378173828125,1.8300000429153442,bottom,39,-0.987500011920929,eastward_current,-0.011638287454843521,m/s,2026-09-16T13:06:00+00:00,2026-09-14T15:00:00+00:00,2026-09-14T21:48:04.514562+00:00,2026-09-14T21:48:04.514562+00:00,https://opendap.co-ops.nos.noaa.gov/thredds/dodsC/NOAA/NGOFS2/MODELS/2026/09/14/ngofs2.t15z.20260914.stations.forecast.nc,Point Clear/Grand Hotel,0.0
noaa_ngofs2_point_clear_station,MODEL,"8733821 Pt Clear, MB",93,nearest_verified_coordinate,0.3114,30.489032745361328,-87.93621826171875,272.06378173828125,1.8300000429153442,bottom,39,-0.987500011920929,northward_current,-0.0343988798558712,m/s,2026-09-16T13:06:00+00:00,2026-09-14T15:00:00+00:00,2026-09-14T21:48:04.514562+00:00,2026-09-14T21:48:04.514562+00:00,https://opendap.co-ops.nos.noaa.gov/thredds/dodsC/NOAA/NGOFS2/MODELS/2026/09/14/ngofs2.t15z.20260914.stations.forecast.nc,Point Clear/Grand Hotel,0.0
noaa_ngofs2_point_clear_station,MODEL,"8733821 Pt Clear, MB",93,nearest_verified_coordinate,0.3114,30.489032745361328,-87.93621826171875,272.06378173828125,1.8300000429153442,bottom,39,-0.987500011920929,shoreward_current,-0.011638287454843523,m/s,2026-09-16T13:06:00+00:00,2026-09-14T15:00:00+00:00,2026-09-14T21:48:04.514562+00:00,2026-09-14T21:48:04.514562+00:00,https://opendap.co-ops.nos.noaa.gov/thredds/dodsC/NOAA/NGOFS2/MODELS/2026/09/14/ngofs2.t15z.20260914.stations.forecast.nc,Point Clear/Grand Hotel,0.0
noaa_ngofs2_point_clear_station,MODEL,"8733821 Pt Clear, MB",93,nearest_verified_coordinate,0.3114,30.489032745361328,-87.93621826171875,272.06378173828125,1.8300000429153442,bottom,39,-0.987500011920929,water_temperature,32.467864990234375,degC,2026-09-16T13:06:00+00:00,2026-09-14T15:00:00+00:00,2026-09-14T21:48:04.514562+00:00,2026-09-14T21:48:04.514562+00:00,https://opendap.co-ops.nos.noaa.gov/thredds/dodsC/NOAA/NGOFS2/MODELS/2026/09/14/ngofs2.t15z.20260914.stations.forecast.nc,Point Clear/Grand Hotel,0.0
noaa_ngofs2_point_clear_station,MODEL,"8733821 Pt Clear, MB",93,nearest_verified_coordinate,0.3114,30.489032745361328,-87.93621826171875,272.06378173828125,1.8300000429153442,bottom,39,-0.987500011920929,salinity,13.554737091064453,1e-3,2026-09-16T13:06:00+00:00,2026-09-14T15:00:00+00:00,2026-09-14T21:48:04.514562+00:00,2026-09-14T21:48:04.514562+00:00,https://opendap.co-ops.nos.noaa.gov/thredds/dodsC/NOAA/NGOFS2/MODELS/2026/09/14/ngofs2.t15z.20260914.stations.forecast.nc,Point Clear/Grand Hotel,0.0
noaa_ngofs2_point_clear_station,MODEL,"8733821 Pt Clear, MB",93,nearest_verified_coordinate,0.3114,30.489032745361328,-87.93621826171875,272.06378173828125,1.8300000429153442,surface,,,water_surface_elevation,0.14304257929325104,m,2026-09-16T13:06:00+00:00,2026-09-14T15:00:00+00:00,2026-09-14T21:48:04.514562+00:00,2026-09-14T21:48:04.514562+00:00,https://opendap.co-ops.nos.noaa.gov/thredds/dodsC/NOAA/NGOFS2/MODELS/2026/09/14/ngofs2.t15z.20260914.stations.forecast.nc,Point Clear/Grand Hotel,0.0
noaa_ngofs2_point_clear_station,MODEL,"8733821 Pt Clear, MB",93,nearest_verified_coordinate,0.3114,30.489032745361328,-87.93621826171875,272.06378173828125,1.8300000429153442,surface,0,-0.012500000186264515,eastward_current,-0.058469004929065704,m/s,2026-09-16T13:12:00+00:00,2026-09-14T15:00:00+00:00,2026-09-14T21:48:04.514562+00:00,2026-09-14T21:48:04.514562+00:00,https://opendap.co-ops.nos.noaa.gov/thredds/dodsC/NOAA/NGOFS2/MODELS/2026/09/14/ngofs2.t15z.20260914.stations.forecast.nc,Point Clear/Grand Hotel,0.0
noaa_ngofs2_point_clear_station,MODEL,"8733821 Pt Clear, MB",93,nearest_verified_coordinate,0.3114,30.489032745361328,-87.93621826171875,272.06378173828125,1.8300000429153442,surface,0,-0.012500000186264515,northward_current,-0.10708846896886826,m/s,2026-09-16T13:12:00+00:00,2026-09-14T15:00:00+00:00,2026-09-14T21:48:04.514562+00:00,2026-09-14T21:48:04.514562+00:00,https://opendap.co-ops.nos.noaa.gov/thredds/dodsC/NOAA/NGOFS2/MODELS/2026/09/14/ngofs2.t15z.20260914.stations.forecast.nc,Point Clear/Grand Hotel,0.0
noaa_ngofs2_point_clear_station,MODEL,"8733821 Pt Clear, MB",93,nearest_verified_coordinate,0.3114,30.489032745361328,-87.93621826171875,272.06378173828125,1.8300000429153442,surface,0,-0.012500000186264515,shoreward_current,-0.05846900492906571,m/s,2026-09-16T13:12:00+00:00,2026-09-14T15:00:00+00:00,2026-09-14T21:48:04.514562+00:00,2026-09-14T21:48:04.514562+00:00,https://opendap.co-ops.nos.noaa.gov/thredds/dodsC/NOAA/NGOFS2/MODELS/2026/09/14/ngofs2.t15z.20260914.stations.forecast.nc,Point Clear/Grand Hotel,0.0
noaa_ngofs2_point_clear_station,MODEL,"8733821 Pt Clear, MB",93,nearest_verified_coordinate,0.3114,30.489032745361328,-87.93621826171875,272.06378173828125,1.8300000429153442,surface,0,-0.012500000186264515,water_temperature,32.43124771118164,degC,2026-09-16T13:12:00+00:00,2026-09-14T15:00:00+00:00,2026-09-14T21:48:04.514562+00:00,2026-09-14T21:48:04.514562+00:00,https://opendap.co-ops.nos.noaa.gov/thredds/dodsC/NOAA/NGOFS2/MODELS/2026/09/14/ngofs2.t15z.20260914.stations.forecast.nc,Point Clear/Grand Hotel,0.0
noaa_ngofs2_point_clear_station,MODEL,"8733821 Pt Clear, MB",93,nearest_verified_coordinate,0.3114,30.489032745361328,-87.93621826171875,272.06378173828125,1.8300000429153442,surface,0,-0.012500000186264515,salinity,13.531329154968262,1e-3,2026-09-16T13:12:00+00:00,2026-09-14T15:00:00+00:00,2026-09-14T21:48:04.514562+00:00,2026-09-14T21:48:04.514562+00:00,https://opendap.co-ops.nos.noaa.gov/thredds/dodsC/NOAA/NGOFS2/MODELS/2026/09/14/ngofs2.t15z.20260914.stations.forecast.nc,Point Clear/Grand Hotel,0.0
noaa_ngofs2_point_clear_station,MODEL,"8733821 Pt Clear, MB",93,nearest_verified_coordinate,0.3114,30.489032745361328,-87.93621826171875,272.06378173828125,1.8300000429153442,bottom,39,-0.987500011920929,eastward_current,-0.01118037011474371,m/s,2026-09-16T13:12:00+00:00,2026-09-14T15:00:00+00:00,2026-09-14T21:48:04.514562+00:00,2026-09-14T21:48:04.514562+00:00,https://opendap.co-ops.nos.noaa.gov/thredds/dodsC/NOAA/NGOFS2/MODELS/2026/09/14/ngofs2.t15z.20260914.stations.forecast.nc,Point Clear/Grand Hotel,0.0
noaa_ngofs2_point_clear_station,MODEL,"8733821 Pt Clear, MB",93,nearest_verified_coordinate,0.3114,30.489032745361328,-87.93621826171875,272.06378173828125,1.8300000429153442,bottom,39,-0.987500011920929,northward_current,-0.03325824812054634,m/s,2026-09-16T13:12:00+00:00,2026-09-14T15:00:00+00:00,2026-09-14T21:48:04.514562+00:00,2026-09-14T21:48:04.514562+00:00,https://opendap.co-ops.nos.noaa.gov/thredds/dodsC/NOAA/NGOFS2/MODELS/2026/09/14/ngofs2.t15z.20260914.stations.forecast.nc,Point Clear/Grand Hotel,0.0
noaa_ngofs2_point_clear_station,MODEL,"8733821 Pt Clear, MB",93,nearest_verified_coordinate,0.3114,30.489032745361328,-87.93621826171875,272.06378173828125,1.8300000429153442,bottom,39,-0.987500011920929,shoreward_current,-0.011180370114743711,m/s,2026-09-16T13:12:00+00:00,2026-09-14T15:00:00+00:00,2026-09-14T21:48:04.514562+00:00,2026-09-14T21:48:04.514562+00:00,https://opendap.co-ops.nos.noaa.gov/thredds/dodsC/NOAA/NGOFS2/MODELS/2026/09/14/ngofs2.t15z.20260914.stations.forecast.nc,Point Clear/Grand Hotel,0.0
noaa_ngofs2_point_clear_station,MODEL,"8733821 Pt Clear, MB",93,nearest_verified_coordinate,0.3114,30.489032745361328,-87.93621826171875,272.06378173828125,1.8300000429153442,bottom,39,-0.987500011920929,water_temperature,32.46524429321289,degC,2026-09-16T13:12:00+00:00,2026-09-14T15:00:00+00:00,2026-09-14T21:48:04.514562+00:00,2026-09-14T21:48:04.514562+00:00,https://opendap.co-ops.nos.noaa.gov/thredds/dodsC/NOAA/NGOFS2/MODELS/2026/09/14/ngofs2.t15z.20260914.stations.forecast.nc,Point Clear/Grand Hotel,0.0
noaa_ngofs2_point_clear_station,MODEL,"8733821 Pt Clear, MB",93,nearest_verified_coordinate,0.3114,30.489032745361328,-87.93621826171875,272.06378173828125,1.8300000429153442,bottom,39,-0.987500011920929,salinity,13.544071197509766,1e-3,2026-09-16T13:12:00+00:00,2026-09-14T15:00:00+00:00,2026-09-14T21:48:04.514562+00:00,2026-09-14T21:48:04.514562+00:00,https://opendap.co-ops.nos.noaa.gov/thredds/dodsC/NOAA/NGOFS2/MODELS/2026/09/14/ngofs2.t15z.20260914.stations.forecast.nc,Point Clear/Grand Hotel,0.0
noaa_ngofs2_point_clear_station,MODEL,"8733821 Pt Clear, MB",93,nearest_verified_coordinate,0.3114,30.489032745361328,-87.93621826171875,272.06378173828125,1.8300000429153442,surface,,,water_surface_elevation,0.13716016709804535,m,2026-09-16T13:12:00+00:00,2026-09-14T15:00:00+00:00,2026-09-14T21:48:04.514562+00:00,2026-09-14T21:48:04.514562+00:00,https://opendap.co-ops.nos.noaa.gov/thredds/dodsC/NOAA/NGOFS2/MODELS/2026/09/14/ngofs2.t15z.20260914.stations.forecast.nc,Point Clear/Grand Hotel,0.0
noaa_ngofs2_point_clear_station,MODEL,"8733821 Pt Clear, MB",93,nearest_verified_coordinate,0.3114,30.489032745361328,-87.93621826171875,272.06378173828125,1.8300000429153442,surface,0,-0.012500000186264515,eastward_current,-0.05751153081655502,m/s,2026-09-16T13:18:00+00:00,2026-09-14T15:00:00+00:00,2026-09-14T21:48:04.514562+00:00,2026-09-14T21:48:04.514562+00:00,https://opendap.co-ops.nos.noaa.gov/thredds/dodsC/NOAA/NGOFS2/MODELS/2026/09/14/ngofs2.t15z.20260914.stations.forecast.nc,Point Clear/Grand Hotel,0.0
noaa_ngofs2_point_clear_station,MODEL,"8733821 Pt Clear, MB",93,nearest_verified_coordinate,0.3114,30.489032745361328,-87.93621826171875,272.06378173828125,1.8300000429153442,surface,0,-0.012500000186264515,northward_current,-0.104197658598423,m/s,2026-09-16T13:18:00+00:00,2026-09-14T15:00:00+00:00,2026-09-14T21:48:04.514562+00:00,2026-09-14T21:48:04.514562+00:00,https://opendap.co-ops.nos.noaa.gov/thredds/dodsC/NOAA/NGOFS2/MODELS/2026/09/14/ngofs2.t15z.20260914.stations.forecast.nc,Point Clear/Grand Hotel,0.0
noaa_ngofs2_point_clear_station,MODEL,"8733821 Pt Clear, MB",93,nearest_verified_coordinate,0.3114,30.489032745361328,-87.93621826171875,272.06378173828125,1.8300000429153442,surface,0,-0.012500000186264515,shoreward_current,-0.05751153081655503,m/s,2026-09-16T13:18:00+00:00,2026-09-14T15:00:00+00:00,2026-09-14T21:48:04.514562+00:00,2026-09-14T21:48:04.514562+00:00,https://opendap.co-ops.nos.noaa.gov/thredds/dodsC/NOAA/NGOFS2/MODELS/2026/09/14/ngofs2.t15z.20260914.stations.forecast.nc,Point Clear/Grand Hotel,0.0
noaa_ngofs2_point_clear_station,MODEL,"8733821 Pt Clear, MB",93,nearest_verified_coordinate,0.3114,30.489032745361328,-87.93621826171875,272.06378173828125,1.8300000429153442,surface,0,-0.012500000186264515,water_temperature,32.42900085449219,degC,2026-09-16T13:18:00+00:00,2026-09-14T15:00:00+00:00,2026-09-14T21:48:04.514562+00:00,2026-09-14T21:48:04.514562+00:00,https://opendap.co-ops.nos.noaa.gov/thredds/dodsC/NOAA/NGOFS2/MODELS/2026/09/14/ngofs2.t15z.20260914.stations.forecast.nc,Point Clear/Grand Hotel,0.0
noaa_ngofs2_point_clear_station,MODEL,"8733821 Pt Clear, MB",93,nearest_verified_coordinate,0.3114,30.489032745361328,-87.93621826171875,272.06378173828125,1.8300000429153442,surface,0,-0.012500000186264515,salinity,13.521220207214355,1e-3,2026-09-16T13:18:00+00:00,2026-09-14T15:00:00+00:00,2026-09-14T21:48:04.514562+00:00,2026-09-14T21:48:04.514562+00:00,https://opendap.co-ops.nos.noaa.gov/thredds/dodsC/NOAA/NGOFS2/MODELS/2026/09/14/ngofs2.t15z.20260914.stations.forecast.nc,Point Clear/Grand Hotel,0.0
noaa_ngofs2_point_clear_station,MODEL,"8733821 Pt Clear, MB",93,nearest_verified_coordinate,0.3114,30.489032745361328,-87.93621826171875,272.06378173828125,1.8300000429153442,bottom,39,-0.987500011920929,eastward_current,-0.010852083563804626,m/s,2026-09-16T13:18:00+00:00,2026-09-14T15:00:00+00:00,2026-09-14T21:48:04.514562+00:00,2026-09-14T21:48:04.514562+00:00,https://opendap.co-ops.nos.noaa.gov/thredds/dodsC/NOAA/NGOFS2/MODELS/2026/09/14/ngofs2.t15z.20260914.stations.forecast.nc,Point Clear/Grand Hotel,0.0
noaa_ngofs2_point_clear_station,MODEL,"8733821 Pt Clear, MB",93,nearest_verified_coordinate,0.3114,30.489032745361328,-87.93621826171875,272.06378173828125,1.8300000429153442,bottom,39,-0.987500011920929,northward_current,-0.032536666840314865,m/s,2026-09-16T13:18:00+00:00,2026-09-14T15:00:00+00:00,2026-09-14T21:48:04.514562+00:00,2026-09-14T21:48:04.514562+00:00,https://opendap.co-ops.nos.noaa.gov/thredds/dodsC/NOAA/NGOFS2/MODELS/2026/09/14/ngofs2.t15z.20260914.stations.forecast.nc,Point Clear/Grand Hotel,0.0
noaa_ngofs2_point_clear_station,MODEL,"8733821 Pt Clear, MB",93,nearest_verified_coordinate,0.3114,30.489032745361328,-87.93621826171875,272.06378173828125,1.8300000429153442,bottom,39,-0.987500011920929,shoreward_current,-0.010852083563804628,m/s,2026-09-16T13:18:00+00:00,2026-09-14T15:00:00+00:00,2026-09-14T21:48:04.514562+00:00,2026-09-14T21:48:04.514562+00:00,https://opendap.co-ops.nos.noaa.gov/thredds/dodsC/NOAA/NGOFS2/MODELS/2026/09/14/ngofs2.t15z.20260914.stations.forecast.nc,Point Clear/Grand Hotel,0.0
noaa_ngofs2_point_clear_station,MODEL,"8733821 Pt Clear, MB",93,nearest_verified_coordinate,0.3114,30.489032745361328,-87.93621826171875,272.06378173828125,1.8300000429153442,bottom,39,-0.987500011920929,water_temperature,32.462711334228516,degC,2026-09-16T13:18:00+00:00,2026-09-14T15:00:00+00:00,2026-09-14T21:48:04.514562+00:00,2026-09-14T21:48:04.514562+00:00,https://opendap.co-ops.nos.noaa.gov/thredds/dodsC/NOAA/NGOFS2/MODELS/2026/09/14/ngofs2.t15z.20260914.stations.forecast.nc,Point Clear/Grand Hotel,0.0
noaa_ngofs2_point_clear_station,MODEL,"8733821 Pt Clear, MB",93,nearest_verified_coordinate,0.3114,30.489032745361328,-87.93621826171875,272.06378173828125,1.8300000429153442,bottom,39,-0.987500011920929,salinity,13.533714294433594,1e-3,2026-09-16T13:18:00+00:00,2026-09-14T15:00:00+00:00,2026-09-14T21:48:04.514562+00:00,2026-09-14T21:48:04.514562+00:00,https://opendap.co-ops.nos.noaa.gov/thredds/dodsC/NOAA/NGOFS2/MODELS/2026/09/14/ngofs2.t15z.20260914.stations.forecast.nc,Point Clear/Grand Hotel,0.0
noaa_ngofs2_point_clear_station,MODEL,"8733821 Pt Clear, MB",93,nearest_verified_coordinate,0.3114,30.489032745361328,-87.93621826171875,272.06378173828125,1.8300000429153442,surface,,,water_surface_elevation,0.13101419806480408,m,2026-09-16T13:18:00+00:00,2026-09-14T15:00:00+00:00,2026-09-14T21:48:04.514562+00:00,2026-09-14T21:48:04.514562+00:00,https://opendap.co-ops.nos.noaa.gov/thredds/dodsC/NOAA/NGOFS2/MODELS/2026/09/14/ngofs2.t15z.20260914.stations.forecast.nc,Point Clear/Grand Hotel,0.0
noaa_ngofs2_point_clear_station,MODEL,"8733821 Pt Clear, MB",93,nearest_verified_coordinate,0.3114,30.489032745361328,-87.93621826171875,272.06378173828125,1.8300000429153442,surface,0,-0.012500000186264515,eastward_current,-0.056375257670879364,m/s,2026-09-16T13:24:00+00:00,2026-09-14T15:00:00+00:00,2026-09-14T21:48:04.514562+00:00,2026-09-14T21:48:04.514562+00:00,https://opendap.co-ops.nos.noaa.gov/thredds/dodsC/NOAA/NGOFS2/MODELS/2026/09/14/ngofs2.t15z.20260914.stations.forecast.nc,Point Clear/Grand Hotel,0.0
noaa_ngofs2_point_clear_station,MODEL,"8733821 Pt Clear, MB",93,nearest_verified_coordinate,0.3114,30.489032745361328,-87.93621826171875,272.06378173828125,1.8300000429153442,surface,0,-0.012500000186264515,northward_current,-0.10160798579454422,m/s,2026-09-16T13:24:00+00:00,2026-09-14T15:00:00+00:00,2026-09-14T21:48:04.514562+00:00,2026-09-14T21:48:04.514562+00:00,https://opendap.co-ops.nos.noaa.gov/thredds/dodsC/NOAA/NGOFS2/MODELS/2026/09/14/ngofs2.t15z.20260914.stations.forecast.nc,Point Clear/Grand Hotel,0.0
noaa_ngofs2_point_clear_station,MODEL,"8733821 Pt Clear, MB",93,nearest_verified_coordinate,0.3114,30.489032745361328,-87.93621826171875,272.06378173828125,1.8300000429153442,surface,0,-0.012500000186264515,shoreward_current,-0.05637525767087937,m/s,2026-09-16T13:24:00+00:00,2026-09-14T15:00:00+00:00,2026-09-14T21:48:04.514562+00:00,2026-09-14T21:48:04.514562+00:00,https://opendap.co-ops.nos.noaa.gov/thredds/dodsC/NOAA/NGOFS2/MODELS/2026/09/14/ngofs2.t15z.20260914.stations.forecast.nc,Point Clear/Grand Hotel,0.0
noaa_ngofs2_point_clear_station,MODEL,"8733821 Pt Clear, MB",93,nearest_verified_coordinate,0.3114,30.489032745361328,-87.93621826171875,272.06378173828125,1.8300000429153442,surface,0,-0.012500000186264515,water_temperature,32.42672348022461,degC,2026-09-16T13:24:00+00:00,2026-09-14T15:00:00+00:00,2026-09-14T21:48:04.514562+00:00,2026-09-14T21:48:04.514562+00:00,https://opendap.co-ops.nos.noaa.gov/thredds/dodsC/NOAA/NGOFS2/MODELS/2026/09/14/ngofs2.t15z.20260914.stations.forecast.nc,Point Clear/Grand Hotel,0.0
noaa_ngofs2_point_clear_station,MODEL,"8733821 Pt Clear, MB",93,nearest_verified_coordinate,0.3114,30.489032745361328,-87.93621826171875,272.06378173828125,1.8300000429153442,surface,0,-0.012500000186264515,salinity,13.511183738708496,1e-3,2026-09-16T13:24:00+00:00,2026-09-14T15:00:00+00:00,2026-09-14T21:48:04.514562+00:00,2026-09-14T21:48:04.514562+00:00,https://opendap.co-ops.nos.noaa.gov/thredds/dodsC/NOAA/NGOFS2/MODELS/2026/09/14/ngofs2.t15z.20260914.stations.forecast.nc,Point Clear/Grand Hotel,0.0
noaa_ngofs2_point_clear_station,MODEL,"8733821 Pt Clear, MB",93,nearest_verified_coordinate,0.3114,30.489032745361328,-87.93621826171875,272.06378173828125,1.8300000429153442,bottom,39,-0.987500011920929,eastward_current,-0.010286374017596245,m/s,2026-09-16T13:24:00+00:00,2026-09-14T15:00:00+00:00,2026-09-14T21:48:04.514562+00:00,2026-09-14T21:48:04.514562+00:00,https://opendap.co-ops.nos.noaa.gov/thredds/dodsC/NOAA/NGOFS2/MODELS/2026/09/14/ngofs2.t15z.20260914.stations.forecast.nc,Point Clear/Grand Hotel,0.0
noaa_ngofs2_point_clear_station,MODEL,"8733821 Pt Clear, MB",93,nearest_verified_coordinate,0.3114,30.489032745361328,-87.93621826171875,272.06378173828125,1.8300000429153442,bottom,39,-0.987500011920929,northward_current,-0.03173663094639778,m/s,2026-09-16T13:24:00+00:00,2026-09-14T15:00:00+00:00,2026-09-14T21:48:04.514562+00:00,2026-09-14T21:48:04.514562+00:00,https://opendap.co-ops.nos.noaa.gov/thredds/dodsC/NOAA/NGOFS2/MODELS/2026/09/14/ngofs2.t15z.20260914.stations.forecast.nc,Point Clear/Grand Hotel,0.0
noaa_ngofs2_point_clear_station,MODEL,"8733821 Pt Clear, MB",93,nearest_verified_coordinate,0.3114,30.489032745361328,-87.93621826171875,272.06378173828125,1.8300000429153442,bottom,39,-0.987500011920929,shoreward_current,-0.010286374017596247,m/s,2026-09-16T13:24:00+00:00,2026-09-14T15:00:00+00:00,2026-09-14T21:48:04.514562+00:00,2026-09-14T21:48:04.514562+00:00,https://opendap.co-ops.nos.noaa.gov/thredds/dodsC/NOAA/NGOFS2/MODELS/2026/09/14/ngofs2.t15z.20260914.stations.forecast.nc,Point Clear/Grand Hotel,0.0
noaa_ngofs2_point_clear_station,MODEL,"8733821 Pt Clear, MB",93,nearest_verified_coordinate,0.3114,30.489032745361328,-87.93621826171875,272.06378173828125,1.8300000429153442,bottom,39,-0.987500011920929,water_temperature,32.46027374267578,degC,2026-09-16T13:24:00+00:00,2026-09-14T15:00:00+00:00,2026-09-14T21:48:04.514562+00:00,2026-09-14T21:48:04.514562+00:00,https://opendap.co-ops.nos.noaa.gov/thredds/dodsC/NOAA/NGOFS2/MODELS/2026/09/14/ngofs2.t15z.20260914.stations.forecast.nc,Point Clear/Grand Hotel,0.0
noaa_ngofs2_point_clear_station,MODEL,"8733821 Pt Clear, MB",93,nearest_verified_coordinate,0.3114,30.489032745361328,-87.93621826171875,272.06378173828125,1.8300000429153442,bottom,39,-0.987500011920929,salinity,13.523602485656738,1e-3,2026-09-16T13:24:00+00:00,2026-09-14T15:00:00+00:00,2026-09-14T21:48:04.514562+00:00,2026-09-14T21:48:04.514562+00:00,https://opendap.co-ops.nos.noaa.gov/thredds/dodsC/NOAA/NGOFS2/MODELS/2026/09/14/ngofs2.t15z.20260914.stations.forecast.nc,Point Clear/Grand Hotel,0.0
noaa_ngofs2_point_clear_station,MODEL,"8733821 Pt Clear, MB",93,nearest_verified_coordinate,0.3114,30.489032745361328,-87.93621826171875,272.06378173828125,1.8300000429153442,surface,,,water_surface_elevation,0.12502801418304443,m,2026-09-16T13:24:00+00:00,2026-09-14T15:00:00+00:00,2026-09-14T21:48:04.514562+00:00,2026-09-14T21:48:04.514562+00:00,https://opendap.co-ops.nos.noaa.gov/thredds/dodsC/NOAA/NGOFS2/MODELS/2026/09/14/ngofs2.t15z.20260914.stations.forecast.nc,Point Clear/Grand Hotel,0.0
noaa_ngofs2_point_clear_station,MODEL,"8733821 Pt Clear, MB",93,nearest_verified_coordinate,0.3114,30.489032745361328,-87.93621826171875,272.06378173828125,1.8300000429153442,surface,0,-0.012500000186264515,eastward_current,-0.05546066537499428,m/s,2026-09-16T13:30:00+00:00,2026-09-14T15:00:00+00:00,2026-09-14T21:48:04.514562+00:00,2026-09-14T21:48:04.514562+00:00,https://opendap.co-ops.nos.noaa.gov/thredds/dodsC/NOAA/NGOFS2/MODELS/2026/09/14/ngofs2.t15z.20260914.stations.forecast.nc,Point Clear/Grand Hotel,0.0
noaa_ngofs2_point_clear_station,MODEL,"8733821 Pt Clear, MB",93,nearest_verified_coordinate,0.3114,30.489032745361328,-87.93621826171875,272.06378173828125,1.8300000429153442,surface,0,-0.012500000186264515,northward_current,-0.09888988733291626,m/s,2026-09-16T13:30:00+00:00,2026-09-14T15:00:00+00:00,2026-09-14T21:48:04.514562+00:00,2026-09-14T21:48:04.514562+00:00,https://opendap.co-ops.nos.noaa.gov/thredds/dodsC/NOAA/NGOFS2/MODELS/2026/09/14/ngofs2.t15z.20260914.stations.forecast.nc,Point Clear/Grand Hotel,0.0
noaa_ngofs2_point_clear_station,MODEL,"8733821 Pt Clear, MB",93,nearest_verified_coordinate,0.3114,30.489032745361328,-87.93621826171875,272.06378173828125,1.8300000429153442,surface,0,-0.012500000186264515,shoreward_current,-0.055460665374994285,m/s,2026-09-16T13:30:00+00:00,2026-09-14T15:00:00+00:00,2026-09-14T21:48:04.514562+00:00,2026-09-14T21:48:04.514562+00:00,https://opendap.co-ops.nos.noaa.gov/thredds/dodsC/NOAA/NGOFS2/MODELS/2026/09/14/ngofs2.t15z.20260914.stations.forecast.nc,Point Clear/Grand Hotel,0.0
noaa_ngofs2_point_clear_station,MODEL,"8733821 Pt Clear, MB",93,nearest_verified_coordinate,0.3114,30.489032745361328,-87.93621826171875,272.06378173828125,1.8300000429153442,surface,0,-0.012500000186264515,water_temperature,32.424442291259766,degC,2026-09-16T13:30:00+00:00,2026-09-14T15:00:00+00:00,2026-09-14T21:48:04.514562+00:00,2026-09-14T21:48:04.514562+00:00,https://opendap.co-ops.nos.noaa.gov/thredds/dodsC/NOAA/NGOFS2/MODELS/2026/09/14/ngofs2.t15z.20260914.stations.forecast.nc,Point Clear/Grand Hotel,0.0
noaa_ngofs2_point_clear_station,MODEL,"8733821 Pt Clear, MB",93,nearest_verified_coordinate,0.3114,30.489032745361328,-87.93621826171875,272.06378173828125,1.8300000429153442,surface,0,-0.012500000186264515,salinity,13.50131607055664,1e-3,2026-09-16T13:30:00+00:00,2026-09-14T15:00:00+00:00,2026-09-14T21:48:04.514562+00:00,2026-09-14T21:48:04.514562+00:00,https://opendap.co-ops.nos.noaa.gov/thredds/dodsC/NOAA/NGOFS2/MODELS/2026/09/14/ngofs2.t15z.20260914.stations.forecast.nc,Point Clear/Grand Hotel,0.0
noaa_ngofs2_point_clear_station,MODEL,"8733821 Pt Clear, MB",93,nearest_verified_coordinate,0.3114,30.489032745361328,-87.93621826171875,272.06378173828125,1.8300000429153442,bottom,39,-0.987500011920929,eastward_current,-0.00983445905148983,m/s,2026-09-16T13:30:00+00:00,2026-09-14T15:00:00+00:00,2026-09-14T21:48:04.514562+00:00,2026-09-14T21:48:04.514562+00:00,https://opendap.co-ops.nos.noaa.gov/thredds/dodsC/NOAA/NGOFS2/MODELS/2026/09/14/ngofs2.t15z.20260914.stations.forecast.nc,Point Clear/Grand Hotel,0.0
noaa_ngofs2_point_clear_station,MODEL,"8733821 Pt Clear, MB",93,nearest_verified_coordinate,0.3114,30.489032745361328,-87.93621826171875,272.06378173828125,1.8300000429153442,bottom,39,-0.987500011920929,northward_current,-0.030822275206446648,m/s,2026-09-16T13:30:00+00:00,2026-09-14T15:00:00+00:00,2026-09-14T21:48:04.514562+00:00,2026-09-14T21:48:04.514562+00:00,https://opendap.co-ops.nos.noaa.gov/thredds/dodsC/NOAA/NGOFS2/MODELS/2026/09/14/ngofs2.t15z.20260914.stations.forecast.nc,Point Clear/Grand Hotel,0.0
noaa_ngofs2_point_clear_station,MODEL,"8733821 Pt Clear, MB",93,nearest_verified_coordinate,0.3114,30.489032745361328,-87.93621826171875,272.06378173828125,1.8300000429153442,bottom,39,-0.987500011920929,shoreward_current,-0.009834459051489832,m/s,2026-09-16T13:30:00+00:00,2026-09-14T15:00:00+00:00,2026-09-14T21:48:04.514562+00:00,2026-09-14T21:48:04.514562+00:00,https://opendap.co-ops.nos.noaa.gov/thredds/dodsC/NOAA/NGOFS2/MODELS/2026/09/14/ngofs2.t15z.20260914.stations.forecast.nc,Point Clear/Grand Hotel,0.0
noaa_ngofs2_point_clear_station,MODEL,"8733821 Pt Clear, MB",93,nearest_verified_coordinate,0.3114,30.489032745361328,-87.93621826171875,272.06378173828125,1.8300000429153442,bottom,39,-0.987500011920929,water_temperature,32.45795822143555,degC,2026-09-16T13:30:00+00:00,2026-09-14T15:00:00+00:00,2026-09-14T21:48:04.514562+00:00,2026-09-14T21:48:04.514562+00:00,https://opendap.co-ops.nos.noaa.gov/thredds/dodsC/NOAA/NGOFS2/MODELS/2026/09/14/ngofs2.t15z.20260914.stations.forecast.nc,Point Clear/Grand Hotel,0.0
noaa_ngofs2_point_clear_station,MODEL,"8733821 Pt Clear, MB",93,nearest_verified_coordinate,0.3114,30.489032745361328,-87.93621826171875,272.06378173828125,1.8300000429153442,bottom,39,-0.987500011920929,salinity,13.513776779174805,1e-3,2026-09-16T13:30:00+00:00,2026-09-14T15:00:00+00:00,2026-09-14T21:48:04.514562+00:00,2026-09-14T21:48:04.514562+00:00,https://opendap.co-ops.nos.noaa.gov/thredds/dodsC/NOAA/NGOFS2/MODELS/2026/09/14/ngofs2.t15z.20260914.stations.forecast.nc,Point Clear/Grand Hotel,0.0
noaa_ngofs2_point_clear_station,MODEL,"8733821 Pt Clear, MB",93,nearest_verified_coordinate,0.3114,30.489032745361328,-87.93621826171875,272.06378173828125,1.8300000429153442,surface,,,water_surface_elevation,0.11932042986154556,m,2026-09-16T13:30:00+00:00,2026-09-14T15:00:00+00:00,2026-09-14T21:48:04.514562+00:00,2026-09-14T21:48:04.514562+00:00,https://opendap.co-ops.nos.noaa.gov/thredds/dodsC/NOAA/NGOFS2/MODELS/2026/09/14/ngofs2.t15z.20260914.stations.forecast.nc,Point Clear/Grand Hotel,0.0
noaa_ngofs2_point_clear_station,MODEL,"8733821 Pt Clear, MB",93,nearest_verified_coordinate,0.3114,30.489032745361328,-87.93621826171875,272.06378173828125,1.8300000429153442,surface,0,-0.012500000186264515,eastward_current,-0.054496102035045624,m/s,2026-09-16T13:36:00+00:00,2026-09-14T15:00:00+00:00,2026-09-14T21:48:04.514562+00:00,2026-09-14T21:48:04.514562+00:00,https://opendap.co-ops.nos.noaa.gov/thredds/dodsC/NOAA/NGOFS2/MODELS/2026/09/14/ngofs2.t15z.20260914.stations.forecast.nc,Point Clear/Grand Hotel,0.0
noaa_ngofs2_point_clear_station,MODEL,"8733821 Pt Clear, MB",93,nearest_verified_coordinate,0.3114,30.489032745361328,-87.93621826171875,272.06378173828125,1.8300000429153442,surface,0,-0.012500000186264515,northward_current,-0.09594004601240158,m/s,2026-09-16T13:36:00+00:00,2026-09-14T15:00:00+00:00,2026-09-14T21:48:04.514562+00:00,2026-09-14T21:48:04.514562+00:00,https://opendap.co-ops.nos.noaa.gov/thredds/dodsC/NOAA/NGOFS2/MODELS/2026/09/14/ngofs2.t15z.20260914.stations.forecast.nc,Point Clear/Grand Hotel,0.0
noaa_ngofs2_point_clear_station,MODEL,"8733821 Pt Clear, MB",93,nearest_verified_coordinate,0.3114,30.489032745361328,-87.93621826171875,272.06378173828125,1.8300000429153442,surface,0,-0.012500000186264515,shoreward_current,-0.05449610203504563,m/s,2026-09-16T13:36:00+00:00,2026-09-14T15:00:00+00:00,2026-09-14T21:48:04.514562+00:00,2026-09-14T21:48:04.514562+00:00,https://opendap.co-ops.nos.noaa.gov/thredds/dodsC/NOAA/NGOFS2/MODELS/2026/09/14/ngofs2.t15z.20260914.stations.forecast.nc,Point Clear/Grand Hotel,0.0
noaa_ngofs2_point_clear_station,MODEL,"8733821 Pt Clear, MB",93,nearest_verified_coordinate,0.3114,30.489032745361328,-87.93621826171875,272.06378173828125,1.8300000429153442,surface,0,-0.012500000186264515,water_temperature,32.42216873168945,degC,2026-09-16T13:36:00+00:00,2026-09-14T15:00:00+00:00,2026-09-14T21:48:04.514562+00:00,2026-09-14T21:48:04.514562+00:00,https://opendap.co-ops.nos.noaa.gov/thredds/dodsC/NOAA/NGOFS2/MODELS/2026/09/14/ngofs2.t15z.20260914.stations.forecast.nc,Point Clear/Grand Hotel,0.0
noaa_ngofs2_point_clear_station,MODEL,"8733821 Pt Clear, MB",93,nearest_verified_coordinate,0.3114,30.489032745361328,-87.93621826171875,272.06378173828125,1.8300000429153442,surface,0,-0.012500000186264515,salinity,13.491540908813477,1e-3,2026-09-16T13:36:00+00:00,2026-09-14T15:00:00+00:00,2026-09-14T21:48:04.514562+00:00,2026-09-14T21:48:04.514562+00:00,https://opendap.co-ops.nos.noaa.gov/thredds/dodsC/NOAA/NGOFS2/MODELS/2026/09/14/ngofs2.t15z.20260914.stations.forecast.nc,Point Clear/Grand Hotel,0.0
noaa_ngofs2_point_clear_station,MODEL,"8733821 Pt Clear, MB",93,nearest_verified_coordinate,0.3114,30.489032745361328,-87.93621826171875,272.06378173828125,1.8300000429153442,bottom,39,-0.987500011920929,eastward_current,-0.009255320765078068,m/s,2026-09-16T13:36:00+00:00,2026-09-14T15:00:00+00:00,2026-09-14T21:48:04.514562+00:00,2026-09-14T21:48:04.514562+00:00,https://opendap.co-ops.nos.noaa.gov/thredds/dodsC/NOAA/NGOFS2/MODELS/2026/09/14/ngofs2.t15z.20260914.stations.forecast.nc,Point Clear/Grand Hotel,0.0
noaa_ngofs2_point_clear_station,MODEL,"8733821 Pt Clear, MB",93,nearest_verified_coordinate,0.3114,30.489032745361328,-87.93621826171875,272.06378173828125,1.8300000429153442,bottom,39,-0.987500011920929,northward_current,-0.029776165261864662,m/s,2026-09-16T13:36:00+00:00,2026-09-14T15:00:00+00:00,2026-09-14T21:48:04.514562+00:00,2026-09-14T21:48:04.514562+00:00,https://opendap.co-ops.nos.noaa.gov/thredds/dodsC/NOAA/NGOFS2/MODELS/2026/09/14/ngofs2.t15z.20260914.stations.forecast.nc,Point Clear/Grand Hotel,0.0
noaa_ngofs2_point_clear_station,MODEL,"8733821 Pt Clear, MB",93,nearest_verified_coordinate,0.3114,30.489032745361328,-87.93621826171875,272.06378173828125,1.8300000429153442,bottom,39,-0.987500011920929,shoreward_current,-0.00925532076507807,m/s,2026-09-16T13:36:00+00:00,2026-09-14T15:00:00+00:00,2026-09-14T21:48:04.514562+00:00,2026-09-14T21:48:04.514562+00:00,https://opendap.co-ops.nos.noaa.gov/thredds/dodsC/NOAA/NGOFS2/MODELS/2026/09/14/ngofs2.t15z.20260914.stations.forecast.nc,Point Clear/Grand Hotel,0.0
noaa_ngofs2_point_clear_station,MODEL,"8733821 Pt Clear, MB",93,nearest_verified_coordinate,0.3114,30.489032745361328,-87.93621826171875,272.06378173828125,1.8300000429153442,bottom,39,-0.987500011920929,water_temperature,32.45580291748047,degC,2026-09-16T13:36:00+00:00,2026-09-14T15:00:00+00:00,2026-09-14T21:48:04.514562+00:00,2026-09-14T21:48:04.514562+00:00,https://opendap.co-ops.nos.noaa.gov/thredds/dodsC/NOAA/NGOFS2/MODELS/2026/09/14/ngofs2.t15z.20260914.stations.forecast.nc,Point Clear/Grand Hotel,0.0
noaa_ngofs2_point_clear_station,MODEL,"8733821 Pt Clear, MB",93,nearest_verified_coordinate,0.3114,30.489032745361328,-87.93621826171875,272.06378173828125,1.8300000429153442,bottom,39,-0.987500011920929,salinity,13.504167556762695,1e-3,2026-09-16T13:36:00+00:00,2026-09-14T15:00:00+00:00,2026-09-14T21:48:04.514562+00:00,2026-09-14T21:48:04.514562+00:00,https://opendap.co-ops.nos.noaa.gov/thredds/dodsC/NOAA/NGOFS2/MODELS/2026/09/14/ngofs2.t15z.20260914.stations.forecast.nc,Point Clear/Grand Hotel,0.0
noaa_ngofs2_point_clear_station,MODEL,"8733821 Pt Clear, MB",93,nearest_verified_coordinate,0.3114,30.489032745361328,-87.93621826171875,272.06378173828125,1.8300000429153442,surface,,,water_surface_elevation,0.1134895533323288,m,2026-09-16T13:36:00+00:00,2026-09-14T15:00:00+00:00,2026-09-14T21:48:04.514562+00:00,2026-09-14T21:48:04.514562+00:00,https://opendap.co-ops.nos.noaa.gov/thredds/dodsC/NOAA/NGOFS2/MODELS/2026/09/14/ngofs2.t15z.20260914.stations.forecast.nc,Point Clear/Grand Hotel,0.0
noaa_ngofs2_point_clear_station,MODEL,"8733821 Pt Clear, MB",93,nearest_verified_coordinate,0.3114,30.489032745361328,-87.93621826171875,272.06378173828125,1.8300000429153442,surface,0,-0.012500000186264515,eastward_current,-0.05335097759962082,m/s,2026-09-16T13:42:00+00:00,2026-09-14T15:00:00+00:00,2026-09-14T21:48:04.514562+00:00,2026-09-14T21:48:04.514562+00:00,https://opendap.co-ops.nos.noaa.gov/thredds/dodsC/NOAA/NGOFS2/MODELS/2026/09/14/ngofs2.t15z.20260914.stations.forecast.nc,Point Clear/Grand Hotel,0.0
noaa_ngofs2_point_clear_station,MODEL,"8733821 Pt Clear, MB",93,nearest_verified_coordinate,0.3114,30.489032745361328,-87.93621826171875,272.06378173828125,1.8300000429153442,surface,0,-0.012500000186264515,northward_current,-0.09271837025880814,m/s,2026-09-16T13:42:00+00:00,2026-09-14T15:00:00+00:00,2026-09-14T21:48:04.514562+00:00,2026-09-14T21:48:04.514562+00:00,https://opendap.co-ops.nos.noaa.gov/thredds/dodsC/NOAA/NGOFS2/MODELS/2026/09/14/ngofs2.t15z.20260914.stations.forecast.nc,Point Clear/Grand Hotel,0.0
noaa_ngofs2_point_clear_station,MODEL,"8733821 Pt Clear, MB",93,nearest_verified_coordinate,0.3114,30.489032745361328,-87.93621826171875,272.06378173828125,1.8300000429153442,surface,0,-0.012500000186264515,shoreward_current,-0.053350977599620826,m/s,2026-09-16T13:42:00+00:00,2026-09-14T15:00:00+00:00,2026-09-14T21:48:04.514562+00:00,2026-09-14T21:48:04.514562+00:00,https://opendap.co-ops.nos.noaa.gov/thredds/dodsC/NOAA/NGOFS2/MODELS/2026/09/14/ngofs2.t15z.20260914.stations.forecast.nc,Point Clear/Grand Hotel,0.0
noaa_ngofs2_point_clear_station,MODEL,"8733821 Pt Clear, MB",93,nearest_verified_coordinate,0.3114,30.489032745361328,-87.93621826171875,272.06378173828125,1.8300000429153442,surface,0,-0.012500000186264515,water_temperature,32.41989517211914,degC,2026-09-16T13:42:00+00:00,2026-09-14T15:00:00+00:00,2026-09-14T21:48:04.514562+00:00,2026-09-14T21:48:04.514562+00:00,https://opendap.co-ops.nos.noaa.gov/thredds/dodsC/NOAA/NGOFS2/MODELS/2026/09/14/ngofs2.t15z.20260914.stations.forecast.nc,Point Clear/Grand Hotel,0.0
noaa_ngofs2_point_clear_station,MODEL,"8733821 Pt Clear, MB",93,nearest_verified_coordinate,0.3114,30.489032745361328,-87.93621826171875,272.06378173828125,1.8300000429153442,surface,0,-0.012500000186264515,salinity,13.481894493103027,1e-3,2026-09-16T13:42:00+00:00,2026-09-14T15:00:00+00:00,2026-09-14T21:48:04.514562+00:00,2026-09-14T21:48:04.514562+00:00,https://opendap.co-ops.nos.noaa.gov/thredds/dodsC/NOAA/NGOFS2/MODELS/2026/09/14/ngofs2.t15z.20260914.stations.forecast.nc,Point Clear/Grand Hotel,0.0
noaa_ngofs2_point_clear_station,MODEL,"8733821 Pt Clear, MB",93,nearest_verified_coordinate,0.3114,30.489032745361328,-87.93621826171875,272.06378173828125,1.8300000429153442,bottom,39,-0.987500011920929,eastward_current,-0.008620711974799633,m/s,2026-09-16T13:42:00+00:00,2026-09-14T15:00:00+00:00,2026-09-14T21:48:04.514562+00:00,2026-09-14T21:48:04.514562+00:00,https://opendap.co-ops.nos.noaa.gov/thredds/dodsC/NOAA/NGOFS2/MODELS/2026/09/14/ngofs2.t15z.20260914.stations.forecast.nc,Point Clear/Grand Hotel,0.0
noaa_ngofs2_point_clear_station,MODEL,"8733821 Pt Clear, MB",93,nearest_verified_coordinate,0.3114,30.489032745361328,-87.93621826171875,272.06378173828125,1.8300000429153442,bottom,39,-0.987500011920929,northward_current,-0.028663290664553642,m/s,2026-09-16T13:42:00+00:00,2026-09-14T15:00:00+00:00,2026-09-14T21:48:04.514562+00:00,2026-09-14T21:48:04.514562+00:00,https://opendap.co-ops.nos.noaa.gov/thredds/dodsC/NOAA/NGOFS2/MODELS/2026/09/14/ngofs2.t15z.20260914.stations.forecast.nc,Point Clear/Grand Hotel,0.0
noaa_ngofs2_point_clear_station,MODEL,"8733821 Pt Clear, MB",93,nearest_verified_coordinate,0.3114,30.489032745361328,-87.93621826171875,272.06378173828125,1.8300000429153442,bottom,39,-0.987500011920929,shoreward_current,-0.008620711974799635,m/s,2026-09-16T13:42:00+00:00,2026-09-14T15:00:00+00:00,2026-09-14T21:48:04.514562+00:00,2026-09-14T21:48:04.514562+00:00,https://opendap.co-ops.nos.noaa.gov/thredds/dodsC/NOAA/NGOFS2/MODELS/2026/09/14/ngofs2.t15z.20260914.stations.forecast.nc,Point Clear/Grand Hotel,0.0
noaa_ngofs2_point_clear_station,MODEL,"8733821 Pt Clear, MB",93,nearest_verified_coordinate,0.3114,30.489032745361328,-87.93621826171875,272.06378173828125,1.8300000429153442,bottom,39,-0.987500011920929,water_temperature,32.453880310058594,degC,2026-09-16T13:42:00+00:00,2026-09-14T15:00:00+00:00,2026-09-14T21:48:04.514562+00:00,2026-09-14T21:48:04.514562+00:00,https://opendap.co-ops.nos.noaa.gov/thredds/dodsC/NOAA/NGOFS2/MODELS/2026/09/14/ngofs2.t15z.20260914.stations.forecast.nc,Point Clear/Grand Hotel,0.0
noaa_ngofs2_point_clear_station,MODEL,"8733821 Pt Clear, MB",93,nearest_verified_coordinate,0.3114,30.489032745361328,-87.93621826171875,272.06378173828125,1.8300000429153442,bottom,39,-0.987500011920929,salinity,13.494772911071777,1e-3,2026-09-16T13:42:00+00:00,2026-09-14T15:00:00+00:00,2026-09-14T21:48:04.514562+00:00,2026-09-14T21:48:04.514562+00:00,https://opendap.co-ops.nos.noaa.gov/thredds/dodsC/NOAA/NGOFS2/MODELS/2026/09/14/ngofs2.t15z.20260914.stations.forecast.nc,Point Clear/Grand Hotel,0.0
noaa_ngofs2_point_clear_station,MODEL,"8733821 Pt Clear, MB",93,nearest_verified_coordinate,0.3114,30.489032745361328,-87.93621826171875,272.06378173828125,1.8300000429153442,surface,,,water_surface_elevation,0.10835495591163635,m,2026-09-16T13:42:00+00:00,2026-09-14T15:00:00+00:00,2026-09-14T21:48:04.514562+00:00,2026-09-14T21:48:04.514562+00:00,https://opendap.co-ops.nos.noaa.gov/thredds/dodsC/NOAA/NGOFS2/MODELS/2026/09/14/ngofs2.t15z.20260914.stations.forecast.nc,Point Clear/Grand Hotel,0.0
noaa_ngofs2_point_clear_station,MODEL,"8733821 Pt Clear, MB",93,nearest_verified_coordinate,0.3114,30.489032745361328,-87.93621826171875,272.06378173828125,1.8300000429153442,surface,0,-0.012500000186264515,eastward_current,-0.0531139113008976,m/s,2026-09-16T13:48:00+00:00,2026-09-14T15:00:00+00:00,2026-09-14T21:48:04.514562+00:00,2026-09-14T21:48:04.514562+00:00,https://opendap.co-ops.nos.noaa.gov/thredds/dodsC/NOAA/NGOFS2/MODELS/2026/09/14/ngofs2.t15z.20260914.stations.forecast.nc,Point Clear/Grand Hotel,0.0
noaa_ngofs2_point_clear_station,MODEL,"8733821 Pt Clear, MB",93,nearest_verified_coordinate,0.3114,30.489032745361328,-87.93621826171875,272.06378173828125,1.8300000429153442,surface,0,-0.012500000186264515,northward_current,-0.09044258296489716,m/s,2026-09-16T13:48:00+00:00,2026-09-14T15:00:00+00:00,2026-09-14T21:48:04.514562+00:00,2026-09-14T21:48:04.514562+00:00,https://opendap.co-ops.nos.noaa.gov/thredds/dodsC/NOAA/NGOFS2/MODELS/2026/09/14/ngofs2.t15z.20260914.stations.forecast.nc,Point Clear/Grand Hotel,0.0
noaa_ngofs2_point_clear_station,MODEL,"8733821 Pt Clear, MB",93,nearest_verified_coordinate,0.3114,30.489032745361328,-87.93621826171875,272.06378173828125,1.8300000429153442,surface,0,-0.012500000186264515,shoreward_current,-0.053113911300897605,m/s,2026-09-16T13:48:00+00:00,2026-09-14T15:00:00+00:00,2026-09-14T21:48:04.514562+00:00,2026-09-14T21:48:04.514562+00:00,https://opendap.co-ops.nos.noaa.gov/thredds/dodsC/NOAA/NGOFS2/MODELS/2026/09/14/ngofs2.t15z.20260914.stations.forecast.nc,Point Clear/Grand Hotel,0.0
noaa_ngofs2_point_clear_station,MODEL,"8733821 Pt Clear, MB",93,nearest_verified_coordinate,0.3114,30.489032745361328,-87.93621826171875,272.06378173828125,1.8300000429153442,surface,0,-0.012500000186264515,water_temperature,32.41757583618164,degC,2026-09-16T13:48:00+00:00,2026-09-14T15:00:00+00:00,2026-09-14T21:48:04.514562+00:00,2026-09-14T21:48:04.514562+00:00,https://opendap.co-ops.nos.noaa.gov/thredds/dodsC/NOAA/NGOFS2/MODELS/2026/09/14/ngofs2.t15z.20260914.stations.forecast.nc,Point Clear/Grand Hotel,0.0
noaa_ngofs2_point_clear_station,MODEL,"8733821 Pt Clear, MB",93,nearest_verified_coordinate,0.3114,30.489032745361328,-87.93621826171875,272.06378173828125,1.8300000429153442,surface,0,-0.012500000186264515,salinity,13.472299575805664,1e-3,2026-09-16T13:48:00+00:00,2026-09-14T15:00:00+00:00,2026-09-14T21:48:04.514562+00:00,2026-09-14T21:48:04.514562+00:00,https://opendap.co-ops.nos.noaa.gov/thredds/dodsC/NOAA/NGOFS2/MODELS/2026/09/14/ngofs2.t15z.20260914.stations.forecast.nc,Point Clear/Grand Hotel,0.0
noaa_ngofs2_point_clear_station,MODEL,"8733821 Pt Clear, MB",93,nearest_verified_coordinate,0.3114,30.489032745361328,-87.93621826171875,272.06378173828125,1.8300000429153442,bottom,39,-0.987500011920929,eastward_current,-0.008381360210478306,m/s,2026-09-16T13:48:00+00:00,2026-09-14T15:00:00+00:00,2026-09-14T21:48:04.514562+00:00,2026-09-14T21:48:04.514562+00:00,https://opendap.co-ops.nos.noaa.gov/thredds/dodsC/NOAA/NGOFS2/MODELS/2026/09/14/ngofs2.t15z.20260914.stations.forecast.nc,Point Clear/Grand Hotel,0.0
noaa_ngofs2_point_clear_station,MODEL,"8733821 Pt Clear, MB",93,nearest_verified_coordinate,0.3114,30.489032745361328,-87.93621826171875,272.06378173828125,1.8300000429153442,bottom,39,-0.987500011920929,northward_current,-0.028037451207637787,m/s,2026-09-16T13:48:00+00:00,2026-09-14T15:00:00+00:00,2026-09-14T21:48:04.514562+00:00,2026-09-14T21:48:04.514562+00:00,https://opendap.co-ops.nos.noaa.gov/thredds/dodsC/NOAA/NGOFS2/MODELS/2026/09/14/ngofs2.t15z.20260914.stations.forecast.nc,Point Clear/Grand Hotel,0.0
noaa_ngofs2_point_clear_station,MODEL,"8733821 Pt Clear, MB",93,nearest_verified_coordinate,0.3114,30.489032745361328,-87.93621826171875,272.06378173828125,1.8300000429153442,bottom,39,-0.987500011920929,shoreward_current,-0.008381360210478308,m/s,2026-09-16T13:48:00+00:00,2026-09-14T15:00:00+00:00,2026-09-14T21:48:04.514562+00:00,2026-09-14T21:48:04.514562+00:00,https://opendap.co-ops.nos.noaa.gov/thredds/dodsC/NOAA/NGOFS2/MODELS/2026/09/14/ngofs2.t15z.20260914.stations.forecast.nc,Point Clear/Grand Hotel,0.0
noaa_ngofs2_point_clear_station,MODEL,"8733821 Pt Clear, MB",93,nearest_verified_coordinate,0.3114,30.489032745361328,-87.93621826171875,272.06378173828125,1.8300000429153442,bottom,39,-0.987500011920929,water_temperature,32.45223617553711,degC,2026-09-16T13:48:00+00:00,2026-09-14T15:00:00+00:00,2026-09-14T21:48:04.514562+00:00,2026-09-14T21:48:04.514562+00:00,https://opendap.co-ops.nos.noaa.gov/thredds/dodsC/NOAA/NGOFS2/MODELS/2026/09/14/ngofs2.t15z.20260914.stations.forecast.nc,Point Clear/Grand Hotel,0.0
noaa_ngofs2_point_clear_station,MODEL,"8733821 Pt Clear, MB",93,nearest_verified_coordinate,0.3114,30.489032745361328,-87.93621826171875,272.06378173828125,1.8300000429153442,bottom,39,-0.987500011920929,salinity,13.485527038574219,1e-3,2026-09-16T13:48:00+00:00,2026-09-14T15:00:00+00:00,2026-09-14T21:48:04.514562+00:00,2026-09-14T21:48:04.514562+00:00,https://opendap.co-ops.nos.noaa.gov/thredds/dodsC/NOAA/NGOFS2/MODELS/2026/09/14/ngofs2.t15z.20260914.stations.forecast.nc,Point Clear/Grand Hotel,0.0
noaa_ngofs2_point_clear_station,MODEL,"8733821 Pt Clear, MB",93,nearest_verified_coordinate,0.3114,30.489032745361328,-87.93621826171875,272.06378173828125,1.8300000429153442,surface,,,water_surface_elevation,0.10300790518522263,m,2026-09-16T13:48:00+00:00,2026-09-14T15:00:00+00:00,2026-09-14T21:48:04.514562+00:00,2026-09-14T21:48:04.514562+00:00,https://opendap.co-ops.nos.noaa.gov/thredds/dodsC/NOAA/NGOFS2/MODELS/2026/09/14/ngofs2.t15z.20260914.stations.forecast.nc,Point Clear/Grand Hotel,0.0
noaa_ngofs2_point_clear_station,MODEL,"8733821 Pt Clear, MB",93,nearest_verified_coordinate,0.3114,30.489032745361328,-87.93621826171875,272.06378173828125,1.8300000429153442,surface,0,-0.012500000186264515,eastward_current,-0.052922144532203674,m/s,2026-09-16T13:54:00+00:00,2026-09-14T15:00:00+00:00,2026-09-14T21:48:04.514562+00:00,2026-09-14T21:48:04.514562+00:00,https://opendap.co-ops.nos.noaa.gov/thredds/dodsC/NOAA/NGOFS2/MODELS/2026/09/14/ngofs2.t15z.20260914.stations.forecast.nc,Point Clear/Grand Hotel,0.0
noaa_ngofs2_point_clear_station,MODEL,"8733821 Pt Clear, MB",93,nearest_verified_coordinate,0.3114,30.489032745361328,-87.93621826171875,272.06378173828125,1.8300000429153442,surface,0,-0.012500000186264515,northward_current,-0.08901677280664444,m/s,2026-09-16T13:54:00+00:00,2026-09-14T15:00:00+00:00,2026-09-14T21:48:04.514562+00:00,2026-09-14T21:48:04.514562+00:00,https://opendap.co-ops.nos.noaa.gov/thredds/dodsC/NOAA/NGOFS2/MODELS/2026/09/14/ngofs2.t15z.20260914.stations.forecast.nc,Point Clear/Grand Hotel,0.0
noaa_ngofs2_point_clear_station,MODEL,"8733821 Pt Clear, MB",93,nearest_verified_coordinate,0.3114,30.489032745361328,-87.93621826171875,272.06378173828125,1.8300000429153442,surface,0,-0.012500000186264515,shoreward_current,-0.05292214453220368,m/s,2026-09-16T13:54:00+00:00,2026-09-14T15:00:00+00:00,2026-09-14T21:48:04.514562+00:00,2026-09-14T21:48:04.514562+00:00,https://opendap.co-ops.nos.noaa.gov/thredds/dodsC/NOAA/NGOFS2/MODELS/2026/09/14/ngofs2.t15z.20260914.stations.forecast.nc,Point Clear/Grand Hotel,0.0
noaa_ngofs2_point_clear_station,MODEL,"8733821 Pt Clear, MB",93,nearest_verified_coordinate,0.3114,30.489032745361328,-87.93621826171875,272.06378173828125,1.8300000429153442,surface,0,-0.012500000186264515,water_temperature,32.41525650024414,degC,2026-09-16T13:54:00+00:00,2026-09-14T15:00:00+00:00,2026-09-14T21:48:04.514562+00:00,2026-09-14T21:48:04.514562+00:00,https://opendap.co-ops.nos.noaa.gov/thredds/dodsC/NOAA/NGOFS2/MODELS/2026/09/14/ngofs2.t15z.20260914.stations.forecast.nc,Point Clear/Grand Hotel,0.0
noaa_ngofs2_point_clear_station,MODEL,"8733821 Pt Clear, MB",93,nearest_verified_coordinate,0.3114,30.489032745361328,-87.93621826171875,272.06378173828125,1.8300000429153442,surface,0,-0.012500000186264515,salinity,13.462614059448242,1e-3,2026-09-16T13:54:00+00:00,2026-09-14T15:00:00+00:00,2026-09-14T21:48:04.514562+00:00,2026-09-14T21:48:04.514562+00:00,https://opendap.co-ops.nos.noaa.gov/thredds/dodsC/NOAA/NGOFS2/MODELS/2026/09/14/ngofs2.t15z.20260914.stations.forecast.nc,Point Clear/Grand Hotel,0.0
noaa_ngofs2_point_clear_station,MODEL,"8733821 Pt Clear, MB",93,nearest_verified_coordinate,0.3114,30.489032745361328,-87.93621826171875,272.06378173828125,1.8300000429153442,bottom,39,-0.987500011920929,eastward_current,-0.007960040122270584,m/s,2026-09-16T13:54:00+00:00,2026-09-14T15:00:00+00:00,2026-09-14T21:48:04.514562+00:00,2026-09-14T21:48:04.514562+00:00,https://opendap.co-ops.nos.noaa.gov/thredds/dodsC/NOAA/NGOFS2/MODELS/2026/09/14/ngofs2.t15z.20260914.stations.forecast.nc,Point Clear/Grand Hotel,0.0
noaa_ngofs2_point_clear_station,MODEL,"8733821 Pt Clear, MB",93,nearest_verified_coordinate,0.3114,30.489032745361328,-87.93621826171875,272.06378173828125,1.8300000429153442,bottom,39,-0.987500011920929,northward_current,-0.027621209621429443,m/s,2026-09-16T13:54:00+00:00,2026-09-14T15:00:00+00:00,2026-09-14T21:48:04.514562+00:00,2026-09-14T21:48:04.514562+00:00,https://opendap.co-ops.nos.noaa.gov/thredds/dodsC/NOAA/NGOFS2/MODELS/2026/09/14/ngofs2.t15z.20260914.stations.forecast.nc,Point Clear/Grand Hotel,0.0
noaa_ngofs2_point_clear_station,MODEL,"8733821 Pt Clear, MB",93,nearest_verified_coordinate,0.3114,30.489032745361328,-87.93621826171875,272.06378173828125,1.8300000429153442,bottom,39,-0.987500011920929,shoreward_current,-0.007960040122270586,m/s,2026-09-16T13:54:00+00:00,2026-09-14T15:00:00+00:00,2026-09-14T21:48:04.514562+00:00,2026-09-14T21:48:04.514562+00:00,https://opendap.co-ops.nos.noaa.gov/thredds/dodsC/NOAA/NGOFS2/MODELS/2026/09/14/ngofs2.t15z.20260914.stations.forecast.nc,Point Clear/Grand Hotel,0.0
noaa_ngofs2_point_clear_station,MODEL,"8733821 Pt Clear, MB",93,nearest_verified_coordinate,0.3114,30.489032745361328,-87.93621826171875,272.06378173828125,1.8300000429153442,bottom,39,-0.987500011920929,water_temperature,32.4509391784668,degC,2026-09-16T13:54:00+00:00,2026-09-14T15:00:00+00:00,2026-09-14T21:48:04.514562+00:00,2026-09-14T21:48:04.514562+00:00,https://opendap.co-ops.nos.noaa.gov/thredds/dodsC/NOAA/NGOFS2/MODELS/2026/09/14/ngofs2.t15z.20260914.stations.forecast.nc,Point Clear/Grand Hotel,0.0
noaa_ngofs2_point_clear_station,MODEL,"8733821 Pt Clear, MB",93,nearest_verified_coordinate,0.3114,30.489032745361328,-87.93621826171875,272.06378173828125,1.8300000429153442,bottom,39,-0.987500011920929,salinity,13.476351737976074,1e-3,2026-09-16T13:54:00+00:00,2026-09-14T15:00:00+00:00,2026-09-14T21:48:04.514562+00:00,2026-09-14T21:48:04.514562+00:00,https://opendap.co-ops.nos.noaa.gov/thredds/dodsC/NOAA/NGOFS2/MODELS/2026/09/14/ngofs2.t15z.20260914.stations.forecast.nc,Point Clear/Grand Hotel,0.0
noaa_ngofs2_point_clear_station,MODEL,"8733821 Pt Clear, MB",93,nearest_verified_coordinate,0.3114,30.489032745361328,-87.93621826171875,272.06378173828125,1.8300000429153442,surface,,,water_surface_elevation,0.09725750982761383,m,2026-09-16T13:54:00+00:00,2026-09-14T15:00:00+00:00,2026-09-14T21:48:04.514562+00:00,2026-09-14T21:48:04.514562+00:00,https://opendap.co-ops.nos.noaa.gov/thredds/dodsC/NOAA/NGOFS2/MODELS/2026/09/14/ngofs2.t15z.20260914.stations.forecast.nc,Point Clear/Grand Hotel,0.0
noaa_ngofs2_point_clear_station,MODEL,"8733821 Pt Clear, MB",93,nearest_verified_coordinate,0.3114,30.489032745361328,-87.93621826171875,272.06378173828125,1.8300000429153442,surface,0,-0.012500000186264515,eastward_current,-0.052537474781274796,m/s,2026-09-16T14:00:00+00:00,2026-09-14T15:00:00+00:00,2026-09-14T21:48:04.514562+00:00,2026-09-14T21:48:04.514562+00:00,https://opendap.co-ops.nos.noaa.gov/thredds/dodsC/NOAA/NGOFS2/MODELS/2026/09/14/ngofs2.t15z.20260914.stations.forecast.nc,Point Clear/Grand Hotel,0.0
noaa_ngofs2_point_clear_station,MODEL,"8733821 Pt Clear, MB",93,nearest_verified_coordinate,0.3114,30.489032745361328,-87.93621826171875,272.06378173828125,1.8300000429153442,surface,0,-0.012500000186264515,northward_current,-0.08738210797309875,m/s,2026-09-16T14:00:00+00:00,2026-09-14T15:00:00+00:00,2026-09-14T21:48:04.514562+00:00,2026-09-14T21:48:04.514562+00:00,https://opendap.co-ops.nos.noaa.gov/thredds/dodsC/NOAA/NGOFS2/MODELS/2026/09/14/ngofs2.t15z.20260914.stations.forecast.nc,Point Clear/Grand Hotel,0.0
noaa_ngofs2_point_clear_station,MODEL,"8733821 Pt Clear, MB",93,nearest_verified_coordinate,0.3114,30.489032745361328,-87.93621826171875,272.06378173828125,1.8300000429153442,surface,0,-0.012500000186264515,shoreward_current,-0.0525374747812748,m/s,2026-09-16T14:00:00+00:00,2026-09-14T15:00:00+00:00,2026-09-14T21:48:04.514562+00:00,2026-09-14T21:48:04.514562+00:00,https://opendap.co-ops.nos.noaa.gov/thredds/dodsC/NOAA/NGOFS2/MODELS/2026/09/14/ngofs2.t15z.20260914.stations.forecast.nc,Point Clear/Grand Hotel,0.0
noaa_ngofs2_point_clear_station,MODEL,"8733821 Pt Clear, MB",93,nearest_verified_coordinate,0.3114,30.489032745361328,-87.93621826171875,272.06378173828125,1.8300000429153442,surface,0,-0.012500000186264515,water_temperature,32.41306686401367,degC,2026-09-16T14:00:00+00:00,2026-09-14T15:00:00+00:00,2026-09-14T21:48:04.514562+00:00,2026-09-14T21:48:04.514562+00:00,https://opendap.co-ops.nos.noaa.gov/thredds/dodsC/NOAA/NGOFS2/MODELS/2026/09/14/ngofs2.t15z.20260914.stations.forecast.nc,Point Clear/Grand Hotel,0.0
noaa_ngofs2_point_clear_station,MODEL,"8733821 Pt Clear, MB",93,nearest_verified_coordinate,0.3114,30.489032745361328,-87.93621826171875,272.06378173828125,1.8300000429153442,surface,0,-0.012500000186264515,salinity,13.452991485595703,1e-3,2026-09-16T14:00:00+00:00,2026-09-14T15:00:00+00:00,2026-09-14T21:48:04.514562+00:00,2026-09-14T21:48:04.514562+00:00,https://opendap.co-ops.nos.noaa.gov/thredds/dodsC/NOAA/NGOFS2/MODELS/2026/09/14/ngofs2.t15z.20260914.stations.forecast.nc,Point Clear/Grand Hotel,0.0
noaa_ngofs2_point_clear_station,MODEL,"8733821 Pt Clear, MB",93,nearest_verified_coordinate,0.3114,30.489032745361328,-87.93621826171875,272.06378173828125,1.8300000429153442,bottom,39,-0.987500011920929,eastward_current,-0.007403902243822813,m/s,2026-09-16T14:00:00+00:00,2026-09-14T15:00:00+00:00,2026-09-14T21:48:04.514562+00:00,2026-09-14T21:48:04.514562+00:00,https://opendap.co-ops.nos.noaa.gov/thredds/dodsC/NOAA/NGOFS2/MODELS/2026/09/14/ngofs2.t15z.20260914.stations.forecast.nc,Point Clear/Grand Hotel,0.0
noaa_ngofs2_point_clear_station,MODEL,"8733821 Pt Clear, MB",93,nearest_verified_coordinate,0.3114,30.489032745361328,-87.93621826171875,272.06378173828125,1.8300000429153442,bottom,39,-0.987500011920929,northward_current,-0.026969192549586296,m/s,2026-09-16T14:00:00+00:00,2026-09-14T15:00:00+00:00,2026-09-14T21:48:04.514562+00:00,2026-09-14T21:48:04.514562+00:00,https://opendap.co-ops.nos.noaa.gov/thredds/dodsC/NOAA/NGOFS2/MODELS/2026/09/14/ngofs2.t15z.20260914.stations.forecast.nc,Point Clear/Grand Hotel,0.0
noaa_ngofs2_point_clear_station,MODEL,"8733821 Pt Clear, MB",93,nearest_verified_coordinate,0.3114,30.489032745361328,-87.93621826171875,272.06378173828125,1.8300000429153442,bottom,39,-0.987500011920929,shoreward_current,-0.007403902243822815,m/s,2026-09-16T14:00:00+00:00,2026-09-14T15:00:00+00:00,2026-09-14T21:48:04.514562+00:00,2026-09-14T21:48:04.514562+00:00,https://opendap.co-ops.nos.noaa.gov/thredds/dodsC/NOAA/NGOFS2/MODELS/2026/09/14/ngofs2.t15z.20260914.stations.forecast.nc,Point Clear/Grand Hotel,0.0
noaa_ngofs2_point_clear_station,MODEL,"8733821 Pt Clear, MB",93,nearest_verified_coordinate,0.3114,30.489032745361328,-87.93621826171875,272.06378173828125,1.8300000429153442,bottom,39,-0.987500011920929,water_temperature,32.44995880126953,degC,2026-09-16T14:00:00+00:00,2026-09-14T15:00:00+00:00,2026-09-14T21:48:04.514562+00:00,2026-09-14T21:48:04.514562+00:00,https://opendap.co-ops.nos.noaa.gov/thredds/dodsC/NOAA/NGOFS2/MODELS/2026/09/14/ngofs2.t15z.20260914.stations.forecast.nc,Point Clear/Grand Hotel,0.0
noaa_ngofs2_point_clear_station,MODEL,"8733821 Pt Clear, MB",93,nearest_verified_coordinate,0.3114,30.489032745361328,-87.93621826171875,272.06378173828125,1.8300000429153442,bottom,39,-0.987500011920929,salinity,13.467327117919922,1e-3,2026-09-16T14:00:00+00:00,2026-09-14T15:00:00+00:00,2026-09-14T21:48:04.514562+00:00,2026-09-14T21:48:04.514562+00:00,https://opendap.co-ops.nos.noaa.gov/thredds/dodsC/NOAA/NGOFS2/MODELS/2026/09/14/ngofs2.t15z.20260914.stations.forecast.nc,Point Clear/Grand Hotel,0.0
noaa_ngofs2_point_clear_station,MODEL,"8733821 Pt Clear, MB",93,nearest_verified_coordinate,0.3114,30.489032745361328,-87.93621826171875,272.06378173828125,1.8300000429153442,surface,,,water_surface_elevation,0.09170673787593842,m,2026-09-16T14:00:00+00:00,2026-09-14T15:00:00+00:00,2026-09-14T21:48:04.514562+00:00,2026-09-14T21:48:04.514562+00:00,https://opendap.co-ops.nos.noaa.gov/thredds/dodsC/NOAA/NGOFS2/MODELS/2026/09/14/ngofs2.t15z.20260914.stations.forecast.nc,Point Clear/Grand Hotel,0.0
noaa_ngofs2_point_clear_station,MODEL,"8733821 Pt Clear, MB",93,nearest_verified_coordinate,0.3114,30.489032745361328,-87.93621826171875,272.06378173828125,1.8300000429153442,surface,0,-0.012500000186264515,eastward_current,-0.052061453461647034,m/s,2026-09-16T14:06:00+00:00,2026-09-14T15:00:00+00:00,2026-09-14T21:48:04.514562+00:00,2026-09-14T21:48:04.514562+00:00,https://opendap.co-ops.nos.noaa.gov/thredds/dodsC/NOAA/NGOFS2/MODELS/2026/09/14/ngofs2.t15z.20260914.stations.forecast.nc,Point Clear/Grand Hotel,0.0
noaa_ngofs2_point_clear_station,MODEL,"8733821 Pt Clear, MB",93,nearest_verified_coordinate,0.3114,30.489032745361328,-87.93621826171875,272.06378173828125,1.8300000429153442,surface,0,-0.012500000186264515,northward_current,-0.08481980115175247,m/s,2026-09-16T14:06:00+00:00,2026-09-14T15:00:00+00:00,2026-09-14T21:48:04.514562+00:00,2026-09-14T21:48:04.514562+00:00,https://opendap.co-ops.nos.noaa.gov/thredds/dodsC/NOAA/NGOFS2/MODELS/2026/09/14/ngofs2.t15z.20260914.stations.forecast.nc,Point Clear/Grand Hotel,0.0
noaa_ngofs2_point_clear_station,MODEL,"8733821 Pt Clear, MB",93,nearest_verified_coordinate,0.3114,30.489032745361328,-87.93621826171875,272.06378173828125,1.8300000429153442,surface,0,-0.012500000186264515,shoreward_current,-0.05206145346164704,m/s,2026-09-16T14:06:00+00:00,2026-09-14T15:00:00+00:00,2026-09-14T21:48:04.514562+00:00,2026-09-14T21:48:04.514562+00:00,https://opendap.co-ops.nos.noaa.gov/thredds/dodsC/NOAA/NGOFS2/MODELS/2026/09/14/ngofs2.t15z.20260914.stations.forecast.nc,Point Clear/Grand Hotel,0.0
noaa_ngofs2_point_clear_station,MODEL,"8733821 Pt Clear, MB",93,nearest_verified_coordinate,0.3114,30.489032745361328,-87.93621826171875,272.06378173828125,1.8300000429153442,surface,0,-0.012500000186264515,water_temperature,32.411033630371094,degC,2026-09-16T14:06:00+00:00,2026-09-14T15:00:00+00:00,2026-09-14T21:48:04.514562+00:00,2026-09-14T21:48:04.514562+00:00,https://opendap.co-ops.nos.noaa.gov/thredds/dodsC/NOAA/NGOFS2/MODELS/2026/09/14/ngofs2.t15z.20260914.stations.forecast.nc,Point Clear/Grand Hotel,0.0
noaa_ngofs2_point_clear_station,MODEL,"8733821 Pt Clear, MB",93,nearest_verified_coordinate,0.3114,30.489032745361328,-87.93621826171875,272.06378173828125,1.8300000429153442,surface,0,-0.012500000186264515,salinity,13.443488121032715,1e-3,2026-09-16T14:06:00+00:00,2026-09-14T15:00:00+00:00,2026-09-14T21:48:04.514562+00:00,2026-09-14T21:48:04.514562+00:00,https://opendap.co-ops.nos.noaa.gov/thredds/dodsC/NOAA/NGOFS2/MODELS/2026/09/14/ngofs2.t15z.20260914.stations.forecast.nc,Point Clear/Grand Hotel,0.0
noaa_ngofs2_point_clear_station,MODEL,"8733821 Pt Clear, MB",93,nearest_verified_coordinate,0.3114,30.489032745361328,-87.93621826171875,272.06378173828125,1.8300000429153442,bottom,39,-0.987500011920929,eastward_current,-0.006763397715985775,m/s,2026-09-16T14:06:00+00:00,2026-09-14T15:00:00+00:00,2026-09-14T21:48:04.514562+00:00,2026-09-14T21:48:04.514562+00:00,https://opendap.co-ops.nos.noaa.gov/thredds/dodsC/NOAA/NGOFS2/MODELS/2026/09/14/ngofs2.t15z.20260914.stations.forecast.nc,Point Clear/Grand Hotel,0.0
noaa_ngofs2_point_clear_station,MODEL,"8733821 Pt Clear, MB",93,nearest_verified_coordinate,0.3114,30.489032745361328,-87.93621826171875,272.06378173828125,1.8300000429153442,bottom,39,-0.987500011920929,northward_current,-0.025937587022781372,m/s,2026-09-16T14:06:00+00:00,2026-09-14T15:00:00+00:00,2026-09-14T21:48:04.514562+00:00,2026-09-14T21:48:04.514562+00:00,https://opendap.co-ops.nos.noaa.gov/thredds/dodsC/NOAA/NGOFS2/MODELS/2026/09/14/ngofs2.t15z.20260914.stations.forecast.nc,Point Clear/Grand Hotel,0.0
noaa_ngofs2_point_clear_station,MODEL,"8733821 Pt Clear, MB",93,nearest_verified_coordinate,0.3114,30.489032745361328,-87.93621826171875,272.06378173828125,1.8300000429153442,bottom,39,-0.987500011920929,shoreward_current,-0.006763397715985777,m/s,2026-09-16T14:06:00+00:00,2026-09-14T15:00:00+00:00,2026-09-14T21:48:04.514562+00:00,2026-09-14T21:48:04.514562+00:00,https://opendap.co-ops.nos.noaa.gov/thredds/dodsC/NOAA/NGOFS2/MODELS/2026/09/14/ngofs2.t15z.20260914.stations.forecast.nc,Point Clear/Grand Hotel,0.0
noaa_ngofs2_point_clear_station,MODEL,"8733821 Pt Clear, MB",93,nearest_verified_coordinate,0.3114,30.489032745361328,-87.93621826171875,272.06378173828125,1.8300000429153442,bottom,39,-0.987500011920929,water_temperature,32.44924545288086,degC,2026-09-16T14:06:00+00:00,2026-09-14T15:00:00+00:00,2026-09-14T21:48:04.514562+00:00,2026-09-14T21:48:04.514562+00:00,https://opendap.co-ops.nos.noaa.gov/thredds/dodsC/NOAA/NGOFS2/MODELS/2026/09/14/ngofs2.t15z.20260914.stations.forecast.nc,Point Clear/Grand Hotel,0.0
noaa_ngofs2_point_clear_station,MODEL,"8733821 Pt Clear, MB",93,nearest_verified_coordinate,0.3114,30.489032745361328,-87.93621826171875,272.06378173828125,1.8300000429153442,bottom,39,-0.987500011920929,salinity,13.45848560333252,1e-3,2026-09-16T14:06:00+00:00,2026-09-14T15:00:00+00:00,2026-09-14T21:48:04.514562+00:00,2026-09-14T21:48:04.514562+00:00,https://opendap.co-ops.nos.noaa.gov/thredds/dodsC/NOAA/NGOFS2/MODELS/2026/09/14/ngofs2.t15z.20260914.stations.forecast.nc,Point Clear/Grand Hotel,0.0
noaa_ngofs2_point_clear_station,MODEL,"8733821 Pt Clear, MB",93,nearest_verified_coordinate,0.3114,30.489032745361328,-87.93621826171875,272.06378173828125,1.8300000429153442,surface,,,water_surface_elevation,0.08653993904590607,m,2026-09-16T14:06:00+00:00,2026-09-14T15:00:00+00:00,2026-09-14T21:48:04.514562+00:00,2026-09-14T21:48:04.514562+00:00,https://opendap.co-ops.nos.noaa.gov/thredds/dodsC/NOAA/NGOFS2/MODELS/2026/09/14/ngofs2.t15z.20260914.stations.forecast.nc,Point Clear/Grand Hotel,0.0
noaa_ngofs2_point_clear_station,MODEL,"8733821 Pt Clear, MB",93,nearest_verified_coordinate,0.3114,30.489032745361328,-87.93621826171875,272.06378173828125,1.8300000429153442,surface,0,-0.012500000186264515,eastward_current,-0.05180322378873825,m/s,2026-09-16T14:12:00+00:00,2026-09-14T15:00:00+00:00,2026-09-14T21:48:04.514562+00:00,2026-09-14T21:48:04.514562+00:00,https://opendap.co-ops.nos.noaa.gov/thredds/dodsC/NOAA/NGOFS2/MODELS/2026/09/14/ngofs2.t15z.20260914.stations.forecast.nc,Point Clear/Grand Hotel,0.0
noaa_ngofs2_point_clear_station,MODEL,"8733821 Pt Clear, MB",93,nearest_verified_coordinate,0.3114,30.489032745361328,-87.93621826171875,272.06378173828125,1.8300000429153442,surface,0,-0.012500000186264515,northward_current,-0.08251362293958664,m/s,2026-09-16T14:12:00+00:00,2026-09-14T15:00:00+00:00,2026-09-14T21:48:04.514562+00:00,2026-09-14T21:48:04.514562+00:00,https://opendap.co-ops.nos.noaa.gov/thredds/dodsC/NOAA/NGOFS2/MODELS/2026/09/14/ngofs2.t15z.20260914.stations.forecast.nc,Point Clear/Grand Hotel,0.0
noaa_ngofs2_point_clear_station,MODEL,"8733821 Pt Clear, MB",93,nearest_verified_coordinate,0.3114,30.489032745361328,-87.93621826171875,272.06378173828125,1.8300000429153442,surface,0,-0.012500000186264515,shoreward_current,-0.05180322378873826,m/s,2026-09-16T14:12:00+00:00,2026-09-14T15:00:00+00:00,2026-09-14T21:48:04.514562+00:00,2026-09-14T21:48:04.514562+00:00,https://opendap.co-ops.nos.noaa.gov/thredds/dodsC/NOAA/NGOFS2/MODELS/2026/09/14/ngofs2.t15z.20260914.stations.forecast.nc,Point Clear/Grand Hotel,0.0
noaa_ngofs2_point_clear_station,MODEL,"8733821 Pt Clear, MB",93,nearest_verified_coordinate,0.3114,30.489032745361328,-87.93621826171875,272.06378173828125,1.8300000429153442,surface,0,-0.012500000186264515,water_temperature,32.409122467041016,degC,2026-09-16T14:12:00+00:00,2026-09-14T15:00:00+00:00,2026-09-14T21:48:04.514562+00:00,2026-09-14T21:48:04.514562+00:00,https://opendap.co-ops.nos.noaa.gov/thredds/dodsC/NOAA/NGOFS2/MODELS/2026/09/14/ngofs2.t15z.20260914.stations.forecast.nc,Point Clear/Grand Hotel,0.0
noaa_ngofs2_point_clear_station,MODEL,"8733821 Pt Clear, MB",93,nearest_verified_coordinate,0.3114,30.489032745361328,-87.93621826171875,272.06378173828125,1.8300000429153442,surface,0,-0.012500000186264515,salinity,13.43409538269043,1e-3,2026-09-16T14:12:00+00:00,2026-09-14T15:00:00+00:00,2026-09-14T21:48:04.514562+00:00,2026-09-14T21:48:04.514562+00:00,https://opendap.co-ops.nos.noaa.gov/thredds/dodsC/NOAA/NGOFS2/MODELS/2026/09/14/ngofs2.t15z.20260914.stations.forecast.nc,Point Clear/Grand Hotel,0.0
noaa_ngofs2_point_clear_station,MODEL,"8733821 Pt Clear, MB",93,nearest_verified_coordinate,0.3114,30.489032745361328,-87.93621826171875,272.06378173828125,1.8300000429153442,bottom,39,-0.987500011920929,eastward_current,-0.006165271159261465,m/s,2026-09-16T14:12:00+00:00,2026-09-14T15:00:00+00:00,2026-09-14T21:48:04.514562+00:00,2026-09-14T21:48:04.514562+00:00,https://opendap.co-ops.nos.noaa.gov/thredds/dodsC/NOAA/NGOFS2/MODELS/2026/09/14/ngofs2.t15z.20260914.stations.forecast.nc,Point Clear/Grand Hotel,0.0
noaa_ngofs2_point_clear_station,MODEL,"8733821 Pt Clear, MB",93,nearest_verified_coordinate,0.3114,30.489032745361328,-87.93621826171875,272.06378173828125,1.8300000429153442,bottom,39,-0.987500011920929,northward_current,-0.025081781670451164,m/s,2026-09-16T14:12:00+00:00,2026-09-14T15:00:00+00:00,2026-09-14T21:48:04.514562+00:00,2026-09-14T21:48:04.514562+00:00,https://opendap.co-ops.nos.noaa.gov/thredds/dodsC/NOAA/NGOFS2/MODELS/2026/09/14/ngofs2.t15z.20260914.stations.forecast.nc,Point Clear/Grand Hotel,0.0
noaa_ngofs2_point_clear_station,MODEL,"8733821 Pt Clear, MB",93,nearest_verified_coordinate,0.3114,30.489032745361328,-87.93621826171875,272.06378173828125,1.8300000429153442,bottom,39,-0.987500011920929,shoreward_current,-0.006165271159261467,m/s,2026-09-16T14:12:00+00:00,2026-09-14T15:00:00+00:00,2026-09-14T21:48:04.514562+00:00,2026-09-14T21:48:04.514562+00:00,https://opendap.co-ops.nos.noaa.gov/thredds/dodsC/NOAA/NGOFS2/MODELS/2026/09/14/ngofs2.t15z.20260914.stations.forecast.nc,Point Clear/Grand Hotel,0.0
noaa_ngofs2_point_clear_station,MODEL,"8733821 Pt Clear, MB",93,nearest_verified_coordinate,0.3114,30.489032745361328,-87.93621826171875,272.06378173828125,1.8300000429153442,bottom,39,-0.987500011920929,water_temperature,32.448814392089844,degC,2026-09-16T14:12:00+00:00,2026-09-14T15:00:00+00:00,2026-09-14T21:48:04.514562+00:00,2026-09-14T21:48:04.514562+00:00,https://opendap.co-ops.nos.noaa.gov/thredds/dodsC/NOAA/NGOFS2/MODELS/2026/09/14/ngofs2.t15z.20260914.stations.forecast.nc,Point Clear/Grand Hotel,0.0
noaa_ngofs2_point_clear_station,MODEL,"8733821 Pt Clear, MB",93,nearest_verified_coordinate,0.3114,30.489032745361328,-87.93621826171875,272.06378173828125,1.8300000429153442,bottom,39,-0.987500011920929,salinity,13.449820518493652,1e-3,2026-09-16T14:12:00+00:00,2026-09-14T15:00:00+00:00,2026-09-14T21:48:04.514562+00:00,2026-09-14T21:48:04.514562+00:00,https://opendap.co-ops.nos.noaa.gov/thredds/dodsC/NOAA/NGOFS2/MODELS/2026/09/14/ngofs2.t15z.20260914.stations.forecast.nc,Point Clear/Grand Hotel,0.0
noaa_ngofs2_point_clear_station,MODEL,"8733821 Pt Clear, MB",93,nearest_verified_coordinate,0.3114,30.489032745361328,-87.93621826171875,272.06378173828125,1.8300000429153442,surface,,,water_surface_elevation,0.08161564916372299,m,2026-09-16T14:12:00+00:00,2026-09-14T15:00:00+00:00,2026-09-14T21:48:04.514562+00:00,2026-09-14T21:48:04.514562+00:00,https://opendap.co-ops.nos.noaa.gov/thredds/dodsC/NOAA/NGOFS2/MODELS/2026/09/14/ngofs2.t15z.20260914.stations.forecast.nc,Point Clear/Grand Hotel,0.0
noaa_ngofs2_point_clear_station,MODEL,"8733821 Pt Clear, MB",93,nearest_verified_coordinate,0.3114,30.489032745361328,-87.93621826171875,272.06378173828125,1.8300000429153442,surface,0,-0.012500000186264515,eastward_current,-0.05218321830034256,m/s,2026-09-16T14:18:00+00:00,2026-09-14T15:00:00+00:00,2026-09-14T21:48:04.514562+00:00,2026-09-14T21:48:04.514562+00:00,https://opendap.co-ops.nos.noaa.gov/thredds/dodsC/NOAA/NGOFS2/MODELS/2026/09/14/ngofs2.t15z.20260914.stations.forecast.nc,Point Clear/Grand Hotel,0.0
noaa_ngofs2_point_clear_station,MODEL,"8733821 Pt Clear, MB",93,nearest_verified_coordinate,0.3114,30.489032745361328,-87.93621826171875,272.06378173828125,1.8300000429153442,surface,0,-0.012500000186264515,northward_current,-0.0812089815735817,m/s,2026-09-16T14:18:00+00:00,2026-09-14T15:00:00+00:00,2026-09-14T21:48:04.514562+00:00,2026-09-14T21:48:04.514562+00:00,https://opendap.co-ops.nos.noaa.gov/thredds/dodsC/NOAA/NGOFS2/MODELS/2026/09/14/ngofs2.t15z.20260914.stations.forecast.nc,Point Clear/Grand Hotel,0.0
noaa_ngofs2_point_clear_station,MODEL,"8733821 Pt Clear, MB",93,nearest_verified_coordinate,0.3114,30.489032745361328,-87.93621826171875,272.06378173828125,1.8300000429153442,surface,0,-0.012500000186264515,shoreward_current,-0.05218321830034257,m/s,2026-09-16T14:18:00+00:00,2026-09-14T15:00:00+00:00,2026-09-14T21:48:04.514562+00:00,2026-09-14T21:48:04.514562+00:00,https://opendap.co-ops.nos.noaa.gov/thredds/dodsC/NOAA/NGOFS2/MODELS/2026/09/14/ngofs2.t15z.20260914.stations.forecast.nc,Point Clear/Grand Hotel,0.0
noaa_ngofs2_point_clear_station,MODEL,"8733821 Pt Clear, MB",93,nearest_verified_coordinate,0.3114,30.489032745361328,-87.93621826171875,272.06378173828125,1.8300000429153442,surface,0,-0.012500000186264515,water_temperature,32.40730667114258,degC,2026-09-16T14:18:00+00:00,2026-09-14T15:00:00+00:00,2026-09-14T21:48:04.514562+00:00,2026-09-14T21:48:04.514562+00:00,https://opendap.co-ops.nos.noaa.gov/thredds/dodsC/NOAA/NGOFS2/MODELS/2026/09/14/ngofs2.t15z.20260914.stations.forecast.nc,Point Clear/Grand Hotel,0.0
noaa_ngofs2_point_clear_station,MODEL,"8733821 Pt Clear, MB",93,nearest_verified_coordinate,0.3114,30.489032745361328,-87.93621826171875,272.06378173828125,1.8300000429153442,surface,0,-0.012500000186264515,salinity,13.424690246582031,1e-3,2026-09-16T14:18:00+00:00,2026-09-14T15:00:00+00:00,2026-09-14T21:48:04.514562+00:00,2026-09-14T21:48:04.514562+00:00,https://opendap.co-ops.nos.noaa.gov/thredds/dodsC/NOAA/NGOFS2/MODELS/2026/09/14/ngofs2.t15z.20260914.stations.forecast.nc,Point Clear/Grand Hotel,0.0
noaa_ngofs2_point_clear_station,MODEL,"8733821 Pt Clear, MB",93,nearest_verified_coordinate,0.3114,30.489032745361328,-87.93621826171875,272.06378173828125,1.8300000429153442,bottom,39,-0.987500011920929,eastward_current,-0.005710560362786055,m/s,2026-09-16T14:18:00+00:00,2026-09-14T15:00:00+00:00,2026-09-14T21:48:04.514562+00:00,2026-09-14T21:48:04.514562+00:00,https://opendap.co-ops.nos.noaa.gov/thredds/dodsC/NOAA/NGOFS2/MODELS/2026/09/14/ngofs2.t15z.20260914.stations.forecast.nc,Point Clear/Grand Hotel,0.0
noaa_ngofs2_point_clear_station,MODEL,"8733821 Pt Clear, MB",93,nearest_verified_coordinate,0.3114,30.489032745361328,-87.93621826171875,272.06378173828125,1.8300000429153442,bottom,39,-0.987500011920929,northward_current,-0.024569105356931686,m/s,2026-09-16T14:18:00+00:00,2026-09-14T15:00:00+00:00,2026-09-14T21:48:04.514562+00:00,2026-09-14T21:48:04.514562+00:00,https://opendap.co-ops.nos.noaa.gov/thredds/dodsC/NOAA/NGOFS2/MODELS/2026/09/14/ngofs2.t15z.20260914.stations.forecast.nc,Point Clear/Grand Hotel,0.0
noaa_ngofs2_point_clear_station,MODEL,"8733821 Pt Clear, MB",93,nearest_verified_coordinate,0.3114,30.489032745361328,-87.93621826171875,272.06378173828125,1.8300000429153442,bottom,39,-0.987500011920929,shoreward_current,-0.005710560362786056,m/s,2026-09-16T14:18:00+00:00,2026-09-14T15:00:00+00:00,2026-09-14T21:48:04.514562+00:00,2026-09-14T21:48:04.514562+00:00,https://opendap.co-ops.nos.noaa.gov/thredds/dodsC/NOAA/NGOFS2/MODELS/2026/09/14/ngofs2.t15z.20260914.stations.forecast.nc,Point Clear/Grand Hotel,0.0
noaa_ngofs2_point_clear_station,MODEL,"8733821 Pt Clear, MB",93,nearest_verified_coordinate,0.3114,30.489032745361328,-87.93621826171875,272.06378173828125,1.8300000429153442,bottom,39,-0.987500011920929,water_temperature,32.44872283935547,degC,2026-09-16T14:18:00+00:00,2026-09-14T15:00:00+00:00,2026-09-14T21:48:04.514562+00:00,2026-09-14T21:48:04.514562+00:00,https://opendap.co-ops.nos.noaa.gov/thredds/dodsC/NOAA/NGOFS2/MODELS/2026/09/14/ngofs2.t15z.20260914.stations.forecast.nc,Point Clear/Grand Hotel,0.0
noaa_ngofs2_point_clear_station,MODEL,"8733821 Pt Clear, MB",93,nearest_verified_coordinate,0.3114,30.489032745361328,-87.93621826171875,272.06378173828125,1.8300000429153442,bottom,39,-0.987500011920929,salinity,13.441280364990234,1e-3,2026-09-16T14:18:00+00:00,2026-09-14T15:00:00+00:00,2026-09-14T21:48:04.514562+00:00,2026-09-14T21:48:04.514562+00:00,https://opendap.co-ops.nos.noaa.gov/thredds/dodsC/NOAA/NGOFS2/MODELS/2026/09/14/ngofs2.t15z.20260914.stations.forecast.nc,Point Clear/Grand Hotel,0.0
noaa_ngofs2_point_clear_station,MODEL,"8733821 Pt Clear, MB",93,nearest_verified_coordinate,0.3114,30.489032745361328,-87.93621826171875,272.06378173828125,1.8300000429153442,surface,,,water_surface_elevation,0.07674947381019592,m,2026-09-16T14:18:00+00:00,2026-09-14T15:00:00+00:00,2026-09-14T21:48:04.514562+00:00,2026-09-14T21:48:04.514562+00:00,https://opendap.co-ops.nos.noaa.gov/thredds/dodsC/NOAA/NGOFS2/MODELS/2026/09/14/ngofs2.t15z.20260914.stations.forecast.nc,Point Clear/Grand Hotel,0.0
noaa_ngofs2_point_clear_station,MODEL,"8733821 Pt Clear, MB",93,nearest_verified_coordinate,0.3114,30.489032745361328,-87.93621826171875,272.06378173828125,1.8300000429153442,surface,0,-0.012500000186264515,eastward_current,-0.05252129212021828,m/s,2026-09-16T14:24:00+00:00,2026-09-14T15:00:00+00:00,2026-09-14T21:48:04.514562+00:00,2026-09-14T21:48:04.514562+00:00,https://opendap.co-ops.nos.noaa.gov/thredds/dodsC/NOAA/NGOFS2/MODELS/2026/09/14/ngofs2.t15z.20260914.stations.forecast.nc,Point Clear/Grand Hotel,0.0
noaa_ngofs2_point_clear_station,MODEL,"8733821 Pt Clear, MB",93,nearest_verified_coordinate,0.3114,30.489032745361328,-87.93621826171875,272.06378173828125,1.8300000429153442,surface,0,-0.012500000186264515,northward_current,-0.0802174061536789,m/s,2026-09-16T14:24:00+00:00,2026-09-14T15:00:00+00:00,2026-09-14T21:48:04.514562+00:00,2026-09-14T21:48:04.514562+00:00,https://opendap.co-ops.nos.noaa.gov/thredds/dodsC/NOAA/NGOFS2/MODELS/2026/09/14/ngofs2.t15z.20260914.stations.forecast.nc,Point Clear/Grand Hotel,0.0
noaa_ngofs2_point_clear_station,MODEL,"8733821 Pt Clear, MB",93,nearest_verified_coordinate,0.3114,30.489032745361328,-87.93621826171875,272.06378173828125,1.8300000429153442,surface,0,-0.012500000186264515,shoreward_current,-0.052521292120218284,m/s,2026-09-16T14:24:00+00:00,2026-09-14T15:00:00+00:00,2026-09-14T21:48:04.514562+00:00,2026-09-14T21:48:04.514562+00:00,https://opendap.co-ops.nos.noaa.gov/thredds/dodsC/NOAA/NGOFS2/MODELS/2026/09/14/ngofs2.t15z.20260914.stations.forecast.nc,Point Clear/Grand Hotel,0.0
noaa_ngofs2_point_clear_station,MODEL,"8733821 Pt Clear, MB",93,nearest_verified_coordinate,0.3114,30.489032745361328,-87.93621826171875,272.06378173828125,1.8300000429153442,surface,0,-0.012500000186264515,water_temperature,32.40567398071289,degC,2026-09-16T14:24:00+00:00,2026-09-14T15:00:00+00:00,2026-09-14T21:48:04.514562+00:00,2026-09-14T21:48:04.514562+00:00,https://opendap.co-ops.nos.noaa.gov/thredds/dodsC/NOAA/NGOFS2/MODELS/2026/09/14/ngofs2.t15z.20260914.stations.forecast.nc,Point Clear/Grand Hotel,0.0
noaa_ngofs2_point_clear_station,MODEL,"8733821 Pt Clear, MB",93,nearest_verified_coordinate,0.3114,30.489032745361328,-87.93621826171875,272.06378173828125,1.8300000429153442,surface,0,-0.012500000186264515,salinity,13.415224075317383,1e-3,2026-09-16T14:24:00+00:00,2026-09-14T15:00:00+00:00,2026-09-14T21:48:04.514562+00:00,2026-09-14T21:48:04.514562+00:00,https://opendap.co-ops.nos.noaa.gov/thredds/dodsC/NOAA/NGOFS2/MODELS/2026/09/14/ngofs2.t15z.20260914.stations.forecast.nc,Point Clear/Grand Hotel,0.0
noaa_ngofs2_point_clear_station,MODEL,"8733821 Pt Clear, MB",93,nearest_verified_coordinate,0.3114,30.489032745361328,-87.93621826171875,272.06378173828125,1.8300000429153442,bottom,39,-0.987500011920929,eastward_current,-0.005024321377277374,m/s,2026-09-16T14:24:00+00:00,2026-09-14T15:00:00+00:00,2026-09-14T21:48:04.514562+00:00,2026-09-14T21:48:04.514562+00:00,https://opendap.co-ops.nos.noaa.gov/thredds/dodsC/NOAA/NGOFS2/MODELS/2026/09/14/ngofs2.t15z.20260914.stations.forecast.nc,Point Clear/Grand Hotel,0.0
noaa_ngofs2_point_clear_station,MODEL,"8733821 Pt Clear, MB",93,nearest_verified_coordinate,0.3114,30.489032745361328,-87.93621826171875,272.06378173828125,1.8300000429153442,bottom,39,-0.987500011920929,northward_current,-0.02402777038514614,m/s,2026-09-16T14:24:00+00:00,2026-09-14T15:00:00+00:00,2026-09-14T21:48:04.514562+00:00,2026-09-14T21:48:04.514562+00:00,https://opendap.co-ops.nos.noaa.gov/thredds/dodsC/NOAA/NGOFS2/MODELS/2026/09/14/ngofs2.t15z.20260914.stations.forecast.nc,Point Clear/Grand Hotel,0.0
noaa_ngofs2_point_clear_station,MODEL,"8733821 Pt Clear, MB",93,nearest_verified_coordinate,0.3114,30.489032745361328,-87.93621826171875,272.06378173828125,1.8300000429153442,bottom,39,-0.987500011920929,shoreward_current,-0.005024321377277376,m/s,2026-09-16T14:24:00+00:00,2026-09-14T15:00:00+00:00,2026-09-14T21:48:04.514562+00:00,2026-09-14T21:48:04.514562+00:00,https://opendap.co-ops.nos.noaa.gov/thredds/dodsC/NOAA/NGOFS2/MODELS/2026/09/14/ngofs2.t15z.20260914.stations.forecast.nc,Point Clear/Grand Hotel,0.0
noaa_ngofs2_point_clear_station,MODEL,"8733821 Pt Clear, MB",93,nearest_verified_coordinate,0.3114,30.489032745361328,-87.93621826171875,272.06378173828125,1.8300000429153442,bottom,39,-0.987500011920929,water_temperature,32.4489631652832,degC,2026-09-16T14:24:00+00:00,2026-09-14T15:00:00+00:00,2026-09-14T21:48:04.514562+00:00,2026-09-14T21:48:04.514562+00:00,https://opendap.co-ops.nos.noaa.gov/thredds/dodsC/NOAA/NGOFS2/MODELS/2026/09/14/ngofs2.t15z.20260914.stations.forecast.nc,Point Clear/Grand Hotel,0.0
noaa_ngofs2_point_clear_station,MODEL,"8733821 Pt Clear, MB",93,nearest_verified_coordinate,0.3114,30.489032745361328,-87.93621826171875,272.06378173828125,1.8300000429153442,bottom,39,-0.987500011920929,salinity,13.432829856872559,1e-3,2026-09-16T14:24:00+00:00,2026-09-14T15:00:00+00:00,2026-09-14T21:48:04.514562+00:00,2026-09-14T21:48:04.514562+00:00,https://opendap.co-ops.nos.noaa.gov/thredds/dodsC/NOAA/NGOFS2/MODELS/2026/09/14/ngofs2.t15z.20260914.stations.forecast.nc,Point Clear/Grand Hotel,0.0
noaa_ngofs2_point_clear_station,MODEL,"8733821 Pt Clear, MB",93,nearest_verified_coordinate,0.3114,30.489032745361328,-87.93621826171875,272.06378173828125,1.8300000429153442,surface,,,water_surface_elevation,0.07214445620775223,m,2026-09-16T14:24:00+00:00,2026-09-14T15:00:00+00:00,2026-09-14T21:48:04.514562+00:00,2026-09-14T21:48:04.514562+00:00,https://opendap.co-ops.nos.noaa.gov/thredds/dodsC/NOAA/NGOFS2/MODELS/2026/09/14/ngofs2.t15z.20260914.stations.forecast.nc,Point Clear/Grand Hotel,0.0
noaa_ngofs2_point_clear_station,MODEL,"8733821 Pt Clear, MB",93,nearest_verified_coordinate,0.3114,30.489032745361328,-87.93621826171875,272.06378173828125,1.8300000429153442,surface,0,-0.012500000186264515,eastward_current,-0.0526144839823246,m/s,2026-09-16T14:30:00+00:00,2026-09-14T15:00:00+00:00,2026-09-14T21:48:04.514562+00:00,2026-09-14T21:48:04.514562+00:00,https://opendap.co-ops.nos.noaa.gov/thredds/dodsC/NOAA/NGOFS2/MODELS/2026/09/14/ngofs2.t15z.20260914.stations.forecast.nc,Point Clear/Grand Hotel,0.0
noaa_ngofs2_point_clear_station,MODEL,"8733821 Pt Clear, MB",93,nearest_verified_coordinate,0.3114,30.489032745361328,-87.93621826171875,272.06378173828125,1.8300000429153442,surface,0,-0.012500000186264515,northward_current,-0.07886052876710892,m/s,2026-09-16T14:30:00+00:00,2026-09-14T15:00:00+00:00,2026-09-14T21:48:04.514562+00:00,2026-09-14T21:48:04.514562+00:00,https://opendap.co-ops.nos.noaa.gov/thredds/dodsC/NOAA/NGOFS2/MODELS/2026/09/14/ngofs2.t15z.20260914.stations.forecast.nc,Point Clear/Grand Hotel,0.0
noaa_ngofs2_point_clear_station,MODEL,"8733821 Pt Clear, MB",93,nearest_verified_coordinate,0.3114,30.489032745361328,-87.93621826171875,272.06378173828125,1.8300000429153442,surface,0,-0.012500000186264515,shoreward_current,-0.05261448398232461,m/s,2026-09-16T14:30:00+00:00,2026-09-14T15:00:00+00:00,2026-09-14T21:48:04.514562+00:00,2026-09-14T21:48:04.514562+00:00,https://opendap.co-ops.nos.noaa.gov/thredds/dodsC/NOAA/NGOFS2/MODELS/2026/09/14/ngofs2.t15z.20260914.stations.forecast.nc,Point Clear/Grand Hotel,0.0
noaa_ngofs2_point_clear_station,MODEL,"8733821 Pt Clear, MB",93,nearest_verified_coordinate,0.3114,30.489032745361328,-87.93621826171875,272.06378173828125,1.8300000429153442,surface,0,-0.012500000186264515,water_temperature,32.404293060302734,degC,2026-09-16T14:30:00+00:00,2026-09-14T15:00:00+00:00,2026-09-14T21:48:04.514562+00:00,2026-09-14T21:48:04.514562+00:00,https://opendap.co-ops.nos.noaa.gov/thredds/dodsC/NOAA/NGOFS2/MODELS/2026/09/14/ngofs2.t15z.20260914.stations.forecast.nc,Point Clear/Grand Hotel,0.0
noaa_ngofs2_point_clear_station,MODEL,"8733821 Pt Clear, MB",93,nearest_verified_coordinate,0.3114,30.489032745361328,-87.93621826171875,272.06378173828125,1.8300000429153442,surface,0,-0.012500000186264515,salinity,13.405875205993652,1e-3,2026-09-16T14:30:00+00:00,2026-09-14T15:00:00+00:00,2026-09-14T21:48:04.514562+00:00,2026-09-14T21:48:04.514562+00:00,https://opendap.co-ops.nos.noaa.gov/thredds/dodsC/NOAA/NGOFS2/MODELS/2026/09/14/ngofs2.t15z.20260914.stations.forecast.nc,Point Clear/Grand Hotel,0.0
noaa_ngofs2_point_clear_station,MODEL,"8733821 Pt Clear, MB",93,nearest_verified_coordinate,0.3114,30.489032745361328,-87.93621826171875,272.06378173828125,1.8300000429153442,bottom,39,-0.987500011920929,eastward_current,-0.0042330375872552395,m/s,2026-09-16T14:30:00+00:00,2026-09-14T15:00:00+00:00,2026-09-14T21:48:04.514562+00:00,2026-09-14T21:48:04.514562+00:00,https://opendap.co-ops.nos.noaa.gov/thredds/dodsC/NOAA/NGOFS2/MODELS/2026/09/14/ngofs2.t15z.20260914.stations.forecast.nc,Point Clear/Grand Hotel,0.0
noaa_ngofs2_point_clear_station,MODEL,"8733821 Pt Clear, MB",93,nearest_verified_coordinate,0.3114,30.489032745361328,-87.93621826171875,272.06378173828125,1.8300000429153442,bottom,39,-0.987500011920929,northward_current,-0.02334543690085411,m/s,2026-09-16T14:30:00+00:00,2026-09-14T15:00:00+00:00,2026-09-14T21:48:04.514562+00:00,2026-09-14T21:48:04.514562+00:00,https://opendap.co-ops.nos.noaa.gov/thredds/dodsC/NOAA/NGOFS2/MODELS/2026/09/14/ngofs2.t15z.20260914.stations.forecast.nc,Point Clear/Grand Hotel,0.0
noaa_ngofs2_point_clear_station,MODEL,"8733821 Pt Clear, MB",93,nearest_verified_coordinate,0.3114,30.489032745361328,-87.93621826171875,272.06378173828125,1.8300000429153442,bottom,39,-0.987500011920929,shoreward_current,-0.004233037587255241,m/s,2026-09-16T14:30:00+00:00,2026-09-14T15:00:00+00:00,2026-09-14T21:48:04.514562+00:00,2026-09-14T21:48:04.514562+00:00,https://opendap.co-ops.nos.noaa.gov/thredds/dodsC/NOAA/NGOFS2/MODELS/2026/09/14/ngofs2.t15z.20260914.stations.forecast.nc,Point Clear/Grand Hotel,0.0
noaa_ngofs2_point_clear_station,MODEL,"8733821 Pt Clear, MB",93,nearest_verified_coordinate,0.3114,30.489032745361328,-87.93621826171875,272.06378173828125,1.8300000429153442,bottom,39,-0.987500011920929,water_temperature,32.44947814941406,degC,2026-09-16T14:30:00+00:00,2026-09-14T15:00:00+00:00,2026-09-14T21:48:04.514562+00:00,2026-09-14T21:48:04.514562+00:00,https://opendap.co-ops.nos.noaa.gov/thredds/dodsC/NOAA/NGOFS2/MODELS/2026/09/14/ngofs2.t15z.20260914.stations.forecast.nc,Point Clear/Grand Hotel,0.0
noaa_ngofs2_point_clear_station,MODEL,"8733821 Pt Clear, MB",93,nearest_verified_coordinate,0.3114,30.489032745361328,-87.93621826171875,272.06378173828125,1.8300000429153442,bottom,39,-0.987500011920929,salinity,13.424578666687012,1e-3,2026-09-16T14:30:00+00:00,2026-09-14T15:00:00+00:00,2026-09-14T21:48:04.514562+00:00,2026-09-14T21:48:04.514562+00:00,https://opendap.co-ops.nos.noaa.gov/thredds/dodsC/NOAA/NGOFS2/MODELS/2026/09/14/ngofs2.t15z.20260914.stations.forecast.nc,Point Clear/Grand Hotel,0.0
noaa_ngofs2_point_clear_station,MODEL,"8733821 Pt Clear, MB",93,nearest_verified_coordinate,0.3114,30.489032745361328,-87.93621826171875,272.06378173828125,1.8300000429153442,surface,,,water_surface_elevation,0.06791618466377258,m,2026-09-16T14:30:00+00:00,2026-09-14T15:00:00+00:00,2026-09-14T21:48:04.514562+00:00,2026-09-14T21:48:04.514562+00:00,https://opendap.co-ops.nos.noaa.gov/thredds/dodsC/NOAA/NGOFS2/MODELS/2026/09/14/ngofs2.t15z.20260914.stations.forecast.nc,Point Clear/Grand Hotel,0.0
noaa_ngofs2_point_clear_station,MODEL,"8733821 Pt Clear, MB",93,nearest_verified_coordinate,0.3114,30.489032745361328,-87.93621826171875,272.06378173828125,1.8300000429153442,surface,0,-0.012500000186264515,eastward_current,-0.05315540358424187,m/s,2026-09-16T14:36:00+00:00,2026-09-14T15:00:00+00:00,2026-09-14T21:48:04.514562+00:00,2026-09-14T21:48:04.514562+00:00,https://opendap.co-ops.nos.noaa.gov/thredds/dodsC/NOAA/NGOFS2/MODELS/2026/09/14/ngofs2.t15z.20260914.stations.forecast.nc,Point Clear/Grand Hotel,0.0
noaa_ngofs2_point_clear_station,MODEL,"8733821 Pt Clear, MB",93,nearest_verified_coordinate,0.3114,30.489032745361328,-87.93621826171875,272.06378173828125,1.8300000429153442,surface,0,-0.012500000186264515,northward_current,-0.0775471031665802,m/s,2026-09-16T14:36:00+00:00,2026-09-14T15:00:00+00:00,2026-09-14T21:48:04.514562+00:00,2026-09-14T21:48:04.514562+00:00,https://opendap.co-ops.nos.noaa.gov/thredds/dodsC/NOAA/NGOFS2/MODELS/2026/09/14/ngofs2.t15z.20260914.stations.forecast.nc,Point Clear/Grand Hotel,0.0
noaa_ngofs2_point_clear_station,MODEL,"8733821 Pt Clear, MB",93,nearest_verified_coordinate,0.3114,30.489032745361328,-87.93621826171875,272.06378173828125,1.8300000429153442,surface,0,-0.012500000186264515,shoreward_current,-0.053155403584241874,m/s,2026-09-16T14:36:00+00:00,2026-09-14T15:00:00+00:00,2026-09-14T21:48:04.514562+00:00,2026-09-14T21:48:04.514562+00:00,https://opendap.co-ops.nos.noaa.gov/thredds/dodsC/NOAA/NGOFS2/MODELS/2026/09/14/ngofs2.t15z.20260914.stations.forecast.nc,Point Clear/Grand Hotel,0.0
noaa_ngofs2_point_clear_station,MODEL,"8733821 Pt Clear, MB",93,nearest_verified_coordinate,0.3114,30.489032745361328,-87.93621826171875,272.06378173828125,1.8300000429153442,surface,0,-0.012500000186264515,water_temperature,32.403114318847656,degC,2026-09-16T14:36:00+00:00,2026-09-14T15:00:00+00:00,2026-09-14T21:48:04.514562+00:00,2026-09-14T21:48:04.514562+00:00,https://opendap.co-ops.nos.noaa.gov/thredds/dodsC/NOAA/NGOFS2/MODELS/2026/09/14/ngofs2.t15z.20260914.stations.forecast.nc,Point Clear/Grand Hotel,0.0
noaa_ngofs2_point_clear_station,MODEL,"8733821 Pt Clear, MB",93,nearest_verified_coordinate,0.3114,30.489032745361328,-87.93621826171875,272.06378173828125,1.8300000429153442,surface,0,-0.012500000186264515,salinity,13.396610260009766,1e-3,2026-09-16T14:36:00+00:00,2026-09-14T15:00:00+00:00,2026-09-14T21:48:04.514562+00:00,2026-09-14T21:48:04.514562+00:00,https://opendap.co-ops.nos.noaa.gov/thredds/dodsC/NOAA/NGOFS2/MODELS/2026/09/14/ngofs2.t15z.20260914.stations.forecast.nc,Point Clear/Grand Hotel,0.0
noaa_ngofs2_point_clear_station,MODEL,"8733821 Pt Clear, MB",93,nearest_verified_coordinate,0.3114,30.489032745361328,-87.93621826171875,272.06378173828125,1.8300000429153442,bottom,39,-0.987500011920929,eastward_current,-0.003647466888651252,m/s,2026-09-16T14:36:00+00:00,2026-09-14T15:00:00+00:00,2026-09-14T21:48:04.514562+00:00,2026-09-14T21:48:04.514562+00:00,https://opendap.co-ops.nos.noaa.gov/thredds/dodsC/NOAA/NGOFS2/MODELS/2026/09/14/ngofs2.t15z.20260914.stations.forecast.nc,Point Clear/Grand Hotel,0.0
noaa_ngofs2_point_clear_station,MODEL,"8733821 Pt Clear, MB",93,nearest_verified_coordinate,0.3114,30.489032745361328,-87.93621826171875,272.06378173828125,1.8300000429153442,bottom,39,-0.987500011920929,northward_current,-0.022668946534395218,m/s,2026-09-16T14:36:00+00:00,2026-09-14T15:00:00+00:00,2026-09-14T21:48:04.514562+00:00,2026-09-14T21:48:04.514562+00:00,https://opendap.co-ops.nos.noaa.gov/thredds/dodsC/NOAA/NGOFS2/MODELS/2026/09/14/ngofs2.t15z.20260914.stations.forecast.nc,Point Clear/Grand Hotel,0.0
noaa_ngofs2_point_clear_station,MODEL,"8733821 Pt Clear, MB",93,nearest_verified_coordinate,0.3114,30.489032745361328,-87.93621826171875,272.06378173828125,1.8300000429153442,bottom,39,-0.987500011920929,shoreward_current,-0.003647466888651253,m/s,2026-09-16T14:36:00+00:00,2026-09-14T15:00:00+00:00,2026-09-14T21:48:04.514562+00:00,2026-09-14T21:48:04.514562+00:00,https://opendap.co-ops.nos.noaa.gov/thredds/dodsC/NOAA/NGOFS2/MODELS/2026/09/14/ngofs2.t15z.20260914.stations.forecast.nc,Point Clear/Grand Hotel,0.0
noaa_ngofs2_point_clear_station,MODEL,"8733821 Pt Clear, MB",93,nearest_verified_coordinate,0.3114,30.489032745361328,-87.93621826171875,272.06378173828125,1.8300000429153442,bottom,39,-0.987500011920929,water_temperature,32.450279235839844,degC,2026-09-16T14:36:00+00:00,2026-09-14T15:00:00+00:00,2026-09-14T21:48:04.514562+00:00,2026-09-14T21:48:04.514562+00:00,https://opendap.co-ops.nos.noaa.gov/thredds/dodsC/NOAA/NGOFS2/MODELS/2026/09/14/ngofs2.t15z.20260914.stations.forecast.nc,Point Clear/Grand Hotel,0.0
noaa_ngofs2_point_clear_station,MODEL,"8733821 Pt Clear, MB",93,nearest_verified_coordinate,0.3114,30.489032745361328,-87.93621826171875,272.06378173828125,1.8300000429153442,bottom,39,-0.987500011920929,salinity,13.416509628295898,1e-3,2026-09-16T14:36:00+00:00,2026-09-14T15:00:00+00:00,2026-09-14T21:48:04.514562+00:00,2026-09-14T21:48:04.514562+00:00,https://opendap.co-ops.nos.noaa.gov/thredds/dodsC/NOAA/NGOFS2/MODELS/2026/09/14/ngofs2.t15z.20260914.stations.forecast.nc,Point Clear/Grand Hotel,0.0
noaa_ngofs2_point_clear_station,MODEL,"8733821 Pt Clear, MB",93,nearest_verified_coordinate,0.3114,30.489032745361328,-87.93621826171875,272.06378173828125,1.8300000429153442,surface,,,water_surface_elevation,0.06355775892734528,m,2026-09-16T14:36:00+00:00,2026-09-14T15:00:00+00:00,2026-09-14T21:48:04.514562+00:00,2026-09-14T21:48:04.514562+00:00,https://opendap.co-ops.nos.noaa.gov/thredds/dodsC/NOAA/NGOFS2/MODELS/2026/09/14/ngofs2.t15z.20260914.stations.forecast.nc,Point Clear/Grand Hotel,0.0
noaa_ngofs2_point_clear_station,MODEL,"8733821 Pt Clear, MB",93,nearest_verified_coordinate,0.3114,30.489032745361328,-87.93621826171875,272.06378173828125,1.8300000429153442,surface,0,-0.012500000186264515,eastward_current,-0.05324043333530426,m/s,2026-09-16T14:42:00+00:00,2026-09-14T15:00:00+00:00,2026-09-14T21:48:04.514562+00:00,2026-09-14T21:48:04.514562+00:00,https://opendap.co-ops.nos.noaa.gov/thredds/dodsC/NOAA/NGOFS2/MODELS/2026/09/14/ngofs2.t15z.20260914.stations.forecast.nc,Point Clear/Grand Hotel,0.0
noaa_ngofs2_point_clear_station,MODEL,"8733821 Pt Clear, MB",93,nearest_verified_coordinate,0.3114,30.489032745361328,-87.93621826171875,272.06378173828125,1.8300000429153442,surface,0,-0.012500000186264515,northward_current,-0.07548762112855911,m/s,2026-09-16T14:42:00+00:00,2026-09-14T15:00:00+00:00,2026-09-14T21:48:04.514562+00:00,2026-09-14T21:48:04.514562+00:00,https://opendap.co-ops.nos.noaa.gov/thredds/dodsC/NOAA/NGOFS2/MODELS/2026/09/14/ngofs2.t15z.20260914.stations.forecast.nc,Point Clear/Grand Hotel,0.0
noaa_ngofs2_point_clear_station,MODEL,"8733821 Pt Clear, MB",93,nearest_verified_coordinate,0.3114,30.489032745361328,-87.93621826171875,272.06378173828125,1.8300000429153442,surface,0,-0.012500000186264515,shoreward_current,-0.05324043333530427,m/s,2026-09-16T14:42:00+00:00,2026-09-14T15:00:00+00:00,2026-09-14T21:48:04.514562+00:00,2026-09-14T21:48:04.514562+00:00,https://opendap.co-ops.nos.noaa.gov/thredds/dodsC/NOAA/NGOFS2/MODELS/2026/09/14/ngofs2.t15z.20260914.stations.forecast.nc,Point Clear/Grand Hotel,0.0
noaa_ngofs2_point_clear_station,MODEL,"8733821 Pt Clear, MB",93,nearest_verified_coordinate,0.3114,30.489032745361328,-87.93621826171875,272.06378173828125,1.8300000429153442,surface,0,-0.012500000186264515,water_temperature,32.40212631225586,degC,2026-09-16T14:42:00+00:00,2026-09-14T15:00:00+00:00,2026-09-14T21:48:04.514562+00:00,2026-09-14T21:48:04.514562+00:00,https://opendap.co-ops.nos.noaa.gov/thredds/dodsC/NOAA/NGOFS2/MODELS/2026/09/14/ngofs2.t15z.20260914.stations.forecast.nc,Point Clear/Grand Hotel,0.0
noaa_ngofs2_point_clear_station,MODEL,"8733821 Pt Clear, MB",93,nearest_verified_coordinate,0.3114,30.489032745361328,-87.93621826171875,272.06378173828125,1.8300000429153442,surface,0,-0.012500000186264515,salinity,13.387395858764648,1e-3,2026-09-16T14:42:00+00:00,2026-09-14T15:00:00+00:00,2026-09-14T21:48:04.514562+00:00,2026-09-14T21:48:04.514562+00:00,https://opendap.co-ops.nos.noaa.gov/thredds/dodsC/NOAA/NGOFS2/MODELS/2026/09/14/ngofs2.t15z.20260914.stations.forecast.nc,Point Clear/Grand Hotel,0.0
noaa_ngofs2_point_clear_station,MODEL,"8733821 Pt Clear, MB",93,nearest_verified_coordinate,0.3114,30.489032745361328,-87.93621826171875,272.06378173828125,1.8300000429153442,bottom,39,-0.987500011920929,eastward_current,-0.0026832728181034327,m/s,2026-09-16T14:42:00+00:00,2026-09-14T15:00:00+00:00,2026-09-14T21:48:04.514562+00:00,2026-09-14T21:48:04.514562+00:00,https://opendap.co-ops.nos.noaa.gov/thredds/dodsC/NOAA/NGOFS2/MODELS/2026/09/14/ngofs2.t15z.20260914.stations.forecast.nc,Point Clear/Grand Hotel,0.0
noaa_ngofs2_point_clear_station,MODEL,"8733821 Pt Clear, MB",93,nearest_verified_coordinate,0.3114,30.489032745361328,-87.93621826171875,272.06378173828125,1.8300000429153442,bottom,39,-0.987500011920929,northward_current,-0.021661655977368355,m/s,2026-09-16T14:42:00+00:00,2026-09-14T15:00:00+00:00,2026-09-14T21:48:04.514562+00:00,2026-09-14T21:48:04.514562+00:00,https://opendap.co-ops.nos.noaa.gov/thredds/dodsC/NOAA/NGOFS2/MODELS/2026/09/14/ngofs2.t15z.20260914.stations.forecast.nc,Point Clear/Grand Hotel,0.0
noaa_ngofs2_point_clear_station,MODEL,"8733821 Pt Clear, MB",93,nearest_verified_coordinate,0.3114,30.489032745361328,-87.93621826171875,272.06378173828125,1.8300000429153442,bottom,39,-0.987500011920929,shoreward_current,-0.002683272818103434,m/s,2026-09-16T14:42:00+00:00,2026-09-14T15:00:00+00:00,2026-09-14T21:48:04.514562+00:00,2026-09-14T21:48:04.514562+00:00,https://opendap.co-ops.nos.noaa.gov/thredds/dodsC/NOAA/NGOFS2/MODELS/2026/09/14/ngofs2.t15z.20260914.stations.forecast.nc,Point Clear/Grand Hotel,0.0
noaa_ngofs2_point_clear_station,MODEL,"8733821 Pt Clear, MB",93,nearest_verified_coordinate,0.3114,30.489032745361328,-87.93621826171875,272.06378173828125,1.8300000429153442,bottom,39,-0.987500011920929,water_temperature,32.451446533203125,degC,2026-09-16T14:42:00+00:00,2026-09-14T15:00:00+00:00,2026-09-14T21:48:04.514562+00:00,2026-09-14T21:48:04.514562+00:00,https://opendap.co-ops.nos.noaa.gov/thredds/dodsC/NOAA/NGOFS2/MODELS/2026/09/14/ngofs2.t15z.20260914.stations.forecast.nc,Point Clear/Grand Hotel,0.0
noaa_ngofs2_point_clear_station,MODEL,"8733821 Pt Clear, MB",93,nearest_verified_coordinate,0.3114,30.489032745361328,-87.93621826171875,272.06378173828125,1.8300000429153442,bottom,39,-0.987500011920929,salinity,13.408634185791016,1e-3,2026-09-16T14:42:00+00:00,2026-09-14T15:00:00+00:00,2026-09-14T21:48:04.514562+00:00,2026-09-14T21:48:04.514562+00:00,https://opendap.co-ops.nos.noaa.gov/thredds/dodsC/NOAA/NGOFS2/MODELS/2026/09/14/ngofs2.t15z.20260914.stations.forecast.nc,Point Clear/Grand Hotel,0.0
noaa_ngofs2_point_clear_station,MODEL,"8733821 Pt Clear, MB",93,nearest_verified_coordinate,0.3114,30.489032745361328,-87.93621826171875,272.06378173828125,1.8300000429153442,surface,,,water_surface_elevation,0.059432730078697205,m,2026-09-16T14:42:00+00:00,2026-09-14T15:00:00+00:00,2026-09-14T21:48:04.514562+00:00,2026-09-14T21:48:04.514562+00:00,https://opendap.co-ops.nos.noaa.gov/thredds/dodsC/NOAA/NGOFS2/MODELS/2026/09/14/ngofs2.t15z.20260914.stations.forecast.nc,Point Clear/Grand Hotel,0.0
noaa_ngofs2_point_clear_station,MODEL,"8733821 Pt Clear, MB",93,nearest_verified_coordinate,0.3114,30.489032745361328,-87.93621826171875,272.06378173828125,1.8300000429153442,surface,0,-0.012500000186264515,eastward_current,-0.05400818586349487,m/s,2026-09-16T14:48:00+00:00,2026-09-14T15:00:00+00:00,2026-09-14T21:48:04.514562+00:00,2026-09-14T21:48:04.514562+00:00,https://opendap.co-ops.nos.noaa.gov/thredds/dodsC/NOAA/NGOFS2/MODELS/2026/09/14/ngofs2.t15z.20260914.stations.forecast.nc,Point Clear/Grand Hotel,0.0
noaa_ngofs2_point_clear_station,MODEL,"8733821 Pt Clear, MB",93,nearest_verified_coordinate,0.3114,30.489032745361328,-87.93621826171875,272.06378173828125,1.8300000429153442,surface,0,-0.012500000186264515,northward_current,-0.0745578333735466,m/s,2026-09-16T14:48:00+00:00,2026-09-14T15:00:00+00:00,2026-09-14T21:48:04.514562+00:00,2026-09-14T21:48:04.514562+00:00,https://opendap.co-ops.nos.noaa.gov/thredds/dodsC/NOAA/NGOFS2/MODELS/2026/09/14/ngofs2.t15z.20260914.stations.forecast.nc,Point Clear/Grand Hotel,0.0
noaa_ngofs2_point_clear_station,MODEL,"8733821 Pt Clear, MB",93,nearest_verified_coordinate,0.3114,30.489032745361328,-87.93621826171875,272.06378173828125,1.8300000429153442,surface,0,-0.012500000186264515,shoreward_current,-0.05400818586349488,m/s,2026-09-16T14:48:00+00:00,2026-09-14T15:00:00+00:00,2026-09-14T21:48:04.514562+00:00,2026-09-14T21:48:04.514562+00:00,https://opendap.co-ops.nos.noaa.gov/thredds/dodsC/NOAA/NGOFS2/MODELS/2026/09/14/ngofs2.t15z.20260914.stations.forecast.nc,Point Clear/Grand Hotel,0.0
noaa_ngofs2_point_clear_station,MODEL,"8733821 Pt Clear, MB",93,nearest_verified_coordinate,0.3114,30.489032745361328,-87.93621826171875,272.06378173828125,1.8300000429153442,surface,0,-0.012500000186264515,water_temperature,32.40132522583008,degC,2026-09-16T14:48:00+00:00,2026-09-14T15:00:00+00:00,2026-09-14T21:48:04.514562+00:00,2026-09-14T21:48:04.514562+00:00,https://opendap.co-ops.nos.noaa.gov/thredds/dodsC/NOAA/NGOFS2/MODELS/2026/09/14/ngofs2.t15z.20260914.stations.forecast.nc,Point Clear/Grand Hotel,0.0
noaa_ngofs2_point_clear_station,MODEL,"8733821 Pt Clear, MB",93,nearest_verified_coordinate,0.3114,30.489032745361328,-87.93621826171875,272.06378173828125,1.8300000429153442,surface,0,-0.012500000186264515,salinity,13.378304481506348,1e-3,2026-09-16T14:48:00+00:00,2026-09-14T15:00:00+00:00,2026-09-14T21:48:04.514562+00:00,2026-09-14T21:48:04.514562+00:00,https://opendap.co-ops.nos.noaa.gov/thredds/dodsC/NOAA/NGOFS2/MODELS/2026/09/14/ngofs2.t15z.20260914.stations.forecast.nc,Point Clear/Grand Hotel,0.0
noaa_ngofs2_point_clear_station,MODEL,"8733821 Pt Clear, MB",93,nearest_verified_coordinate,0.3114,30.489032745361328,-87.93621826171875,272.06378173828125,1.8300000429153442,bottom,39,-0.987500011920929,eastward_current,-0.0020962096750736237,m/s,2026-09-16T14:48:00+00:00,2026-09-14T15:00:00+00:00,2026-09-14T21:48:04.514562+00:00,2026-09-14T21:48:04.514562+00:00,https://opendap.co-ops.nos.noaa.gov/thredds/dodsC/NOAA/NGOFS2/MODELS/2026/09/14/ngofs2.t15z.20260914.stations.forecast.nc,Point Clear/Grand Hotel,0.0
noaa_ngofs2_point_clear_station,MODEL,"8733821 Pt Clear, MB",93,nearest_verified_coordinate,0.3114,30.489032745361328,-87.93621826171875,272.06378173828125,1.8300000429153442,bottom,39,-0.987500011920929,northward_current,-0.021265605464577675,m/s,2026-09-16T14:48:00+00:00,2026-09-14T15:00:00+00:00,2026-09-14T21:48:04.514562+00:00,2026-09-14T21:48:04.514562+00:00,https://opendap.co-ops.nos.noaa.gov/thredds/dodsC/NOAA/NGOFS2/MODELS/2026/09/14/ngofs2.t15z.20260914.stations.forecast.nc,Point Clear/Grand Hotel,0.0
noaa_ngofs2_point_clear_station,MODEL,"8733821 Pt Clear, MB",93,nearest_verified_coordinate,0.3114,30.489032745361328,-87.93621826171875,272.06378173828125,1.8300000429153442,bottom,39,-0.987500011920929,shoreward_current,-0.002096209675073625,m/s,2026-09-16T14:48:00+00:00,2026-09-14T15:00:00+00:00,2026-09-14T21:48:04.514562+00:00,2026-09-14T21:48:04.514562+00:00,https://opendap.co-ops.nos.noaa.gov/thredds/dodsC/NOAA/NGOFS2/MODELS/2026/09/14/ngofs2.t15z.20260914.stations.forecast.nc,Point Clear/Grand Hotel,0.0
noaa_ngofs2_point_clear_station,MODEL,"8733821 Pt Clear, MB",93,nearest_verified_coordinate,0.3114,30.489032745361328,-87.93621826171875,272.06378173828125,1.8300000429153442,bottom,39,-0.987500011920929,water_temperature,32.453025817871094,degC,2026-09-16T14:48:00+00:00,2026-09-14T15:00:00+00:00,2026-09-14T21:48:04.514562+00:00,2026-09-14T21:48:04.514562+00:00,https://opendap.co-ops.nos.noaa.gov/thredds/dodsC/NOAA/NGOFS2/MODELS/2026/09/14/ngofs2.t15z.20260914.stations.forecast.nc,Point Clear/Grand Hotel,0.0
noaa_ngofs2_point_clear_station,MODEL,"8733821 Pt Clear, MB",93,nearest_verified_coordinate,0.3114,30.489032745361328,-87.93621826171875,272.06378173828125,1.8300000429153442,bottom,39,-0.987500011920929,salinity,13.401010513305664,1e-3,2026-09-16T14:48:00+00:00,2026-09-14T15:00:00+00:00,2026-09-14T21:48:04.514562+00:00,2026-09-14T21:48:04.514562+00:00,https://opendap.co-ops.nos.noaa.gov/thredds/dodsC/NOAA/NGOFS2/MODELS/2026/09/14/ngofs2.t15z.20260914.stations.forecast.nc,Point Clear/Grand Hotel,0.0
noaa_ngofs2_point_clear_station,MODEL,"8733821 Pt Clear, MB",93,nearest_verified_coordinate,0.3114,30.489032745361328,-87.93621826171875,272.06378173828125,1.8300000429153442,surface,,,water_surface_elevation,0.05536708980798721,m,2026-09-16T14:48:00+00:00,2026-09-14T15:00:00+00:00,2026-09-14T21:48:04.514562+00:00,2026-09-14T21:48:04.514562+00:00,https://opendap.co-ops.nos.noaa.gov/thredds/dodsC/NOAA/NGOFS2/MODELS/2026/09/14/ngofs2.t15z.20260914.stations.forecast.nc,Point Clear/Grand Hotel,0.0
noaa_ngofs2_point_clear_station,MODEL,"8733821 Pt Clear, MB",93,nearest_verified_coordinate,0.3114,30.489032745361328,-87.93621826171875,272.06378173828125,1.8300000429153442,surface,0,-0.012500000186264515,eastward_current,-0.05559946969151497,m/s,2026-09-16T14:54:00+00:00,2026-09-14T15:00:00+00:00,2026-09-14T21:48:04.514562+00:00,2026-09-14T21:48:04.514562+00:00,https://opendap.co-ops.nos.noaa.gov/thredds/dodsC/NOAA/NGOFS2/MODELS/2026/09/14/ngofs2.t15z.20260914.stations.forecast.nc,Point Clear/Grand Hotel,0.0
noaa_ngofs2_point_clear_station,MODEL,"8733821 Pt Clear, MB",93,nearest_verified_coordinate,0.3114,30.489032745361328,-87.93621826171875,272.06378173828125,1.8300000429153442,surface,0,-0.012500000186264515,northward_current,-0.07539959996938705,m/s,2026-09-16T14:54:00+00:00,2026-09-14T15:00:00+00:00,2026-09-14T21:48:04.514562+00:00,2026-09-14T21:48:04.514562+00:00,https://opendap.co-ops.nos.noaa.gov/thredds/dodsC/NOAA/NGOFS2/MODELS/2026/09/14/ngofs2.t15z.20260914.stations.forecast.nc,Point Clear/Grand Hotel,0.0
noaa_ngofs2_point_clear_station,MODEL,"8733821 Pt Clear, MB",93,nearest_verified_coordinate,0.3114,30.489032745361328,-87.93621826171875,272.06378173828125,1.8300000429153442,surface,0,-0.012500000186264515,shoreward_current,-0.055599469691514976,m/s,2026-09-16T14:54:00+00:00,2026-09-14T15:00:00+00:00,2026-09-14T21:48:04.514562+00:00,2026-09-14T21:48:04.514562+00:00,https://opendap.co-ops.nos.noaa.gov/thredds/dodsC/NOAA/NGOFS2/MODELS/2026/09/14/ngofs2.t15z.20260914.stations.forecast.nc,Point Clear/Grand Hotel,0.0
noaa_ngofs2_point_clear_station,MODEL,"8733821 Pt Clear, MB",93,nearest_verified_coordinate,0.3114,30.489032745361328,-87.93621826171875,272.06378173828125,1.8300000429153442,surface,0,-0.012500000186264515,water_temperature,32.400726318359375,degC,2026-09-16T14:54:00+00:00,2026-09-14T15:00:00+00:00,2026-09-14T21:48:04.514562+00:00,2026-09-14T21:48:04.514562+00:00,https://opendap.co-ops.nos.noaa.gov/thredds/dodsC/NOAA/NGOFS2/MODELS/2026/09/14/ngofs2.t15z.20260914.stations.forecast.nc,Point Clear/Grand Hotel,0.0
noaa_ngofs2_point_clear_station,MODEL,"8733821 Pt Clear, MB",93,nearest_verified_coordinate,0.3114,30.489032745361328,-87.93621826171875,272.06378173828125,1.8300000429153442,surface,0,-0.012500000186264515,salinity,13.369138717651367,1e-3,2026-09-16T14:54:00+00:00,2026-09-14T15:00:00+00:00,2026-09-14T21:48:04.514562+00:00,2026-09-14T21:48:04.514562+00:00,https://opendap.co-ops.nos.noaa.gov/thredds/dodsC/NOAA/NGOFS2/MODELS/2026/09/14/ngofs2.t15z.20260914.stations.forecast.nc,Point Clear/Grand Hotel,0.0
noaa_ngofs2_point_clear_station,MODEL,"8733821 Pt Clear, MB",93,nearest_verified_coordinate,0.3114,30.489032745361328,-87.93621826171875,272.06378173828125,1.8300000429153442,bottom,39,-0.987500011920929,eastward_current,-0.0017670468660071492,m/s,2026-09-16T14:54:00+00:00,2026-09-14T15:00:00+00:00,2026-09-14T21:48:04.514562+00:00,2026-09-14T21:48:04.514562+00:00,https://opendap.co-ops.nos.noaa.gov/thredds/dodsC/NOAA/NGOFS2/MODELS/2026/09/14/ngofs2.t15z.20260914.stations.forecast.nc,Point Clear/Grand Hotel,0.0
noaa_ngofs2_point_clear_station,MODEL,"8733821 Pt Clear, MB",93,nearest_verified_coordinate,0.3114,30.489032745361328,-87.93621826171875,272.06378173828125,1.8300000429153442,bottom,39,-0.987500011920929,northward_current,-0.0214917603880167,m/s,2026-09-16T14:54:00+00:00,2026-09-14T15:00:00+00:00,2026-09-14T21:48:04.514562+00:00,2026-09-14T21:48:04.514562+00:00,https://opendap.co-ops.nos.noaa.gov/thredds/dodsC/NOAA/NGOFS2/MODELS/2026/09/14/ngofs2.t15z.20260914.stations.forecast.nc,Point Clear/Grand Hotel,0.0
noaa_ngofs2_point_clear_station,MODEL,"8733821 Pt Clear, MB",93,nearest_verified_coordinate,0.3114,30.489032745361328,-87.93621826171875,272.06378173828125,1.8300000429153442,bottom,39,-0.987500011920929,shoreward_current,-0.0017670468660071505,m/s,2026-09-16T14:54:00+00:00,2026-09-14T15:00:00+00:00,2026-09-14T21:48:04.514562+00:00,2026-09-14T21:48:04.514562+00:00,https://opendap.co-ops.nos.noaa.gov/thredds/dodsC/NOAA/NGOFS2/MODELS/2026/09/14/ngofs2.t15z.20260914.stations.forecast.nc,Point Clear/Grand Hotel,0.0
noaa_ngofs2_point_clear_station,MODEL,"8733821 Pt Clear, MB",93,nearest_verified_coordinate,0.3114,30.489032745361328,-87.93621826171875,272.06378173828125,1.8300000429153442,bottom,39,-0.987500011920929,water_temperature,32.454978942871094,degC,2026-09-16T14:54:00+00:00,2026-09-14T15:00:00+00:00,2026-09-14T21:48:04.514562+00:00,2026-09-14T21:48:04.514562+00:00,https://opendap.co-ops.nos.noaa.gov/thredds/dodsC/NOAA/NGOFS2/MODELS/2026/09/14/ngofs2.t15z.20260914.stations.forecast.nc,Point Clear/Grand Hotel,0.0
noaa_ngofs2_point_clear_station,MODEL,"8733821 Pt Clear, MB",93,nearest_verified_coordinate,0.3114,30.489032745361328,-87.93621826171875,272.06378173828125,1.8300000429153442,bottom,39,-0.987500011920929,salinity,13.393434524536133,1e-3,2026-09-16T14:54:00+00:00,2026-09-14T15:00:00+00:00,2026-09-14T21:48:04.514562+00:00,2026-09-14T21:48:04.514562+00:00,https://opendap.co-ops.nos.noaa.gov/thredds/dodsC/NOAA/NGOFS2/MODELS/2026/09/14/ngofs2.t15z.20260914.stations.forecast.nc,Point Clear/Grand Hotel,0.0
noaa_ngofs2_point_clear_station,MODEL,"8733821 Pt Clear, MB",93,nearest_verified_coordinate,0.3114,30.489032745361328,-87.93621826171875,272.06378173828125,1.8300000429153442,surface,,,water_surface_elevation,0.05071292445063591,m,2026-09-16T14:54:00+00:00,2026-09-14T15:00:00+00:00,2026-09-14T21:48:04.514562+00:00,2026-09-14T21:48:04.514562+00:00,https://opendap.co-ops.nos.noaa.gov/thredds/dodsC/NOAA/NGOFS2/MODELS/2026/09/14/ngofs2.t15z.20260914.stations.forecast.nc,Point Clear/Grand Hotel,0.0
noaa_ngofs2_point_clear_station,MODEL,"8733821 Pt Clear, MB",93,nearest_verified_coordinate,0.3114,30.489032745361328,-87.93621826171875,272.06378173828125,1.8300000429153442,surface,0,-0.012500000186264515,eastward_current,-0.05687648057937622,m/s,2026-09-16T15:00:00+00:00,2026-09-14T15:00:00+00:00,2026-09-14T21:48:04.514562+00:00,2026-09-14T21:48:04.514562+00:00,https://opendap.co-ops.nos.noaa.gov/thredds/dodsC/NOAA/NGOFS2/MODELS/2026/09/14/ngofs2.t15z.20260914.stations.forecast.nc,Point Clear/Grand Hotel,0.0
noaa_ngofs2_point_clear_station,MODEL,"8733821 Pt Clear, MB",93,nearest_verified_coordinate,0.3114,30.489032745361328,-87.93621826171875,272.06378173828125,1.8300000429153442,surface,0,-0.012500000186264515,northward_current,-0.076787069439888,m/s,2026-09-16T15:00:00+00:00,2026-09-14T15:00:00+00:00,2026-09-14T21:48:04.514562+00:00,2026-09-14T21:48:04.514562+00:00,https://opendap.co-ops.nos.noaa.gov/thredds/dodsC/NOAA/NGOFS2/MODELS/2026/09/14/ngofs2.t15z.20260914.stations.forecast.nc,Point Clear/Grand Hotel,0.0
noaa_ngofs2_point_clear_station,MODEL,"8733821 Pt Clear, MB",93,nearest_verified_coordinate,0.3114,30.489032745361328,-87.93621826171875,272.06378173828125,1.8300000429153442,surface,0,-0.012500000186264515,shoreward_current,-0.05687648057937623,m/s,2026-09-16T15:00:00+00:00,2026-09-14T15:00:00+00:00,2026-09-14T21:48:04.514562+00:00,2026-09-14T21:48:04.514562+00:00,https://opendap.co-ops.nos.noaa.gov/thredds/dodsC/NOAA/NGOFS2/MODELS/2026/09/14/ngofs2.t15z.20260914.stations.forecast.nc,Point Clear/Grand Hotel,0.0
noaa_ngofs2_point_clear_station,MODEL,"8733821 Pt Clear, MB",93,nearest_verified_coordinate,0.3114,30.489032745361328,-87.93621826171875,272.06378173828125,1.8300000429153442,surface,0,-0.012500000186264515,water_temperature,32.40043640136719,degC,2026-09-16T15:00:00+00:00,2026-09-14T15:00:00+00:00,2026-09-14T21:48:04.514562+00:00,2026-09-14T21:48:04.514562+00:00,https://opendap.co-ops.nos.noaa.gov/thredds/dodsC/NOAA/NGOFS2/MODELS/2026/09/14/ngofs2.t15z.20260914.stations.forecast.nc,Point Clear/Grand Hotel,0.0
noaa_ngofs2_point_clear_station,MODEL,"8733821 Pt Clear, MB",93,nearest_verified_coordinate,0.3114,30.489032745361328,-87.93621826171875,272.06378173828125,1.8300000429153442,surface,0,-0.012500000186264515,salinity,13.359901428222656,1e-3,2026-09-16T15:00:00+00:00,2026-09-14T15:00:00+00:00,2026-09-14T21:48:04.514562+00:00,2026-09-14T21:48:04.514562+00:00,https://opendap.co-ops.nos.noaa.gov/thredds/dodsC/NOAA/NGOFS2/MODELS/2026/09/14/ngofs2.t15z.20260914.stations.forecast.nc,Point Clear/Grand Hotel,0.0
noaa_ngofs2_point_clear_station,MODEL,"8733821 Pt Clear, MB",93,nearest_verified_coordinate,0.3114,30.489032745361328,-87.93621826171875,272.06378173828125,1.8300000429153442,bottom,39,-0.987500011920929,eastward_current,-0.0011556597892194986,m/s,2026-09-16T15:00:00+00:00,2026-09-14T15:00:00+00:00,2026-09-14T21:48:04.514562+00:00,2026-09-14T21:48:04.514562+00:00,https://opendap.co-ops.nos.noaa.gov/thredds/dodsC/NOAA/NGOFS2/MODELS/2026/09/14/ngofs2.t15z.20260914.stations.forecast.nc,Point Clear/Grand Hotel,0.0
noaa_ngofs2_point_clear_station,MODEL,"8733821 Pt Clear, MB",93,nearest_verified_coordinate,0.3114,30.489032745361328,-87.93621826171875,272.06378173828125,1.8300000429153442,bottom,39,-0.987500011920929,northward_current,-0.021742189303040504,m/s,2026-09-16T15:00:00+00:00,2026-09-14T15:00:00+00:00,2026-09-14T21:48:04.514562+00:00,2026-09-14T21:48:04.514562+00:00,https://opendap.co-ops.nos.noaa.gov/thredds/dodsC/NOAA/NGOFS2/MODELS/2026/09/14/ngofs2.t15z.20260914.stations.forecast.nc,Point Clear/Grand Hotel,0.0
noaa_ngofs2_point_clear_station,MODEL,"8733821 Pt Clear, MB",93,nearest_verified_coordinate,0.3114,30.489032745361328,-87.93621826171875,272.06378173828125,1.8300000429153442,bottom,39,-0.987500011920929,shoreward_current,-0.0011556597892195,m/s,2026-09-16T15:00:00+00:00,2026-09-14T15:00:00+00:00,2026-09-14T21:48:04.514562+00:00,2026-09-14T21:48:04.514562+00:00,https://opendap.co-ops.nos.noaa.gov/thredds/dodsC/NOAA/NGOFS2/MODELS/2026/09/14/ngofs2.t15z.20260914.stations.forecast.nc,Point Clear/Grand Hotel,0.0
noaa_ngofs2_point_clear_station,MODEL,"8733821 Pt Clear, MB",93,nearest_verified_coordinate,0.3114,30.489032745361328,-87.93621826171875,272.06378173828125,1.8300000429153442,bottom,39,-0.987500011920929,water_temperature,32.457252502441406,degC,2026-09-16T15:00:00+00:00,2026-09-14T15:00:00+00:00,2026-09-14T21:48:04.514562+00:00,2026-09-14T21:48:04.514562+00:00,https://opendap.co-ops.nos.noaa.gov/thredds/dodsC/NOAA/NGOFS2/MODELS/2026/09/14/ngofs2.t15z.20260914.stations.forecast.nc,Point Clear/Grand Hotel,0.0
noaa_ngofs2_point_clear_station,MODEL,"8733821 Pt Clear, MB",93,nearest_verified_coordinate,0.3114,30.489032745361328,-87.93621826171875,272.06378173828125,1.8300000429153442,bottom,39,-0.987500011920929,salinity,13.38583755493164,1e-3,2026-09-16T15:00:00+00:00,2026-09-14T15:00:00+00:00,2026-09-14T21:48:04.514562+00:00,2026-09-14T21:48:04.514562+00:00,https://opendap.co-ops.nos.noaa.gov/thredds/dodsC/NOAA/NGOFS2/MODELS/2026/09/14/ngofs2.t15z.20260914.stations.forecast.nc,Point Clear/Grand Hotel,0.0
noaa_ngofs2_point_clear_station,MODEL,"8733821 Pt Clear, MB",93,nearest_verified_coordinate,0.3114,30.489032745361328,-87.93621826171875,272.06378173828125,1.8300000429153442,surface,,,water_surface_elevation,0.04602256044745445,m,2026-09-16T15:00:00+00:00,2026-09-14T15:00:00+00:00,2026-09-14T21:48:04.514562+00:00,2026-09-14T21:48:04.514562+00:00,https://opendap.co-ops.nos.noaa.gov/thredds/dodsC/NOAA/NGOFS2/MODELS/2026/09/14/ngofs2.t15z.20260914.stations.forecast.nc,Point Clear/Grand Hotel,0.0
