source_id,evidence_class,station_name,station_index,station_resolution_basis,station_distance_to_point_clear_km,lat,lon,source_lon,bathymetry_m,vertical_role,sigma_layer_index,sigma_value,parameter,value,unit,valid_at,model_initialized_at,available_at,ingested_at,source_url,shoreline_cell,production_weight
noaa_ngofs2_point_clear_station,MODEL,"8733821 Pt Clear, MB",93,nearest_verified_coordinate,0.3114,30.489032745361328,-87.93621826171875,272.06378173828125,1.8300000429153442,surface,0,-0.012500000186264515,eastward_current,-0.061026472598314285,m/s,2026-10-06T09:00:00+00:00,2026-10-06T15:00:00+00:00,2026-10-06T22:47:11.110927+00:00,2026-10-06T22:47:11.110927+00:00,https://opendap.co-ops.nos.noaa.gov/thredds/dodsC/NOAA/NGOFS2/MODELS/2026/10/06/ngofs2.t15z.20261006.stations.nowcast.nc,Point Clear/Grand Hotel,0.0
noaa_ngofs2_point_clear_station,MODEL,"8733821 Pt Clear, MB",93,nearest_verified_coordinate,0.3114,30.489032745361328,-87.93621826171875,272.06378173828125,1.8300000429153442,surface,0,-0.012500000186264515,northward_current,-0.11277280747890472,m/s,2026-10-06T09:00:00+00:00,2026-10-06T15:00:00+00:00,2026-10-06T22:47:11.110927+00:00,2026-10-06T22:47:11.110927+00:00,https://opendap.co-ops.nos.noaa.gov/thredds/dodsC/NOAA/NGOFS2/MODELS/2026/10/06/ngofs2.t15z.20261006.stations.nowcast.nc,Point Clear/Grand Hotel,0.0
noaa_ngofs2_point_clear_station,MODEL,"8733821 Pt Clear, MB",93,nearest_verified_coordinate,0.3114,30.489032745361328,-87.93621826171875,272.06378173828125,1.8300000429153442,surface,0,-0.012500000186264515,shoreward_current,-0.06102647259831429,m/s,2026-10-06T09:00:00+00:00,2026-10-06T15:00:00+00:00,2026-10-06T22:47:11.110927+00:00,2026-10-06T22:47:11.110927+00:00,https://opendap.co-ops.nos.noaa.gov/thredds/dodsC/NOAA/NGOFS2/MODELS/2026/10/06/ngofs2.t15z.20261006.stations.nowcast.nc,Point Clear/Grand Hotel,0.0
noaa_ngofs2_point_clear_station,MODEL,"8733821 Pt Clear, MB",93,nearest_verified_coordinate,0.3114,30.489032745361328,-87.93621826171875,272.06378173828125,1.8300000429153442,surface,0,-0.012500000186264515,water_temperature,29.038190841674805,degC,2026-10-06T09:00:00+00:00,2026-10-06T15:00:00+00:00,2026-10-06T22:47:11.110927+00:00,2026-10-06T22:47:11.110927+00:00,https://opendap.co-ops.nos.noaa.gov/thredds/dodsC/NOAA/NGOFS2/MODELS/2026/10/06/ngofs2.t15z.20261006.stations.nowcast.nc,Point Clear/Grand Hotel,0.0
noaa_ngofs2_point_clear_station,MODEL,"8733821 Pt Clear, MB",93,nearest_verified_coordinate,0.3114,30.489032745361328,-87.93621826171875,272.06378173828125,1.8300000429153442,surface,0,-0.012500000186264515,salinity,14.622476577758789,1e-3,2026-10-06T09:00:00+00:00,2026-10-06T15:00:00+00:00,2026-10-06T22:47:11.110927+00:00,2026-10-06T22:47:11.110927+00:00,https://opendap.co-ops.nos.noaa.gov/thredds/dodsC/NOAA/NGOFS2/MODELS/2026/10/06/ngofs2.t15z.20261006.stations.nowcast.nc,Point Clear/Grand Hotel,0.0
noaa_ngofs2_point_clear_station,MODEL,"8733821 Pt Clear, MB",93,nearest_verified_coordinate,0.3114,30.489032745361328,-87.93621826171875,272.06378173828125,1.8300000429153442,bottom,39,-0.987500011920929,eastward_current,-0.003420582739636302,m/s,2026-10-06T09:00:00+00:00,2026-10-06T15:00:00+00:00,2026-10-06T22:47:11.110927+00:00,2026-10-06T22:47:11.110927+00:00,https://opendap.co-ops.nos.noaa.gov/thredds/dodsC/NOAA/NGOFS2/MODELS/2026/10/06/ngofs2.t15z.20261006.stations.nowcast.nc,Point Clear/Grand Hotel,0.0
noaa_ngofs2_point_clear_station,MODEL,"8733821 Pt Clear, MB",93,nearest_verified_coordinate,0.3114,30.489032745361328,-87.93621826171875,272.06378173828125,1.8300000429153442,bottom,39,-0.987500011920929,northward_current,-0.023790037259459496,m/s,2026-10-06T09:00:00+00:00,2026-10-06T15:00:00+00:00,2026-10-06T22:47:11.110927+00:00,2026-10-06T22:47:11.110927+00:00,https://opendap.co-ops.nos.noaa.gov/thredds/dodsC/NOAA/NGOFS2/MODELS/2026/10/06/ngofs2.t15z.20261006.stations.nowcast.nc,Point Clear/Grand Hotel,0.0
noaa_ngofs2_point_clear_station,MODEL,"8733821 Pt Clear, MB",93,nearest_verified_coordinate,0.3114,30.489032745361328,-87.93621826171875,272.06378173828125,1.8300000429153442,bottom,39,-0.987500011920929,shoreward_current,-0.0034205827396363033,m/s,2026-10-06T09:00:00+00:00,2026-10-06T15:00:00+00:00,2026-10-06T22:47:11.110927+00:00,2026-10-06T22:47:11.110927+00:00,https://opendap.co-ops.nos.noaa.gov/thredds/dodsC/NOAA/NGOFS2/MODELS/2026/10/06/ngofs2.t15z.20261006.stations.nowcast.nc,Point Clear/Grand Hotel,0.0
noaa_ngofs2_point_clear_station,MODEL,"8733821 Pt Clear, MB",93,nearest_verified_coordinate,0.3114,30.489032745361328,-87.93621826171875,272.06378173828125,1.8300000429153442,bottom,39,-0.987500011920929,water_temperature,29.17700958251953,degC,2026-10-06T09:00:00+00:00,2026-10-06T15:00:00+00:00,2026-10-06T22:47:11.110927+00:00,2026-10-06T22:47:11.110927+00:00,https://opendap.co-ops.nos.noaa.gov/thredds/dodsC/NOAA/NGOFS2/MODELS/2026/10/06/ngofs2.t15z.20261006.stations.nowcast.nc,Point Clear/Grand Hotel,0.0
noaa_ngofs2_point_clear_station,MODEL,"8733821 Pt Clear, MB",93,nearest_verified_coordinate,0.3114,30.489032745361328,-87.93621826171875,272.06378173828125,1.8300000429153442,bottom,39,-0.987500011920929,salinity,14.868000030517578,1e-3,2026-10-06T09:00:00+00:00,2026-10-06T15:00:00+00:00,2026-10-06T22:47:11.110927+00:00,2026-10-06T22:47:11.110927+00:00,https://opendap.co-ops.nos.noaa.gov/thredds/dodsC/NOAA/NGOFS2/MODELS/2026/10/06/ngofs2.t15z.20261006.stations.nowcast.nc,Point Clear/Grand Hotel,0.0
noaa_ngofs2_point_clear_station,MODEL,"8733821 Pt Clear, MB",93,nearest_verified_coordinate,0.3114,30.489032745361328,-87.93621826171875,272.06378173828125,1.8300000429153442,surface,,,water_surface_elevation,0.3039044737815857,m,2026-10-06T09:00:00+00:00,2026-10-06T15:00:00+00:00,2026-10-06T22:47:11.110927+00:00,2026-10-06T22:47:11.110927+00:00,https://opendap.co-ops.nos.noaa.gov/thredds/dodsC/NOAA/NGOFS2/MODELS/2026/10/06/ngofs2.t15z.20261006.stations.nowcast.nc,Point Clear/Grand Hotel,0.0
noaa_ngofs2_point_clear_station,MODEL,"8733821 Pt Clear, MB",93,nearest_verified_coordinate,0.3114,30.489032745361328,-87.93621826171875,272.06378173828125,1.8300000429153442,surface,0,-0.012500000186264515,eastward_current,-0.059732913970947266,m/s,2026-10-06T09:06:00+00:00,2026-10-06T15:00:00+00:00,2026-10-06T22:47:11.110927+00:00,2026-10-06T22:47:11.110927+00:00,https://opendap.co-ops.nos.noaa.gov/thredds/dodsC/NOAA/NGOFS2/MODELS/2026/10/06/ngofs2.t15z.20261006.stations.nowcast.nc,Point Clear/Grand Hotel,0.0
noaa_ngofs2_point_clear_station,MODEL,"8733821 Pt Clear, MB",93,nearest_verified_coordinate,0.3114,30.489032745361328,-87.93621826171875,272.06378173828125,1.8300000429153442,surface,0,-0.012500000186264515,northward_current,-0.10819981247186661,m/s,2026-10-06T09:06:00+00:00,2026-10-06T15:00:00+00:00,2026-10-06T22:47:11.110927+00:00,2026-10-06T22:47:11.110927+00:00,https://opendap.co-ops.nos.noaa.gov/thredds/dodsC/NOAA/NGOFS2/MODELS/2026/10/06/ngofs2.t15z.20261006.stations.nowcast.nc,Point Clear/Grand Hotel,0.0
noaa_ngofs2_point_clear_station,MODEL,"8733821 Pt Clear, MB",93,nearest_verified_coordinate,0.3114,30.489032745361328,-87.93621826171875,272.06378173828125,1.8300000429153442,surface,0,-0.012500000186264515,shoreward_current,-0.05973291397094727,m/s,2026-10-06T09:06:00+00:00,2026-10-06T15:00:00+00:00,2026-10-06T22:47:11.110927+00:00,2026-10-06T22:47:11.110927+00:00,https://opendap.co-ops.nos.noaa.gov/thredds/dodsC/NOAA/NGOFS2/MODELS/2026/10/06/ngofs2.t15z.20261006.stations.nowcast.nc,Point Clear/Grand Hotel,0.0
noaa_ngofs2_point_clear_station,MODEL,"8733821 Pt Clear, MB",93,nearest_verified_coordinate,0.3114,30.489032745361328,-87.93621826171875,272.06378173828125,1.8300000429153442,surface,0,-0.012500000186264515,water_temperature,29.027551651000977,degC,2026-10-06T09:06:00+00:00,2026-10-06T15:00:00+00:00,2026-10-06T22:47:11.110927+00:00,2026-10-06T22:47:11.110927+00:00,https://opendap.co-ops.nos.noaa.gov/thredds/dodsC/NOAA/NGOFS2/MODELS/2026/10/06/ngofs2.t15z.20261006.stations.nowcast.nc,Point Clear/Grand Hotel,0.0
noaa_ngofs2_point_clear_station,MODEL,"8733821 Pt Clear, MB",93,nearest_verified_coordinate,0.3114,30.489032745361328,-87.93621826171875,272.06378173828125,1.8300000429153442,surface,0,-0.012500000186264515,salinity,14.611367225646973,1e-3,2026-10-06T09:06:00+00:00,2026-10-06T15:00:00+00:00,2026-10-06T22:47:11.110927+00:00,2026-10-06T22:47:11.110927+00:00,https://opendap.co-ops.nos.noaa.gov/thredds/dodsC/NOAA/NGOFS2/MODELS/2026/10/06/ngofs2.t15z.20261006.stations.nowcast.nc,Point Clear/Grand Hotel,0.0
noaa_ngofs2_point_clear_station,MODEL,"8733821 Pt Clear, MB",93,nearest_verified_coordinate,0.3114,30.489032745361328,-87.93621826171875,272.06378173828125,1.8300000429153442,bottom,39,-0.987500011920929,eastward_current,-0.0024804705753922462,m/s,2026-10-06T09:06:00+00:00,2026-10-06T15:00:00+00:00,2026-10-06T22:47:11.110927+00:00,2026-10-06T22:47:11.110927+00:00,https://opendap.co-ops.nos.noaa.gov/thredds/dodsC/NOAA/NGOFS2/MODELS/2026/10/06/ngofs2.t15z.20261006.stations.nowcast.nc,Point Clear/Grand Hotel,0.0
noaa_ngofs2_point_clear_station,MODEL,"8733821 Pt Clear, MB",93,nearest_verified_coordinate,0.3114,30.489032745361328,-87.93621826171875,272.06378173828125,1.8300000429153442,bottom,39,-0.987500011920929,northward_current,-0.021929237991571426,m/s,2026-10-06T09:06:00+00:00,2026-10-06T15:00:00+00:00,2026-10-06T22:47:11.110927+00:00,2026-10-06T22:47:11.110927+00:00,https://opendap.co-ops.nos.noaa.gov/thredds/dodsC/NOAA/NGOFS2/MODELS/2026/10/06/ngofs2.t15z.20261006.stations.nowcast.nc,Point Clear/Grand Hotel,0.0
noaa_ngofs2_point_clear_station,MODEL,"8733821 Pt Clear, MB",93,nearest_verified_coordinate,0.3114,30.489032745361328,-87.93621826171875,272.06378173828125,1.8300000429153442,bottom,39,-0.987500011920929,shoreward_current,-0.0024804705753922475,m/s,2026-10-06T09:06:00+00:00,2026-10-06T15:00:00+00:00,2026-10-06T22:47:11.110927+00:00,2026-10-06T22:47:11.110927+00:00,https://opendap.co-ops.nos.noaa.gov/thredds/dodsC/NOAA/NGOFS2/MODELS/2026/10/06/ngofs2.t15z.20261006.stations.nowcast.nc,Point Clear/Grand Hotel,0.0
noaa_ngofs2_point_clear_station,MODEL,"8733821 Pt Clear, MB",93,nearest_verified_coordinate,0.3114,30.489032745361328,-87.93621826171875,272.06378173828125,1.8300000429153442,bottom,39,-0.987500011920929,water_temperature,29.17074966430664,degC,2026-10-06T09:06:00+00:00,2026-10-06T15:00:00+00:00,2026-10-06T22:47:11.110927+00:00,2026-10-06T22:47:11.110927+00:00,https://opendap.co-ops.nos.noaa.gov/thredds/dodsC/NOAA/NGOFS2/MODELS/2026/10/06/ngofs2.t15z.20261006.stations.nowcast.nc,Point Clear/Grand Hotel,0.0
noaa_ngofs2_point_clear_station,MODEL,"8733821 Pt Clear, MB",93,nearest_verified_coordinate,0.3114,30.489032745361328,-87.93621826171875,272.06378173828125,1.8300000429153442,bottom,39,-0.987500011920929,salinity,14.862936019897461,1e-3,2026-10-06T09:06:00+00:00,2026-10-06T15:00:00+00:00,2026-10-06T22:47:11.110927+00:00,2026-10-06T22:47:11.110927+00:00,https://opendap.co-ops.nos.noaa.gov/thredds/dodsC/NOAA/NGOFS2/MODELS/2026/10/06/ngofs2.t15z.20261006.stations.nowcast.nc,Point Clear/Grand Hotel,0.0
noaa_ngofs2_point_clear_station,MODEL,"8733821 Pt Clear, MB",93,nearest_verified_coordinate,0.3114,30.489032745361328,-87.93621826171875,272.06378173828125,1.8300000429153442,surface,,,water_surface_elevation,0.30665841698646545,m,2026-10-06T09:06:00+00:00,2026-10-06T15:00:00+00:00,2026-10-06T22:47:11.110927+00:00,2026-10-06T22:47:11.110927+00:00,https://opendap.co-ops.nos.noaa.gov/thredds/dodsC/NOAA/NGOFS2/MODELS/2026/10/06/ngofs2.t15z.20261006.stations.nowcast.nc,Point Clear/Grand Hotel,0.0
noaa_ngofs2_point_clear_station,MODEL,"8733821 Pt Clear, MB",93,nearest_verified_coordinate,0.3114,30.489032745361328,-87.93621826171875,272.06378173828125,1.8300000429153442,surface,0,-0.012500000186264515,eastward_current,-0.058577198535203934,m/s,2026-10-06T09:12:00+00:00,2026-10-06T15:00:00+00:00,2026-10-06T22:47:11.110927+00:00,2026-10-06T22:47:11.110927+00:00,https://opendap.co-ops.nos.noaa.gov/thredds/dodsC/NOAA/NGOFS2/MODELS/2026/10/06/ngofs2.t15z.20261006.stations.nowcast.nc,Point Clear/Grand Hotel,0.0
noaa_ngofs2_point_clear_station,MODEL,"8733821 Pt Clear, MB",93,nearest_verified_coordinate,0.3114,30.489032745361328,-87.93621826171875,272.06378173828125,1.8300000429153442,surface,0,-0.012500000186264515,northward_current,-0.10361644625663757,m/s,2026-10-06T09:12:00+00:00,2026-10-06T15:00:00+00:00,2026-10-06T22:47:11.110927+00:00,2026-10-06T22:47:11.110927+00:00,https://opendap.co-ops.nos.noaa.gov/thredds/dodsC/NOAA/NGOFS2/MODELS/2026/10/06/ngofs2.t15z.20261006.stations.nowcast.nc,Point Clear/Grand Hotel,0.0
noaa_ngofs2_point_clear_station,MODEL,"8733821 Pt Clear, MB",93,nearest_verified_coordinate,0.3114,30.489032745361328,-87.93621826171875,272.06378173828125,1.8300000429153442,surface,0,-0.012500000186264515,shoreward_current,-0.05857719853520394,m/s,2026-10-06T09:12:00+00:00,2026-10-06T15:00:00+00:00,2026-10-06T22:47:11.110927+00:00,2026-10-06T22:47:11.110927+00:00,https://opendap.co-ops.nos.noaa.gov/thredds/dodsC/NOAA/NGOFS2/MODELS/2026/10/06/ngofs2.t15z.20261006.stations.nowcast.nc,Point Clear/Grand Hotel,0.0
noaa_ngofs2_point_clear_station,MODEL,"8733821 Pt Clear, MB",93,nearest_verified_coordinate,0.3114,30.489032745361328,-87.93621826171875,272.06378173828125,1.8300000429153442,surface,0,-0.012500000186264515,water_temperature,29.016206741333008,degC,2026-10-06T09:12:00+00:00,2026-10-06T15:00:00+00:00,2026-10-06T22:47:11.110927+00:00,2026-10-06T22:47:11.110927+00:00,https://opendap.co-ops.nos.noaa.gov/thredds/dodsC/NOAA/NGOFS2/MODELS/2026/10/06/ngofs2.t15z.20261006.stations.nowcast.nc,Point Clear/Grand Hotel,0.0
noaa_ngofs2_point_clear_station,MODEL,"8733821 Pt Clear, MB",93,nearest_verified_coordinate,0.3114,30.489032745361328,-87.93621826171875,272.06378173828125,1.8300000429153442,surface,0,-0.012500000186264515,salinity,14.5996675491333,1e-3,2026-10-06T09:12:00+00:00,2026-10-06T15:00:00+00:00,2026-10-06T22:47:11.110927+00:00,2026-10-06T22:47:11.110927+00:00,https://opendap.co-ops.nos.noaa.gov/thredds/dodsC/NOAA/NGOFS2/MODELS/2026/10/06/ngofs2.t15z.20261006.stations.nowcast.nc,Point Clear/Grand Hotel,0.0
noaa_ngofs2_point_clear_station,MODEL,"8733821 Pt Clear, MB",93,nearest_verified_coordinate,0.3114,30.489032745361328,-87.93621826171875,272.06378173828125,1.8300000429153442,bottom,39,-0.987500011920929,eastward_current,-0.0014824988320469856,m/s,2026-10-06T09:12:00+00:00,2026-10-06T15:00:00+00:00,2026-10-06T22:47:11.110927+00:00,2026-10-06T22:47:11.110927+00:00,https://opendap.co-ops.nos.noaa.gov/thredds/dodsC/NOAA/NGOFS2/MODELS/2026/10/06/ngofs2.t15z.20261006.stations.nowcast.nc,Point Clear/Grand Hotel,0.0
noaa_ngofs2_point_clear_station,MODEL,"8733821 Pt Clear, MB",93,nearest_verified_coordinate,0.3114,30.489032745361328,-87.93621826171875,272.06378173828125,1.8300000429153442,bottom,39,-0.987500011920929,northward_current,-0.02002071402966976,m/s,2026-10-06T09:12:00+00:00,2026-10-06T15:00:00+00:00,2026-10-06T22:47:11.110927+00:00,2026-10-06T22:47:11.110927+00:00,https://opendap.co-ops.nos.noaa.gov/thredds/dodsC/NOAA/NGOFS2/MODELS/2026/10/06/ngofs2.t15z.20261006.stations.nowcast.nc,Point Clear/Grand Hotel,0.0
noaa_ngofs2_point_clear_station,MODEL,"8733821 Pt Clear, MB",93,nearest_verified_coordinate,0.3114,30.489032745361328,-87.93621826171875,272.06378173828125,1.8300000429153442,bottom,39,-0.987500011920929,shoreward_current,-0.001482498832046987,m/s,2026-10-06T09:12:00+00:00,2026-10-06T15:00:00+00:00,2026-10-06T22:47:11.110927+00:00,2026-10-06T22:47:11.110927+00:00,https://opendap.co-ops.nos.noaa.gov/thredds/dodsC/NOAA/NGOFS2/MODELS/2026/10/06/ngofs2.t15z.20261006.stations.nowcast.nc,Point Clear/Grand Hotel,0.0
noaa_ngofs2_point_clear_station,MODEL,"8733821 Pt Clear, MB",93,nearest_verified_coordinate,0.3114,30.489032745361328,-87.93621826171875,272.06378173828125,1.8300000429153442,bottom,39,-0.987500011920929,water_temperature,29.165102005004883,degC,2026-10-06T09:12:00+00:00,2026-10-06T15:00:00+00:00,2026-10-06T22:47:11.110927+00:00,2026-10-06T22:47:11.110927+00:00,https://opendap.co-ops.nos.noaa.gov/thredds/dodsC/NOAA/NGOFS2/MODELS/2026/10/06/ngofs2.t15z.20261006.stations.nowcast.nc,Point Clear/Grand Hotel,0.0
noaa_ngofs2_point_clear_station,MODEL,"8733821 Pt Clear, MB",93,nearest_verified_coordinate,0.3114,30.489032745361328,-87.93621826171875,272.06378173828125,1.8300000429153442,bottom,39,-0.987500011920929,salinity,14.858960151672363,1e-3,2026-10-06T09:12:00+00:00,2026-10-06T15:00:00+00:00,2026-10-06T22:47:11.110927+00:00,2026-10-06T22:47:11.110927+00:00,https://opendap.co-ops.nos.noaa.gov/thredds/dodsC/NOAA/NGOFS2/MODELS/2026/10/06/ngofs2.t15z.20261006.stations.nowcast.nc,Point Clear/Grand Hotel,0.0
noaa_ngofs2_point_clear_station,MODEL,"8733821 Pt Clear, MB",93,nearest_verified_coordinate,0.3114,30.489032745361328,-87.93621826171875,272.06378173828125,1.8300000429153442,surface,,,water_surface_elevation,0.3090690076351166,m,2026-10-06T09:12:00+00:00,2026-10-06T15:00:00+00:00,2026-10-06T22:47:11.110927+00:00,2026-10-06T22:47:11.110927+00:00,https://opendap.co-ops.nos.noaa.gov/thredds/dodsC/NOAA/NGOFS2/MODELS/2026/10/06/ngofs2.t15z.20261006.stations.nowcast.nc,Point Clear/Grand Hotel,0.0
noaa_ngofs2_point_clear_station,MODEL,"8733821 Pt Clear, MB",93,nearest_verified_coordinate,0.3114,30.489032745361328,-87.93621826171875,272.06378173828125,1.8300000429153442,surface,0,-0.012500000186264515,eastward_current,-0.057613302022218704,m/s,2026-10-06T09:18:00+00:00,2026-10-06T15:00:00+00:00,2026-10-06T22:47:11.110927+00:00,2026-10-06T22:47:11.110927+00:00,https://opendap.co-ops.nos.noaa.gov/thredds/dodsC/NOAA/NGOFS2/MODELS/2026/10/06/ngofs2.t15z.20261006.stations.nowcast.nc,Point Clear/Grand Hotel,0.0
noaa_ngofs2_point_clear_station,MODEL,"8733821 Pt Clear, MB",93,nearest_verified_coordinate,0.3114,30.489032745361328,-87.93621826171875,272.06378173828125,1.8300000429153442,surface,0,-0.012500000186264515,northward_current,-0.09928806126117706,m/s,2026-10-06T09:18:00+00:00,2026-10-06T15:00:00+00:00,2026-10-06T22:47:11.110927+00:00,2026-10-06T22:47:11.110927+00:00,https://opendap.co-ops.nos.noaa.gov/thredds/dodsC/NOAA/NGOFS2/MODELS/2026/10/06/ngofs2.t15z.20261006.stations.nowcast.nc,Point Clear/Grand Hotel,0.0
noaa_ngofs2_point_clear_station,MODEL,"8733821 Pt Clear, MB",93,nearest_verified_coordinate,0.3114,30.489032745361328,-87.93621826171875,272.06378173828125,1.8300000429153442,surface,0,-0.012500000186264515,shoreward_current,-0.05761330202221871,m/s,2026-10-06T09:18:00+00:00,2026-10-06T15:00:00+00:00,2026-10-06T22:47:11.110927+00:00,2026-10-06T22:47:11.110927+00:00,https://opendap.co-ops.nos.noaa.gov/thredds/dodsC/NOAA/NGOFS2/MODELS/2026/10/06/ngofs2.t15z.20261006.stations.nowcast.nc,Point Clear/Grand Hotel,0.0
noaa_ngofs2_point_clear_station,MODEL,"8733821 Pt Clear, MB",93,nearest_verified_coordinate,0.3114,30.489032745361328,-87.93621826171875,272.06378173828125,1.8300000429153442,surface,0,-0.012500000186264515,water_temperature,29.004531860351562,degC,2026-10-06T09:18:00+00:00,2026-10-06T15:00:00+00:00,2026-10-06T22:47:11.110927+00:00,2026-10-06T22:47:11.110927+00:00,https://opendap.co-ops.nos.noaa.gov/thredds/dodsC/NOAA/NGOFS2/MODELS/2026/10/06/ngofs2.t15z.20261006.stations.nowcast.nc,Point Clear/Grand Hotel,0.0
noaa_ngofs2_point_clear_station,MODEL,"8733821 Pt Clear, MB",93,nearest_verified_coordinate,0.3114,30.489032745361328,-87.93621826171875,272.06378173828125,1.8300000429153442,surface,0,-0.012500000186264515,salinity,14.58819580078125,1e-3,2026-10-06T09:18:00+00:00,2026-10-06T15:00:00+00:00,2026-10-06T22:47:11.110927+00:00,2026-10-06T22:47:11.110927+00:00,https://opendap.co-ops.nos.noaa.gov/thredds/dodsC/NOAA/NGOFS2/MODELS/2026/10/06/ngofs2.t15z.20261006.stations.nowcast.nc,Point Clear/Grand Hotel,0.0
noaa_ngofs2_point_clear_station,MODEL,"8733821 Pt Clear, MB",93,nearest_verified_coordinate,0.3114,30.489032745361328,-87.93621826171875,272.06378173828125,1.8300000429153442,bottom,39,-0.987500011920929,eastward_current,-0.0006208400591276586,m/s,2026-10-06T09:18:00+00:00,2026-10-06T15:00:00+00:00,2026-10-06T22:47:11.110927+00:00,2026-10-06T22:47:11.110927+00:00,https://opendap.co-ops.nos.noaa.gov/thredds/dodsC/NOAA/NGOFS2/MODELS/2026/10/06/ngofs2.t15z.20261006.stations.nowcast.nc,Point Clear/Grand Hotel,0.0
noaa_ngofs2_point_clear_station,MODEL,"8733821 Pt Clear, MB",93,nearest_verified_coordinate,0.3114,30.489032745361328,-87.93621826171875,272.06378173828125,1.8300000429153442,bottom,39,-0.987500011920929,northward_current,-0.01833494007587433,m/s,2026-10-06T09:18:00+00:00,2026-10-06T15:00:00+00:00,2026-10-06T22:47:11.110927+00:00,2026-10-06T22:47:11.110927+00:00,https://opendap.co-ops.nos.noaa.gov/thredds/dodsC/NOAA/NGOFS2/MODELS/2026/10/06/ngofs2.t15z.20261006.stations.nowcast.nc,Point Clear/Grand Hotel,0.0
noaa_ngofs2_point_clear_station,MODEL,"8733821 Pt Clear, MB",93,nearest_verified_coordinate,0.3114,30.489032745361328,-87.93621826171875,272.06378173828125,1.8300000429153442,bottom,39,-0.987500011920929,shoreward_current,-0.0006208400591276597,m/s,2026-10-06T09:18:00+00:00,2026-10-06T15:00:00+00:00,2026-10-06T22:47:11.110927+00:00,2026-10-06T22:47:11.110927+00:00,https://opendap.co-ops.nos.noaa.gov/thredds/dodsC/NOAA/NGOFS2/MODELS/2026/10/06/ngofs2.t15z.20261006.stations.nowcast.nc,Point Clear/Grand Hotel,0.0
noaa_ngofs2_point_clear_station,MODEL,"8733821 Pt Clear, MB",93,nearest_verified_coordinate,0.3114,30.489032745361328,-87.93621826171875,272.06378173828125,1.8300000429153442,bottom,39,-0.987500011920929,water_temperature,29.160017013549805,degC,2026-10-06T09:18:00+00:00,2026-10-06T15:00:00+00:00,2026-10-06T22:47:11.110927+00:00,2026-10-06T22:47:11.110927+00:00,https://opendap.co-ops.nos.noaa.gov/thredds/dodsC/NOAA/NGOFS2/MODELS/2026/10/06/ngofs2.t15z.20261006.stations.nowcast.nc,Point Clear/Grand Hotel,0.0
noaa_ngofs2_point_clear_station,MODEL,"8733821 Pt Clear, MB",93,nearest_verified_coordinate,0.3114,30.489032745361328,-87.93621826171875,272.06378173828125,1.8300000429153442,bottom,39,-0.987500011920929,salinity,14.856972694396973,1e-3,2026-10-06T09:18:00+00:00,2026-10-06T15:00:00+00:00,2026-10-06T22:47:11.110927+00:00,2026-10-06T22:47:11.110927+00:00,https://opendap.co-ops.nos.noaa.gov/thredds/dodsC/NOAA/NGOFS2/MODELS/2026/10/06/ngofs2.t15z.20261006.stations.nowcast.nc,Point Clear/Grand Hotel,0.0
noaa_ngofs2_point_clear_station,MODEL,"8733821 Pt Clear, MB",93,nearest_verified_coordinate,0.3114,30.489032745361328,-87.93621826171875,272.06378173828125,1.8300000429153442,surface,,,water_surface_elevation,0.31103500723838806,m,2026-10-06T09:18:00+00:00,2026-10-06T15:00:00+00:00,2026-10-06T22:47:11.110927+00:00,2026-10-06T22:47:11.110927+00:00,https://opendap.co-ops.nos.noaa.gov/thredds/dodsC/NOAA/NGOFS2/MODELS/2026/10/06/ngofs2.t15z.20261006.stations.nowcast.nc,Point Clear/Grand Hotel,0.0
noaa_ngofs2_point_clear_station,MODEL,"8733821 Pt Clear, MB",93,nearest_verified_coordinate,0.3114,30.489032745361328,-87.93621826171875,272.06378173828125,1.8300000429153442,surface,0,-0.012500000186264515,eastward_current,-0.05701984837651253,m/s,2026-10-06T09:24:00+00:00,2026-10-06T15:00:00+00:00,2026-10-06T22:47:11.110927+00:00,2026-10-06T22:47:11.110927+00:00,https://opendap.co-ops.nos.noaa.gov/thredds/dodsC/NOAA/NGOFS2/MODELS/2026/10/06/ngofs2.t15z.20261006.stations.nowcast.nc,Point Clear/Grand Hotel,0.0
noaa_ngofs2_point_clear_station,MODEL,"8733821 Pt Clear, MB",93,nearest_verified_coordinate,0.3114,30.489032745361328,-87.93621826171875,272.06378173828125,1.8300000429153442,surface,0,-0.012500000186264515,northward_current,-0.09603606164455414,m/s,2026-10-06T09:24:00+00:00,2026-10-06T15:00:00+00:00,2026-10-06T22:47:11.110927+00:00,2026-10-06T22:47:11.110927+00:00,https://opendap.co-ops.nos.noaa.gov/thredds/dodsC/NOAA/NGOFS2/MODELS/2026/10/06/ngofs2.t15z.20261006.stations.nowcast.nc,Point Clear/Grand Hotel,0.0
noaa_ngofs2_point_clear_station,MODEL,"8733821 Pt Clear, MB",93,nearest_verified_coordinate,0.3114,30.489032745361328,-87.93621826171875,272.06378173828125,1.8300000429153442,surface,0,-0.012500000186264515,shoreward_current,-0.057019848376512534,m/s,2026-10-06T09:24:00+00:00,2026-10-06T15:00:00+00:00,2026-10-06T22:47:11.110927+00:00,2026-10-06T22:47:11.110927+00:00,https://opendap.co-ops.nos.noaa.gov/thredds/dodsC/NOAA/NGOFS2/MODELS/2026/10/06/ngofs2.t15z.20261006.stations.nowcast.nc,Point Clear/Grand Hotel,0.0
noaa_ngofs2_point_clear_station,MODEL,"8733821 Pt Clear, MB",93,nearest_verified_coordinate,0.3114,30.489032745361328,-87.93621826171875,272.06378173828125,1.8300000429153442,surface,0,-0.012500000186264515,water_temperature,28.9924259185791,degC,2026-10-06T09:24:00+00:00,2026-10-06T15:00:00+00:00,2026-10-06T22:47:11.110927+00:00,2026-10-06T22:47:11.110927+00:00,https://opendap.co-ops.nos.noaa.gov/thredds/dodsC/NOAA/NGOFS2/MODELS/2026/10/06/ngofs2.t15z.20261006.stations.nowcast.nc,Point Clear/Grand Hotel,0.0
noaa_ngofs2_point_clear_station,MODEL,"8733821 Pt Clear, MB",93,nearest_verified_coordinate,0.3114,30.489032745361328,-87.93621826171875,272.06378173828125,1.8300000429153442,surface,0,-0.012500000186264515,salinity,14.576827049255371,1e-3,2026-10-06T09:24:00+00:00,2026-10-06T15:00:00+00:00,2026-10-06T22:47:11.110927+00:00,2026-10-06T22:47:11.110927+00:00,https://opendap.co-ops.nos.noaa.gov/thredds/dodsC/NOAA/NGOFS2/MODELS/2026/10/06/ngofs2.t15z.20261006.stations.nowcast.nc,Point Clear/Grand Hotel,0.0
noaa_ngofs2_point_clear_station,MODEL,"8733821 Pt Clear, MB",93,nearest_verified_coordinate,0.3114,30.489032745361328,-87.93621826171875,272.06378173828125,1.8300000429153442,bottom,39,-0.987500011920929,eastward_current,0.00014355688472278416,m/s,2026-10-06T09:24:00+00:00,2026-10-06T15:00:00+00:00,2026-10-06T22:47:11.110927+00:00,2026-10-06T22:47:11.110927+00:00,https://opendap.co-ops.nos.noaa.gov/thredds/dodsC/NOAA/NGOFS2/MODELS/2026/10/06/ngofs2.t15z.20261006.stations.nowcast.nc,Point Clear/Grand Hotel,0.0
noaa_ngofs2_point_clear_station,MODEL,"8733821 Pt Clear, MB",93,nearest_verified_coordinate,0.3114,30.489032745361328,-87.93621826171875,272.06378173828125,1.8300000429153442,bottom,39,-0.987500011920929,northward_current,-0.017045173794031143,m/s,2026-10-06T09:24:00+00:00,2026-10-06T15:00:00+00:00,2026-10-06T22:47:11.110927+00:00,2026-10-06T22:47:11.110927+00:00,https://opendap.co-ops.nos.noaa.gov/thredds/dodsC/NOAA/NGOFS2/MODELS/2026/10/06/ngofs2.t15z.20261006.stations.nowcast.nc,Point Clear/Grand Hotel,0.0
noaa_ngofs2_point_clear_station,MODEL,"8733821 Pt Clear, MB",93,nearest_verified_coordinate,0.3114,30.489032745361328,-87.93621826171875,272.06378173828125,1.8300000429153442,bottom,39,-0.987500011920929,shoreward_current,0.0001435568847227831,m/s,2026-10-06T09:24:00+00:00,2026-10-06T15:00:00+00:00,2026-10-06T22:47:11.110927+00:00,2026-10-06T22:47:11.110927+00:00,https://opendap.co-ops.nos.noaa.gov/thredds/dodsC/NOAA/NGOFS2/MODELS/2026/10/06/ngofs2.t15z.20261006.stations.nowcast.nc,Point Clear/Grand Hotel,0.0
noaa_ngofs2_point_clear_station,MODEL,"8733821 Pt Clear, MB",93,nearest_verified_coordinate,0.3114,30.489032745361328,-87.93621826171875,272.06378173828125,1.8300000429153442,bottom,39,-0.987500011920929,water_temperature,29.155675888061523,degC,2026-10-06T09:24:00+00:00,2026-10-06T15:00:00+00:00,2026-10-06T22:47:11.110927+00:00,2026-10-06T22:47:11.110927+00:00,https://opendap.co-ops.nos.noaa.gov/thredds/dodsC/NOAA/NGOFS2/MODELS/2026/10/06/ngofs2.t15z.20261006.stations.nowcast.nc,Point Clear/Grand Hotel,0.0
noaa_ngofs2_point_clear_station,MODEL,"8733821 Pt Clear, MB",93,nearest_verified_coordinate,0.3114,30.489032745361328,-87.93621826171875,272.06378173828125,1.8300000429153442,bottom,39,-0.987500011920929,salinity,14.857670783996582,1e-3,2026-10-06T09:24:00+00:00,2026-10-06T15:00:00+00:00,2026-10-06T22:47:11.110927+00:00,2026-10-06T22:47:11.110927+00:00,https://opendap.co-ops.nos.noaa.gov/thredds/dodsC/NOAA/NGOFS2/MODELS/2026/10/06/ngofs2.t15z.20261006.stations.nowcast.nc,Point Clear/Grand Hotel,0.0
noaa_ngofs2_point_clear_station,MODEL,"8733821 Pt Clear, MB",93,nearest_verified_coordinate,0.3114,30.489032745361328,-87.93621826171875,272.06378173828125,1.8300000429153442,surface,,,water_surface_elevation,0.3126365542411804,m,2026-10-06T09:24:00+00:00,2026-10-06T15:00:00+00:00,2026-10-06T22:47:11.110927+00:00,2026-10-06T22:47:11.110927+00:00,https://opendap.co-ops.nos.noaa.gov/thredds/dodsC/NOAA/NGOFS2/MODELS/2026/10/06/ngofs2.t15z.20261006.stations.nowcast.nc,Point Clear/Grand Hotel,0.0
noaa_ngofs2_point_clear_station,MODEL,"8733821 Pt Clear, MB",93,nearest_verified_coordinate,0.3114,30.489032745361328,-87.93621826171875,272.06378173828125,1.8300000429153442,surface,0,-0.012500000186264515,eastward_current,-0.05704619735479355,m/s,2026-10-06T09:30:00+00:00,2026-10-06T15:00:00+00:00,2026-10-06T22:47:11.110927+00:00,2026-10-06T22:47:11.110927+00:00,https://opendap.co-ops.nos.noaa.gov/thredds/dodsC/NOAA/NGOFS2/MODELS/2026/10/06/ngofs2.t15z.20261006.stations.nowcast.nc,Point Clear/Grand Hotel,0.0
noaa_ngofs2_point_clear_station,MODEL,"8733821 Pt Clear, MB",93,nearest_verified_coordinate,0.3114,30.489032745361328,-87.93621826171875,272.06378173828125,1.8300000429153442,surface,0,-0.012500000186264515,northward_current,-0.09430788457393646,m/s,2026-10-06T09:30:00+00:00,2026-10-06T15:00:00+00:00,2026-10-06T22:47:11.110927+00:00,2026-10-06T22:47:11.110927+00:00,https://opendap.co-ops.nos.noaa.gov/thredds/dodsC/NOAA/NGOFS2/MODELS/2026/10/06/ngofs2.t15z.20261006.stations.nowcast.nc,Point Clear/Grand Hotel,0.0
noaa_ngofs2_point_clear_station,MODEL,"8733821 Pt Clear, MB",93,nearest_verified_coordinate,0.3114,30.489032745361328,-87.93621826171875,272.06378173828125,1.8300000429153442,surface,0,-0.012500000186264515,shoreward_current,-0.057046197354793556,m/s,2026-10-06T09:30:00+00:00,2026-10-06T15:00:00+00:00,2026-10-06T22:47:11.110927+00:00,2026-10-06T22:47:11.110927+00:00,https://opendap.co-ops.nos.noaa.gov/thredds/dodsC/NOAA/NGOFS2/MODELS/2026/10/06/ngofs2.t15z.20261006.stations.nowcast.nc,Point Clear/Grand Hotel,0.0
noaa_ngofs2_point_clear_station,MODEL,"8733821 Pt Clear, MB",93,nearest_verified_coordinate,0.3114,30.489032745361328,-87.93621826171875,272.06378173828125,1.8300000429153442,surface,0,-0.012500000186264515,water_temperature,28.97991371154785,degC,2026-10-06T09:30:00+00:00,2026-10-06T15:00:00+00:00,2026-10-06T22:47:11.110927+00:00,2026-10-06T22:47:11.110927+00:00,https://opendap.co-ops.nos.noaa.gov/thredds/dodsC/NOAA/NGOFS2/MODELS/2026/10/06/ngofs2.t15z.20261006.stations.nowcast.nc,Point Clear/Grand Hotel,0.0
noaa_ngofs2_point_clear_station,MODEL,"8733821 Pt Clear, MB",93,nearest_verified_coordinate,0.3114,30.489032745361328,-87.93621826171875,272.06378173828125,1.8300000429153442,surface,0,-0.012500000186264515,salinity,14.565510749816895,1e-3,2026-10-06T09:30:00+00:00,2026-10-06T15:00:00+00:00,2026-10-06T22:47:11.110927+00:00,2026-10-06T22:47:11.110927+00:00,https://opendap.co-ops.nos.noaa.gov/thredds/dodsC/NOAA/NGOFS2/MODELS/2026/10/06/ngofs2.t15z.20261006.stations.nowcast.nc,Point Clear/Grand Hotel,0.0
noaa_ngofs2_point_clear_station,MODEL,"8733821 Pt Clear, MB",93,nearest_verified_coordinate,0.3114,30.489032745361328,-87.93621826171875,272.06378173828125,1.8300000429153442,bottom,39,-0.987500011920929,eastward_current,0.0008032253244891763,m/s,2026-10-06T09:30:00+00:00,2026-10-06T15:00:00+00:00,2026-10-06T22:47:11.110927+00:00,2026-10-06T22:47:11.110927+00:00,https://opendap.co-ops.nos.noaa.gov/thredds/dodsC/NOAA/NGOFS2/MODELS/2026/10/06/ngofs2.t15z.20261006.stations.nowcast.nc,Point Clear/Grand Hotel,0.0
noaa_ngofs2_point_clear_station,MODEL,"8733821 Pt Clear, MB",93,nearest_verified_coordinate,0.3114,30.489032745361328,-87.93621826171875,272.06378173828125,1.8300000429153442,bottom,39,-0.987500011920929,northward_current,-0.016166407614946365,m/s,2026-10-06T09:30:00+00:00,2026-10-06T15:00:00+00:00,2026-10-06T22:47:11.110927+00:00,2026-10-06T22:47:11.110927+00:00,https://opendap.co-ops.nos.noaa.gov/thredds/dodsC/NOAA/NGOFS2/MODELS/2026/10/06/ngofs2.t15z.20261006.stations.nowcast.nc,Point Clear/Grand Hotel,0.0
noaa_ngofs2_point_clear_station,MODEL,"8733821 Pt Clear, MB",93,nearest_verified_coordinate,0.3114,30.489032745361328,-87.93621826171875,272.06378173828125,1.8300000429153442,bottom,39,-0.987500011920929,shoreward_current,0.0008032253244891753,m/s,2026-10-06T09:30:00+00:00,2026-10-06T15:00:00+00:00,2026-10-06T22:47:11.110927+00:00,2026-10-06T22:47:11.110927+00:00,https://opendap.co-ops.nos.noaa.gov/thredds/dodsC/NOAA/NGOFS2/MODELS/2026/10/06/ngofs2.t15z.20261006.stations.nowcast.nc,Point Clear/Grand Hotel,0.0
noaa_ngofs2_point_clear_station,MODEL,"8733821 Pt Clear, MB",93,nearest_verified_coordinate,0.3114,30.489032745361328,-87.93621826171875,272.06378173828125,1.8300000429153442,bottom,39,-0.987500011920929,water_temperature,29.152568817138672,degC,2026-10-06T09:30:00+00:00,2026-10-06T15:00:00+00:00,2026-10-06T22:47:11.110927+00:00,2026-10-06T22:47:11.110927+00:00,https://opendap.co-ops.nos.noaa.gov/thredds/dodsC/NOAA/NGOFS2/MODELS/2026/10/06/ngofs2.t15z.20261006.stations.nowcast.nc,Point Clear/Grand Hotel,0.0
noaa_ngofs2_point_clear_station,MODEL,"8733821 Pt Clear, MB",93,nearest_verified_coordinate,0.3114,30.489032745361328,-87.93621826171875,272.06378173828125,1.8300000429153442,bottom,39,-0.987500011920929,salinity,14.862056732177734,1e-3,2026-10-06T09:30:00+00:00,2026-10-06T15:00:00+00:00,2026-10-06T22:47:11.110927+00:00,2026-10-06T22:47:11.110927+00:00,https://opendap.co-ops.nos.noaa.gov/thredds/dodsC/NOAA/NGOFS2/MODELS/2026/10/06/ngofs2.t15z.20261006.stations.nowcast.nc,Point Clear/Grand Hotel,0.0
noaa_ngofs2_point_clear_station,MODEL,"8733821 Pt Clear, MB",93,nearest_verified_coordinate,0.3114,30.489032745361328,-87.93621826171875,272.06378173828125,1.8300000429153442,surface,,,water_surface_elevation,0.3137786388397217,m,2026-10-06T09:30:00+00:00,2026-10-06T15:00:00+00:00,2026-10-06T22:47:11.110927+00:00,2026-10-06T22:47:11.110927+00:00,https://opendap.co-ops.nos.noaa.gov/thredds/dodsC/NOAA/NGOFS2/MODELS/2026/10/06/ngofs2.t15z.20261006.stations.nowcast.nc,Point Clear/Grand Hotel,0.0
noaa_ngofs2_point_clear_station,MODEL,"8733821 Pt Clear, MB",93,nearest_verified_coordinate,0.3114,30.489032745361328,-87.93621826171875,272.06378173828125,1.8300000429153442,surface,0,-0.012500000186264515,eastward_current,-0.05747700110077858,m/s,2026-10-06T09:36:00+00:00,2026-10-06T15:00:00+00:00,2026-10-06T22:47:11.110927+00:00,2026-10-06T22:47:11.110927+00:00,https://opendap.co-ops.nos.noaa.gov/thredds/dodsC/NOAA/NGOFS2/MODELS/2026/10/06/ngofs2.t15z.20261006.stations.nowcast.nc,Point Clear/Grand Hotel,0.0
noaa_ngofs2_point_clear_station,MODEL,"8733821 Pt Clear, MB",93,nearest_verified_coordinate,0.3114,30.489032745361328,-87.93621826171875,272.06378173828125,1.8300000429153442,surface,0,-0.012500000186264515,northward_current,-0.09339258819818497,m/s,2026-10-06T09:36:00+00:00,2026-10-06T15:00:00+00:00,2026-10-06T22:47:11.110927+00:00,2026-10-06T22:47:11.110927+00:00,https://opendap.co-ops.nos.noaa.gov/thredds/dodsC/NOAA/NGOFS2/MODELS/2026/10/06/ngofs2.t15z.20261006.stations.nowcast.nc,Point Clear/Grand Hotel,0.0
noaa_ngofs2_point_clear_station,MODEL,"8733821 Pt Clear, MB",93,nearest_verified_coordinate,0.3114,30.489032745361328,-87.93621826171875,272.06378173828125,1.8300000429153442,surface,0,-0.012500000186264515,shoreward_current,-0.05747700110077859,m/s,2026-10-06T09:36:00+00:00,2026-10-06T15:00:00+00:00,2026-10-06T22:47:11.110927+00:00,2026-10-06T22:47:11.110927+00:00,https://opendap.co-ops.nos.noaa.gov/thredds/dodsC/NOAA/NGOFS2/MODELS/2026/10/06/ngofs2.t15z.20261006.stations.nowcast.nc,Point Clear/Grand Hotel,0.0
noaa_ngofs2_point_clear_station,MODEL,"8733821 Pt Clear, MB",93,nearest_verified_coordinate,0.3114,30.489032745361328,-87.93621826171875,272.06378173828125,1.8300000429153442,surface,0,-0.012500000186264515,water_temperature,28.96721076965332,degC,2026-10-06T09:36:00+00:00,2026-10-06T15:00:00+00:00,2026-10-06T22:47:11.110927+00:00,2026-10-06T22:47:11.110927+00:00,https://opendap.co-ops.nos.noaa.gov/thredds/dodsC/NOAA/NGOFS2/MODELS/2026/10/06/ngofs2.t15z.20261006.stations.nowcast.nc,Point Clear/Grand Hotel,0.0
noaa_ngofs2_point_clear_station,MODEL,"8733821 Pt Clear, MB",93,nearest_verified_coordinate,0.3114,30.489032745361328,-87.93621826171875,272.06378173828125,1.8300000429153442,surface,0,-0.012500000186264515,salinity,14.554436683654785,1e-3,2026-10-06T09:36:00+00:00,2026-10-06T15:00:00+00:00,2026-10-06T22:47:11.110927+00:00,2026-10-06T22:47:11.110927+00:00,https://opendap.co-ops.nos.noaa.gov/thredds/dodsC/NOAA/NGOFS2/MODELS/2026/10/06/ngofs2.t15z.20261006.stations.nowcast.nc,Point Clear/Grand Hotel,0.0
noaa_ngofs2_point_clear_station,MODEL,"8733821 Pt Clear, MB",93,nearest_verified_coordinate,0.3114,30.489032745361328,-87.93621826171875,272.06378173828125,1.8300000429153442,bottom,39,-0.987500011920929,eastward_current,0.0015745173441246152,m/s,2026-10-06T09:36:00+00:00,2026-10-06T15:00:00+00:00,2026-10-06T22:47:11.110927+00:00,2026-10-06T22:47:11.110927+00:00,https://opendap.co-ops.nos.noaa.gov/thredds/dodsC/NOAA/NGOFS2/MODELS/2026/10/06/ngofs2.t15z.20261006.stations.nowcast.nc,Point Clear/Grand Hotel,0.0
noaa_ngofs2_point_clear_station,MODEL,"8733821 Pt Clear, MB",93,nearest_verified_coordinate,0.3114,30.489032745361328,-87.93621826171875,272.06378173828125,1.8300000429153442,bottom,39,-0.987500011920929,northward_current,-0.015265259891748428,m/s,2026-10-06T09:36:00+00:00,2026-10-06T15:00:00+00:00,2026-10-06T22:47:11.110927+00:00,2026-10-06T22:47:11.110927+00:00,https://opendap.co-ops.nos.noaa.gov/thredds/dodsC/NOAA/NGOFS2/MODELS/2026/10/06/ngofs2.t15z.20261006.stations.nowcast.nc,Point Clear/Grand Hotel,0.0
noaa_ngofs2_point_clear_station,MODEL,"8733821 Pt Clear, MB",93,nearest_verified_coordinate,0.3114,30.489032745361328,-87.93621826171875,272.06378173828125,1.8300000429153442,bottom,39,-0.987500011920929,shoreward_current,0.0015745173441246143,m/s,2026-10-06T09:36:00+00:00,2026-10-06T15:00:00+00:00,2026-10-06T22:47:11.110927+00:00,2026-10-06T22:47:11.110927+00:00,https://opendap.co-ops.nos.noaa.gov/thredds/dodsC/NOAA/NGOFS2/MODELS/2026/10/06/ngofs2.t15z.20261006.stations.nowcast.nc,Point Clear/Grand Hotel,0.0
noaa_ngofs2_point_clear_station,MODEL,"8733821 Pt Clear, MB",93,nearest_verified_coordinate,0.3114,30.489032745361328,-87.93621826171875,272.06378173828125,1.8300000429153442,bottom,39,-0.987500011920929,water_temperature,29.150894165039062,degC,2026-10-06T09:36:00+00:00,2026-10-06T15:00:00+00:00,2026-10-06T22:47:11.110927+00:00,2026-10-06T22:47:11.110927+00:00,https://opendap.co-ops.nos.noaa.gov/thredds/dodsC/NOAA/NGOFS2/MODELS/2026/10/06/ngofs2.t15z.20261006.stations.nowcast.nc,Point Clear/Grand Hotel,0.0
noaa_ngofs2_point_clear_station,MODEL,"8733821 Pt Clear, MB",93,nearest_verified_coordinate,0.3114,30.489032745361328,-87.93621826171875,272.06378173828125,1.8300000429153442,bottom,39,-0.987500011920929,salinity,14.870863914489746,1e-3,2026-10-06T09:36:00+00:00,2026-10-06T15:00:00+00:00,2026-10-06T22:47:11.110927+00:00,2026-10-06T22:47:11.110927+00:00,https://opendap.co-ops.nos.noaa.gov/thredds/dodsC/NOAA/NGOFS2/MODELS/2026/10/06/ngofs2.t15z.20261006.stations.nowcast.nc,Point Clear/Grand Hotel,0.0
noaa_ngofs2_point_clear_station,MODEL,"8733821 Pt Clear, MB",93,nearest_verified_coordinate,0.3114,30.489032745361328,-87.93621826171875,272.06378173828125,1.8300000429153442,surface,,,water_surface_elevation,0.3144107162952423,m,2026-10-06T09:36:00+00:00,2026-10-06T15:00:00+00:00,2026-10-06T22:47:11.110927+00:00,2026-10-06T22:47:11.110927+00:00,https://opendap.co-ops.nos.noaa.gov/thredds/dodsC/NOAA/NGOFS2/MODELS/2026/10/06/ngofs2.t15z.20261006.stations.nowcast.nc,Point Clear/Grand Hotel,0.0
noaa_ngofs2_point_clear_station,MODEL,"8733821 Pt Clear, MB",93,nearest_verified_coordinate,0.3114,30.489032745361328,-87.93621826171875,272.06378173828125,1.8300000429153442,surface,0,-0.012500000186264515,eastward_current,-0.05734672024846077,m/s,2026-10-06T09:42:00+00:00,2026-10-06T15:00:00+00:00,2026-10-06T22:47:11.110927+00:00,2026-10-06T22:47:11.110927+00:00,https://opendap.co-ops.nos.noaa.gov/thredds/dodsC/NOAA/NGOFS2/MODELS/2026/10/06/ngofs2.t15z.20261006.stations.nowcast.nc,Point Clear/Grand Hotel,0.0
noaa_ngofs2_point_clear_station,MODEL,"8733821 Pt Clear, MB",93,nearest_verified_coordinate,0.3114,30.489032745361328,-87.93621826171875,272.06378173828125,1.8300000429153442,surface,0,-0.012500000186264515,northward_current,-0.0911978930234909,m/s,2026-10-06T09:42:00+00:00,2026-10-06T15:00:00+00:00,2026-10-06T22:47:11.110927+00:00,2026-10-06T22:47:11.110927+00:00,https://opendap.co-ops.nos.noaa.gov/thredds/dodsC/NOAA/NGOFS2/MODELS/2026/10/06/ngofs2.t15z.20261006.stations.nowcast.nc,Point Clear/Grand Hotel,0.0
noaa_ngofs2_point_clear_station,MODEL,"8733821 Pt Clear, MB",93,nearest_verified_coordinate,0.3114,30.489032745361328,-87.93621826171875,272.06378173828125,1.8300000429153442,surface,0,-0.012500000186264515,shoreward_current,-0.05734672024846078,m/s,2026-10-06T09:42:00+00:00,2026-10-06T15:00:00+00:00,2026-10-06T22:47:11.110927+00:00,2026-10-06T22:47:11.110927+00:00,https://opendap.co-ops.nos.noaa.gov/thredds/dodsC/NOAA/NGOFS2/MODELS/2026/10/06/ngofs2.t15z.20261006.stations.nowcast.nc,Point Clear/Grand Hotel,0.0
noaa_ngofs2_point_clear_station,MODEL,"8733821 Pt Clear, MB",93,nearest_verified_coordinate,0.3114,30.489032745361328,-87.93621826171875,272.06378173828125,1.8300000429153442,surface,0,-0.012500000186264515,water_temperature,28.954605102539062,degC,2026-10-06T09:42:00+00:00,2026-10-06T15:00:00+00:00,2026-10-06T22:47:11.110927+00:00,2026-10-06T22:47:11.110927+00:00,https://opendap.co-ops.nos.noaa.gov/thredds/dodsC/NOAA/NGOFS2/MODELS/2026/10/06/ngofs2.t15z.20261006.stations.nowcast.nc,Point Clear/Grand Hotel,0.0
noaa_ngofs2_point_clear_station,MODEL,"8733821 Pt Clear, MB",93,nearest_verified_coordinate,0.3114,30.489032745361328,-87.93621826171875,272.06378173828125,1.8300000429153442,surface,0,-0.012500000186264515,salinity,14.544088363647461,1e-3,2026-10-06T09:42:00+00:00,2026-10-06T15:00:00+00:00,2026-10-06T22:47:11.110927+00:00,2026-10-06T22:47:11.110927+00:00,https://opendap.co-ops.nos.noaa.gov/thredds/dodsC/NOAA/NGOFS2/MODELS/2026/10/06/ngofs2.t15z.20261006.stations.nowcast.nc,Point Clear/Grand Hotel,0.0
noaa_ngofs2_point_clear_station,MODEL,"8733821 Pt Clear, MB",93,nearest_verified_coordinate,0.3114,30.489032745361328,-87.93621826171875,272.06378173828125,1.8300000429153442,bottom,39,-0.987500011920929,eastward_current,0.002811282640323043,m/s,2026-10-06T09:42:00+00:00,2026-10-06T15:00:00+00:00,2026-10-06T22:47:11.110927+00:00,2026-10-06T22:47:11.110927+00:00,https://opendap.co-ops.nos.noaa.gov/thredds/dodsC/NOAA/NGOFS2/MODELS/2026/10/06/ngofs2.t15z.20261006.stations.nowcast.nc,Point Clear/Grand Hotel,0.0
noaa_ngofs2_point_clear_station,MODEL,"8733821 Pt Clear, MB",93,nearest_verified_coordinate,0.3114,30.489032745361328,-87.93621826171875,272.06378173828125,1.8300000429153442,bottom,39,-0.987500011920929,northward_current,-0.013567434623837471,m/s,2026-10-06T09:42:00+00:00,2026-10-06T15:00:00+00:00,2026-10-06T22:47:11.110927+00:00,2026-10-06T22:47:11.110927+00:00,https://opendap.co-ops.nos.noaa.gov/thredds/dodsC/NOAA/NGOFS2/MODELS/2026/10/06/ngofs2.t15z.20261006.stations.nowcast.nc,Point Clear/Grand Hotel,0.0
noaa_ngofs2_point_clear_station,MODEL,"8733821 Pt Clear, MB",93,nearest_verified_coordinate,0.3114,30.489032745361328,-87.93621826171875,272.06378173828125,1.8300000429153442,bottom,39,-0.987500011920929,shoreward_current,0.002811282640323042,m/s,2026-10-06T09:42:00+00:00,2026-10-06T15:00:00+00:00,2026-10-06T22:47:11.110927+00:00,2026-10-06T22:47:11.110927+00:00,https://opendap.co-ops.nos.noaa.gov/thredds/dodsC/NOAA/NGOFS2/MODELS/2026/10/06/ngofs2.t15z.20261006.stations.nowcast.nc,Point Clear/Grand Hotel,0.0
noaa_ngofs2_point_clear_station,MODEL,"8733821 Pt Clear, MB",93,nearest_verified_coordinate,0.3114,30.489032745361328,-87.93621826171875,272.06378173828125,1.8300000429153442,bottom,39,-0.987500011920929,water_temperature,29.15065574645996,degC,2026-10-06T09:42:00+00:00,2026-10-06T15:00:00+00:00,2026-10-06T22:47:11.110927+00:00,2026-10-06T22:47:11.110927+00:00,https://opendap.co-ops.nos.noaa.gov/thredds/dodsC/NOAA/NGOFS2/MODELS/2026/10/06/ngofs2.t15z.20261006.stations.nowcast.nc,Point Clear/Grand Hotel,0.0
noaa_ngofs2_point_clear_station,MODEL,"8733821 Pt Clear, MB",93,nearest_verified_coordinate,0.3114,30.489032745361328,-87.93621826171875,272.06378173828125,1.8300000429153442,bottom,39,-0.987500011920929,salinity,14.884832382202148,1e-3,2026-10-06T09:42:00+00:00,2026-10-06T15:00:00+00:00,2026-10-06T22:47:11.110927+00:00,2026-10-06T22:47:11.110927+00:00,https://opendap.co-ops.nos.noaa.gov/thredds/dodsC/NOAA/NGOFS2/MODELS/2026/10/06/ngofs2.t15z.20261006.stations.nowcast.nc,Point Clear/Grand Hotel,0.0
noaa_ngofs2_point_clear_station,MODEL,"8733821 Pt Clear, MB",93,nearest_verified_coordinate,0.3114,30.489032745361328,-87.93621826171875,272.06378173828125,1.8300000429153442,surface,,,water_surface_elevation,0.3158746063709259,m,2026-10-06T09:42:00+00:00,2026-10-06T15:00:00+00:00,2026-10-06T22:47:11.110927+00:00,2026-10-06T22:47:11.110927+00:00,https://opendap.co-ops.nos.noaa.gov/thredds/dodsC/NOAA/NGOFS2/MODELS/2026/10/06/ngofs2.t15z.20261006.stations.nowcast.nc,Point Clear/Grand Hotel,0.0
noaa_ngofs2_point_clear_station,MODEL,"8733821 Pt Clear, MB",93,nearest_verified_coordinate,0.3114,30.489032745361328,-87.93621826171875,272.06378173828125,1.8300000429153442,surface,0,-0.012500000186264515,eastward_current,-0.05730524659156799,m/s,2026-10-06T09:48:00+00:00,2026-10-06T15:00:00+00:00,2026-10-06T22:47:11.110927+00:00,2026-10-06T22:47:11.110927+00:00,https://opendap.co-ops.nos.noaa.gov/thredds/dodsC/NOAA/NGOFS2/MODELS/2026/10/06/ngofs2.t15z.20261006.stations.nowcast.nc,Point Clear/Grand Hotel,0.0
noaa_ngofs2_point_clear_station,MODEL,"8733821 Pt Clear, MB",93,nearest_verified_coordinate,0.3114,30.489032745361328,-87.93621826171875,272.06378173828125,1.8300000429153442,surface,0,-0.012500000186264515,northward_current,-0.08838846534490585,m/s,2026-10-06T09:48:00+00:00,2026-10-06T15:00:00+00:00,2026-10-06T22:47:11.110927+00:00,2026-10-06T22:47:11.110927+00:00,https://opendap.co-ops.nos.noaa.gov/thredds/dodsC/NOAA/NGOFS2/MODELS/2026/10/06/ngofs2.t15z.20261006.stations.nowcast.nc,Point Clear/Grand Hotel,0.0
noaa_ngofs2_point_clear_station,MODEL,"8733821 Pt Clear, MB",93,nearest_verified_coordinate,0.3114,30.489032745361328,-87.93621826171875,272.06378173828125,1.8300000429153442,surface,0,-0.012500000186264515,shoreward_current,-0.057305246591568,m/s,2026-10-06T09:48:00+00:00,2026-10-06T15:00:00+00:00,2026-10-06T22:47:11.110927+00:00,2026-10-06T22:47:11.110927+00:00,https://opendap.co-ops.nos.noaa.gov/thredds/dodsC/NOAA/NGOFS2/MODELS/2026/10/06/ngofs2.t15z.20261006.stations.nowcast.nc,Point Clear/Grand Hotel,0.0
noaa_ngofs2_point_clear_station,MODEL,"8733821 Pt Clear, MB",93,nearest_verified_coordinate,0.3114,30.489032745361328,-87.93621826171875,272.06378173828125,1.8300000429153442,surface,0,-0.012500000186264515,water_temperature,28.94237518310547,degC,2026-10-06T09:48:00+00:00,2026-10-06T15:00:00+00:00,2026-10-06T22:47:11.110927+00:00,2026-10-06T22:47:11.110927+00:00,https://opendap.co-ops.nos.noaa.gov/thredds/dodsC/NOAA/NGOFS2/MODELS/2026/10/06/ngofs2.t15z.20261006.stations.nowcast.nc,Point Clear/Grand Hotel,0.0
noaa_ngofs2_point_clear_station,MODEL,"8733821 Pt Clear, MB",93,nearest_verified_coordinate,0.3114,30.489032745361328,-87.93621826171875,272.06378173828125,1.8300000429153442,surface,0,-0.012500000186264515,salinity,14.535100936889648,1e-3,2026-10-06T09:48:00+00:00,2026-10-06T15:00:00+00:00,2026-10-06T22:47:11.110927+00:00,2026-10-06T22:47:11.110927+00:00,https://opendap.co-ops.nos.noaa.gov/thredds/dodsC/NOAA/NGOFS2/MODELS/2026/10/06/ngofs2.t15z.20261006.stations.nowcast.nc,Point Clear/Grand Hotel,0.0
noaa_ngofs2_point_clear_station,MODEL,"8733821 Pt Clear, MB",93,nearest_verified_coordinate,0.3114,30.489032745361328,-87.93621826171875,272.06378173828125,1.8300000429153442,bottom,39,-0.987500011920929,eastward_current,0.0038655048701912165,m/s,2026-10-06T09:48:00+00:00,2026-10-06T15:00:00+00:00,2026-10-06T22:47:11.110927+00:00,2026-10-06T22:47:11.110927+00:00,https://opendap.co-ops.nos.noaa.gov/thredds/dodsC/NOAA/NGOFS2/MODELS/2026/10/06/ngofs2.t15z.20261006.stations.nowcast.nc,Point Clear/Grand Hotel,0.0
noaa_ngofs2_point_clear_station,MODEL,"8733821 Pt Clear, MB",93,nearest_verified_coordinate,0.3114,30.489032745361328,-87.93621826171875,272.06378173828125,1.8300000429153442,bottom,39,-0.987500011920929,northward_current,-0.011792660690844059,m/s,2026-10-06T09:48:00+00:00,2026-10-06T15:00:00+00:00,2026-10-06T22:47:11.110927+00:00,2026-10-06T22:47:11.110927+00:00,https://opendap.co-ops.nos.noaa.gov/thredds/dodsC/NOAA/NGOFS2/MODELS/2026/10/06/ngofs2.t15z.20261006.stations.nowcast.nc,Point Clear/Grand Hotel,0.0
noaa_ngofs2_point_clear_station,MODEL,"8733821 Pt Clear, MB",93,nearest_verified_coordinate,0.3114,30.489032745361328,-87.93621826171875,272.06378173828125,1.8300000429153442,bottom,39,-0.987500011920929,shoreward_current,0.0038655048701912156,m/s,2026-10-06T09:48:00+00:00,2026-10-06T15:00:00+00:00,2026-10-06T22:47:11.110927+00:00,2026-10-06T22:47:11.110927+00:00,https://opendap.co-ops.nos.noaa.gov/thredds/dodsC/NOAA/NGOFS2/MODELS/2026/10/06/ngofs2.t15z.20261006.stations.nowcast.nc,Point Clear/Grand Hotel,0.0
noaa_ngofs2_point_clear_station,MODEL,"8733821 Pt Clear, MB",93,nearest_verified_coordinate,0.3114,30.489032745361328,-87.93621826171875,272.06378173828125,1.8300000429153442,bottom,39,-0.987500011920929,water_temperature,29.15134048461914,degC,2026-10-06T09:48:00+00:00,2026-10-06T15:00:00+00:00,2026-10-06T22:47:11.110927+00:00,2026-10-06T22:47:11.110927+00:00,https://opendap.co-ops.nos.noaa.gov/thredds/dodsC/NOAA/NGOFS2/MODELS/2026/10/06/ngofs2.t15z.20261006.stations.nowcast.nc,Point Clear/Grand Hotel,0.0
noaa_ngofs2_point_clear_station,MODEL,"8733821 Pt Clear, MB",93,nearest_verified_coordinate,0.3114,30.489032745361328,-87.93621826171875,272.06378173828125,1.8300000429153442,bottom,39,-0.987500011920929,salinity,14.902904510498047,1e-3,2026-10-06T09:48:00+00:00,2026-10-06T15:00:00+00:00,2026-10-06T22:47:11.110927+00:00,2026-10-06T22:47:11.110927+00:00,https://opendap.co-ops.nos.noaa.gov/thredds/dodsC/NOAA/NGOFS2/MODELS/2026/10/06/ngofs2.t15z.20261006.stations.nowcast.nc,Point Clear/Grand Hotel,0.0
noaa_ngofs2_point_clear_station,MODEL,"8733821 Pt Clear, MB",93,nearest_verified_coordinate,0.3114,30.489032745361328,-87.93621826171875,272.06378173828125,1.8300000429153442,surface,,,water_surface_elevation,0.31778496503829956,m,2026-10-06T09:48:00+00:00,2026-10-06T15:00:00+00:00,2026-10-06T22:47:11.110927+00:00,2026-10-06T22:47:11.110927+00:00,https://opendap.co-ops.nos.noaa.gov/thredds/dodsC/NOAA/NGOFS2/MODELS/2026/10/06/ngofs2.t15z.20261006.stations.nowcast.nc,Point Clear/Grand Hotel,0.0
noaa_ngofs2_point_clear_station,MODEL,"8733821 Pt Clear, MB",93,nearest_verified_coordinate,0.3114,30.489032745361328,-87.93621826171875,272.06378173828125,1.8300000429153442,surface,0,-0.012500000186264515,eastward_current,-0.05734021216630936,m/s,2026-10-06T09:54:00+00:00,2026-10-06T15:00:00+00:00,2026-10-06T22:47:11.110927+00:00,2026-10-06T22:47:11.110927+00:00,https://opendap.co-ops.nos.noaa.gov/thredds/dodsC/NOAA/NGOFS2/MODELS/2026/10/06/ngofs2.t15z.20261006.stations.nowcast.nc,Point Clear/Grand Hotel,0.0
noaa_ngofs2_point_clear_station,MODEL,"8733821 Pt Clear, MB",93,nearest_verified_coordinate,0.3114,30.489032745361328,-87.93621826171875,272.06378173828125,1.8300000429153442,surface,0,-0.012500000186264515,northward_current,-0.08581062406301498,m/s,2026-10-06T09:54:00+00:00,2026-10-06T15:00:00+00:00,2026-10-06T22:47:11.110927+00:00,2026-10-06T22:47:11.110927+00:00,https://opendap.co-ops.nos.noaa.gov/thredds/dodsC/NOAA/NGOFS2/MODELS/2026/10/06/ngofs2.t15z.20261006.stations.nowcast.nc,Point Clear/Grand Hotel,0.0
noaa_ngofs2_point_clear_station,MODEL,"8733821 Pt Clear, MB",93,nearest_verified_coordinate,0.3114,30.489032745361328,-87.93621826171875,272.06378173828125,1.8300000429153442,surface,0,-0.012500000186264515,shoreward_current,-0.057340212166309364,m/s,2026-10-06T09:54:00+00:00,2026-10-06T15:00:00+00:00,2026-10-06T22:47:11.110927+00:00,2026-10-06T22:47:11.110927+00:00,https://opendap.co-ops.nos.noaa.gov/thredds/dodsC/NOAA/NGOFS2/MODELS/2026/10/06/ngofs2.t15z.20261006.stations.nowcast.nc,Point Clear/Grand Hotel,0.0
noaa_ngofs2_point_clear_station,MODEL,"8733821 Pt Clear, MB",93,nearest_verified_coordinate,0.3114,30.489032745361328,-87.93621826171875,272.06378173828125,1.8300000429153442,surface,0,-0.012500000186264515,water_temperature,28.930879592895508,degC,2026-10-06T09:54:00+00:00,2026-10-06T15:00:00+00:00,2026-10-06T22:47:11.110927+00:00,2026-10-06T22:47:11.110927+00:00,https://opendap.co-ops.nos.noaa.gov/thredds/dodsC/NOAA/NGOFS2/MODELS/2026/10/06/ngofs2.t15z.20261006.stations.nowcast.nc,Point Clear/Grand Hotel,0.0
noaa_ngofs2_point_clear_station,MODEL,"8733821 Pt Clear, MB",93,nearest_verified_coordinate,0.3114,30.489032745361328,-87.93621826171875,272.06378173828125,1.8300000429153442,surface,0,-0.012500000186264515,salinity,14.527922630310059,1e-3,2026-10-06T09:54:00+00:00,2026-10-06T15:00:00+00:00,2026-10-06T22:47:11.110927+00:00,2026-10-06T22:47:11.110927+00:00,https://opendap.co-ops.nos.noaa.gov/thredds/dodsC/NOAA/NGOFS2/MODELS/2026/10/06/ngofs2.t15z.20261006.stations.nowcast.nc,Point Clear/Grand Hotel,0.0
noaa_ngofs2_point_clear_station,MODEL,"8733821 Pt Clear, MB",93,nearest_verified_coordinate,0.3114,30.489032745361328,-87.93621826171875,272.06378173828125,1.8300000429153442,bottom,39,-0.987500011920929,eastward_current,0.004789478145539761,m/s,2026-10-06T09:54:00+00:00,2026-10-06T15:00:00+00:00,2026-10-06T22:47:11.110927+00:00,2026-10-06T22:47:11.110927+00:00,https://opendap.co-ops.nos.noaa.gov/thredds/dodsC/NOAA/NGOFS2/MODELS/2026/10/06/ngofs2.t15z.20261006.stations.nowcast.nc,Point Clear/Grand Hotel,0.0
noaa_ngofs2_point_clear_station,MODEL,"8733821 Pt Clear, MB",93,nearest_verified_coordinate,0.3114,30.489032745361328,-87.93621826171875,272.06378173828125,1.8300000429153442,bottom,39,-0.987500011920929,northward_current,-0.010327146388590336,m/s,2026-10-06T09:54:00+00:00,2026-10-06T15:00:00+00:00,2026-10-06T22:47:11.110927+00:00,2026-10-06T22:47:11.110927+00:00,https://opendap.co-ops.nos.noaa.gov/thredds/dodsC/NOAA/NGOFS2/MODELS/2026/10/06/ngofs2.t15z.20261006.stations.nowcast.nc,Point Clear/Grand Hotel,0.0
noaa_ngofs2_point_clear_station,MODEL,"8733821 Pt Clear, MB",93,nearest_verified_coordinate,0.3114,30.489032745361328,-87.93621826171875,272.06378173828125,1.8300000429153442,bottom,39,-0.987500011920929,shoreward_current,0.00478947814553976,m/s,2026-10-06T09:54:00+00:00,2026-10-06T15:00:00+00:00,2026-10-06T22:47:11.110927+00:00,2026-10-06T22:47:11.110927+00:00,https://opendap.co-ops.nos.noaa.gov/thredds/dodsC/NOAA/NGOFS2/MODELS/2026/10/06/ngofs2.t15z.20261006.stations.nowcast.nc,Point Clear/Grand Hotel,0.0
noaa_ngofs2_point_clear_station,MODEL,"8733821 Pt Clear, MB",93,nearest_verified_coordinate,0.3114,30.489032745361328,-87.93621826171875,272.06378173828125,1.8300000429153442,bottom,39,-0.987500011920929,water_temperature,29.152345657348633,degC,2026-10-06T09:54:00+00:00,2026-10-06T15:00:00+00:00,2026-10-06T22:47:11.110927+00:00,2026-10-06T22:47:11.110927+00:00,https://opendap.co-ops.nos.noaa.gov/thredds/dodsC/NOAA/NGOFS2/MODELS/2026/10/06/ngofs2.t15z.20261006.stations.nowcast.nc,Point Clear/Grand Hotel,0.0
noaa_ngofs2_point_clear_station,MODEL,"8733821 Pt Clear, MB",93,nearest_verified_coordinate,0.3114,30.489032745361328,-87.93621826171875,272.06378173828125,1.8300000429153442,bottom,39,-0.987500011920929,salinity,14.92341136932373,1e-3,2026-10-06T09:54:00+00:00,2026-10-06T15:00:00+00:00,2026-10-06T22:47:11.110927+00:00,2026-10-06T22:47:11.110927+00:00,https://opendap.co-ops.nos.noaa.gov/thredds/dodsC/NOAA/NGOFS2/MODELS/2026/10/06/ngofs2.t15z.20261006.stations.nowcast.nc,Point Clear/Grand Hotel,0.0
noaa_ngofs2_point_clear_station,MODEL,"8733821 Pt Clear, MB",93,nearest_verified_coordinate,0.3114,30.489032745361328,-87.93621826171875,272.06378173828125,1.8300000429153442,surface,,,water_surface_elevation,0.31953755021095276,m,2026-10-06T09:54:00+00:00,2026-10-06T15:00:00+00:00,2026-10-06T22:47:11.110927+00:00,2026-10-06T22:47:11.110927+00:00,https://opendap.co-ops.nos.noaa.gov/thredds/dodsC/NOAA/NGOFS2/MODELS/2026/10/06/ngofs2.t15z.20261006.stations.nowcast.nc,Point Clear/Grand Hotel,0.0
noaa_ngofs2_point_clear_station,MODEL,"8733821 Pt Clear, MB",93,nearest_verified_coordinate,0.3114,30.489032745361328,-87.93621826171875,272.06378173828125,1.8300000429153442,surface,0,-0.012500000186264515,eastward_current,-0.05735858157277107,m/s,2026-10-06T10:00:00+00:00,2026-10-06T15:00:00+00:00,2026-10-06T22:47:11.110927+00:00,2026-10-06T22:47:11.110927+00:00,https://opendap.co-ops.nos.noaa.gov/thredds/dodsC/NOAA/NGOFS2/MODELS/2026/10/06/ngofs2.t15z.20261006.stations.nowcast.nc,Point Clear/Grand Hotel,0.0
noaa_ngofs2_point_clear_station,MODEL,"8733821 Pt Clear, MB",93,nearest_verified_coordinate,0.3114,30.489032745361328,-87.93621826171875,272.06378173828125,1.8300000429153442,surface,0,-0.012500000186264515,northward_current,-0.08375180512666702,m/s,2026-10-06T10:00:00+00:00,2026-10-06T15:00:00+00:00,2026-10-06T22:47:11.110927+00:00,2026-10-06T22:47:11.110927+00:00,https://opendap.co-ops.nos.noaa.gov/thredds/dodsC/NOAA/NGOFS2/MODELS/2026/10/06/ngofs2.t15z.20261006.stations.nowcast.nc,Point Clear/Grand Hotel,0.0
noaa_ngofs2_point_clear_station,MODEL,"8733821 Pt Clear, MB",93,nearest_verified_coordinate,0.3114,30.489032745361328,-87.93621826171875,272.06378173828125,1.8300000429153442,surface,0,-0.012500000186264515,shoreward_current,-0.05735858157277108,m/s,2026-10-06T10:00:00+00:00,2026-10-06T15:00:00+00:00,2026-10-06T22:47:11.110927+00:00,2026-10-06T22:47:11.110927+00:00,https://opendap.co-ops.nos.noaa.gov/thredds/dodsC/NOAA/NGOFS2/MODELS/2026/10/06/ngofs2.t15z.20261006.stations.nowcast.nc,Point Clear/Grand Hotel,0.0
noaa_ngofs2_point_clear_station,MODEL,"8733821 Pt Clear, MB",93,nearest_verified_coordinate,0.3114,30.489032745361328,-87.93621826171875,272.06378173828125,1.8300000429153442,surface,0,-0.012500000186264515,water_temperature,28.92006492614746,degC,2026-10-06T10:00:00+00:00,2026-10-06T15:00:00+00:00,2026-10-06T22:47:11.110927+00:00,2026-10-06T22:47:11.110927+00:00,https://opendap.co-ops.nos.noaa.gov/thredds/dodsC/NOAA/NGOFS2/MODELS/2026/10/06/ngofs2.t15z.20261006.stations.nowcast.nc,Point Clear/Grand Hotel,0.0
noaa_ngofs2_point_clear_station,MODEL,"8733821 Pt Clear, MB",93,nearest_verified_coordinate,0.3114,30.489032745361328,-87.93621826171875,272.06378173828125,1.8300000429153442,surface,0,-0.012500000186264515,salinity,14.522515296936035,1e-3,2026-10-06T10:00:00+00:00,2026-10-06T15:00:00+00:00,2026-10-06T22:47:11.110927+00:00,2026-10-06T22:47:11.110927+00:00,https://opendap.co-ops.nos.noaa.gov/thredds/dodsC/NOAA/NGOFS2/MODELS/2026/10/06/ngofs2.t15z.20261006.stations.nowcast.nc,Point Clear/Grand Hotel,0.0
noaa_ngofs2_point_clear_station,MODEL,"8733821 Pt Clear, MB",93,nearest_verified_coordinate,0.3114,30.489032745361328,-87.93621826171875,272.06378173828125,1.8300000429153442,bottom,39,-0.987500011920929,eastward_current,0.005716780666261911,m/s,2026-10-06T10:00:00+00:00,2026-10-06T15:00:00+00:00,2026-10-06T22:47:11.110927+00:00,2026-10-06T22:47:11.110927+00:00,https://opendap.co-ops.nos.noaa.gov/thredds/dodsC/NOAA/NGOFS2/MODELS/2026/10/06/ngofs2.t15z.20261006.stations.nowcast.nc,Point Clear/Grand Hotel,0.0
noaa_ngofs2_point_clear_station,MODEL,"8733821 Pt Clear, MB",93,nearest_verified_coordinate,0.3114,30.489032745361328,-87.93621826171875,272.06378173828125,1.8300000429153442,bottom,39,-0.987500011920929,northward_current,-0.009098538197577,m/s,2026-10-06T10:00:00+00:00,2026-10-06T15:00:00+00:00,2026-10-06T22:47:11.110927+00:00,2026-10-06T22:47:11.110927+00:00,https://opendap.co-ops.nos.noaa.gov/thredds/dodsC/NOAA/NGOFS2/MODELS/2026/10/06/ngofs2.t15z.20261006.stations.nowcast.nc,Point Clear/Grand Hotel,0.0
noaa_ngofs2_point_clear_station,MODEL,"8733821 Pt Clear, MB",93,nearest_verified_coordinate,0.3114,30.489032745361328,-87.93621826171875,272.06378173828125,1.8300000429153442,bottom,39,-0.987500011920929,shoreward_current,0.0057167806662619105,m/s,2026-10-06T10:00:00+00:00,2026-10-06T15:00:00+00:00,2026-10-06T22:47:11.110927+00:00,2026-10-06T22:47:11.110927+00:00,https://opendap.co-ops.nos.noaa.gov/thredds/dodsC/NOAA/NGOFS2/MODELS/2026/10/06/ngofs2.t15z.20261006.stations.nowcast.nc,Point Clear/Grand Hotel,0.0
noaa_ngofs2_point_clear_station,MODEL,"8733821 Pt Clear, MB",93,nearest_verified_coordinate,0.3114,30.489032745361328,-87.93621826171875,272.06378173828125,1.8300000429153442,bottom,39,-0.987500011920929,water_temperature,29.153369903564453,degC,2026-10-06T10:00:00+00:00,2026-10-06T15:00:00+00:00,2026-10-06T22:47:11.110927+00:00,2026-10-06T22:47:11.110927+00:00,https://opendap.co-ops.nos.noaa.gov/thredds/dodsC/NOAA/NGOFS2/MODELS/2026/10/06/ngofs2.t15z.20261006.stations.nowcast.nc,Point Clear/Grand Hotel,0.0
noaa_ngofs2_point_clear_station,MODEL,"8733821 Pt Clear, MB",93,nearest_verified_coordinate,0.3114,30.489032745361328,-87.93621826171875,272.06378173828125,1.8300000429153442,bottom,39,-0.987500011920929,salinity,14.945612907409668,1e-3,2026-10-06T10:00:00+00:00,2026-10-06T15:00:00+00:00,2026-10-06T22:47:11.110927+00:00,2026-10-06T22:47:11.110927+00:00,https://opendap.co-ops.nos.noaa.gov/thredds/dodsC/NOAA/NGOFS2/MODELS/2026/10/06/ngofs2.t15z.20261006.stations.nowcast.nc,Point Clear/Grand Hotel,0.0
noaa_ngofs2_point_clear_station,MODEL,"8733821 Pt Clear, MB",93,nearest_verified_coordinate,0.3114,30.489032745361328,-87.93621826171875,272.06378173828125,1.8300000429153442,surface,,,water_surface_elevation,0.32129329442977905,m,2026-10-06T10:00:00+00:00,2026-10-06T15:00:00+00:00,2026-10-06T22:47:11.110927+00:00,2026-10-06T22:47:11.110927+00:00,https://opendap.co-ops.nos.noaa.gov/thredds/dodsC/NOAA/NGOFS2/MODELS/2026/10/06/ngofs2.t15z.20261006.stations.nowcast.nc,Point Clear/Grand Hotel,0.0
noaa_ngofs2_point_clear_station,MODEL,"8733821 Pt Clear, MB",93,nearest_verified_coordinate,0.3114,30.489032745361328,-87.93621826171875,272.06378173828125,1.8300000429153442,surface,0,-0.012500000186264515,eastward_current,-0.05754192918539047,m/s,2026-10-06T10:06:00+00:00,2026-10-06T15:00:00+00:00,2026-10-06T22:47:11.110927+00:00,2026-10-06T22:47:11.110927+00:00,https://opendap.co-ops.nos.noaa.gov/thredds/dodsC/NOAA/NGOFS2/MODELS/2026/10/06/ngofs2.t15z.20261006.stations.nowcast.nc,Point Clear/Grand Hotel,0.0
noaa_ngofs2_point_clear_station,MODEL,"8733821 Pt Clear, MB",93,nearest_verified_coordinate,0.3114,30.489032745361328,-87.93621826171875,272.06378173828125,1.8300000429153442,surface,0,-0.012500000186264515,northward_current,-0.08223903179168701,m/s,2026-10-06T10:06:00+00:00,2026-10-06T15:00:00+00:00,2026-10-06T22:47:11.110927+00:00,2026-10-06T22:47:11.110927+00:00,https://opendap.co-ops.nos.noaa.gov/thredds/dodsC/NOAA/NGOFS2/MODELS/2026/10/06/ngofs2.t15z.20261006.stations.nowcast.nc,Point Clear/Grand Hotel,0.0
noaa_ngofs2_point_clear_station,MODEL,"8733821 Pt Clear, MB",93,nearest_verified_coordinate,0.3114,30.489032745361328,-87.93621826171875,272.06378173828125,1.8300000429153442,surface,0,-0.012500000186264515,shoreward_current,-0.05754192918539048,m/s,2026-10-06T10:06:00+00:00,2026-10-06T15:00:00+00:00,2026-10-06T22:47:11.110927+00:00,2026-10-06T22:47:11.110927+00:00,https://opendap.co-ops.nos.noaa.gov/thredds/dodsC/NOAA/NGOFS2/MODELS/2026/10/06/ngofs2.t15z.20261006.stations.nowcast.nc,Point Clear/Grand Hotel,0.0
noaa_ngofs2_point_clear_station,MODEL,"8733821 Pt Clear, MB",93,nearest_verified_coordinate,0.3114,30.489032745361328,-87.93621826171875,272.06378173828125,1.8300000429153442,surface,0,-0.012500000186264515,water_temperature,28.909839630126953,degC,2026-10-06T10:06:00+00:00,2026-10-06T15:00:00+00:00,2026-10-06T22:47:11.110927+00:00,2026-10-06T22:47:11.110927+00:00,https://opendap.co-ops.nos.noaa.gov/thredds/dodsC/NOAA/NGOFS2/MODELS/2026/10/06/ngofs2.t15z.20261006.stations.nowcast.nc,Point Clear/Grand Hotel,0.0
noaa_ngofs2_point_clear_station,MODEL,"8733821 Pt Clear, MB",93,nearest_verified_coordinate,0.3114,30.489032745361328,-87.93621826171875,272.06378173828125,1.8300000429153442,surface,0,-0.012500000186264515,salinity,14.51859188079834,1e-3,2026-10-06T10:06:00+00:00,2026-10-06T15:00:00+00:00,2026-10-06T22:47:11.110927+00:00,2026-10-06T22:47:11.110927+00:00,https://opendap.co-ops.nos.noaa.gov/thredds/dodsC/NOAA/NGOFS2/MODELS/2026/10/06/ngofs2.t15z.20261006.stations.nowcast.nc,Point Clear/Grand Hotel,0.0
noaa_ngofs2_point_clear_station,MODEL,"8733821 Pt Clear, MB",93,nearest_verified_coordinate,0.3114,30.489032745361328,-87.93621826171875,272.06378173828125,1.8300000429153442,bottom,39,-0.987500011920929,eastward_current,0.006392795592546463,m/s,2026-10-06T10:06:00+00:00,2026-10-06T15:00:00+00:00,2026-10-06T22:47:11.110927+00:00,2026-10-06T22:47:11.110927+00:00,https://opendap.co-ops.nos.noaa.gov/thredds/dodsC/NOAA/NGOFS2/MODELS/2026/10/06/ngofs2.t15z.20261006.stations.nowcast.nc,Point Clear/Grand Hotel,0.0
noaa_ngofs2_point_clear_station,MODEL,"8733821 Pt Clear, MB",93,nearest_verified_coordinate,0.3114,30.489032745361328,-87.93621826171875,272.06378173828125,1.8300000429153442,bottom,39,-0.987500011920929,northward_current,-0.008153374306857586,m/s,2026-10-06T10:06:00+00:00,2026-10-06T15:00:00+00:00,2026-10-06T22:47:11.110927+00:00,2026-10-06T22:47:11.110927+00:00,https://opendap.co-ops.nos.noaa.gov/thredds/dodsC/NOAA/NGOFS2/MODELS/2026/10/06/ngofs2.t15z.20261006.stations.nowcast.nc,Point Clear/Grand Hotel,0.0
noaa_ngofs2_point_clear_station,MODEL,"8733821 Pt Clear, MB",93,nearest_verified_coordinate,0.3114,30.489032745361328,-87.93621826171875,272.06378173828125,1.8300000429153442,bottom,39,-0.987500011920929,shoreward_current,0.006392795592546462,m/s,2026-10-06T10:06:00+00:00,2026-10-06T15:00:00+00:00,2026-10-06T22:47:11.110927+00:00,2026-10-06T22:47:11.110927+00:00,https://opendap.co-ops.nos.noaa.gov/thredds/dodsC/NOAA/NGOFS2/MODELS/2026/10/06/ngofs2.t15z.20261006.stations.nowcast.nc,Point Clear/Grand Hotel,0.0
noaa_ngofs2_point_clear_station,MODEL,"8733821 Pt Clear, MB",93,nearest_verified_coordinate,0.3114,30.489032745361328,-87.93621826171875,272.06378173828125,1.8300000429153442,bottom,39,-0.987500011920929,water_temperature,29.154264450073242,degC,2026-10-06T10:06:00+00:00,2026-10-06T15:00:00+00:00,2026-10-06T22:47:11.110927+00:00,2026-10-06T22:47:11.110927+00:00,https://opendap.co-ops.nos.noaa.gov/thredds/dodsC/NOAA/NGOFS2/MODELS/2026/10/06/ngofs2.t15z.20261006.stations.nowcast.nc,Point Clear/Grand Hotel,0.0
noaa_ngofs2_point_clear_station,MODEL,"8733821 Pt Clear, MB",93,nearest_verified_coordinate,0.3114,30.489032745361328,-87.93621826171875,272.06378173828125,1.8300000429153442,bottom,39,-0.987500011920929,salinity,14.969243049621582,1e-3,2026-10-06T10:06:00+00:00,2026-10-06T15:00:00+00:00,2026-10-06T22:47:11.110927+00:00,2026-10-06T22:47:11.110927+00:00,https://opendap.co-ops.nos.noaa.gov/thredds/dodsC/NOAA/NGOFS2/MODELS/2026/10/06/ngofs2.t15z.20261006.stations.nowcast.nc,Point Clear/Grand Hotel,0.0
noaa_ngofs2_point_clear_station,MODEL,"8733821 Pt Clear, MB",93,nearest_verified_coordinate,0.3114,30.489032745361328,-87.93621826171875,272.06378173828125,1.8300000429153442,surface,,,water_surface_elevation,0.323263019323349,m,2026-10-06T10:06:00+00:00,2026-10-06T15:00:00+00:00,2026-10-06T22:47:11.110927+00:00,2026-10-06T22:47:11.110927+00:00,https://opendap.co-ops.nos.noaa.gov/thredds/dodsC/NOAA/NGOFS2/MODELS/2026/10/06/ngofs2.t15z.20261006.stations.nowcast.nc,Point Clear/Grand Hotel,0.0
noaa_ngofs2_point_clear_station,MODEL,"8733821 Pt Clear, MB",93,nearest_verified_coordinate,0.3114,30.489032745361328,-87.93621826171875,272.06378173828125,1.8300000429153442,surface,0,-0.012500000186264515,eastward_current,-0.057576198130846024,m/s,2026-10-06T10:12:00+00:00,2026-10-06T15:00:00+00:00,2026-10-06T22:47:11.110927+00:00,2026-10-06T22:47:11.110927+00:00,https://opendap.co-ops.nos.noaa.gov/thredds/dodsC/NOAA/NGOFS2/MODELS/2026/10/06/ngofs2.t15z.20261006.stations.nowcast.nc,Point Clear/Grand Hotel,0.0
noaa_ngofs2_point_clear_station,MODEL,"8733821 Pt Clear, MB",93,nearest_verified_coordinate,0.3114,30.489032745361328,-87.93621826171875,272.06378173828125,1.8300000429153442,surface,0,-0.012500000186264515,northward_current,-0.08106851577758789,m/s,2026-10-06T10:12:00+00:00,2026-10-06T15:00:00+00:00,2026-10-06T22:47:11.110927+00:00,2026-10-06T22:47:11.110927+00:00,https://opendap.co-ops.nos.noaa.gov/thredds/dodsC/NOAA/NGOFS2/MODELS/2026/10/06/ngofs2.t15z.20261006.stations.nowcast.nc,Point Clear/Grand Hotel,0.0
noaa_ngofs2_point_clear_station,MODEL,"8733821 Pt Clear, MB",93,nearest_verified_coordinate,0.3114,30.489032745361328,-87.93621826171875,272.06378173828125,1.8300000429153442,surface,0,-0.012500000186264515,shoreward_current,-0.05757619813084603,m/s,2026-10-06T10:12:00+00:00,2026-10-06T15:00:00+00:00,2026-10-06T22:47:11.110927+00:00,2026-10-06T22:47:11.110927+00:00,https://opendap.co-ops.nos.noaa.gov/thredds/dodsC/NOAA/NGOFS2/MODELS/2026/10/06/ngofs2.t15z.20261006.stations.nowcast.nc,Point Clear/Grand Hotel,0.0
noaa_ngofs2_point_clear_station,MODEL,"8733821 Pt Clear, MB",93,nearest_verified_coordinate,0.3114,30.489032745361328,-87.93621826171875,272.06378173828125,1.8300000429153442,surface,0,-0.012500000186264515,water_temperature,28.900405883789062,degC,2026-10-06T10:12:00+00:00,2026-10-06T15:00:00+00:00,2026-10-06T22:47:11.110927+00:00,2026-10-06T22:47:11.110927+00:00,https://opendap.co-ops.nos.noaa.gov/thredds/dodsC/NOAA/NGOFS2/MODELS/2026/10/06/ngofs2.t15z.20261006.stations.nowcast.nc,Point Clear/Grand Hotel,0.0
noaa_ngofs2_point_clear_station,MODEL,"8733821 Pt Clear, MB",93,nearest_verified_coordinate,0.3114,30.489032745361328,-87.93621826171875,272.06378173828125,1.8300000429153442,surface,0,-0.012500000186264515,salinity,14.516295433044434,1e-3,2026-10-06T10:12:00+00:00,2026-10-06T15:00:00+00:00,2026-10-06T22:47:11.110927+00:00,2026-10-06T22:47:11.110927+00:00,https://opendap.co-ops.nos.noaa.gov/thredds/dodsC/NOAA/NGOFS2/MODELS/2026/10/06/ngofs2.t15z.20261006.stations.nowcast.nc,Point Clear/Grand Hotel,0.0
noaa_ngofs2_point_clear_station,MODEL,"8733821 Pt Clear, MB",93,nearest_verified_coordinate,0.3114,30.489032745361328,-87.93621826171875,272.06378173828125,1.8300000429153442,bottom,39,-0.987500011920929,eastward_current,0.006777741946280003,m/s,2026-10-06T10:12:00+00:00,2026-10-06T15:00:00+00:00,2026-10-06T22:47:11.110927+00:00,2026-10-06T22:47:11.110927+00:00,https://opendap.co-ops.nos.noaa.gov/thredds/dodsC/NOAA/NGOFS2/MODELS/2026/10/06/ngofs2.t15z.20261006.stations.nowcast.nc,Point Clear/Grand Hotel,0.0
noaa_ngofs2_point_clear_station,MODEL,"8733821 Pt Clear, MB",93,nearest_verified_coordinate,0.3114,30.489032745361328,-87.93621826171875,272.06378173828125,1.8300000429153442,bottom,39,-0.987500011920929,northward_current,-0.007642499636858702,m/s,2026-10-06T10:12:00+00:00,2026-10-06T15:00:00+00:00,2026-10-06T22:47:11.110927+00:00,2026-10-06T22:47:11.110927+00:00,https://opendap.co-ops.nos.noaa.gov/thredds/dodsC/NOAA/NGOFS2/MODELS/2026/10/06/ngofs2.t15z.20261006.stations.nowcast.nc,Point Clear/Grand Hotel,0.0
noaa_ngofs2_point_clear_station,MODEL,"8733821 Pt Clear, MB",93,nearest_verified_coordinate,0.3114,30.489032745361328,-87.93621826171875,272.06378173828125,1.8300000429153442,bottom,39,-0.987500011920929,shoreward_current,0.006777741946280002,m/s,2026-10-06T10:12:00+00:00,2026-10-06T15:00:00+00:00,2026-10-06T22:47:11.110927+00:00,2026-10-06T22:47:11.110927+00:00,https://opendap.co-ops.nos.noaa.gov/thredds/dodsC/NOAA/NGOFS2/MODELS/2026/10/06/ngofs2.t15z.20261006.stations.nowcast.nc,Point Clear/Grand Hotel,0.0
noaa_ngofs2_point_clear_station,MODEL,"8733821 Pt Clear, MB",93,nearest_verified_coordinate,0.3114,30.489032745361328,-87.93621826171875,272.06378173828125,1.8300000429153442,bottom,39,-0.987500011920929,water_temperature,29.15481185913086,degC,2026-10-06T10:12:00+00:00,2026-10-06T15:00:00+00:00,2026-10-06T22:47:11.110927+00:00,2026-10-06T22:47:11.110927+00:00,https://opendap.co-ops.nos.noaa.gov/thredds/dodsC/NOAA/NGOFS2/MODELS/2026/10/06/ngofs2.t15z.20261006.stations.nowcast.nc,Point Clear/Grand Hotel,0.0
noaa_ngofs2_point_clear_station,MODEL,"8733821 Pt Clear, MB",93,nearest_verified_coordinate,0.3114,30.489032745361328,-87.93621826171875,272.06378173828125,1.8300000429153442,bottom,39,-0.987500011920929,salinity,14.99338436126709,1e-3,2026-10-06T10:12:00+00:00,2026-10-06T15:00:00+00:00,2026-10-06T22:47:11.110927+00:00,2026-10-06T22:47:11.110927+00:00,https://opendap.co-ops.nos.noaa.gov/thredds/dodsC/NOAA/NGOFS2/MODELS/2026/10/06/ngofs2.t15z.20261006.stations.nowcast.nc,Point Clear/Grand Hotel,0.0
noaa_ngofs2_point_clear_station,MODEL,"8733821 Pt Clear, MB",93,nearest_verified_coordinate,0.3114,30.489032745361328,-87.93621826171875,272.06378173828125,1.8300000429153442,surface,,,water_surface_elevation,0.32482895255088806,m,2026-10-06T10:12:00+00:00,2026-10-06T15:00:00+00:00,2026-10-06T22:47:11.110927+00:00,2026-10-06T22:47:11.110927+00:00,https://opendap.co-ops.nos.noaa.gov/thredds/dodsC/NOAA/NGOFS2/MODELS/2026/10/06/ngofs2.t15z.20261006.stations.nowcast.nc,Point Clear/Grand Hotel,0.0
noaa_ngofs2_point_clear_station,MODEL,"8733821 Pt Clear, MB",93,nearest_verified_coordinate,0.3114,30.489032745361328,-87.93621826171875,272.06378173828125,1.8300000429153442,surface,0,-0.012500000186264515,eastward_current,-0.057677362114191055,m/s,2026-10-06T10:18:00+00:00,2026-10-06T15:00:00+00:00,2026-10-06T22:47:11.110927+00:00,2026-10-06T22:47:11.110927+00:00,https://opendap.co-ops.nos.noaa.gov/thredds/dodsC/NOAA/NGOFS2/MODELS/2026/10/06/ngofs2.t15z.20261006.stations.nowcast.nc,Point Clear/Grand Hotel,0.0
noaa_ngofs2_point_clear_station,MODEL,"8733821 Pt Clear, MB",93,nearest_verified_coordinate,0.3114,30.489032745361328,-87.93621826171875,272.06378173828125,1.8300000429153442,surface,0,-0.012500000186264515,northward_current,-0.0805811882019043,m/s,2026-10-06T10:18:00+00:00,2026-10-06T15:00:00+00:00,2026-10-06T22:47:11.110927+00:00,2026-10-06T22:47:11.110927+00:00,https://opendap.co-ops.nos.noaa.gov/thredds/dodsC/NOAA/NGOFS2/MODELS/2026/10/06/ngofs2.t15z.20261006.stations.nowcast.nc,Point Clear/Grand Hotel,0.0
noaa_ngofs2_point_clear_station,MODEL,"8733821 Pt Clear, MB",93,nearest_verified_coordinate,0.3114,30.489032745361328,-87.93621826171875,272.06378173828125,1.8300000429153442,surface,0,-0.012500000186264515,shoreward_current,-0.05767736211419106,m/s,2026-10-06T10:18:00+00:00,2026-10-06T15:00:00+00:00,2026-10-06T22:47:11.110927+00:00,2026-10-06T22:47:11.110927+00:00,https://opendap.co-ops.nos.noaa.gov/thredds/dodsC/NOAA/NGOFS2/MODELS/2026/10/06/ngofs2.t15z.20261006.stations.nowcast.nc,Point Clear/Grand Hotel,0.0
noaa_ngofs2_point_clear_station,MODEL,"8733821 Pt Clear, MB",93,nearest_verified_coordinate,0.3114,30.489032745361328,-87.93621826171875,272.06378173828125,1.8300000429153442,surface,0,-0.012500000186264515,water_temperature,28.891347885131836,degC,2026-10-06T10:18:00+00:00,2026-10-06T15:00:00+00:00,2026-10-06T22:47:11.110927+00:00,2026-10-06T22:47:11.110927+00:00,https://opendap.co-ops.nos.noaa.gov/thredds/dodsC/NOAA/NGOFS2/MODELS/2026/10/06/ngofs2.t15z.20261006.stations.nowcast.nc,Point Clear/Grand Hotel,0.0
noaa_ngofs2_point_clear_station,MODEL,"8733821 Pt Clear, MB",93,nearest_verified_coordinate,0.3114,30.489032745361328,-87.93621826171875,272.06378173828125,1.8300000429153442,surface,0,-0.012500000186264515,salinity,14.515039443969727,1e-3,2026-10-06T10:18:00+00:00,2026-10-06T15:00:00+00:00,2026-10-06T22:47:11.110927+00:00,2026-10-06T22:47:11.110927+00:00,https://opendap.co-ops.nos.noaa.gov/thredds/dodsC/NOAA/NGOFS2/MODELS/2026/10/06/ngofs2.t15z.20261006.stations.nowcast.nc,Point Clear/Grand Hotel,0.0
noaa_ngofs2_point_clear_station,MODEL,"8733821 Pt Clear, MB",93,nearest_verified_coordinate,0.3114,30.489032745361328,-87.93621826171875,272.06378173828125,1.8300000429153442,bottom,39,-0.987500011920929,eastward_current,0.006873676087707281,m/s,2026-10-06T10:18:00+00:00,2026-10-06T15:00:00+00:00,2026-10-06T22:47:11.110927+00:00,2026-10-06T22:47:11.110927+00:00,https://opendap.co-ops.nos.noaa.gov/thredds/dodsC/NOAA/NGOFS2/MODELS/2026/10/06/ngofs2.t15z.20261006.stations.nowcast.nc,Point Clear/Grand Hotel,0.0
noaa_ngofs2_point_clear_station,MODEL,"8733821 Pt Clear, MB",93,nearest_verified_coordinate,0.3114,30.489032745361328,-87.93621826171875,272.06378173828125,1.8300000429153442,bottom,39,-0.987500011920929,northward_current,-0.007655988913029432,m/s,2026-10-06T10:18:00+00:00,2026-10-06T15:00:00+00:00,2026-10-06T22:47:11.110927+00:00,2026-10-06T22:47:11.110927+00:00,https://opendap.co-ops.nos.noaa.gov/thredds/dodsC/NOAA/NGOFS2/MODELS/2026/10/06/ngofs2.t15z.20261006.stations.nowcast.nc,Point Clear/Grand Hotel,0.0
noaa_ngofs2_point_clear_station,MODEL,"8733821 Pt Clear, MB",93,nearest_verified_coordinate,0.3114,30.489032745361328,-87.93621826171875,272.06378173828125,1.8300000429153442,bottom,39,-0.987500011920929,shoreward_current,0.00687367608770728,m/s,2026-10-06T10:18:00+00:00,2026-10-06T15:00:00+00:00,2026-10-06T22:47:11.110927+00:00,2026-10-06T22:47:11.110927+00:00,https://opendap.co-ops.nos.noaa.gov/thredds/dodsC/NOAA/NGOFS2/MODELS/2026/10/06/ngofs2.t15z.20261006.stations.nowcast.nc,Point Clear/Grand Hotel,0.0
noaa_ngofs2_point_clear_station,MODEL,"8733821 Pt Clear, MB",93,nearest_verified_coordinate,0.3114,30.489032745361328,-87.93621826171875,272.06378173828125,1.8300000429153442,bottom,39,-0.987500011920929,water_temperature,29.154651641845703,degC,2026-10-06T10:18:00+00:00,2026-10-06T15:00:00+00:00,2026-10-06T22:47:11.110927+00:00,2026-10-06T22:47:11.110927+00:00,https://opendap.co-ops.nos.noaa.gov/thredds/dodsC/NOAA/NGOFS2/MODELS/2026/10/06/ngofs2.t15z.20261006.stations.nowcast.nc,Point Clear/Grand Hotel,0.0
noaa_ngofs2_point_clear_station,MODEL,"8733821 Pt Clear, MB",93,nearest_verified_coordinate,0.3114,30.489032745361328,-87.93621826171875,272.06378173828125,1.8300000429153442,bottom,39,-0.987500011920929,salinity,15.016561508178711,1e-3,2026-10-06T10:18:00+00:00,2026-10-06T15:00:00+00:00,2026-10-06T22:47:11.110927+00:00,2026-10-06T22:47:11.110927+00:00,https://opendap.co-ops.nos.noaa.gov/thredds/dodsC/NOAA/NGOFS2/MODELS/2026/10/06/ngofs2.t15z.20261006.stations.nowcast.nc,Point Clear/Grand Hotel,0.0
noaa_ngofs2_point_clear_station,MODEL,"8733821 Pt Clear, MB",93,nearest_verified_coordinate,0.3114,30.489032745361328,-87.93621826171875,272.06378173828125,1.8300000429153442,surface,,,water_surface_elevation,0.326202929019928,m,2026-10-06T10:18:00+00:00,2026-10-06T15:00:00+00:00,2026-10-06T22:47:11.110927+00:00,2026-10-06T22:47:11.110927+00:00,https://opendap.co-ops.nos.noaa.gov/thredds/dodsC/NOAA/NGOFS2/MODELS/2026/10/06/ngofs2.t15z.20261006.stations.nowcast.nc,Point Clear/Grand Hotel,0.0
noaa_ngofs2_point_clear_station,MODEL,"8733821 Pt Clear, MB",93,nearest_verified_coordinate,0.3114,30.489032745361328,-87.93621826171875,272.06378173828125,1.8300000429153442,surface,0,-0.012500000186264515,eastward_current,-0.057586669921875,m/s,2026-10-06T10:24:00+00:00,2026-10-06T15:00:00+00:00,2026-10-06T22:47:11.110927+00:00,2026-10-06T22:47:11.110927+00:00,https://opendap.co-ops.nos.noaa.gov/thredds/dodsC/NOAA/NGOFS2/MODELS/2026/10/06/ngofs2.t15z.20261006.stations.nowcast.nc,Point Clear/Grand Hotel,0.0
noaa_ngofs2_point_clear_station,MODEL,"8733821 Pt Clear, MB",93,nearest_verified_coordinate,0.3114,30.489032745361328,-87.93621826171875,272.06378173828125,1.8300000429153442,surface,0,-0.012500000186264515,northward_current,-0.08025956153869629,m/s,2026-10-06T10:24:00+00:00,2026-10-06T15:00:00+00:00,2026-10-06T22:47:11.110927+00:00,2026-10-06T22:47:11.110927+00:00,https://opendap.co-ops.nos.noaa.gov/thredds/dodsC/NOAA/NGOFS2/MODELS/2026/10/06/ngofs2.t15z.20261006.stations.nowcast.nc,Point Clear/Grand Hotel,0.0
noaa_ngofs2_point_clear_station,MODEL,"8733821 Pt Clear, MB",93,nearest_verified_coordinate,0.3114,30.489032745361328,-87.93621826171875,272.06378173828125,1.8300000429153442,surface,0,-0.012500000186264515,shoreward_current,-0.05758666992187501,m/s,2026-10-06T10:24:00+00:00,2026-10-06T15:00:00+00:00,2026-10-06T22:47:11.110927+00:00,2026-10-06T22:47:11.110927+00:00,https://opendap.co-ops.nos.noaa.gov/thredds/dodsC/NOAA/NGOFS2/MODELS/2026/10/06/ngofs2.t15z.20261006.stations.nowcast.nc,Point Clear/Grand Hotel,0.0
noaa_ngofs2_point_clear_station,MODEL,"8733821 Pt Clear, MB",93,nearest_verified_coordinate,0.3114,30.489032745361328,-87.93621826171875,272.06378173828125,1.8300000429153442,surface,0,-0.012500000186264515,water_temperature,28.882301330566406,degC,2026-10-06T10:24:00+00:00,2026-10-06T15:00:00+00:00,2026-10-06T22:47:11.110927+00:00,2026-10-06T22:47:11.110927+00:00,https://opendap.co-ops.nos.noaa.gov/thredds/dodsC/NOAA/NGOFS2/MODELS/2026/10/06/ngofs2.t15z.20261006.stations.nowcast.nc,Point Clear/Grand Hotel,0.0
noaa_ngofs2_point_clear_station,MODEL,"8733821 Pt Clear, MB",93,nearest_verified_coordinate,0.3114,30.489032745361328,-87.93621826171875,272.06378173828125,1.8300000429153442,surface,0,-0.012500000186264515,salinity,14.514047622680664,1e-3,2026-10-06T10:24:00+00:00,2026-10-06T15:00:00+00:00,2026-10-06T22:47:11.110927+00:00,2026-10-06T22:47:11.110927+00:00,https://opendap.co-ops.nos.noaa.gov/thredds/dodsC/NOAA/NGOFS2/MODELS/2026/10/06/ngofs2.t15z.20261006.stations.nowcast.nc,Point Clear/Grand Hotel,0.0
noaa_ngofs2_point_clear_station,MODEL,"8733821 Pt Clear, MB",93,nearest_verified_coordinate,0.3114,30.489032745361328,-87.93621826171875,272.06378173828125,1.8300000429153442,bottom,39,-0.987500011920929,eastward_current,0.006843065842986107,m/s,2026-10-06T10:24:00+00:00,2026-10-06T15:00:00+00:00,2026-10-06T22:47:11.110927+00:00,2026-10-06T22:47:11.110927+00:00,https://opendap.co-ops.nos.noaa.gov/thredds/dodsC/NOAA/NGOFS2/MODELS/2026/10/06/ngofs2.t15z.20261006.stations.nowcast.nc,Point Clear/Grand Hotel,0.0
noaa_ngofs2_point_clear_station,MODEL,"8733821 Pt Clear, MB",93,nearest_verified_coordinate,0.3114,30.489032745361328,-87.93621826171875,272.06378173828125,1.8300000429153442,bottom,39,-0.987500011920929,northward_current,-0.007715804502367973,m/s,2026-10-06T10:24:00+00:00,2026-10-06T15:00:00+00:00,2026-10-06T22:47:11.110927+00:00,2026-10-06T22:47:11.110927+00:00,https://opendap.co-ops.nos.noaa.gov/thredds/dodsC/NOAA/NGOFS2/MODELS/2026/10/06/ngofs2.t15z.20261006.stations.nowcast.nc,Point Clear/Grand Hotel,0.0
noaa_ngofs2_point_clear_station,MODEL,"8733821 Pt Clear, MB",93,nearest_verified_coordinate,0.3114,30.489032745361328,-87.93621826171875,272.06378173828125,1.8300000429153442,bottom,39,-0.987500011920929,shoreward_current,0.006843065842986106,m/s,2026-10-06T10:24:00+00:00,2026-10-06T15:00:00+00:00,2026-10-06T22:47:11.110927+00:00,2026-10-06T22:47:11.110927+00:00,https://opendap.co-ops.nos.noaa.gov/thredds/dodsC/NOAA/NGOFS2/MODELS/2026/10/06/ngofs2.t15z.20261006.stations.nowcast.nc,Point Clear/Grand Hotel,0.0
noaa_ngofs2_point_clear_station,MODEL,"8733821 Pt Clear, MB",93,nearest_verified_coordinate,0.3114,30.489032745361328,-87.93621826171875,272.06378173828125,1.8300000429153442,bottom,39,-0.987500011920929,water_temperature,29.15325355529785,degC,2026-10-06T10:24:00+00:00,2026-10-06T15:00:00+00:00,2026-10-06T22:47:11.110927+00:00,2026-10-06T22:47:11.110927+00:00,https://opendap.co-ops.nos.noaa.gov/thredds/dodsC/NOAA/NGOFS2/MODELS/2026/10/06/ngofs2.t15z.20261006.stations.nowcast.nc,Point Clear/Grand Hotel,0.0
noaa_ngofs2_point_clear_station,MODEL,"8733821 Pt Clear, MB",93,nearest_verified_coordinate,0.3114,30.489032745361328,-87.93621826171875,272.06378173828125,1.8300000429153442,bottom,39,-0.987500011920929,salinity,15.036860466003418,1e-3,2026-10-06T10:24:00+00:00,2026-10-06T15:00:00+00:00,2026-10-06T22:47:11.110927+00:00,2026-10-06T22:47:11.110927+00:00,https://opendap.co-ops.nos.noaa.gov/thredds/dodsC/NOAA/NGOFS2/MODELS/2026/10/06/ngofs2.t15z.20261006.stations.nowcast.nc,Point Clear/Grand Hotel,0.0
noaa_ngofs2_point_clear_station,MODEL,"8733821 Pt Clear, MB",93,nearest_verified_coordinate,0.3114,30.489032745361328,-87.93621826171875,272.06378173828125,1.8300000429153442,surface,,,water_surface_elevation,0.32780560851097107,m,2026-10-06T10:24:00+00:00,2026-10-06T15:00:00+00:00,2026-10-06T22:47:11.110927+00:00,2026-10-06T22:47:11.110927+00:00,https://opendap.co-ops.nos.noaa.gov/thredds/dodsC/NOAA/NGOFS2/MODELS/2026/10/06/ngofs2.t15z.20261006.stations.nowcast.nc,Point Clear/Grand Hotel,0.0
noaa_ngofs2_point_clear_station,MODEL,"8733821 Pt Clear, MB",93,nearest_verified_coordinate,0.3114,30.489032745361328,-87.93621826171875,272.06378173828125,1.8300000429153442,surface,0,-0.012500000186264515,eastward_current,-0.05764029547572136,m/s,2026-10-06T10:30:00+00:00,2026-10-06T15:00:00+00:00,2026-10-06T22:47:11.110927+00:00,2026-10-06T22:47:11.110927+00:00,https://opendap.co-ops.nos.noaa.gov/thredds/dodsC/NOAA/NGOFS2/MODELS/2026/10/06/ngofs2.t15z.20261006.stations.nowcast.nc,Point Clear/Grand Hotel,0.0
noaa_ngofs2_point_clear_station,MODEL,"8733821 Pt Clear, MB",93,nearest_verified_coordinate,0.3114,30.489032745361328,-87.93621826171875,272.06378173828125,1.8300000429153442,surface,0,-0.012500000186264515,northward_current,-0.0801079049706459,m/s,2026-10-06T10:30:00+00:00,2026-10-06T15:00:00+00:00,2026-10-06T22:47:11.110927+00:00,2026-10-06T22:47:11.110927+00:00,https://opendap.co-ops.nos.noaa.gov/thredds/dodsC/NOAA/NGOFS2/MODELS/2026/10/06/ngofs2.t15z.20261006.stations.nowcast.nc,Point Clear/Grand Hotel,0.0
noaa_ngofs2_point_clear_station,MODEL,"8733821 Pt Clear, MB",93,nearest_verified_coordinate,0.3114,30.489032745361328,-87.93621826171875,272.06378173828125,1.8300000429153442,surface,0,-0.012500000186264515,shoreward_current,-0.057640295475721366,m/s,2026-10-06T10:30:00+00:00,2026-10-06T15:00:00+00:00,2026-10-06T22:47:11.110927+00:00,2026-10-06T22:47:11.110927+00:00,https://opendap.co-ops.nos.noaa.gov/thredds/dodsC/NOAA/NGOFS2/MODELS/2026/10/06/ngofs2.t15z.20261006.stations.nowcast.nc,Point Clear/Grand Hotel,0.0
noaa_ngofs2_point_clear_station,MODEL,"8733821 Pt Clear, MB",93,nearest_verified_coordinate,0.3114,30.489032745361328,-87.93621826171875,272.06378173828125,1.8300000429153442,surface,0,-0.012500000186264515,water_temperature,28.872859954833984,degC,2026-10-06T10:30:00+00:00,2026-10-06T15:00:00+00:00,2026-10-06T22:47:11.110927+00:00,2026-10-06T22:47:11.110927+00:00,https://opendap.co-ops.nos.noaa.gov/thredds/dodsC/NOAA/NGOFS2/MODELS/2026/10/06/ngofs2.t15z.20261006.stations.nowcast.nc,Point Clear/Grand Hotel,0.0
noaa_ngofs2_point_clear_station,MODEL,"8733821 Pt Clear, MB",93,nearest_verified_coordinate,0.3114,30.489032745361328,-87.93621826171875,272.06378173828125,1.8300000429153442,surface,0,-0.012500000186264515,salinity,14.512399673461914,1e-3,2026-10-06T10:30:00+00:00,2026-10-06T15:00:00+00:00,2026-10-06T22:47:11.110927+00:00,2026-10-06T22:47:11.110927+00:00,https://opendap.co-ops.nos.noaa.gov/thredds/dodsC/NOAA/NGOFS2/MODELS/2026/10/06/ngofs2.t15z.20261006.stations.nowcast.nc,Point Clear/Grand Hotel,0.0
noaa_ngofs2_point_clear_station,MODEL,"8733821 Pt Clear, MB",93,nearest_verified_coordinate,0.3114,30.489032745361328,-87.93621826171875,272.06378173828125,1.8300000429153442,bottom,39,-0.987500011920929,eastward_current,0.006837241817265749,m/s,2026-10-06T10:30:00+00:00,2026-10-06T15:00:00+00:00,2026-10-06T22:47:11.110927+00:00,2026-10-06T22:47:11.110927+00:00,https://opendap.co-ops.nos.noaa.gov/thredds/dodsC/NOAA/NGOFS2/MODELS/2026/10/06/ngofs2.t15z.20261006.stations.nowcast.nc,Point Clear/Grand Hotel,0.0
noaa_ngofs2_point_clear_station,MODEL,"8733821 Pt Clear, MB",93,nearest_verified_coordinate,0.3114,30.489032745361328,-87.93621826171875,272.06378173828125,1.8300000429153442,bottom,39,-0.987500011920929,northward_current,-0.0076174186542630196,m/s,2026-10-06T10:30:00+00:00,2026-10-06T15:00:00+00:00,2026-10-06T22:47:11.110927+00:00,2026-10-06T22:47:11.110927+00:00,https://opendap.co-ops.nos.noaa.gov/thredds/dodsC/NOAA/NGOFS2/MODELS/2026/10/06/ngofs2.t15z.20261006.stations.nowcast.nc,Point Clear/Grand Hotel,0.0
noaa_ngofs2_point_clear_station,MODEL,"8733821 Pt Clear, MB",93,nearest_verified_coordinate,0.3114,30.489032745361328,-87.93621826171875,272.06378173828125,1.8300000429153442,bottom,39,-0.987500011920929,shoreward_current,0.006837241817265748,m/s,2026-10-06T10:30:00+00:00,2026-10-06T15:00:00+00:00,2026-10-06T22:47:11.110927+00:00,2026-10-06T22:47:11.110927+00:00,https://opendap.co-ops.nos.noaa.gov/thredds/dodsC/NOAA/NGOFS2/MODELS/2026/10/06/ngofs2.t15z.20261006.stations.nowcast.nc,Point Clear/Grand Hotel,0.0
noaa_ngofs2_point_clear_station,MODEL,"8733821 Pt Clear, MB",93,nearest_verified_coordinate,0.3114,30.489032745361328,-87.93621826171875,272.06378173828125,1.8300000429153442,bottom,39,-0.987500011920929,water_temperature,29.15127944946289,degC,2026-10-06T10:30:00+00:00,2026-10-06T15:00:00+00:00,2026-10-06T22:47:11.110927+00:00,2026-10-06T22:47:11.110927+00:00,https://opendap.co-ops.nos.noaa.gov/thredds/dodsC/NOAA/NGOFS2/MODELS/2026/10/06/ngofs2.t15z.20261006.stations.nowcast.nc,Point Clear/Grand Hotel,0.0
noaa_ngofs2_point_clear_station,MODEL,"8733821 Pt Clear, MB",93,nearest_verified_coordinate,0.3114,30.489032745361328,-87.93621826171875,272.06378173828125,1.8300000429153442,bottom,39,-0.987500011920929,salinity,15.055109024047852,1e-3,2026-10-06T10:30:00+00:00,2026-10-06T15:00:00+00:00,2026-10-06T22:47:11.110927+00:00,2026-10-06T22:47:11.110927+00:00,https://opendap.co-ops.nos.noaa.gov/thredds/dodsC/NOAA/NGOFS2/MODELS/2026/10/06/ngofs2.t15z.20261006.stations.nowcast.nc,Point Clear/Grand Hotel,0.0
noaa_ngofs2_point_clear_station,MODEL,"8733821 Pt Clear, MB",93,nearest_verified_coordinate,0.3114,30.489032745361328,-87.93621826171875,272.06378173828125,1.8300000429153442,surface,,,water_surface_elevation,0.3298330008983612,m,2026-10-06T10:30:00+00:00,2026-10-06T15:00:00+00:00,2026-10-06T22:47:11.110927+00:00,2026-10-06T22:47:11.110927+00:00,https://opendap.co-ops.nos.noaa.gov/thredds/dodsC/NOAA/NGOFS2/MODELS/2026/10/06/ngofs2.t15z.20261006.stations.nowcast.nc,Point Clear/Grand Hotel,0.0
noaa_ngofs2_point_clear_station,MODEL,"8733821 Pt Clear, MB",93,nearest_verified_coordinate,0.3114,30.489032745361328,-87.93621826171875,272.06378173828125,1.8300000429153442,surface,0,-0.012500000186264515,eastward_current,-0.058119531720876694,m/s,2026-10-06T10:36:00+00:00,2026-10-06T15:00:00+00:00,2026-10-06T22:47:11.110927+00:00,2026-10-06T22:47:11.110927+00:00,https://opendap.co-ops.nos.noaa.gov/thredds/dodsC/NOAA/NGOFS2/MODELS/2026/10/06/ngofs2.t15z.20261006.stations.nowcast.nc,Point Clear/Grand Hotel,0.0
noaa_ngofs2_point_clear_station,MODEL,"8733821 Pt Clear, MB",93,nearest_verified_coordinate,0.3114,30.489032745361328,-87.93621826171875,272.06378173828125,1.8300000429153442,surface,0,-0.012500000186264515,northward_current,-0.08017539978027344,m/s,2026-10-06T10:36:00+00:00,2026-10-06T15:00:00+00:00,2026-10-06T22:47:11.110927+00:00,2026-10-06T22:47:11.110927+00:00,https://opendap.co-ops.nos.noaa.gov/thredds/dodsC/NOAA/NGOFS2/MODELS/2026/10/06/ngofs2.t15z.20261006.stations.nowcast.nc,Point Clear/Grand Hotel,0.0
noaa_ngofs2_point_clear_station,MODEL,"8733821 Pt Clear, MB",93,nearest_verified_coordinate,0.3114,30.489032745361328,-87.93621826171875,272.06378173828125,1.8300000429153442,surface,0,-0.012500000186264515,shoreward_current,-0.0581195317208767,m/s,2026-10-06T10:36:00+00:00,2026-10-06T15:00:00+00:00,2026-10-06T22:47:11.110927+00:00,2026-10-06T22:47:11.110927+00:00,https://opendap.co-ops.nos.noaa.gov/thredds/dodsC/NOAA/NGOFS2/MODELS/2026/10/06/ngofs2.t15z.20261006.stations.nowcast.nc,Point Clear/Grand Hotel,0.0
noaa_ngofs2_point_clear_station,MODEL,"8733821 Pt Clear, MB",93,nearest_verified_coordinate,0.3114,30.489032745361328,-87.93621826171875,272.06378173828125,1.8300000429153442,surface,0,-0.012500000186264515,water_temperature,28.862876892089844,degC,2026-10-06T10:36:00+00:00,2026-10-06T15:00:00+00:00,2026-10-06T22:47:11.110927+00:00,2026-10-06T22:47:11.110927+00:00,https://opendap.co-ops.nos.noaa.gov/thredds/dodsC/NOAA/NGOFS2/MODELS/2026/10/06/ngofs2.t15z.20261006.stations.nowcast.nc,Point Clear/Grand Hotel,0.0
noaa_ngofs2_point_clear_station,MODEL,"8733821 Pt Clear, MB",93,nearest_verified_coordinate,0.3114,30.489032745361328,-87.93621826171875,272.06378173828125,1.8300000429153442,surface,0,-0.012500000186264515,salinity,14.509577751159668,1e-3,2026-10-06T10:36:00+00:00,2026-10-06T15:00:00+00:00,2026-10-06T22:47:11.110927+00:00,2026-10-06T22:47:11.110927+00:00,https://opendap.co-ops.nos.noaa.gov/thredds/dodsC/NOAA/NGOFS2/MODELS/2026/10/06/ngofs2.t15z.20261006.stations.nowcast.nc,Point Clear/Grand Hotel,0.0
noaa_ngofs2_point_clear_station,MODEL,"8733821 Pt Clear, MB",93,nearest_verified_coordinate,0.3114,30.489032745361328,-87.93621826171875,272.06378173828125,1.8300000429153442,bottom,39,-0.987500011920929,eastward_current,0.007125732954591513,m/s,2026-10-06T10:36:00+00:00,2026-10-06T15:00:00+00:00,2026-10-06T22:47:11.110927+00:00,2026-10-06T22:47:11.110927+00:00,https://opendap.co-ops.nos.noaa.gov/thredds/dodsC/NOAA/NGOFS2/MODELS/2026/10/06/ngofs2.t15z.20261006.stations.nowcast.nc,Point Clear/Grand Hotel,0.0
noaa_ngofs2_point_clear_station,MODEL,"8733821 Pt Clear, MB",93,nearest_verified_coordinate,0.3114,30.489032745361328,-87.93621826171875,272.06378173828125,1.8300000429153442,bottom,39,-0.987500011920929,northward_current,-0.007065217941999435,m/s,2026-10-06T10:36:00+00:00,2026-10-06T15:00:00+00:00,2026-10-06T22:47:11.110927+00:00,2026-10-06T22:47:11.110927+00:00,https://opendap.co-ops.nos.noaa.gov/thredds/dodsC/NOAA/NGOFS2/MODELS/2026/10/06/ngofs2.t15z.20261006.stations.nowcast.nc,Point Clear/Grand Hotel,0.0
noaa_ngofs2_point_clear_station,MODEL,"8733821 Pt Clear, MB",93,nearest_verified_coordinate,0.3114,30.489032745361328,-87.93621826171875,272.06378173828125,1.8300000429153442,bottom,39,-0.987500011920929,shoreward_current,0.007125732954591513,m/s,2026-10-06T10:36:00+00:00,2026-10-06T15:00:00+00:00,2026-10-06T22:47:11.110927+00:00,2026-10-06T22:47:11.110927+00:00,https://opendap.co-ops.nos.noaa.gov/thredds/dodsC/NOAA/NGOFS2/MODELS/2026/10/06/ngofs2.t15z.20261006.stations.nowcast.nc,Point Clear/Grand Hotel,0.0
noaa_ngofs2_point_clear_station,MODEL,"8733821 Pt Clear, MB",93,nearest_verified_coordinate,0.3114,30.489032745361328,-87.93621826171875,272.06378173828125,1.8300000429153442,bottom,39,-0.987500011920929,water_temperature,29.14917755126953,degC,2026-10-06T10:36:00+00:00,2026-10-06T15:00:00+00:00,2026-10-06T22:47:11.110927+00:00,2026-10-06T22:47:11.110927+00:00,https://opendap.co-ops.nos.noaa.gov/thredds/dodsC/NOAA/NGOFS2/MODELS/2026/10/06/ngofs2.t15z.20261006.stations.nowcast.nc,Point Clear/Grand Hotel,0.0
noaa_ngofs2_point_clear_station,MODEL,"8733821 Pt Clear, MB",93,nearest_verified_coordinate,0.3114,30.489032745361328,-87.93621826171875,272.06378173828125,1.8300000429153442,bottom,39,-0.987500011920929,salinity,15.072834968566895,1e-3,2026-10-06T10:36:00+00:00,2026-10-06T15:00:00+00:00,2026-10-06T22:47:11.110927+00:00,2026-10-06T22:47:11.110927+00:00,https://opendap.co-ops.nos.noaa.gov/thredds/dodsC/NOAA/NGOFS2/MODELS/2026/10/06/ngofs2.t15z.20261006.stations.nowcast.nc,Point Clear/Grand Hotel,0.0
noaa_ngofs2_point_clear_station,MODEL,"8733821 Pt Clear, MB",93,nearest_verified_coordinate,0.3114,30.489032745361328,-87.93621826171875,272.06378173828125,1.8300000429153442,surface,,,water_surface_elevation,0.33225181698799133,m,2026-10-06T10:36:00+00:00,2026-10-06T15:00:00+00:00,2026-10-06T22:47:11.110927+00:00,2026-10-06T22:47:11.110927+00:00,https://opendap.co-ops.nos.noaa.gov/thredds/dodsC/NOAA/NGOFS2/MODELS/2026/10/06/ngofs2.t15z.20261006.stations.nowcast.nc,Point Clear/Grand Hotel,0.0
noaa_ngofs2_point_clear_station,MODEL,"8733821 Pt Clear, MB",93,nearest_verified_coordinate,0.3114,30.489032745361328,-87.93621826171875,272.06378173828125,1.8300000429153442,surface,0,-0.012500000186264515,eastward_current,-0.05816701799631119,m/s,2026-10-06T10:42:00+00:00,2026-10-06T15:00:00+00:00,2026-10-06T22:47:11.110927+00:00,2026-10-06T22:47:11.110927+00:00,https://opendap.co-ops.nos.noaa.gov/thredds/dodsC/NOAA/NGOFS2/MODELS/2026/10/06/ngofs2.t15z.20261006.stations.nowcast.nc,Point Clear/Grand Hotel,0.0
noaa_ngofs2_point_clear_station,MODEL,"8733821 Pt Clear, MB",93,nearest_verified_coordinate,0.3114,30.489032745361328,-87.93621826171875,272.06378173828125,1.8300000429153442,surface,0,-0.012500000186264515,northward_current,-0.07928069680929184,m/s,2026-10-06T10:42:00+00:00,2026-10-06T15:00:00+00:00,2026-10-06T22:47:11.110927+00:00,2026-10-06T22:47:11.110927+00:00,https://opendap.co-ops.nos.noaa.gov/thredds/dodsC/NOAA/NGOFS2/MODELS/2026/10/06/ngofs2.t15z.20261006.stations.nowcast.nc,Point Clear/Grand Hotel,0.0
noaa_ngofs2_point_clear_station,MODEL,"8733821 Pt Clear, MB",93,nearest_verified_coordinate,0.3114,30.489032745361328,-87.93621826171875,272.06378173828125,1.8300000429153442,surface,0,-0.012500000186264515,shoreward_current,-0.058167017996311195,m/s,2026-10-06T10:42:00+00:00,2026-10-06T15:00:00+00:00,2026-10-06T22:47:11.110927+00:00,2026-10-06T22:47:11.110927+00:00,https://opendap.co-ops.nos.noaa.gov/thredds/dodsC/NOAA/NGOFS2/MODELS/2026/10/06/ngofs2.t15z.20261006.stations.nowcast.nc,Point Clear/Grand Hotel,0.0
noaa_ngofs2_point_clear_station,MODEL,"8733821 Pt Clear, MB",93,nearest_verified_coordinate,0.3114,30.489032745361328,-87.93621826171875,272.06378173828125,1.8300000429153442,surface,0,-0.012500000186264515,water_temperature,28.85287857055664,degC,2026-10-06T10:42:00+00:00,2026-10-06T15:00:00+00:00,2026-10-06T22:47:11.110927+00:00,2026-10-06T22:47:11.110927+00:00,https://opendap.co-ops.nos.noaa.gov/thredds/dodsC/NOAA/NGOFS2/MODELS/2026/10/06/ngofs2.t15z.20261006.stations.nowcast.nc,Point Clear/Grand Hotel,0.0
noaa_ngofs2_point_clear_station,MODEL,"8733821 Pt Clear, MB",93,nearest_verified_coordinate,0.3114,30.489032745361328,-87.93621826171875,272.06378173828125,1.8300000429153442,surface,0,-0.012500000186264515,salinity,14.506414413452148,1e-3,2026-10-06T10:42:00+00:00,2026-10-06T15:00:00+00:00,2026-10-06T22:47:11.110927+00:00,2026-10-06T22:47:11.110927+00:00,https://opendap.co-ops.nos.noaa.gov/thredds/dodsC/NOAA/NGOFS2/MODELS/2026/10/06/ngofs2.t15z.20261006.stations.nowcast.nc,Point Clear/Grand Hotel,0.0
noaa_ngofs2_point_clear_station,MODEL,"8733821 Pt Clear, MB",93,nearest_verified_coordinate,0.3114,30.489032745361328,-87.93621826171875,272.06378173828125,1.8300000429153442,bottom,39,-0.987500011920929,eastward_current,0.007896083407104015,m/s,2026-10-06T10:42:00+00:00,2026-10-06T15:00:00+00:00,2026-10-06T22:47:11.110927+00:00,2026-10-06T22:47:11.110927+00:00,https://opendap.co-ops.nos.noaa.gov/thredds/dodsC/NOAA/NGOFS2/MODELS/2026/10/06/ngofs2.t15z.20261006.stations.nowcast.nc,Point Clear/Grand Hotel,0.0
noaa_ngofs2_point_clear_station,MODEL,"8733821 Pt Clear, MB",93,nearest_verified_coordinate,0.3114,30.489032745361328,-87.93621826171875,272.06378173828125,1.8300000429153442,bottom,39,-0.987500011920929,northward_current,-0.0057412912137806416,m/s,2026-10-06T10:42:00+00:00,2026-10-06T15:00:00+00:00,2026-10-06T22:47:11.110927+00:00,2026-10-06T22:47:11.110927+00:00,https://opendap.co-ops.nos.noaa.gov/thredds/dodsC/NOAA/NGOFS2/MODELS/2026/10/06/ngofs2.t15z.20261006.stations.nowcast.nc,Point Clear/Grand Hotel,0.0
noaa_ngofs2_point_clear_station,MODEL,"8733821 Pt Clear, MB",93,nearest_verified_coordinate,0.3114,30.489032745361328,-87.93621826171875,272.06378173828125,1.8300000429153442,bottom,39,-0.987500011920929,shoreward_current,0.007896083407104015,m/s,2026-10-06T10:42:00+00:00,2026-10-06T15:00:00+00:00,2026-10-06T22:47:11.110927+00:00,2026-10-06T22:47:11.110927+00:00,https://opendap.co-ops.nos.noaa.gov/thredds/dodsC/NOAA/NGOFS2/MODELS/2026/10/06/ngofs2.t15z.20261006.stations.nowcast.nc,Point Clear/Grand Hotel,0.0
noaa_ngofs2_point_clear_station,MODEL,"8733821 Pt Clear, MB",93,nearest_verified_coordinate,0.3114,30.489032745361328,-87.93621826171875,272.06378173828125,1.8300000429153442,bottom,39,-0.987500011920929,water_temperature,29.14702606201172,degC,2026-10-06T10:42:00+00:00,2026-10-06T15:00:00+00:00,2026-10-06T22:47:11.110927+00:00,2026-10-06T22:47:11.110927+00:00,https://opendap.co-ops.nos.noaa.gov/thredds/dodsC/NOAA/NGOFS2/MODELS/2026/10/06/ngofs2.t15z.20261006.stations.nowcast.nc,Point Clear/Grand Hotel,0.0
noaa_ngofs2_point_clear_station,MODEL,"8733821 Pt Clear, MB",93,nearest_verified_coordinate,0.3114,30.489032745361328,-87.93621826171875,272.06378173828125,1.8300000429153442,bottom,39,-0.987500011920929,salinity,15.091060638427734,1e-3,2026-10-06T10:42:00+00:00,2026-10-06T15:00:00+00:00,2026-10-06T22:47:11.110927+00:00,2026-10-06T22:47:11.110927+00:00,https://opendap.co-ops.nos.noaa.gov/thredds/dodsC/NOAA/NGOFS2/MODELS/2026/10/06/ngofs2.t15z.20261006.stations.nowcast.nc,Point Clear/Grand Hotel,0.0
noaa_ngofs2_point_clear_station,MODEL,"8733821 Pt Clear, MB",93,nearest_verified_coordinate,0.3114,30.489032745361328,-87.93621826171875,272.06378173828125,1.8300000429153442,surface,,,water_surface_elevation,0.3354245126247406,m,2026-10-06T10:42:00+00:00,2026-10-06T15:00:00+00:00,2026-10-06T22:47:11.110927+00:00,2026-10-06T22:47:11.110927+00:00,https://opendap.co-ops.nos.noaa.gov/thredds/dodsC/NOAA/NGOFS2/MODELS/2026/10/06/ngofs2.t15z.20261006.stations.nowcast.nc,Point Clear/Grand Hotel,0.0
noaa_ngofs2_point_clear_station,MODEL,"8733821 Pt Clear, MB",93,nearest_verified_coordinate,0.3114,30.489032745361328,-87.93621826171875,272.06378173828125,1.8300000429153442,surface,0,-0.012500000186264515,eastward_current,-0.058037277311086655,m/s,2026-10-06T10:48:00+00:00,2026-10-06T15:00:00+00:00,2026-10-06T22:47:11.110927+00:00,2026-10-06T22:47:11.110927+00:00,https://opendap.co-ops.nos.noaa.gov/thredds/dodsC/NOAA/NGOFS2/MODELS/2026/10/06/ngofs2.t15z.20261006.stations.nowcast.nc,Point Clear/Grand Hotel,0.0
noaa_ngofs2_point_clear_station,MODEL,"8733821 Pt Clear, MB",93,nearest_verified_coordinate,0.3114,30.489032745361328,-87.93621826171875,272.06378173828125,1.8300000429153442,surface,0,-0.012500000186264515,northward_current,-0.077700175344944,m/s,2026-10-06T10:48:00+00:00,2026-10-06T15:00:00+00:00,2026-10-06T22:47:11.110927+00:00,2026-10-06T22:47:11.110927+00:00,https://opendap.co-ops.nos.noaa.gov/thredds/dodsC/NOAA/NGOFS2/MODELS/2026/10/06/ngofs2.t15z.20261006.stations.nowcast.nc,Point Clear/Grand Hotel,0.0
noaa_ngofs2_point_clear_station,MODEL,"8733821 Pt Clear, MB",93,nearest_verified_coordinate,0.3114,30.489032745361328,-87.93621826171875,272.06378173828125,1.8300000429153442,surface,0,-0.012500000186264515,shoreward_current,-0.05803727731108666,m/s,2026-10-06T10:48:00+00:00,2026-10-06T15:00:00+00:00,2026-10-06T22:47:11.110927+00:00,2026-10-06T22:47:11.110927+00:00,https://opendap.co-ops.nos.noaa.gov/thredds/dodsC/NOAA/NGOFS2/MODELS/2026/10/06/ngofs2.t15z.20261006.stations.nowcast.nc,Point Clear/Grand Hotel,0.0
noaa_ngofs2_point_clear_station,MODEL,"8733821 Pt Clear, MB",93,nearest_verified_coordinate,0.3114,30.489032745361328,-87.93621826171875,272.06378173828125,1.8300000429153442,surface,0,-0.012500000186264515,water_temperature,28.8431339263916,degC,2026-10-06T10:48:00+00:00,2026-10-06T15:00:00+00:00,2026-10-06T22:47:11.110927+00:00,2026-10-06T22:47:11.110927+00:00,https://opendap.co-ops.nos.noaa.gov/thredds/dodsC/NOAA/NGOFS2/MODELS/2026/10/06/ngofs2.t15z.20261006.stations.nowcast.nc,Point Clear/Grand Hotel,0.0
noaa_ngofs2_point_clear_station,MODEL,"8733821 Pt Clear, MB",93,nearest_verified_coordinate,0.3114,30.489032745361328,-87.93621826171875,272.06378173828125,1.8300000429153442,surface,0,-0.012500000186264515,salinity,14.503686904907227,1e-3,2026-10-06T10:48:00+00:00,2026-10-06T15:00:00+00:00,2026-10-06T22:47:11.110927+00:00,2026-10-06T22:47:11.110927+00:00,https://opendap.co-ops.nos.noaa.gov/thredds/dodsC/NOAA/NGOFS2/MODELS/2026/10/06/ngofs2.t15z.20261006.stations.nowcast.nc,Point Clear/Grand Hotel,0.0
noaa_ngofs2_point_clear_station,MODEL,"8733821 Pt Clear, MB",93,nearest_verified_coordinate,0.3114,30.489032745361328,-87.93621826171875,272.06378173828125,1.8300000429153442,bottom,39,-0.987500011920929,eastward_current,0.008620615117251873,m/s,2026-10-06T10:48:00+00:00,2026-10-06T15:00:00+00:00,2026-10-06T22:47:11.110927+00:00,2026-10-06T22:47:11.110927+00:00,https://opendap.co-ops.nos.noaa.gov/thredds/dodsC/NOAA/NGOFS2/MODELS/2026/10/06/ngofs2.t15z.20261006.stations.nowcast.nc,Point Clear/Grand Hotel,0.0
noaa_ngofs2_point_clear_station,MODEL,"8733821 Pt Clear, MB",93,nearest_verified_coordinate,0.3114,30.489032745361328,-87.93621826171875,272.06378173828125,1.8300000429153442,bottom,39,-0.987500011920929,northward_current,-0.004206760786473751,m/s,2026-10-06T10:48:00+00:00,2026-10-06T15:00:00+00:00,2026-10-06T22:47:11.110927+00:00,2026-10-06T22:47:11.110927+00:00,https://opendap.co-ops.nos.noaa.gov/thredds/dodsC/NOAA/NGOFS2/MODELS/2026/10/06/ngofs2.t15z.20261006.stations.nowcast.nc,Point Clear/Grand Hotel,0.0
noaa_ngofs2_point_clear_station,MODEL,"8733821 Pt Clear, MB",93,nearest_verified_coordinate,0.3114,30.489032745361328,-87.93621826171875,272.06378173828125,1.8300000429153442,bottom,39,-0.987500011920929,shoreward_current,0.008620615117251873,m/s,2026-10-06T10:48:00+00:00,2026-10-06T15:00:00+00:00,2026-10-06T22:47:11.110927+00:00,2026-10-06T22:47:11.110927+00:00,https://opendap.co-ops.nos.noaa.gov/thredds/dodsC/NOAA/NGOFS2/MODELS/2026/10/06/ngofs2.t15z.20261006.stations.nowcast.nc,Point Clear/Grand Hotel,0.0
noaa_ngofs2_point_clear_station,MODEL,"8733821 Pt Clear, MB",93,nearest_verified_coordinate,0.3114,30.489032745361328,-87.93621826171875,272.06378173828125,1.8300000429153442,bottom,39,-0.987500011920929,water_temperature,29.144882202148438,degC,2026-10-06T10:48:00+00:00,2026-10-06T15:00:00+00:00,2026-10-06T22:47:11.110927+00:00,2026-10-06T22:47:11.110927+00:00,https://opendap.co-ops.nos.noaa.gov/thredds/dodsC/NOAA/NGOFS2/MODELS/2026/10/06/ngofs2.t15z.20261006.stations.nowcast.nc,Point Clear/Grand Hotel,0.0
noaa_ngofs2_point_clear_station,MODEL,"8733821 Pt Clear, MB",93,nearest_verified_coordinate,0.3114,30.489032745361328,-87.93621826171875,272.06378173828125,1.8300000429153442,bottom,39,-0.987500011920929,salinity,15.110054969787598,1e-3,2026-10-06T10:48:00+00:00,2026-10-06T15:00:00+00:00,2026-10-06T22:47:11.110927+00:00,2026-10-06T22:47:11.110927+00:00,https://opendap.co-ops.nos.noaa.gov/thredds/dodsC/NOAA/NGOFS2/MODELS/2026/10/06/ngofs2.t15z.20261006.stations.nowcast.nc,Point Clear/Grand Hotel,0.0
noaa_ngofs2_point_clear_station,MODEL,"8733821 Pt Clear, MB",93,nearest_verified_coordinate,0.3114,30.489032745361328,-87.93621826171875,272.06378173828125,1.8300000429153442,surface,,,water_surface_elevation,0.33894476294517517,m,2026-10-06T10:48:00+00:00,2026-10-06T15:00:00+00:00,2026-10-06T22:47:11.110927+00:00,2026-10-06T22:47:11.110927+00:00,https://opendap.co-ops.nos.noaa.gov/thredds/dodsC/NOAA/NGOFS2/MODELS/2026/10/06/ngofs2.t15z.20261006.stations.nowcast.nc,Point Clear/Grand Hotel,0.0
noaa_ngofs2_point_clear_station,MODEL,"8733821 Pt Clear, MB",93,nearest_verified_coordinate,0.3114,30.489032745361328,-87.93621826171875,272.06378173828125,1.8300000429153442,surface,0,-0.012500000186264515,eastward_current,-0.05814336612820625,m/s,2026-10-06T10:54:00+00:00,2026-10-06T15:00:00+00:00,2026-10-06T22:47:11.110927+00:00,2026-10-06T22:47:11.110927+00:00,https://opendap.co-ops.nos.noaa.gov/thredds/dodsC/NOAA/NGOFS2/MODELS/2026/10/06/ngofs2.t15z.20261006.stations.nowcast.nc,Point Clear/Grand Hotel,0.0
noaa_ngofs2_point_clear_station,MODEL,"8733821 Pt Clear, MB",93,nearest_verified_coordinate,0.3114,30.489032745361328,-87.93621826171875,272.06378173828125,1.8300000429153442,surface,0,-0.012500000186264515,northward_current,-0.07670589536428452,m/s,2026-10-06T10:54:00+00:00,2026-10-06T15:00:00+00:00,2026-10-06T22:47:11.110927+00:00,2026-10-06T22:47:11.110927+00:00,https://opendap.co-ops.nos.noaa.gov/thredds/dodsC/NOAA/NGOFS2/MODELS/2026/10/06/ngofs2.t15z.20261006.stations.nowcast.nc,Point Clear/Grand Hotel,0.0
noaa_ngofs2_point_clear_station,MODEL,"8733821 Pt Clear, MB",93,nearest_verified_coordinate,0.3114,30.489032745361328,-87.93621826171875,272.06378173828125,1.8300000429153442,surface,0,-0.012500000186264515,shoreward_current,-0.05814336612820626,m/s,2026-10-06T10:54:00+00:00,2026-10-06T15:00:00+00:00,2026-10-06T22:47:11.110927+00:00,2026-10-06T22:47:11.110927+00:00,https://opendap.co-ops.nos.noaa.gov/thredds/dodsC/NOAA/NGOFS2/MODELS/2026/10/06/ngofs2.t15z.20261006.stations.nowcast.nc,Point Clear/Grand Hotel,0.0
noaa_ngofs2_point_clear_station,MODEL,"8733821 Pt Clear, MB",93,nearest_verified_coordinate,0.3114,30.489032745361328,-87.93621826171875,272.06378173828125,1.8300000429153442,surface,0,-0.012500000186264515,water_temperature,28.83340835571289,degC,2026-10-06T10:54:00+00:00,2026-10-06T15:00:00+00:00,2026-10-06T22:47:11.110927+00:00,2026-10-06T22:47:11.110927+00:00,https://opendap.co-ops.nos.noaa.gov/thredds/dodsC/NOAA/NGOFS2/MODELS/2026/10/06/ngofs2.t15z.20261006.stations.nowcast.nc,Point Clear/Grand Hotel,0.0
noaa_ngofs2_point_clear_station,MODEL,"8733821 Pt Clear, MB",93,nearest_verified_coordinate,0.3114,30.489032745361328,-87.93621826171875,272.06378173828125,1.8300000429153442,surface,0,-0.012500000186264515,salinity,14.501130104064941,1e-3,2026-10-06T10:54:00+00:00,2026-10-06T15:00:00+00:00,2026-10-06T22:47:11.110927+00:00,2026-10-06T22:47:11.110927+00:00,https://opendap.co-ops.nos.noaa.gov/thredds/dodsC/NOAA/NGOFS2/MODELS/2026/10/06/ngofs2.t15z.20261006.stations.nowcast.nc,Point Clear/Grand Hotel,0.0
noaa_ngofs2_point_clear_station,MODEL,"8733821 Pt Clear, MB",93,nearest_verified_coordinate,0.3114,30.489032745361328,-87.93621826171875,272.06378173828125,1.8300000429153442,bottom,39,-0.987500011920929,eastward_current,0.00911948923021555,m/s,2026-10-06T10:54:00+00:00,2026-10-06T15:00:00+00:00,2026-10-06T22:47:11.110927+00:00,2026-10-06T22:47:11.110927+00:00,https://opendap.co-ops.nos.noaa.gov/thredds/dodsC/NOAA/NGOFS2/MODELS/2026/10/06/ngofs2.t15z.20261006.stations.nowcast.nc,Point Clear/Grand Hotel,0.0
noaa_ngofs2_point_clear_station,MODEL,"8733821 Pt Clear, MB",93,nearest_verified_coordinate,0.3114,30.489032745361328,-87.93621826171875,272.06378173828125,1.8300000429153442,bottom,39,-0.987500011920929,northward_current,-0.0031653279438614845,m/s,2026-10-06T10:54:00+00:00,2026-10-06T15:00:00+00:00,2026-10-06T22:47:11.110927+00:00,2026-10-06T22:47:11.110927+00:00,https://opendap.co-ops.nos.noaa.gov/thredds/dodsC/NOAA/NGOFS2/MODELS/2026/10/06/ngofs2.t15z.20261006.stations.nowcast.nc,Point Clear/Grand Hotel,0.0
noaa_ngofs2_point_clear_station,MODEL,"8733821 Pt Clear, MB",93,nearest_verified_coordinate,0.3114,30.489032745361328,-87.93621826171875,272.06378173828125,1.8300000429153442,bottom,39,-0.987500011920929,shoreward_current,0.00911948923021555,m/s,2026-10-06T10:54:00+00:00,2026-10-06T15:00:00+00:00,2026-10-06T22:47:11.110927+00:00,2026-10-06T22:47:11.110927+00:00,https://opendap.co-ops.nos.noaa.gov/thredds/dodsC/NOAA/NGOFS2/MODELS/2026/10/06/ngofs2.t15z.20261006.stations.nowcast.nc,Point Clear/Grand Hotel,0.0
noaa_ngofs2_point_clear_station,MODEL,"8733821 Pt Clear, MB",93,nearest_verified_coordinate,0.3114,30.489032745361328,-87.93621826171875,272.06378173828125,1.8300000429153442,bottom,39,-0.987500011920929,water_temperature,29.142637252807617,degC,2026-10-06T10:54:00+00:00,2026-10-06T15:00:00+00:00,2026-10-06T22:47:11.110927+00:00,2026-10-06T22:47:11.110927+00:00,https://opendap.co-ops.nos.noaa.gov/thredds/dodsC/NOAA/NGOFS2/MODELS/2026/10/06/ngofs2.t15z.20261006.stations.nowcast.nc,Point Clear/Grand Hotel,0.0
noaa_ngofs2_point_clear_station,MODEL,"8733821 Pt Clear, MB",93,nearest_verified_coordinate,0.3114,30.489032745361328,-87.93621826171875,272.06378173828125,1.8300000429153442,bottom,39,-0.987500011920929,salinity,15.129322052001953,1e-3,2026-10-06T10:54:00+00:00,2026-10-06T15:00:00+00:00,2026-10-06T22:47:11.110927+00:00,2026-10-06T22:47:11.110927+00:00,https://opendap.co-ops.nos.noaa.gov/thredds/dodsC/NOAA/NGOFS2/MODELS/2026/10/06/ngofs2.t15z.20261006.stations.nowcast.nc,Point Clear/Grand Hotel,0.0
noaa_ngofs2_point_clear_station,MODEL,"8733821 Pt Clear, MB",93,nearest_verified_coordinate,0.3114,30.489032745361328,-87.93621826171875,272.06378173828125,1.8300000429153442,surface,,,water_surface_elevation,0.3423403203487396,m,2026-10-06T10:54:00+00:00,2026-10-06T15:00:00+00:00,2026-10-06T22:47:11.110927+00:00,2026-10-06T22:47:11.110927+00:00,https://opendap.co-ops.nos.noaa.gov/thredds/dodsC/NOAA/NGOFS2/MODELS/2026/10/06/ngofs2.t15z.20261006.stations.nowcast.nc,Point Clear/Grand Hotel,0.0
noaa_ngofs2_point_clear_station,MODEL,"8733821 Pt Clear, MB",93,nearest_verified_coordinate,0.3114,30.489032745361328,-87.93621826171875,272.06378173828125,1.8300000429153442,surface,0,-0.012500000186264515,eastward_current,-0.0582694485783577,m/s,2026-10-06T11:00:00+00:00,2026-10-06T15:00:00+00:00,2026-10-06T22:47:11.110927+00:00,2026-10-06T22:47:11.110927+00:00,https://opendap.co-ops.nos.noaa.gov/thredds/dodsC/NOAA/NGOFS2/MODELS/2026/10/06/ngofs2.t15z.20261006.stations.nowcast.nc,Point Clear/Grand Hotel,0.0
noaa_ngofs2_point_clear_station,MODEL,"8733821 Pt Clear, MB",93,nearest_verified_coordinate,0.3114,30.489032745361328,-87.93621826171875,272.06378173828125,1.8300000429153442,surface,0,-0.012500000186264515,northward_current,-0.07681884616613388,m/s,2026-10-06T11:00:00+00:00,2026-10-06T15:00:00+00:00,2026-10-06T22:47:11.110927+00:00,2026-10-06T22:47:11.110927+00:00,https://opendap.co-ops.nos.noaa.gov/thredds/dodsC/NOAA/NGOFS2/MODELS/2026/10/06/ngofs2.t15z.20261006.stations.nowcast.nc,Point Clear/Grand Hotel,0.0
noaa_ngofs2_point_clear_station,MODEL,"8733821 Pt Clear, MB",93,nearest_verified_coordinate,0.3114,30.489032745361328,-87.93621826171875,272.06378173828125,1.8300000429153442,surface,0,-0.012500000186264515,shoreward_current,-0.058269448578357703,m/s,2026-10-06T11:00:00+00:00,2026-10-06T15:00:00+00:00,2026-10-06T22:47:11.110927+00:00,2026-10-06T22:47:11.110927+00:00,https://opendap.co-ops.nos.noaa.gov/thredds/dodsC/NOAA/NGOFS2/MODELS/2026/10/06/ngofs2.t15z.20261006.stations.nowcast.nc,Point Clear/Grand Hotel,0.0
noaa_ngofs2_point_clear_station,MODEL,"8733821 Pt Clear, MB",93,nearest_verified_coordinate,0.3114,30.489032745361328,-87.93621826171875,272.06378173828125,1.8300000429153442,surface,0,-0.012500000186264515,water_temperature,28.823606491088867,degC,2026-10-06T11:00:00+00:00,2026-10-06T15:00:00+00:00,2026-10-06T22:47:11.110927+00:00,2026-10-06T22:47:11.110927+00:00,https://opendap.co-ops.nos.noaa.gov/thredds/dodsC/NOAA/NGOFS2/MODELS/2026/10/06/ngofs2.t15z.20261006.stations.nowcast.nc,Point Clear/Grand Hotel,0.0
noaa_ngofs2_point_clear_station,MODEL,"8733821 Pt Clear, MB",93,nearest_verified_coordinate,0.3114,30.489032745361328,-87.93621826171875,272.06378173828125,1.8300000429153442,surface,0,-0.012500000186264515,salinity,14.49795150756836,1e-3,2026-10-06T11:00:00+00:00,2026-10-06T15:00:00+00:00,2026-10-06T22:47:11.110927+00:00,2026-10-06T22:47:11.110927+00:00,https://opendap.co-ops.nos.noaa.gov/thredds/dodsC/NOAA/NGOFS2/MODELS/2026/10/06/ngofs2.t15z.20261006.stations.nowcast.nc,Point Clear/Grand Hotel,0.0
noaa_ngofs2_point_clear_station,MODEL,"8733821 Pt Clear, MB",93,nearest_verified_coordinate,0.3114,30.489032745361328,-87.93621826171875,272.06378173828125,1.8300000429153442,bottom,39,-0.987500011920929,eastward_current,0.009293846786022186,m/s,2026-10-06T11:00:00+00:00,2026-10-06T15:00:00+00:00,2026-10-06T22:47:11.110927+00:00,2026-10-06T22:47:11.110927+00:00,https://opendap.co-ops.nos.noaa.gov/thredds/dodsC/NOAA/NGOFS2/MODELS/2026/10/06/ngofs2.t15z.20261006.stations.nowcast.nc,Point Clear/Grand Hotel,0.0
noaa_ngofs2_point_clear_station,MODEL,"8733821 Pt Clear, MB",93,nearest_verified_coordinate,0.3114,30.489032745361328,-87.93621826171875,272.06378173828125,1.8300000429153442,bottom,39,-0.987500011920929,northward_current,-0.0030536961276084185,m/s,2026-10-06T11:00:00+00:00,2026-10-06T15:00:00+00:00,2026-10-06T22:47:11.110927+00:00,2026-10-06T22:47:11.110927+00:00,https://opendap.co-ops.nos.noaa.gov/thredds/dodsC/NOAA/NGOFS2/MODELS/2026/10/06/ngofs2.t15z.20261006.stations.nowcast.nc,Point Clear/Grand Hotel,0.0
noaa_ngofs2_point_clear_station,MODEL,"8733821 Pt Clear, MB",93,nearest_verified_coordinate,0.3114,30.489032745361328,-87.93621826171875,272.06378173828125,1.8300000429153442,bottom,39,-0.987500011920929,shoreward_current,0.009293846786022186,m/s,2026-10-06T11:00:00+00:00,2026-10-06T15:00:00+00:00,2026-10-06T22:47:11.110927+00:00,2026-10-06T22:47:11.110927+00:00,https://opendap.co-ops.nos.noaa.gov/thredds/dodsC/NOAA/NGOFS2/MODELS/2026/10/06/ngofs2.t15z.20261006.stations.nowcast.nc,Point Clear/Grand Hotel,0.0
noaa_ngofs2_point_clear_station,MODEL,"8733821 Pt Clear, MB",93,nearest_verified_coordinate,0.3114,30.489032745361328,-87.93621826171875,272.06378173828125,1.8300000429153442,bottom,39,-0.987500011920929,water_temperature,29.140026092529297,degC,2026-10-06T11:00:00+00:00,2026-10-06T15:00:00+00:00,2026-10-06T22:47:11.110927+00:00,2026-10-06T22:47:11.110927+00:00,https://opendap.co-ops.nos.noaa.gov/thredds/dodsC/NOAA/NGOFS2/MODELS/2026/10/06/ngofs2.t15z.20261006.stations.nowcast.nc,Point Clear/Grand Hotel,0.0
noaa_ngofs2_point_clear_station,MODEL,"8733821 Pt Clear, MB",93,nearest_verified_coordinate,0.3114,30.489032745361328,-87.93621826171875,272.06378173828125,1.8300000429153442,bottom,39,-0.987500011920929,salinity,15.147611618041992,1e-3,2026-10-06T11:00:00+00:00,2026-10-06T15:00:00+00:00,2026-10-06T22:47:11.110927+00:00,2026-10-06T22:47:11.110927+00:00,https://opendap.co-ops.nos.noaa.gov/thredds/dodsC/NOAA/NGOFS2/MODELS/2026/10/06/ngofs2.t15z.20261006.stations.nowcast.nc,Point Clear/Grand Hotel,0.0
noaa_ngofs2_point_clear_station,MODEL,"8733821 Pt Clear, MB",93,nearest_verified_coordinate,0.3114,30.489032745361328,-87.93621826171875,272.06378173828125,1.8300000429153442,surface,,,water_surface_elevation,0.34539416432380676,m,2026-10-06T11:00:00+00:00,2026-10-06T15:00:00+00:00,2026-10-06T22:47:11.110927+00:00,2026-10-06T22:47:11.110927+00:00,https://opendap.co-ops.nos.noaa.gov/thredds/dodsC/NOAA/NGOFS2/MODELS/2026/10/06/ngofs2.t15z.20261006.stations.nowcast.nc,Point Clear/Grand Hotel,0.0
noaa_ngofs2_point_clear_station,MODEL,"8733821 Pt Clear, MB",93,nearest_verified_coordinate,0.3114,30.489032745361328,-87.93621826171875,272.06378173828125,1.8300000429153442,surface,0,-0.012500000186264515,eastward_current,-0.05837205797433853,m/s,2026-10-06T11:06:00+00:00,2026-10-06T15:00:00+00:00,2026-10-06T22:47:11.110927+00:00,2026-10-06T22:47:11.110927+00:00,https://opendap.co-ops.nos.noaa.gov/thredds/dodsC/NOAA/NGOFS2/MODELS/2026/10/06/ngofs2.t15z.20261006.stations.nowcast.nc,Point Clear/Grand Hotel,0.0
noaa_ngofs2_point_clear_station,MODEL,"8733821 Pt Clear, MB",93,nearest_verified_coordinate,0.3114,30.489032745361328,-87.93621826171875,272.06378173828125,1.8300000429153442,surface,0,-0.012500000186264515,northward_current,-0.0774783119559288,m/s,2026-10-06T11:06:00+00:00,2026-10-06T15:00:00+00:00,2026-10-06T22:47:11.110927+00:00,2026-10-06T22:47:11.110927+00:00,https://opendap.co-ops.nos.noaa.gov/thredds/dodsC/NOAA/NGOFS2/MODELS/2026/10/06/ngofs2.t15z.20261006.stations.nowcast.nc,Point Clear/Grand Hotel,0.0
noaa_ngofs2_point_clear_station,MODEL,"8733821 Pt Clear, MB",93,nearest_verified_coordinate,0.3114,30.489032745361328,-87.93621826171875,272.06378173828125,1.8300000429153442,surface,0,-0.012500000186264515,shoreward_current,-0.05837205797433854,m/s,2026-10-06T11:06:00+00:00,2026-10-06T15:00:00+00:00,2026-10-06T22:47:11.110927+00:00,2026-10-06T22:47:11.110927+00:00,https://opendap.co-ops.nos.noaa.gov/thredds/dodsC/NOAA/NGOFS2/MODELS/2026/10/06/ngofs2.t15z.20261006.stations.nowcast.nc,Point Clear/Grand Hotel,0.0
noaa_ngofs2_point_clear_station,MODEL,"8733821 Pt Clear, MB",93,nearest_verified_coordinate,0.3114,30.489032745361328,-87.93621826171875,272.06378173828125,1.8300000429153442,surface,0,-0.012500000186264515,water_temperature,28.81309700012207,degC,2026-10-06T11:06:00+00:00,2026-10-06T15:00:00+00:00,2026-10-06T22:47:11.110927+00:00,2026-10-06T22:47:11.110927+00:00,https://opendap.co-ops.nos.noaa.gov/thredds/dodsC/NOAA/NGOFS2/MODELS/2026/10/06/ngofs2.t15z.20261006.stations.nowcast.nc,Point Clear/Grand Hotel,0.0
noaa_ngofs2_point_clear_station,MODEL,"8733821 Pt Clear, MB",93,nearest_verified_coordinate,0.3114,30.489032745361328,-87.93621826171875,272.06378173828125,1.8300000429153442,surface,0,-0.012500000186264515,salinity,14.492764472961426,1e-3,2026-10-06T11:06:00+00:00,2026-10-06T15:00:00+00:00,2026-10-06T22:47:11.110927+00:00,2026-10-06T22:47:11.110927+00:00,https://opendap.co-ops.nos.noaa.gov/thredds/dodsC/NOAA/NGOFS2/MODELS/2026/10/06/ngofs2.t15z.20261006.stations.nowcast.nc,Point Clear/Grand Hotel,0.0
noaa_ngofs2_point_clear_station,MODEL,"8733821 Pt Clear, MB",93,nearest_verified_coordinate,0.3114,30.489032745361328,-87.93621826171875,272.06378173828125,1.8300000429153442,bottom,39,-0.987500011920929,eastward_current,0.009038511663675308,m/s,2026-10-06T11:06:00+00:00,2026-10-06T15:00:00+00:00,2026-10-06T22:47:11.110927+00:00,2026-10-06T22:47:11.110927+00:00,https://opendap.co-ops.nos.noaa.gov/thredds/dodsC/NOAA/NGOFS2/MODELS/2026/10/06/ngofs2.t15z.20261006.stations.nowcast.nc,Point Clear/Grand Hotel,0.0
noaa_ngofs2_point_clear_station,MODEL,"8733821 Pt Clear, MB",93,nearest_verified_coordinate,0.3114,30.489032745361328,-87.93621826171875,272.06378173828125,1.8300000429153442,bottom,39,-0.987500011920929,northward_current,-0.0035867025144398212,m/s,2026-10-06T11:06:00+00:00,2026-10-06T15:00:00+00:00,2026-10-06T22:47:11.110927+00:00,2026-10-06T22:47:11.110927+00:00,https://opendap.co-ops.nos.noaa.gov/thredds/dodsC/NOAA/NGOFS2/MODELS/2026/10/06/ngofs2.t15z.20261006.stations.nowcast.nc,Point Clear/Grand Hotel,0.0
noaa_ngofs2_point_clear_station,MODEL,"8733821 Pt Clear, MB",93,nearest_verified_coordinate,0.3114,30.489032745361328,-87.93621826171875,272.06378173828125,1.8300000429153442,bottom,39,-0.987500011920929,shoreward_current,0.009038511663675308,m/s,2026-10-06T11:06:00+00:00,2026-10-06T15:00:00+00:00,2026-10-06T22:47:11.110927+00:00,2026-10-06T22:47:11.110927+00:00,https://opendap.co-ops.nos.noaa.gov/thredds/dodsC/NOAA/NGOFS2/MODELS/2026/10/06/ngofs2.t15z.20261006.stations.nowcast.nc,Point Clear/Grand Hotel,0.0
noaa_ngofs2_point_clear_station,MODEL,"8733821 Pt Clear, MB",93,nearest_verified_coordinate,0.3114,30.489032745361328,-87.93621826171875,272.06378173828125,1.8300000429153442,bottom,39,-0.987500011920929,water_temperature,29.1366024017334,degC,2026-10-06T11:06:00+00:00,2026-10-06T15:00:00+00:00,2026-10-06T22:47:11.110927+00:00,2026-10-06T22:47:11.110927+00:00,https://opendap.co-ops.nos.noaa.gov/thredds/dodsC/NOAA/NGOFS2/MODELS/2026/10/06/ngofs2.t15z.20261006.stations.nowcast.nc,Point Clear/Grand Hotel,0.0
noaa_ngofs2_point_clear_station,MODEL,"8733821 Pt Clear, MB",93,nearest_verified_coordinate,0.3114,30.489032745361328,-87.93621826171875,272.06378173828125,1.8300000429153442,bottom,39,-0.987500011920929,salinity,15.161969184875488,1e-3,2026-10-06T11:06:00+00:00,2026-10-06T15:00:00+00:00,2026-10-06T22:47:11.110927+00:00,2026-10-06T22:47:11.110927+00:00,https://opendap.co-ops.nos.noaa.gov/thredds/dodsC/NOAA/NGOFS2/MODELS/2026/10/06/ngofs2.t15z.20261006.stations.nowcast.nc,Point Clear/Grand Hotel,0.0
noaa_ngofs2_point_clear_station,MODEL,"8733821 Pt Clear, MB",93,nearest_verified_coordinate,0.3114,30.489032745361328,-87.93621826171875,272.06378173828125,1.8300000429153442,surface,,,water_surface_elevation,0.34823524951934814,m,2026-10-06T11:06:00+00:00,2026-10-06T15:00:00+00:00,2026-10-06T22:47:11.110927+00:00,2026-10-06T22:47:11.110927+00:00,https://opendap.co-ops.nos.noaa.gov/thredds/dodsC/NOAA/NGOFS2/MODELS/2026/10/06/ngofs2.t15z.20261006.stations.nowcast.nc,Point Clear/Grand Hotel,0.0
noaa_ngofs2_point_clear_station,MODEL,"8733821 Pt Clear, MB",93,nearest_verified_coordinate,0.3114,30.489032745361328,-87.93621826171875,272.06378173828125,1.8300000429153442,surface,0,-0.012500000186264515,eastward_current,-0.05856340751051903,m/s,2026-10-06T11:12:00+00:00,2026-10-06T15:00:00+00:00,2026-10-06T22:47:11.110927+00:00,2026-10-06T22:47:11.110927+00:00,https://opendap.co-ops.nos.noaa.gov/thredds/dodsC/NOAA/NGOFS2/MODELS/2026/10/06/ngofs2.t15z.20261006.stations.nowcast.nc,Point Clear/Grand Hotel,0.0
noaa_ngofs2_point_clear_station,MODEL,"8733821 Pt Clear, MB",93,nearest_verified_coordinate,0.3114,30.489032745361328,-87.93621826171875,272.06378173828125,1.8300000429153442,surface,0,-0.012500000186264515,northward_current,-0.07853160053491592,m/s,2026-10-06T11:12:00+00:00,2026-10-06T15:00:00+00:00,2026-10-06T22:47:11.110927+00:00,2026-10-06T22:47:11.110927+00:00,https://opendap.co-ops.nos.noaa.gov/thredds/dodsC/NOAA/NGOFS2/MODELS/2026/10/06/ngofs2.t15z.20261006.stations.nowcast.nc,Point Clear/Grand Hotel,0.0
noaa_ngofs2_point_clear_station,MODEL,"8733821 Pt Clear, MB",93,nearest_verified_coordinate,0.3114,30.489032745361328,-87.93621826171875,272.06378173828125,1.8300000429153442,surface,0,-0.012500000186264515,shoreward_current,-0.058563407510519035,m/s,2026-10-06T11:12:00+00:00,2026-10-06T15:00:00+00:00,2026-10-06T22:47:11.110927+00:00,2026-10-06T22:47:11.110927+00:00,https://opendap.co-ops.nos.noaa.gov/thredds/dodsC/NOAA/NGOFS2/MODELS/2026/10/06/ngofs2.t15z.20261006.stations.nowcast.nc,Point Clear/Grand Hotel,0.0
noaa_ngofs2_point_clear_station,MODEL,"8733821 Pt Clear, MB",93,nearest_verified_coordinate,0.3114,30.489032745361328,-87.93621826171875,272.06378173828125,1.8300000429153442,surface,0,-0.012500000186264515,water_temperature,28.803388595581055,degC,2026-10-06T11:12:00+00:00,2026-10-06T15:00:00+00:00,2026-10-06T22:47:11.110927+00:00,2026-10-06T22:47:11.110927+00:00,https://opendap.co-ops.nos.noaa.gov/thredds/dodsC/NOAA/NGOFS2/MODELS/2026/10/06/ngofs2.t15z.20261006.stations.nowcast.nc,Point Clear/Grand Hotel,0.0
noaa_ngofs2_point_clear_station,MODEL,"8733821 Pt Clear, MB",93,nearest_verified_coordinate,0.3114,30.489032745361328,-87.93621826171875,272.06378173828125,1.8300000429153442,surface,0,-0.012500000186264515,salinity,14.487340927124023,1e-3,2026-10-06T11:12:00+00:00,2026-10-06T15:00:00+00:00,2026-10-06T22:47:11.110927+00:00,2026-10-06T22:47:11.110927+00:00,https://opendap.co-ops.nos.noaa.gov/thredds/dodsC/NOAA/NGOFS2/MODELS/2026/10/06/ngofs2.t15z.20261006.stations.nowcast.nc,Point Clear/Grand Hotel,0.0
noaa_ngofs2_point_clear_station,MODEL,"8733821 Pt Clear, MB",93,nearest_verified_coordinate,0.3114,30.489032745361328,-87.93621826171875,272.06378173828125,1.8300000429153442,bottom,39,-0.987500011920929,eastward_current,0.0088419821113348,m/s,2026-10-06T11:12:00+00:00,2026-10-06T15:00:00+00:00,2026-10-06T22:47:11.110927+00:00,2026-10-06T22:47:11.110927+00:00,https://opendap.co-ops.nos.noaa.gov/thredds/dodsC/NOAA/NGOFS2/MODELS/2026/10/06/ngofs2.t15z.20261006.stations.nowcast.nc,Point Clear/Grand Hotel,0.0
noaa_ngofs2_point_clear_station,MODEL,"8733821 Pt Clear, MB",93,nearest_verified_coordinate,0.3114,30.489032745361328,-87.93621826171875,272.06378173828125,1.8300000429153442,bottom,39,-0.987500011920929,northward_current,-0.00398574024438858,m/s,2026-10-06T11:12:00+00:00,2026-10-06T15:00:00+00:00,2026-10-06T22:47:11.110927+00:00,2026-10-06T22:47:11.110927+00:00,https://opendap.co-ops.nos.noaa.gov/thredds/dodsC/NOAA/NGOFS2/MODELS/2026/10/06/ngofs2.t15z.20261006.stations.nowcast.nc,Point Clear/Grand Hotel,0.0
noaa_ngofs2_point_clear_station,MODEL,"8733821 Pt Clear, MB",93,nearest_verified_coordinate,0.3114,30.489032745361328,-87.93621826171875,272.06378173828125,1.8300000429153442,bottom,39,-0.987500011920929,shoreward_current,0.0088419821113348,m/s,2026-10-06T11:12:00+00:00,2026-10-06T15:00:00+00:00,2026-10-06T22:47:11.110927+00:00,2026-10-06T22:47:11.110927+00:00,https://opendap.co-ops.nos.noaa.gov/thredds/dodsC/NOAA/NGOFS2/MODELS/2026/10/06/ngofs2.t15z.20261006.stations.nowcast.nc,Point Clear/Grand Hotel,0.0
noaa_ngofs2_point_clear_station,MODEL,"8733821 Pt Clear, MB",93,nearest_verified_coordinate,0.3114,30.489032745361328,-87.93621826171875,272.06378173828125,1.8300000429153442,bottom,39,-0.987500011920929,water_temperature,29.133834838867188,degC,2026-10-06T11:12:00+00:00,2026-10-06T15:00:00+00:00,2026-10-06T22:47:11.110927+00:00,2026-10-06T22:47:11.110927+00:00,https://opendap.co-ops.nos.noaa.gov/thredds/dodsC/NOAA/NGOFS2/MODELS/2026/10/06/ngofs2.t15z.20261006.stations.nowcast.nc,Point Clear/Grand Hotel,0.0
noaa_ngofs2_point_clear_station,MODEL,"8733821 Pt Clear, MB",93,nearest_verified_coordinate,0.3114,30.489032745361328,-87.93621826171875,272.06378173828125,1.8300000429153442,bottom,39,-0.987500011920929,salinity,15.174895286560059,1e-3,2026-10-06T11:12:00+00:00,2026-10-06T15:00:00+00:00,2026-10-06T22:47:11.110927+00:00,2026-10-06T22:47:11.110927+00:00,https://opendap.co-ops.nos.noaa.gov/thredds/dodsC/NOAA/NGOFS2/MODELS/2026/10/06/ngofs2.t15z.20261006.stations.nowcast.nc,Point Clear/Grand Hotel,0.0
noaa_ngofs2_point_clear_station,MODEL,"8733821 Pt Clear, MB",93,nearest_verified_coordinate,0.3114,30.489032745361328,-87.93621826171875,272.06378173828125,1.8300000429153442,surface,,,water_surface_elevation,0.3507464528083801,m,2026-10-06T11:12:00+00:00,2026-10-06T15:00:00+00:00,2026-10-06T22:47:11.110927+00:00,2026-10-06T22:47:11.110927+00:00,https://opendap.co-ops.nos.noaa.gov/thredds/dodsC/NOAA/NGOFS2/MODELS/2026/10/06/ngofs2.t15z.20261006.stations.nowcast.nc,Point Clear/Grand Hotel,0.0
noaa_ngofs2_point_clear_station,MODEL,"8733821 Pt Clear, MB",93,nearest_verified_coordinate,0.3114,30.489032745361328,-87.93621826171875,272.06378173828125,1.8300000429153442,surface,0,-0.012500000186264515,eastward_current,-0.058963801711797714,m/s,2026-10-06T11:18:00+00:00,2026-10-06T15:00:00+00:00,2026-10-06T22:47:11.110927+00:00,2026-10-06T22:47:11.110927+00:00,https://opendap.co-ops.nos.noaa.gov/thredds/dodsC/NOAA/NGOFS2/MODELS/2026/10/06/ngofs2.t15z.20261006.stations.nowcast.nc,Point Clear/Grand Hotel,0.0
noaa_ngofs2_point_clear_station,MODEL,"8733821 Pt Clear, MB",93,nearest_verified_coordinate,0.3114,30.489032745361328,-87.93621826171875,272.06378173828125,1.8300000429153442,surface,0,-0.012500000186264515,northward_current,-0.07977931201457977,m/s,2026-10-06T11:18:00+00:00,2026-10-06T15:00:00+00:00,2026-10-06T22:47:11.110927+00:00,2026-10-06T22:47:11.110927+00:00,https://opendap.co-ops.nos.noaa.gov/thredds/dodsC/NOAA/NGOFS2/MODELS/2026/10/06/ngofs2.t15z.20261006.stations.nowcast.nc,Point Clear/Grand Hotel,0.0
noaa_ngofs2_point_clear_station,MODEL,"8733821 Pt Clear, MB",93,nearest_verified_coordinate,0.3114,30.489032745361328,-87.93621826171875,272.06378173828125,1.8300000429153442,surface,0,-0.012500000186264515,shoreward_current,-0.05896380171179772,m/s,2026-10-06T11:18:00+00:00,2026-10-06T15:00:00+00:00,2026-10-06T22:47:11.110927+00:00,2026-10-06T22:47:11.110927+00:00,https://opendap.co-ops.nos.noaa.gov/thredds/dodsC/NOAA/NGOFS2/MODELS/2026/10/06/ngofs2.t15z.20261006.stations.nowcast.nc,Point Clear/Grand Hotel,0.0
noaa_ngofs2_point_clear_station,MODEL,"8733821 Pt Clear, MB",93,nearest_verified_coordinate,0.3114,30.489032745361328,-87.93621826171875,272.06378173828125,1.8300000429153442,surface,0,-0.012500000186264515,water_temperature,28.794679641723633,degC,2026-10-06T11:18:00+00:00,2026-10-06T15:00:00+00:00,2026-10-06T22:47:11.110927+00:00,2026-10-06T22:47:11.110927+00:00,https://opendap.co-ops.nos.noaa.gov/thredds/dodsC/NOAA/NGOFS2/MODELS/2026/10/06/ngofs2.t15z.20261006.stations.nowcast.nc,Point Clear/Grand Hotel,0.0
noaa_ngofs2_point_clear_station,MODEL,"8733821 Pt Clear, MB",93,nearest_verified_coordinate,0.3114,30.489032745361328,-87.93621826171875,272.06378173828125,1.8300000429153442,surface,0,-0.012500000186264515,salinity,14.482588768005371,1e-3,2026-10-06T11:18:00+00:00,2026-10-06T15:00:00+00:00,2026-10-06T22:47:11.110927+00:00,2026-10-06T22:47:11.110927+00:00,https://opendap.co-ops.nos.noaa.gov/thredds/dodsC/NOAA/NGOFS2/MODELS/2026/10/06/ngofs2.t15z.20261006.stations.nowcast.nc,Point Clear/Grand Hotel,0.0
noaa_ngofs2_point_clear_station,MODEL,"8733821 Pt Clear, MB",93,nearest_verified_coordinate,0.3114,30.489032745361328,-87.93621826171875,272.06378173828125,1.8300000429153442,bottom,39,-0.987500011920929,eastward_current,0.008502558805048466,m/s,2026-10-06T11:18:00+00:00,2026-10-06T15:00:00+00:00,2026-10-06T22:47:11.110927+00:00,2026-10-06T22:47:11.110927+00:00,https://opendap.co-ops.nos.noaa.gov/thredds/dodsC/NOAA/NGOFS2/MODELS/2026/10/06/ngofs2.t15z.20261006.stations.nowcast.nc,Point Clear/Grand Hotel,0.0
noaa_ngofs2_point_clear_station,MODEL,"8733821 Pt Clear, MB",93,nearest_verified_coordinate,0.3114,30.489032745361328,-87.93621826171875,272.06378173828125,1.8300000429153442,bottom,39,-0.987500011920929,northward_current,-0.0044207763858139515,m/s,2026-10-06T11:18:00+00:00,2026-10-06T15:00:00+00:00,2026-10-06T22:47:11.110927+00:00,2026-10-06T22:47:11.110927+00:00,https://opendap.co-ops.nos.noaa.gov/thredds/dodsC/NOAA/NGOFS2/MODELS/2026/10/06/ngofs2.t15z.20261006.stations.nowcast.nc,Point Clear/Grand Hotel,0.0
noaa_ngofs2_point_clear_station,MODEL,"8733821 Pt Clear, MB",93,nearest_verified_coordinate,0.3114,30.489032745361328,-87.93621826171875,272.06378173828125,1.8300000429153442,bottom,39,-0.987500011920929,shoreward_current,0.008502558805048466,m/s,2026-10-06T11:18:00+00:00,2026-10-06T15:00:00+00:00,2026-10-06T22:47:11.110927+00:00,2026-10-06T22:47:11.110927+00:00,https://opendap.co-ops.nos.noaa.gov/thredds/dodsC/NOAA/NGOFS2/MODELS/2026/10/06/ngofs2.t15z.20261006.stations.nowcast.nc,Point Clear/Grand Hotel,0.0
noaa_ngofs2_point_clear_station,MODEL,"8733821 Pt Clear, MB",93,nearest_verified_coordinate,0.3114,30.489032745361328,-87.93621826171875,272.06378173828125,1.8300000429153442,bottom,39,-0.987500011920929,water_temperature,29.13105010986328,degC,2026-10-06T11:18:00+00:00,2026-10-06T15:00:00+00:00,2026-10-06T22:47:11.110927+00:00,2026-10-06T22:47:11.110927+00:00,https://opendap.co-ops.nos.noaa.gov/thredds/dodsC/NOAA/NGOFS2/MODELS/2026/10/06/ngofs2.t15z.20261006.stations.nowcast.nc,Point Clear/Grand Hotel,0.0
noaa_ngofs2_point_clear_station,MODEL,"8733821 Pt Clear, MB",93,nearest_verified_coordinate,0.3114,30.489032745361328,-87.93621826171875,272.06378173828125,1.8300000429153442,bottom,39,-0.987500011920929,salinity,15.185650825500488,1e-3,2026-10-06T11:18:00+00:00,2026-10-06T15:00:00+00:00,2026-10-06T22:47:11.110927+00:00,2026-10-06T22:47:11.110927+00:00,https://opendap.co-ops.nos.noaa.gov/thredds/dodsC/NOAA/NGOFS2/MODELS/2026/10/06/ngofs2.t15z.20261006.stations.nowcast.nc,Point Clear/Grand Hotel,0.0
noaa_ngofs2_point_clear_station,MODEL,"8733821 Pt Clear, MB",93,nearest_verified_coordinate,0.3114,30.489032745361328,-87.93621826171875,272.06378173828125,1.8300000429153442,surface,,,water_surface_elevation,0.35310032963752747,m,2026-10-06T11:18:00+00:00,2026-10-06T15:00:00+00:00,2026-10-06T22:47:11.110927+00:00,2026-10-06T22:47:11.110927+00:00,https://opendap.co-ops.nos.noaa.gov/thredds/dodsC/NOAA/NGOFS2/MODELS/2026/10/06/ngofs2.t15z.20261006.stations.nowcast.nc,Point Clear/Grand Hotel,0.0
noaa_ngofs2_point_clear_station,MODEL,"8733821 Pt Clear, MB",93,nearest_verified_coordinate,0.3114,30.489032745361328,-87.93621826171875,272.06378173828125,1.8300000429153442,surface,0,-0.012500000186264515,eastward_current,-0.05906205624341965,m/s,2026-10-06T11:24:00+00:00,2026-10-06T15:00:00+00:00,2026-10-06T22:47:11.110927+00:00,2026-10-06T22:47:11.110927+00:00,https://opendap.co-ops.nos.noaa.gov/thredds/dodsC/NOAA/NGOFS2/MODELS/2026/10/06/ngofs2.t15z.20261006.stations.nowcast.nc,Point Clear/Grand Hotel,0.0
noaa_ngofs2_point_clear_station,MODEL,"8733821 Pt Clear, MB",93,nearest_verified_coordinate,0.3114,30.489032745361328,-87.93621826171875,272.06378173828125,1.8300000429153442,surface,0,-0.012500000186264515,northward_current,-0.08090075850486755,m/s,2026-10-06T11:24:00+00:00,2026-10-06T15:00:00+00:00,2026-10-06T22:47:11.110927+00:00,2026-10-06T22:47:11.110927+00:00,https://opendap.co-ops.nos.noaa.gov/thredds/dodsC/NOAA/NGOFS2/MODELS/2026/10/06/ngofs2.t15z.20261006.stations.nowcast.nc,Point Clear/Grand Hotel,0.0
noaa_ngofs2_point_clear_station,MODEL,"8733821 Pt Clear, MB",93,nearest_verified_coordinate,0.3114,30.489032745361328,-87.93621826171875,272.06378173828125,1.8300000429153442,surface,0,-0.012500000186264515,shoreward_current,-0.059062056243419654,m/s,2026-10-06T11:24:00+00:00,2026-10-06T15:00:00+00:00,2026-10-06T22:47:11.110927+00:00,2026-10-06T22:47:11.110927+00:00,https://opendap.co-ops.nos.noaa.gov/thredds/dodsC/NOAA/NGOFS2/MODELS/2026/10/06/ngofs2.t15z.20261006.stations.nowcast.nc,Point Clear/Grand Hotel,0.0
noaa_ngofs2_point_clear_station,MODEL,"8733821 Pt Clear, MB",93,nearest_verified_coordinate,0.3114,30.489032745361328,-87.93621826171875,272.06378173828125,1.8300000429153442,surface,0,-0.012500000186264515,water_temperature,28.786813735961914,degC,2026-10-06T11:24:00+00:00,2026-10-06T15:00:00+00:00,2026-10-06T22:47:11.110927+00:00,2026-10-06T22:47:11.110927+00:00,https://opendap.co-ops.nos.noaa.gov/thredds/dodsC/NOAA/NGOFS2/MODELS/2026/10/06/ngofs2.t15z.20261006.stations.nowcast.nc,Point Clear/Grand Hotel,0.0
noaa_ngofs2_point_clear_station,MODEL,"8733821 Pt Clear, MB",93,nearest_verified_coordinate,0.3114,30.489032745361328,-87.93621826171875,272.06378173828125,1.8300000429153442,surface,0,-0.012500000186264515,salinity,14.478302001953125,1e-3,2026-10-06T11:24:00+00:00,2026-10-06T15:00:00+00:00,2026-10-06T22:47:11.110927+00:00,2026-10-06T22:47:11.110927+00:00,https://opendap.co-ops.nos.noaa.gov/thredds/dodsC/NOAA/NGOFS2/MODELS/2026/10/06/ngofs2.t15z.20261006.stations.nowcast.nc,Point Clear/Grand Hotel,0.0
noaa_ngofs2_point_clear_station,MODEL,"8733821 Pt Clear, MB",93,nearest_verified_coordinate,0.3114,30.489032745361328,-87.93621826171875,272.06378173828125,1.8300000429153442,bottom,39,-0.987500011920929,eastward_current,0.008236958645284176,m/s,2026-10-06T11:24:00+00:00,2026-10-06T15:00:00+00:00,2026-10-06T22:47:11.110927+00:00,2026-10-06T22:47:11.110927+00:00,https://opendap.co-ops.nos.noaa.gov/thredds/dodsC/NOAA/NGOFS2/MODELS/2026/10/06/ngofs2.t15z.20261006.stations.nowcast.nc,Point Clear/Grand Hotel,0.0
noaa_ngofs2_point_clear_station,MODEL,"8733821 Pt Clear, MB",93,nearest_verified_coordinate,0.3114,30.489032745361328,-87.93621826171875,272.06378173828125,1.8300000429153442,bottom,39,-0.987500011920929,northward_current,-0.005202676635235548,m/s,2026-10-06T11:24:00+00:00,2026-10-06T15:00:00+00:00,2026-10-06T22:47:11.110927+00:00,2026-10-06T22:47:11.110927+00:00,https://opendap.co-ops.nos.noaa.gov/thredds/dodsC/NOAA/NGOFS2/MODELS/2026/10/06/ngofs2.t15z.20261006.stations.nowcast.nc,Point Clear/Grand Hotel,0.0
noaa_ngofs2_point_clear_station,MODEL,"8733821 Pt Clear, MB",93,nearest_verified_coordinate,0.3114,30.489032745361328,-87.93621826171875,272.06378173828125,1.8300000429153442,bottom,39,-0.987500011920929,shoreward_current,0.008236958645284176,m/s,2026-10-06T11:24:00+00:00,2026-10-06T15:00:00+00:00,2026-10-06T22:47:11.110927+00:00,2026-10-06T22:47:11.110927+00:00,https://opendap.co-ops.nos.noaa.gov/thredds/dodsC/NOAA/NGOFS2/MODELS/2026/10/06/ngofs2.t15z.20261006.stations.nowcast.nc,Point Clear/Grand Hotel,0.0
noaa_ngofs2_point_clear_station,MODEL,"8733821 Pt Clear, MB",93,nearest_verified_coordinate,0.3114,30.489032745361328,-87.93621826171875,272.06378173828125,1.8300000429153442,bottom,39,-0.987500011920929,water_temperature,29.126243591308594,degC,2026-10-06T11:24:00+00:00,2026-10-06T15:00:00+00:00,2026-10-06T22:47:11.110927+00:00,2026-10-06T22:47:11.110927+00:00,https://opendap.co-ops.nos.noaa.gov/thredds/dodsC/NOAA/NGOFS2/MODELS/2026/10/06/ngofs2.t15z.20261006.stations.nowcast.nc,Point Clear/Grand Hotel,0.0
noaa_ngofs2_point_clear_station,MODEL,"8733821 Pt Clear, MB",93,nearest_verified_coordinate,0.3114,30.489032745361328,-87.93621826171875,272.06378173828125,1.8300000429153442,bottom,39,-0.987500011920929,salinity,15.191567420959473,1e-3,2026-10-06T11:24:00+00:00,2026-10-06T15:00:00+00:00,2026-10-06T22:47:11.110927+00:00,2026-10-06T22:47:11.110927+00:00,https://opendap.co-ops.nos.noaa.gov/thredds/dodsC/NOAA/NGOFS2/MODELS/2026/10/06/ngofs2.t15z.20261006.stations.nowcast.nc,Point Clear/Grand Hotel,0.0
noaa_ngofs2_point_clear_station,MODEL,"8733821 Pt Clear, MB",93,nearest_verified_coordinate,0.3114,30.489032745361328,-87.93621826171875,272.06378173828125,1.8300000429153442,surface,,,water_surface_elevation,0.35551825165748596,m,2026-10-06T11:24:00+00:00,2026-10-06T15:00:00+00:00,2026-10-06T22:47:11.110927+00:00,2026-10-06T22:47:11.110927+00:00,https://opendap.co-ops.nos.noaa.gov/thredds/dodsC/NOAA/NGOFS2/MODELS/2026/10/06/ngofs2.t15z.20261006.stations.nowcast.nc,Point Clear/Grand Hotel,0.0
noaa_ngofs2_point_clear_station,MODEL,"8733821 Pt Clear, MB",93,nearest_verified_coordinate,0.3114,30.489032745361328,-87.93621826171875,272.06378173828125,1.8300000429153442,surface,0,-0.012500000186264515,eastward_current,-0.05983266234397888,m/s,2026-10-06T11:30:00+00:00,2026-10-06T15:00:00+00:00,2026-10-06T22:47:11.110927+00:00,2026-10-06T22:47:11.110927+00:00,https://opendap.co-ops.nos.noaa.gov/thredds/dodsC/NOAA/NGOFS2/MODELS/2026/10/06/ngofs2.t15z.20261006.stations.nowcast.nc,Point Clear/Grand Hotel,0.0
noaa_ngofs2_point_clear_station,MODEL,"8733821 Pt Clear, MB",93,nearest_verified_coordinate,0.3114,30.489032745361328,-87.93621826171875,272.06378173828125,1.8300000429153442,surface,0,-0.012500000186264515,northward_current,-0.08330748230218887,m/s,2026-10-06T11:30:00+00:00,2026-10-06T15:00:00+00:00,2026-10-06T22:47:11.110927+00:00,2026-10-06T22:47:11.110927+00:00,https://opendap.co-ops.nos.noaa.gov/thredds/dodsC/NOAA/NGOFS2/MODELS/2026/10/06/ngofs2.t15z.20261006.stations.nowcast.nc,Point Clear/Grand Hotel,0.0
noaa_ngofs2_point_clear_station,MODEL,"8733821 Pt Clear, MB",93,nearest_verified_coordinate,0.3114,30.489032745361328,-87.93621826171875,272.06378173828125,1.8300000429153442,surface,0,-0.012500000186264515,shoreward_current,-0.05983266234397889,m/s,2026-10-06T11:30:00+00:00,2026-10-06T15:00:00+00:00,2026-10-06T22:47:11.110927+00:00,2026-10-06T22:47:11.110927+00:00,https://opendap.co-ops.nos.noaa.gov/thredds/dodsC/NOAA/NGOFS2/MODELS/2026/10/06/ngofs2.t15z.20261006.stations.nowcast.nc,Point Clear/Grand Hotel,0.0
noaa_ngofs2_point_clear_station,MODEL,"8733821 Pt Clear, MB",93,nearest_verified_coordinate,0.3114,30.489032745361328,-87.93621826171875,272.06378173828125,1.8300000429153442,surface,0,-0.012500000186264515,water_temperature,28.77918243408203,degC,2026-10-06T11:30:00+00:00,2026-10-06T15:00:00+00:00,2026-10-06T22:47:11.110927+00:00,2026-10-06T22:47:11.110927+00:00,https://opendap.co-ops.nos.noaa.gov/thredds/dodsC/NOAA/NGOFS2/MODELS/2026/10/06/ngofs2.t15z.20261006.stations.nowcast.nc,Point Clear/Grand Hotel,0.0
noaa_ngofs2_point_clear_station,MODEL,"8733821 Pt Clear, MB",93,nearest_verified_coordinate,0.3114,30.489032745361328,-87.93621826171875,272.06378173828125,1.8300000429153442,surface,0,-0.012500000186264515,salinity,14.473219871520996,1e-3,2026-10-06T11:30:00+00:00,2026-10-06T15:00:00+00:00,2026-10-06T22:47:11.110927+00:00,2026-10-06T22:47:11.110927+00:00,https://opendap.co-ops.nos.noaa.gov/thredds/dodsC/NOAA/NGOFS2/MODELS/2026/10/06/ngofs2.t15z.20261006.stations.nowcast.nc,Point Clear/Grand Hotel,0.0
noaa_ngofs2_point_clear_station,MODEL,"8733821 Pt Clear, MB",93,nearest_verified_coordinate,0.3114,30.489032745361328,-87.93621826171875,272.06378173828125,1.8300000429153442,bottom,39,-0.987500011920929,eastward_current,0.007610419299453497,m/s,2026-10-06T11:30:00+00:00,2026-10-06T15:00:00+00:00,2026-10-06T22:47:11.110927+00:00,2026-10-06T22:47:11.110927+00:00,https://opendap.co-ops.nos.noaa.gov/thredds/dodsC/NOAA/NGOFS2/MODELS/2026/10/06/ngofs2.t15z.20261006.stations.nowcast.nc,Point Clear/Grand Hotel,0.0
noaa_ngofs2_point_clear_station,MODEL,"8733821 Pt Clear, MB",93,nearest_verified_coordinate,0.3114,30.489032745361328,-87.93621826171875,272.06378173828125,1.8300000429153442,bottom,39,-0.987500011920929,northward_current,-0.0066582923755049706,m/s,2026-10-06T11:30:00+00:00,2026-10-06T15:00:00+00:00,2026-10-06T22:47:11.110927+00:00,2026-10-06T22:47:11.110927+00:00,https://opendap.co-ops.nos.noaa.gov/thredds/dodsC/NOAA/NGOFS2/MODELS/2026/10/06/ngofs2.t15z.20261006.stations.nowcast.nc,Point Clear/Grand Hotel,0.0
noaa_ngofs2_point_clear_station,MODEL,"8733821 Pt Clear, MB",93,nearest_verified_coordinate,0.3114,30.489032745361328,-87.93621826171875,272.06378173828125,1.8300000429153442,bottom,39,-0.987500011920929,shoreward_current,0.007610419299453497,m/s,2026-10-06T11:30:00+00:00,2026-10-06T15:00:00+00:00,2026-10-06T22:47:11.110927+00:00,2026-10-06T22:47:11.110927+00:00,https://opendap.co-ops.nos.noaa.gov/thredds/dodsC/NOAA/NGOFS2/MODELS/2026/10/06/ngofs2.t15z.20261006.stations.nowcast.nc,Point Clear/Grand Hotel,0.0
noaa_ngofs2_point_clear_station,MODEL,"8733821 Pt Clear, MB",93,nearest_verified_coordinate,0.3114,30.489032745361328,-87.93621826171875,272.06378173828125,1.8300000429153442,bottom,39,-0.987500011920929,water_temperature,29.12030792236328,degC,2026-10-06T11:30:00+00:00,2026-10-06T15:00:00+00:00,2026-10-06T22:47:11.110927+00:00,2026-10-06T22:47:11.110927+00:00,https://opendap.co-ops.nos.noaa.gov/thredds/dodsC/NOAA/NGOFS2/MODELS/2026/10/06/ngofs2.t15z.20261006.stations.nowcast.nc,Point Clear/Grand Hotel,0.0
noaa_ngofs2_point_clear_station,MODEL,"8733821 Pt Clear, MB",93,nearest_verified_coordinate,0.3114,30.489032745361328,-87.93621826171875,272.06378173828125,1.8300000429153442,bottom,39,-0.987500011920929,salinity,15.193436622619629,1e-3,2026-10-06T11:30:00+00:00,2026-10-06T15:00:00+00:00,2026-10-06T22:47:11.110927+00:00,2026-10-06T22:47:11.110927+00:00,https://opendap.co-ops.nos.noaa.gov/thredds/dodsC/NOAA/NGOFS2/MODELS/2026/10/06/ngofs2.t15z.20261006.stations.nowcast.nc,Point Clear/Grand Hotel,0.0
noaa_ngofs2_point_clear_station,MODEL,"8733821 Pt Clear, MB",93,nearest_verified_coordinate,0.3114,30.489032745361328,-87.93621826171875,272.06378173828125,1.8300000429153442,surface,,,water_surface_elevation,0.35784897208213806,m,2026-10-06T11:30:00+00:00,2026-10-06T15:00:00+00:00,2026-10-06T22:47:11.110927+00:00,2026-10-06T22:47:11.110927+00:00,https://opendap.co-ops.nos.noaa.gov/thredds/dodsC/NOAA/NGOFS2/MODELS/2026/10/06/ngofs2.t15z.20261006.stations.nowcast.nc,Point Clear/Grand Hotel,0.0
noaa_ngofs2_point_clear_station,MODEL,"8733821 Pt Clear, MB",93,nearest_verified_coordinate,0.3114,30.489032745361328,-87.93621826171875,272.06378173828125,1.8300000429153442,surface,0,-0.012500000186264515,eastward_current,-0.06117202341556549,m/s,2026-10-06T11:36:00+00:00,2026-10-06T15:00:00+00:00,2026-10-06T22:47:11.110927+00:00,2026-10-06T22:47:11.110927+00:00,https://opendap.co-ops.nos.noaa.gov/thredds/dodsC/NOAA/NGOFS2/MODELS/2026/10/06/ngofs2.t15z.20261006.stations.nowcast.nc,Point Clear/Grand Hotel,0.0
noaa_ngofs2_point_clear_station,MODEL,"8733821 Pt Clear, MB",93,nearest_verified_coordinate,0.3114,30.489032745361328,-87.93621826171875,272.06378173828125,1.8300000429153442,surface,0,-0.012500000186264515,northward_current,-0.08662474155426025,m/s,2026-10-06T11:36:00+00:00,2026-10-06T15:00:00+00:00,2026-10-06T22:47:11.110927+00:00,2026-10-06T22:47:11.110927+00:00,https://opendap.co-ops.nos.noaa.gov/thredds/dodsC/NOAA/NGOFS2/MODELS/2026/10/06/ngofs2.t15z.20261006.stations.nowcast.nc,Point Clear/Grand Hotel,0.0
noaa_ngofs2_point_clear_station,MODEL,"8733821 Pt Clear, MB",93,nearest_verified_coordinate,0.3114,30.489032745361328,-87.93621826171875,272.06378173828125,1.8300000429153442,surface,0,-0.012500000186264515,shoreward_current,-0.0611720234155655,m/s,2026-10-06T11:36:00+00:00,2026-10-06T15:00:00+00:00,2026-10-06T22:47:11.110927+00:00,2026-10-06T22:47:11.110927+00:00,https://opendap.co-ops.nos.noaa.gov/thredds/dodsC/NOAA/NGOFS2/MODELS/2026/10/06/ngofs2.t15z.20261006.stations.nowcast.nc,Point Clear/Grand Hotel,0.0
noaa_ngofs2_point_clear_station,MODEL,"8733821 Pt Clear, MB",93,nearest_verified_coordinate,0.3114,30.489032745361328,-87.93621826171875,272.06378173828125,1.8300000429153442,surface,0,-0.012500000186264515,water_temperature,28.772029876708984,degC,2026-10-06T11:36:00+00:00,2026-10-06T15:00:00+00:00,2026-10-06T22:47:11.110927+00:00,2026-10-06T22:47:11.110927+00:00,https://opendap.co-ops.nos.noaa.gov/thredds/dodsC/NOAA/NGOFS2/MODELS/2026/10/06/ngofs2.t15z.20261006.stations.nowcast.nc,Point Clear/Grand Hotel,0.0
noaa_ngofs2_point_clear_station,MODEL,"8733821 Pt Clear, MB",93,nearest_verified_coordinate,0.3114,30.489032745361328,-87.93621826171875,272.06378173828125,1.8300000429153442,surface,0,-0.012500000186264515,salinity,14.467653274536133,1e-3,2026-10-06T11:36:00+00:00,2026-10-06T15:00:00+00:00,2026-10-06T22:47:11.110927+00:00,2026-10-06T22:47:11.110927+00:00,https://opendap.co-ops.nos.noaa.gov/thredds/dodsC/NOAA/NGOFS2/MODELS/2026/10/06/ngofs2.t15z.20261006.stations.nowcast.nc,Point Clear/Grand Hotel,0.0
noaa_ngofs2_point_clear_station,MODEL,"8733821 Pt Clear, MB",93,nearest_verified_coordinate,0.3114,30.489032745361328,-87.93621826171875,272.06378173828125,1.8300000429153442,bottom,39,-0.987500011920929,eastward_current,0.007137559354305267,m/s,2026-10-06T11:36:00+00:00,2026-10-06T15:00:00+00:00,2026-10-06T22:47:11.110927+00:00,2026-10-06T22:47:11.110927+00:00,https://opendap.co-ops.nos.noaa.gov/thredds/dodsC/NOAA/NGOFS2/MODELS/2026/10/06/ngofs2.t15z.20261006.stations.nowcast.nc,Point Clear/Grand Hotel,0.0
noaa_ngofs2_point_clear_station,MODEL,"8733821 Pt Clear, MB",93,nearest_verified_coordinate,0.3114,30.489032745361328,-87.93621826171875,272.06378173828125,1.8300000429153442,bottom,39,-0.987500011920929,northward_current,-0.008031245321035385,m/s,2026-10-06T11:36:00+00:00,2026-10-06T15:00:00+00:00,2026-10-06T22:47:11.110927+00:00,2026-10-06T22:47:11.110927+00:00,https://opendap.co-ops.nos.noaa.gov/thredds/dodsC/NOAA/NGOFS2/MODELS/2026/10/06/ngofs2.t15z.20261006.stations.nowcast.nc,Point Clear/Grand Hotel,0.0
noaa_ngofs2_point_clear_station,MODEL,"8733821 Pt Clear, MB",93,nearest_verified_coordinate,0.3114,30.489032745361328,-87.93621826171875,272.06378173828125,1.8300000429153442,bottom,39,-0.987500011920929,shoreward_current,0.0071375593543052665,m/s,2026-10-06T11:36:00+00:00,2026-10-06T15:00:00+00:00,2026-10-06T22:47:11.110927+00:00,2026-10-06T22:47:11.110927+00:00,https://opendap.co-ops.nos.noaa.gov/thredds/dodsC/NOAA/NGOFS2/MODELS/2026/10/06/ngofs2.t15z.20261006.stations.nowcast.nc,Point Clear/Grand Hotel,0.0
noaa_ngofs2_point_clear_station,MODEL,"8733821 Pt Clear, MB",93,nearest_verified_coordinate,0.3114,30.489032745361328,-87.93621826171875,272.06378173828125,1.8300000429153442,bottom,39,-0.987500011920929,water_temperature,29.114837646484375,degC,2026-10-06T11:36:00+00:00,2026-10-06T15:00:00+00:00,2026-10-06T22:47:11.110927+00:00,2026-10-06T22:47:11.110927+00:00,https://opendap.co-ops.nos.noaa.gov/thredds/dodsC/NOAA/NGOFS2/MODELS/2026/10/06/ngofs2.t15z.20261006.stations.nowcast.nc,Point Clear/Grand Hotel,0.0
noaa_ngofs2_point_clear_station,MODEL,"8733821 Pt Clear, MB",93,nearest_verified_coordinate,0.3114,30.489032745361328,-87.93621826171875,272.06378173828125,1.8300000429153442,bottom,39,-0.987500011920929,salinity,15.195353507995605,1e-3,2026-10-06T11:36:00+00:00,2026-10-06T15:00:00+00:00,2026-10-06T22:47:11.110927+00:00,2026-10-06T22:47:11.110927+00:00,https://opendap.co-ops.nos.noaa.gov/thredds/dodsC/NOAA/NGOFS2/MODELS/2026/10/06/ngofs2.t15z.20261006.stations.nowcast.nc,Point Clear/Grand Hotel,0.0
noaa_ngofs2_point_clear_station,MODEL,"8733821 Pt Clear, MB",93,nearest_verified_coordinate,0.3114,30.489032745361328,-87.93621826171875,272.06378173828125,1.8300000429153442,surface,,,water_surface_elevation,0.3600481152534485,m,2026-10-06T11:36:00+00:00,2026-10-06T15:00:00+00:00,2026-10-06T22:47:11.110927+00:00,2026-10-06T22:47:11.110927+00:00,https://opendap.co-ops.nos.noaa.gov/thredds/dodsC/NOAA/NGOFS2/MODELS/2026/10/06/ngofs2.t15z.20261006.stations.nowcast.nc,Point Clear/Grand Hotel,0.0
noaa_ngofs2_point_clear_station,MODEL,"8733821 Pt Clear, MB",93,nearest_verified_coordinate,0.3114,30.489032745361328,-87.93621826171875,272.06378173828125,1.8300000429153442,surface,0,-0.012500000186264515,eastward_current,-0.06296107172966003,m/s,2026-10-06T11:42:00+00:00,2026-10-06T15:00:00+00:00,2026-10-06T22:47:11.110927+00:00,2026-10-06T22:47:11.110927+00:00,https://opendap.co-ops.nos.noaa.gov/thredds/dodsC/NOAA/NGOFS2/MODELS/2026/10/06/ngofs2.t15z.20261006.stations.nowcast.nc,Point Clear/Grand Hotel,0.0
noaa_ngofs2_point_clear_station,MODEL,"8733821 Pt Clear, MB",93,nearest_verified_coordinate,0.3114,30.489032745361328,-87.93621826171875,272.06378173828125,1.8300000429153442,surface,0,-0.012500000186264515,northward_current,-0.09029005467891693,m/s,2026-10-06T11:42:00+00:00,2026-10-06T15:00:00+00:00,2026-10-06T22:47:11.110927+00:00,2026-10-06T22:47:11.110927+00:00,https://opendap.co-ops.nos.noaa.gov/thredds/dodsC/NOAA/NGOFS2/MODELS/2026/10/06/ngofs2.t15z.20261006.stations.nowcast.nc,Point Clear/Grand Hotel,0.0
noaa_ngofs2_point_clear_station,MODEL,"8733821 Pt Clear, MB",93,nearest_verified_coordinate,0.3114,30.489032745361328,-87.93621826171875,272.06378173828125,1.8300000429153442,surface,0,-0.012500000186264515,shoreward_current,-0.06296107172966003,m/s,2026-10-06T11:42:00+00:00,2026-10-06T15:00:00+00:00,2026-10-06T22:47:11.110927+00:00,2026-10-06T22:47:11.110927+00:00,https://opendap.co-ops.nos.noaa.gov/thredds/dodsC/NOAA/NGOFS2/MODELS/2026/10/06/ngofs2.t15z.20261006.stations.nowcast.nc,Point Clear/Grand Hotel,0.0
noaa_ngofs2_point_clear_station,MODEL,"8733821 Pt Clear, MB",93,nearest_verified_coordinate,0.3114,30.489032745361328,-87.93621826171875,272.06378173828125,1.8300000429153442,surface,0,-0.012500000186264515,water_temperature,28.76555061340332,degC,2026-10-06T11:42:00+00:00,2026-10-06T15:00:00+00:00,2026-10-06T22:47:11.110927+00:00,2026-10-06T22:47:11.110927+00:00,https://opendap.co-ops.nos.noaa.gov/thredds/dodsC/NOAA/NGOFS2/MODELS/2026/10/06/ngofs2.t15z.20261006.stations.nowcast.nc,Point Clear/Grand Hotel,0.0
noaa_ngofs2_point_clear_station,MODEL,"8733821 Pt Clear, MB",93,nearest_verified_coordinate,0.3114,30.489032745361328,-87.93621826171875,272.06378173828125,1.8300000429153442,surface,0,-0.012500000186264515,salinity,14.462105751037598,1e-3,2026-10-06T11:42:00+00:00,2026-10-06T15:00:00+00:00,2026-10-06T22:47:11.110927+00:00,2026-10-06T22:47:11.110927+00:00,https://opendap.co-ops.nos.noaa.gov/thredds/dodsC/NOAA/NGOFS2/MODELS/2026/10/06/ngofs2.t15z.20261006.stations.nowcast.nc,Point Clear/Grand Hotel,0.0
noaa_ngofs2_point_clear_station,MODEL,"8733821 Pt Clear, MB",93,nearest_verified_coordinate,0.3114,30.489032745361328,-87.93621826171875,272.06378173828125,1.8300000429153442,bottom,39,-0.987500011920929,eastward_current,0.0068519641645252705,m/s,2026-10-06T11:42:00+00:00,2026-10-06T15:00:00+00:00,2026-10-06T22:47:11.110927+00:00,2026-10-06T22:47:11.110927+00:00,https://opendap.co-ops.nos.noaa.gov/thredds/dodsC/NOAA/NGOFS2/MODELS/2026/10/06/ngofs2.t15z.20261006.stations.nowcast.nc,Point Clear/Grand Hotel,0.0
noaa_ngofs2_point_clear_station,MODEL,"8733821 Pt Clear, MB",93,nearest_verified_coordinate,0.3114,30.489032745361328,-87.93621826171875,272.06378173828125,1.8300000429153442,bottom,39,-0.987500011920929,northward_current,-0.009131042286753654,m/s,2026-10-06T11:42:00+00:00,2026-10-06T15:00:00+00:00,2026-10-06T22:47:11.110927+00:00,2026-10-06T22:47:11.110927+00:00,https://opendap.co-ops.nos.noaa.gov/thredds/dodsC/NOAA/NGOFS2/MODELS/2026/10/06/ngofs2.t15z.20261006.stations.nowcast.nc,Point Clear/Grand Hotel,0.0
noaa_ngofs2_point_clear_station,MODEL,"8733821 Pt Clear, MB",93,nearest_verified_coordinate,0.3114,30.489032745361328,-87.93621826171875,272.06378173828125,1.8300000429153442,bottom,39,-0.987500011920929,shoreward_current,0.00685196416452527,m/s,2026-10-06T11:42:00+00:00,2026-10-06T15:00:00+00:00,2026-10-06T22:47:11.110927+00:00,2026-10-06T22:47:11.110927+00:00,https://opendap.co-ops.nos.noaa.gov/thredds/dodsC/NOAA/NGOFS2/MODELS/2026/10/06/ngofs2.t15z.20261006.stations.nowcast.nc,Point Clear/Grand Hotel,0.0
noaa_ngofs2_point_clear_station,MODEL,"8733821 Pt Clear, MB",93,nearest_verified_coordinate,0.3114,30.489032745361328,-87.93621826171875,272.06378173828125,1.8300000429153442,bottom,39,-0.987500011920929,water_temperature,29.1098690032959,degC,2026-10-06T11:42:00+00:00,2026-10-06T15:00:00+00:00,2026-10-06T22:47:11.110927+00:00,2026-10-06T22:47:11.110927+00:00,https://opendap.co-ops.nos.noaa.gov/thredds/dodsC/NOAA/NGOFS2/MODELS/2026/10/06/ngofs2.t15z.20261006.stations.nowcast.nc,Point Clear/Grand Hotel,0.0
noaa_ngofs2_point_clear_station,MODEL,"8733821 Pt Clear, MB",93,nearest_verified_coordinate,0.3114,30.489032745361328,-87.93621826171875,272.06378173828125,1.8300000429153442,bottom,39,-0.987500011920929,salinity,15.198782920837402,1e-3,2026-10-06T11:42:00+00:00,2026-10-06T15:00:00+00:00,2026-10-06T22:47:11.110927+00:00,2026-10-06T22:47:11.110927+00:00,https://opendap.co-ops.nos.noaa.gov/thredds/dodsC/NOAA/NGOFS2/MODELS/2026/10/06/ngofs2.t15z.20261006.stations.nowcast.nc,Point Clear/Grand Hotel,0.0
noaa_ngofs2_point_clear_station,MODEL,"8733821 Pt Clear, MB",93,nearest_verified_coordinate,0.3114,30.489032745361328,-87.93621826171875,272.06378173828125,1.8300000429153442,surface,,,water_surface_elevation,0.3620779812335968,m,2026-10-06T11:42:00+00:00,2026-10-06T15:00:00+00:00,2026-10-06T22:47:11.110927+00:00,2026-10-06T22:47:11.110927+00:00,https://opendap.co-ops.nos.noaa.gov/thredds/dodsC/NOAA/NGOFS2/MODELS/2026/10/06/ngofs2.t15z.20261006.stations.nowcast.nc,Point Clear/Grand Hotel,0.0
noaa_ngofs2_point_clear_station,MODEL,"8733821 Pt Clear, MB",93,nearest_verified_coordinate,0.3114,30.489032745361328,-87.93621826171875,272.06378173828125,1.8300000429153442,surface,0,-0.012500000186264515,eastward_current,-0.0654669776558876,m/s,2026-10-06T11:48:00+00:00,2026-10-06T15:00:00+00:00,2026-10-06T22:47:11.110927+00:00,2026-10-06T22:47:11.110927+00:00,https://opendap.co-ops.nos.noaa.gov/thredds/dodsC/NOAA/NGOFS2/MODELS/2026/10/06/ngofs2.t15z.20261006.stations.nowcast.nc,Point Clear/Grand Hotel,0.0
noaa_ngofs2_point_clear_station,MODEL,"8733821 Pt Clear, MB",93,nearest_verified_coordinate,0.3114,30.489032745361328,-87.93621826171875,272.06378173828125,1.8300000429153442,surface,0,-0.012500000186264515,northward_current,-0.09477350115776062,m/s,2026-10-06T11:48:00+00:00,2026-10-06T15:00:00+00:00,2026-10-06T22:47:11.110927+00:00,2026-10-06T22:47:11.110927+00:00,https://opendap.co-ops.nos.noaa.gov/thredds/dodsC/NOAA/NGOFS2/MODELS/2026/10/06/ngofs2.t15z.20261006.stations.nowcast.nc,Point Clear/Grand Hotel,0.0
noaa_ngofs2_point_clear_station,MODEL,"8733821 Pt Clear, MB",93,nearest_verified_coordinate,0.3114,30.489032745361328,-87.93621826171875,272.06378173828125,1.8300000429153442,surface,0,-0.012500000186264515,shoreward_current,-0.0654669776558876,m/s,2026-10-06T11:48:00+00:00,2026-10-06T15:00:00+00:00,2026-10-06T22:47:11.110927+00:00,2026-10-06T22:47:11.110927+00:00,https://opendap.co-ops.nos.noaa.gov/thredds/dodsC/NOAA/NGOFS2/MODELS/2026/10/06/ngofs2.t15z.20261006.stations.nowcast.nc,Point Clear/Grand Hotel,0.0
noaa_ngofs2_point_clear_station,MODEL,"8733821 Pt Clear, MB",93,nearest_verified_coordinate,0.3114,30.489032745361328,-87.93621826171875,272.06378173828125,1.8300000429153442,surface,0,-0.012500000186264515,water_temperature,28.759784698486328,degC,2026-10-06T11:48:00+00:00,2026-10-06T15:00:00+00:00,2026-10-06T22:47:11.110927+00:00,2026-10-06T22:47:11.110927+00:00,https://opendap.co-ops.nos.noaa.gov/thredds/dodsC/NOAA/NGOFS2/MODELS/2026/10/06/ngofs2.t15z.20261006.stations.nowcast.nc,Point Clear/Grand Hotel,0.0
noaa_ngofs2_point_clear_station,MODEL,"8733821 Pt Clear, MB",93,nearest_verified_coordinate,0.3114,30.489032745361328,-87.93621826171875,272.06378173828125,1.8300000429153442,surface,0,-0.012500000186264515,salinity,14.456804275512695,1e-3,2026-10-06T11:48:00+00:00,2026-10-06T15:00:00+00:00,2026-10-06T22:47:11.110927+00:00,2026-10-06T22:47:11.110927+00:00,https://opendap.co-ops.nos.noaa.gov/thredds/dodsC/NOAA/NGOFS2/MODELS/2026/10/06/ngofs2.t15z.20261006.stations.nowcast.nc,Point Clear/Grand Hotel,0.0
noaa_ngofs2_point_clear_station,MODEL,"8733821 Pt Clear, MB",93,nearest_verified_coordinate,0.3114,30.489032745361328,-87.93621826171875,272.06378173828125,1.8300000429153442,bottom,39,-0.987500011920929,eastward_current,0.006643454544246197,m/s,2026-10-06T11:48:00+00:00,2026-10-06T15:00:00+00:00,2026-10-06T22:47:11.110927+00:00,2026-10-06T22:47:11.110927+00:00,https://opendap.co-ops.nos.noaa.gov/thredds/dodsC/NOAA/NGOFS2/MODELS/2026/10/06/ngofs2.t15z.20261006.stations.nowcast.nc,Point Clear/Grand Hotel,0.0
noaa_ngofs2_point_clear_station,MODEL,"8733821 Pt Clear, MB",93,nearest_verified_coordinate,0.3114,30.489032745361328,-87.93621826171875,272.06378173828125,1.8300000429153442,bottom,39,-0.987500011920929,northward_current,-0.010180994868278503,m/s,2026-10-06T11:48:00+00:00,2026-10-06T15:00:00+00:00,2026-10-06T22:47:11.110927+00:00,2026-10-06T22:47:11.110927+00:00,https://opendap.co-ops.nos.noaa.gov/thredds/dodsC/NOAA/NGOFS2/MODELS/2026/10/06/ngofs2.t15z.20261006.stations.nowcast.nc,Point Clear/Grand Hotel,0.0
noaa_ngofs2_point_clear_station,MODEL,"8733821 Pt Clear, MB",93,nearest_verified_coordinate,0.3114,30.489032745361328,-87.93621826171875,272.06378173828125,1.8300000429153442,bottom,39,-0.987500011920929,shoreward_current,0.006643454544246196,m/s,2026-10-06T11:48:00+00:00,2026-10-06T15:00:00+00:00,2026-10-06T22:47:11.110927+00:00,2026-10-06T22:47:11.110927+00:00,https://opendap.co-ops.nos.noaa.gov/thredds/dodsC/NOAA/NGOFS2/MODELS/2026/10/06/ngofs2.t15z.20261006.stations.nowcast.nc,Point Clear/Grand Hotel,0.0
noaa_ngofs2_point_clear_station,MODEL,"8733821 Pt Clear, MB",93,nearest_verified_coordinate,0.3114,30.489032745361328,-87.93621826171875,272.06378173828125,1.8300000429153442,bottom,39,-0.987500011920929,water_temperature,29.10614585876465,degC,2026-10-06T11:48:00+00:00,2026-10-06T15:00:00+00:00,2026-10-06T22:47:11.110927+00:00,2026-10-06T22:47:11.110927+00:00,https://opendap.co-ops.nos.noaa.gov/thredds/dodsC/NOAA/NGOFS2/MODELS/2026/10/06/ngofs2.t15z.20261006.stations.nowcast.nc,Point Clear/Grand Hotel,0.0
noaa_ngofs2_point_clear_station,MODEL,"8733821 Pt Clear, MB",93,nearest_verified_coordinate,0.3114,30.489032745361328,-87.93621826171875,272.06378173828125,1.8300000429153442,bottom,39,-0.987500011920929,salinity,15.206391334533691,1e-3,2026-10-06T11:48:00+00:00,2026-10-06T15:00:00+00:00,2026-10-06T22:47:11.110927+00:00,2026-10-06T22:47:11.110927+00:00,https://opendap.co-ops.nos.noaa.gov/thredds/dodsC/NOAA/NGOFS2/MODELS/2026/10/06/ngofs2.t15z.20261006.stations.nowcast.nc,Point Clear/Grand Hotel,0.0
noaa_ngofs2_point_clear_station,MODEL,"8733821 Pt Clear, MB",93,nearest_verified_coordinate,0.3114,30.489032745361328,-87.93621826171875,272.06378173828125,1.8300000429153442,surface,,,water_surface_elevation,0.36356186866760254,m,2026-10-06T11:48:00+00:00,2026-10-06T15:00:00+00:00,2026-10-06T22:47:11.110927+00:00,2026-10-06T22:47:11.110927+00:00,https://opendap.co-ops.nos.noaa.gov/thredds/dodsC/NOAA/NGOFS2/MODELS/2026/10/06/ngofs2.t15z.20261006.stations.nowcast.nc,Point Clear/Grand Hotel,0.0
noaa_ngofs2_point_clear_station,MODEL,"8733821 Pt Clear, MB",93,nearest_verified_coordinate,0.3114,30.489032745361328,-87.93621826171875,272.06378173828125,1.8300000429153442,surface,0,-0.012500000186264515,eastward_current,-0.06854137778282166,m/s,2026-10-06T11:54:00+00:00,2026-10-06T15:00:00+00:00,2026-10-06T22:47:11.110927+00:00,2026-10-06T22:47:11.110927+00:00,https://opendap.co-ops.nos.noaa.gov/thredds/dodsC/NOAA/NGOFS2/MODELS/2026/10/06/ngofs2.t15z.20261006.stations.nowcast.nc,Point Clear/Grand Hotel,0.0
noaa_ngofs2_point_clear_station,MODEL,"8733821 Pt Clear, MB",93,nearest_verified_coordinate,0.3114,30.489032745361328,-87.93621826171875,272.06378173828125,1.8300000429153442,surface,0,-0.012500000186264515,northward_current,-0.10039108991622925,m/s,2026-10-06T11:54:00+00:00,2026-10-06T15:00:00+00:00,2026-10-06T22:47:11.110927+00:00,2026-10-06T22:47:11.110927+00:00,https://opendap.co-ops.nos.noaa.gov/thredds/dodsC/NOAA/NGOFS2/MODELS/2026/10/06/ngofs2.t15z.20261006.stations.nowcast.nc,Point Clear/Grand Hotel,0.0
noaa_ngofs2_point_clear_station,MODEL,"8733821 Pt Clear, MB",93,nearest_verified_coordinate,0.3114,30.489032745361328,-87.93621826171875,272.06378173828125,1.8300000429153442,surface,0,-0.012500000186264515,shoreward_current,-0.06854137778282166,m/s,2026-10-06T11:54:00+00:00,2026-10-06T15:00:00+00:00,2026-10-06T22:47:11.110927+00:00,2026-10-06T22:47:11.110927+00:00,https://opendap.co-ops.nos.noaa.gov/thredds/dodsC/NOAA/NGOFS2/MODELS/2026/10/06/ngofs2.t15z.20261006.stations.nowcast.nc,Point Clear/Grand Hotel,0.0
noaa_ngofs2_point_clear_station,MODEL,"8733821 Pt Clear, MB",93,nearest_verified_coordinate,0.3114,30.489032745361328,-87.93621826171875,272.06378173828125,1.8300000429153442,surface,0,-0.012500000186264515,water_temperature,28.754520416259766,degC,2026-10-06T11:54:00+00:00,2026-10-06T15:00:00+00:00,2026-10-06T22:47:11.110927+00:00,2026-10-06T22:47:11.110927+00:00,https://opendap.co-ops.nos.noaa.gov/thredds/dodsC/NOAA/NGOFS2/MODELS/2026/10/06/ngofs2.t15z.20261006.stations.nowcast.nc,Point Clear/Grand Hotel,0.0
noaa_ngofs2_point_clear_station,MODEL,"8733821 Pt Clear, MB",93,nearest_verified_coordinate,0.3114,30.489032745361328,-87.93621826171875,272.06378173828125,1.8300000429153442,surface,0,-0.012500000186264515,salinity,14.451409339904785,1e-3,2026-10-06T11:54:00+00:00,2026-10-06T15:00:00+00:00,2026-10-06T22:47:11.110927+00:00,2026-10-06T22:47:11.110927+00:00,https://opendap.co-ops.nos.noaa.gov/thredds/dodsC/NOAA/NGOFS2/MODELS/2026/10/06/ngofs2.t15z.20261006.stations.nowcast.nc,Point Clear/Grand Hotel,0.0
noaa_ngofs2_point_clear_station,MODEL,"8733821 Pt Clear, MB",93,nearest_verified_coordinate,0.3114,30.489032745361328,-87.93621826171875,272.06378173828125,1.8300000429153442,bottom,39,-0.987500011920929,eastward_current,0.006516169756650925,m/s,2026-10-06T11:54:00+00:00,2026-10-06T15:00:00+00:00,2026-10-06T22:47:11.110927+00:00,2026-10-06T22:47:11.110927+00:00,https://opendap.co-ops.nos.noaa.gov/thredds/dodsC/NOAA/NGOFS2/MODELS/2026/10/06/ngofs2.t15z.20261006.stations.nowcast.nc,Point Clear/Grand Hotel,0.0
noaa_ngofs2_point_clear_station,MODEL,"8733821 Pt Clear, MB",93,nearest_verified_coordinate,0.3114,30.489032745361328,-87.93621826171875,272.06378173828125,1.8300000429153442,bottom,39,-0.987500011920929,northward_current,-0.011405661702156067,m/s,2026-10-06T11:54:00+00:00,2026-10-06T15:00:00+00:00,2026-10-06T22:47:11.110927+00:00,2026-10-06T22:47:11.110927+00:00,https://opendap.co-ops.nos.noaa.gov/thredds/dodsC/NOAA/NGOFS2/MODELS/2026/10/06/ngofs2.t15z.20261006.stations.nowcast.nc,Point Clear/Grand Hotel,0.0
noaa_ngofs2_point_clear_station,MODEL,"8733821 Pt Clear, MB",93,nearest_verified_coordinate,0.3114,30.489032745361328,-87.93621826171875,272.06378173828125,1.8300000429153442,bottom,39,-0.987500011920929,shoreward_current,0.006516169756650924,m/s,2026-10-06T11:54:00+00:00,2026-10-06T15:00:00+00:00,2026-10-06T22:47:11.110927+00:00,2026-10-06T22:47:11.110927+00:00,https://opendap.co-ops.nos.noaa.gov/thredds/dodsC/NOAA/NGOFS2/MODELS/2026/10/06/ngofs2.t15z.20261006.stations.nowcast.nc,Point Clear/Grand Hotel,0.0
noaa_ngofs2_point_clear_station,MODEL,"8733821 Pt Clear, MB",93,nearest_verified_coordinate,0.3114,30.489032745361328,-87.93621826171875,272.06378173828125,1.8300000429153442,bottom,39,-0.987500011920929,water_temperature,29.103544235229492,degC,2026-10-06T11:54:00+00:00,2026-10-06T15:00:00+00:00,2026-10-06T22:47:11.110927+00:00,2026-10-06T22:47:11.110927+00:00,https://opendap.co-ops.nos.noaa.gov/thredds/dodsC/NOAA/NGOFS2/MODELS/2026/10/06/ngofs2.t15z.20261006.stations.nowcast.nc,Point Clear/Grand Hotel,0.0
noaa_ngofs2_point_clear_station,MODEL,"8733821 Pt Clear, MB",93,nearest_verified_coordinate,0.3114,30.489032745361328,-87.93621826171875,272.06378173828125,1.8300000429153442,bottom,39,-0.987500011920929,salinity,15.217939376831055,1e-3,2026-10-06T11:54:00+00:00,2026-10-06T15:00:00+00:00,2026-10-06T22:47:11.110927+00:00,2026-10-06T22:47:11.110927+00:00,https://opendap.co-ops.nos.noaa.gov/thredds/dodsC/NOAA/NGOFS2/MODELS/2026/10/06/ngofs2.t15z.20261006.stations.nowcast.nc,Point Clear/Grand Hotel,0.0
noaa_ngofs2_point_clear_station,MODEL,"8733821 Pt Clear, MB",93,nearest_verified_coordinate,0.3114,30.489032745361328,-87.93621826171875,272.06378173828125,1.8300000429153442,surface,,,water_surface_elevation,0.36463168263435364,m,2026-10-06T11:54:00+00:00,2026-10-06T15:00:00+00:00,2026-10-06T22:47:11.110927+00:00,2026-10-06T22:47:11.110927+00:00,https://opendap.co-ops.nos.noaa.gov/thredds/dodsC/NOAA/NGOFS2/MODELS/2026/10/06/ngofs2.t15z.20261006.stations.nowcast.nc,Point Clear/Grand Hotel,0.0
noaa_ngofs2_point_clear_station,MODEL,"8733821 Pt Clear, MB",93,nearest_verified_coordinate,0.3114,30.489032745361328,-87.93621826171875,272.06378173828125,1.8300000429153442,surface,0,-0.012500000186264515,eastward_current,-0.07218873500823975,m/s,2026-10-06T12:00:00+00:00,2026-10-06T15:00:00+00:00,2026-10-06T22:47:11.110927+00:00,2026-10-06T22:47:11.110927+00:00,https://opendap.co-ops.nos.noaa.gov/thredds/dodsC/NOAA/NGOFS2/MODELS/2026/10/06/ngofs2.t15z.20261006.stations.nowcast.nc,Point Clear/Grand Hotel,0.0
noaa_ngofs2_point_clear_station,MODEL,"8733821 Pt Clear, MB",93,nearest_verified_coordinate,0.3114,30.489032745361328,-87.93621826171875,272.06378173828125,1.8300000429153442,surface,0,-0.012500000186264515,northward_current,-0.10660034418106079,m/s,2026-10-06T12:00:00+00:00,2026-10-06T15:00:00+00:00,2026-10-06T22:47:11.110927+00:00,2026-10-06T22:47:11.110927+00:00,https://opendap.co-ops.nos.noaa.gov/thredds/dodsC/NOAA/NGOFS2/MODELS/2026/10/06/ngofs2.t15z.20261006.stations.nowcast.nc,Point Clear/Grand Hotel,0.0
noaa_ngofs2_point_clear_station,MODEL,"8733821 Pt Clear, MB",93,nearest_verified_coordinate,0.3114,30.489032745361328,-87.93621826171875,272.06378173828125,1.8300000429153442,surface,0,-0.012500000186264515,shoreward_current,-0.07218873500823975,m/s,2026-10-06T12:00:00+00:00,2026-10-06T15:00:00+00:00,2026-10-06T22:47:11.110927+00:00,2026-10-06T22:47:11.110927+00:00,https://opendap.co-ops.nos.noaa.gov/thredds/dodsC/NOAA/NGOFS2/MODELS/2026/10/06/ngofs2.t15z.20261006.stations.nowcast.nc,Point Clear/Grand Hotel,0.0
noaa_ngofs2_point_clear_station,MODEL,"8733821 Pt Clear, MB",93,nearest_verified_coordinate,0.3114,30.489032745361328,-87.93621826171875,272.06378173828125,1.8300000429153442,surface,0,-0.012500000186264515,water_temperature,28.749528884887695,degC,2026-10-06T12:00:00+00:00,2026-10-06T15:00:00+00:00,2026-10-06T22:47:11.110927+00:00,2026-10-06T22:47:11.110927+00:00,https://opendap.co-ops.nos.noaa.gov/thredds/dodsC/NOAA/NGOFS2/MODELS/2026/10/06/ngofs2.t15z.20261006.stations.nowcast.nc,Point Clear/Grand Hotel,0.0
noaa_ngofs2_point_clear_station,MODEL,"8733821 Pt Clear, MB",93,nearest_verified_coordinate,0.3114,30.489032745361328,-87.93621826171875,272.06378173828125,1.8300000429153442,surface,0,-0.012500000186264515,salinity,14.44544506072998,1e-3,2026-10-06T12:00:00+00:00,2026-10-06T15:00:00+00:00,2026-10-06T22:47:11.110927+00:00,2026-10-06T22:47:11.110927+00:00,https://opendap.co-ops.nos.noaa.gov/thredds/dodsC/NOAA/NGOFS2/MODELS/2026/10/06/ngofs2.t15z.20261006.stations.nowcast.nc,Point Clear/Grand Hotel,0.0
noaa_ngofs2_point_clear_station,MODEL,"8733821 Pt Clear, MB",93,nearest_verified_coordinate,0.3114,30.489032745361328,-87.93621826171875,272.06378173828125,1.8300000429153442,bottom,39,-0.987500011920929,eastward_current,0.006310520227998495,m/s,2026-10-06T12:00:00+00:00,2026-10-06T15:00:00+00:00,2026-10-06T22:47:11.110927+00:00,2026-10-06T22:47:11.110927+00:00,https://opendap.co-ops.nos.noaa.gov/thredds/dodsC/NOAA/NGOFS2/MODELS/2026/10/06/ngofs2.t15z.20261006.stations.nowcast.nc,Point Clear/Grand Hotel,0.0
noaa_ngofs2_point_clear_station,MODEL,"8733821 Pt Clear, MB",93,nearest_verified_coordinate,0.3114,30.489032745361328,-87.93621826171875,272.06378173828125,1.8300000429153442,bottom,39,-0.987500011920929,northward_current,-0.012667895294725895,m/s,2026-10-06T12:00:00+00:00,2026-10-06T15:00:00+00:00,2026-10-06T22:47:11.110927+00:00,2026-10-06T22:47:11.110927+00:00,https://opendap.co-ops.nos.noaa.gov/thredds/dodsC/NOAA/NGOFS2/MODELS/2026/10/06/ngofs2.t15z.20261006.stations.nowcast.nc,Point Clear/Grand Hotel,0.0
noaa_ngofs2_point_clear_station,MODEL,"8733821 Pt Clear, MB",93,nearest_verified_coordinate,0.3114,30.489032745361328,-87.93621826171875,272.06378173828125,1.8300000429153442,bottom,39,-0.987500011920929,shoreward_current,0.006310520227998494,m/s,2026-10-06T12:00:00+00:00,2026-10-06T15:00:00+00:00,2026-10-06T22:47:11.110927+00:00,2026-10-06T22:47:11.110927+00:00,https://opendap.co-ops.nos.noaa.gov/thredds/dodsC/NOAA/NGOFS2/MODELS/2026/10/06/ngofs2.t15z.20261006.stations.nowcast.nc,Point Clear/Grand Hotel,0.0
noaa_ngofs2_point_clear_station,MODEL,"8733821 Pt Clear, MB",93,nearest_verified_coordinate,0.3114,30.489032745361328,-87.93621826171875,272.06378173828125,1.8300000429153442,bottom,39,-0.987500011920929,water_temperature,29.10154151916504,degC,2026-10-06T12:00:00+00:00,2026-10-06T15:00:00+00:00,2026-10-06T22:47:11.110927+00:00,2026-10-06T22:47:11.110927+00:00,https://opendap.co-ops.nos.noaa.gov/thredds/dodsC/NOAA/NGOFS2/MODELS/2026/10/06/ngofs2.t15z.20261006.stations.nowcast.nc,Point Clear/Grand Hotel,0.0
noaa_ngofs2_point_clear_station,MODEL,"8733821 Pt Clear, MB",93,nearest_verified_coordinate,0.3114,30.489032745361328,-87.93621826171875,272.06378173828125,1.8300000429153442,bottom,39,-0.987500011920929,salinity,15.232283592224121,1e-3,2026-10-06T12:00:00+00:00,2026-10-06T15:00:00+00:00,2026-10-06T22:47:11.110927+00:00,2026-10-06T22:47:11.110927+00:00,https://opendap.co-ops.nos.noaa.gov/thredds/dodsC/NOAA/NGOFS2/MODELS/2026/10/06/ngofs2.t15z.20261006.stations.nowcast.nc,Point Clear/Grand Hotel,0.0
noaa_ngofs2_point_clear_station,MODEL,"8733821 Pt Clear, MB",93,nearest_verified_coordinate,0.3114,30.489032745361328,-87.93621826171875,272.06378173828125,1.8300000429153442,surface,,,water_surface_elevation,0.365447998046875,m,2026-10-06T12:00:00+00:00,2026-10-06T15:00:00+00:00,2026-10-06T22:47:11.110927+00:00,2026-10-06T22:47:11.110927+00:00,https://opendap.co-ops.nos.noaa.gov/thredds/dodsC/NOAA/NGOFS2/MODELS/2026/10/06/ngofs2.t15z.20261006.stations.nowcast.nc,Point Clear/Grand Hotel,0.0
noaa_ngofs2_point_clear_station,MODEL,"8733821 Pt Clear, MB",93,nearest_verified_coordinate,0.3114,30.489032745361328,-87.93621826171875,272.06378173828125,1.8300000429153442,surface,0,-0.012500000186264515,eastward_current,-0.07623440772294998,m/s,2026-10-06T12:06:00+00:00,2026-10-06T15:00:00+00:00,2026-10-06T22:47:11.110927+00:00,2026-10-06T22:47:11.110927+00:00,https://opendap.co-ops.nos.noaa.gov/thredds/dodsC/NOAA/NGOFS2/MODELS/2026/10/06/ngofs2.t15z.20261006.stations.nowcast.nc,Point Clear/Grand Hotel,0.0
noaa_ngofs2_point_clear_station,MODEL,"8733821 Pt Clear, MB",93,nearest_verified_coordinate,0.3114,30.489032745361328,-87.93621826171875,272.06378173828125,1.8300000429153442,surface,0,-0.012500000186264515,northward_current,-0.11340663582086563,m/s,2026-10-06T12:06:00+00:00,2026-10-06T15:00:00+00:00,2026-10-06T22:47:11.110927+00:00,2026-10-06T22:47:11.110927+00:00,https://opendap.co-ops.nos.noaa.gov/thredds/dodsC/NOAA/NGOFS2/MODELS/2026/10/06/ngofs2.t15z.20261006.stations.nowcast.nc,Point Clear/Grand Hotel,0.0
noaa_ngofs2_point_clear_station,MODEL,"8733821 Pt Clear, MB",93,nearest_verified_coordinate,0.3114,30.489032745361328,-87.93621826171875,272.06378173828125,1.8300000429153442,surface,0,-0.012500000186264515,shoreward_current,-0.07623440772295,m/s,2026-10-06T12:06:00+00:00,2026-10-06T15:00:00+00:00,2026-10-06T22:47:11.110927+00:00,2026-10-06T22:47:11.110927+00:00,https://opendap.co-ops.nos.noaa.gov/thredds/dodsC/NOAA/NGOFS2/MODELS/2026/10/06/ngofs2.t15z.20261006.stations.nowcast.nc,Point Clear/Grand Hotel,0.0
noaa_ngofs2_point_clear_station,MODEL,"8733821 Pt Clear, MB",93,nearest_verified_coordinate,0.3114,30.489032745361328,-87.93621826171875,272.06378173828125,1.8300000429153442,surface,0,-0.012500000186264515,water_temperature,28.745494842529297,degC,2026-10-06T12:06:00+00:00,2026-10-06T15:00:00+00:00,2026-10-06T22:47:11.110927+00:00,2026-10-06T22:47:11.110927+00:00,https://opendap.co-ops.nos.noaa.gov/thredds/dodsC/NOAA/NGOFS2/MODELS/2026/10/06/ngofs2.t15z.20261006.stations.nowcast.nc,Point Clear/Grand Hotel,0.0
noaa_ngofs2_point_clear_station,MODEL,"8733821 Pt Clear, MB",93,nearest_verified_coordinate,0.3114,30.489032745361328,-87.93621826171875,272.06378173828125,1.8300000429153442,surface,0,-0.012500000186264515,salinity,14.439482688903809,1e-3,2026-10-06T12:06:00+00:00,2026-10-06T15:00:00+00:00,2026-10-06T22:47:11.110927+00:00,2026-10-06T22:47:11.110927+00:00,https://opendap.co-ops.nos.noaa.gov/thredds/dodsC/NOAA/NGOFS2/MODELS/2026/10/06/ngofs2.t15z.20261006.stations.nowcast.nc,Point Clear/Grand Hotel,0.0
noaa_ngofs2_point_clear_station,MODEL,"8733821 Pt Clear, MB",93,nearest_verified_coordinate,0.3114,30.489032745361328,-87.93621826171875,272.06378173828125,1.8300000429153442,bottom,39,-0.987500011920929,eastward_current,0.005946350283920765,m/s,2026-10-06T12:06:00+00:00,2026-10-06T15:00:00+00:00,2026-10-06T22:47:11.110927+00:00,2026-10-06T22:47:11.110927+00:00,https://opendap.co-ops.nos.noaa.gov/thredds/dodsC/NOAA/NGOFS2/MODELS/2026/10/06/ngofs2.t15z.20261006.stations.nowcast.nc,Point Clear/Grand Hotel,0.0
noaa_ngofs2_point_clear_station,MODEL,"8733821 Pt Clear, MB",93,nearest_verified_coordinate,0.3114,30.489032745361328,-87.93621826171875,272.06378173828125,1.8300000429153442,bottom,39,-0.987500011920929,northward_current,-0.01419283077120781,m/s,2026-10-06T12:06:00+00:00,2026-10-06T15:00:00+00:00,2026-10-06T22:47:11.110927+00:00,2026-10-06T22:47:11.110927+00:00,https://opendap.co-ops.nos.noaa.gov/thredds/dodsC/NOAA/NGOFS2/MODELS/2026/10/06/ngofs2.t15z.20261006.stations.nowcast.nc,Point Clear/Grand Hotel,0.0
noaa_ngofs2_point_clear_station,MODEL,"8733821 Pt Clear, MB",93,nearest_verified_coordinate,0.3114,30.489032745361328,-87.93621826171875,272.06378173828125,1.8300000429153442,bottom,39,-0.987500011920929,shoreward_current,0.005946350283920764,m/s,2026-10-06T12:06:00+00:00,2026-10-06T15:00:00+00:00,2026-10-06T22:47:11.110927+00:00,2026-10-06T22:47:11.110927+00:00,https://opendap.co-ops.nos.noaa.gov/thredds/dodsC/NOAA/NGOFS2/MODELS/2026/10/06/ngofs2.t15z.20261006.stations.nowcast.nc,Point Clear/Grand Hotel,0.0
noaa_ngofs2_point_clear_station,MODEL,"8733821 Pt Clear, MB",93,nearest_verified_coordinate,0.3114,30.489032745361328,-87.93621826171875,272.06378173828125,1.8300000429153442,bottom,39,-0.987500011920929,water_temperature,29.099315643310547,degC,2026-10-06T12:06:00+00:00,2026-10-06T15:00:00+00:00,2026-10-06T22:47:11.110927+00:00,2026-10-06T22:47:11.110927+00:00,https://opendap.co-ops.nos.noaa.gov/thredds/dodsC/NOAA/NGOFS2/MODELS/2026/10/06/ngofs2.t15z.20261006.stations.nowcast.nc,Point Clear/Grand Hotel,0.0
noaa_ngofs2_point_clear_station,MODEL,"8733821 Pt Clear, MB",93,nearest_verified_coordinate,0.3114,30.489032745361328,-87.93621826171875,272.06378173828125,1.8300000429153442,bottom,39,-0.987500011920929,salinity,15.2473726272583,1e-3,2026-10-06T12:06:00+00:00,2026-10-06T15:00:00+00:00,2026-10-06T22:47:11.110927+00:00,2026-10-06T22:47:11.110927+00:00,https://opendap.co-ops.nos.noaa.gov/thredds/dodsC/NOAA/NGOFS2/MODELS/2026/10/06/ngofs2.t15z.20261006.stations.nowcast.nc,Point Clear/Grand Hotel,0.0
noaa_ngofs2_point_clear_station,MODEL,"8733821 Pt Clear, MB",93,nearest_verified_coordinate,0.3114,30.489032745361328,-87.93621826171875,272.06378173828125,1.8300000429153442,surface,,,water_surface_elevation,0.3655164837837219,m,2026-10-06T12:06:00+00:00,2026-10-06T15:00:00+00:00,2026-10-06T22:47:11.110927+00:00,2026-10-06T22:47:11.110927+00:00,https://opendap.co-ops.nos.noaa.gov/thredds/dodsC/NOAA/NGOFS2/MODELS/2026/10/06/ngofs2.t15z.20261006.stations.nowcast.nc,Point Clear/Grand Hotel,0.0
noaa_ngofs2_point_clear_station,MODEL,"8733821 Pt Clear, MB",93,nearest_verified_coordinate,0.3114,30.489032745361328,-87.93621826171875,272.06378173828125,1.8300000429153442,surface,0,-0.012500000186264515,eastward_current,-0.08011103421449661,m/s,2026-10-06T12:12:00+00:00,2026-10-06T15:00:00+00:00,2026-10-06T22:47:11.110927+00:00,2026-10-06T22:47:11.110927+00:00,https://opendap.co-ops.nos.noaa.gov/thredds/dodsC/NOAA/NGOFS2/MODELS/2026/10/06/ngofs2.t15z.20261006.stations.nowcast.nc,Point Clear/Grand Hotel,0.0
noaa_ngofs2_point_clear_station,MODEL,"8733821 Pt Clear, MB",93,nearest_verified_coordinate,0.3114,30.489032745361328,-87.93621826171875,272.06378173828125,1.8300000429153442,surface,0,-0.012500000186264515,northward_current,-0.12020128965377808,m/s,2026-10-06T12:12:00+00:00,2026-10-06T15:00:00+00:00,2026-10-06T22:47:11.110927+00:00,2026-10-06T22:47:11.110927+00:00,https://opendap.co-ops.nos.noaa.gov/thredds/dodsC/NOAA/NGOFS2/MODELS/2026/10/06/ngofs2.t15z.20261006.stations.nowcast.nc,Point Clear/Grand Hotel,0.0
noaa_ngofs2_point_clear_station,MODEL,"8733821 Pt Clear, MB",93,nearest_verified_coordinate,0.3114,30.489032745361328,-87.93621826171875,272.06378173828125,1.8300000429153442,surface,0,-0.012500000186264515,shoreward_current,-0.08011103421449663,m/s,2026-10-06T12:12:00+00:00,2026-10-06T15:00:00+00:00,2026-10-06T22:47:11.110927+00:00,2026-10-06T22:47:11.110927+00:00,https://opendap.co-ops.nos.noaa.gov/thredds/dodsC/NOAA/NGOFS2/MODELS/2026/10/06/ngofs2.t15z.20261006.stations.nowcast.nc,Point Clear/Grand Hotel,0.0
noaa_ngofs2_point_clear_station,MODEL,"8733821 Pt Clear, MB",93,nearest_verified_coordinate,0.3114,30.489032745361328,-87.93621826171875,272.06378173828125,1.8300000429153442,surface,0,-0.012500000186264515,water_temperature,28.7427921295166,degC,2026-10-06T12:12:00+00:00,2026-10-06T15:00:00+00:00,2026-10-06T22:47:11.110927+00:00,2026-10-06T22:47:11.110927+00:00,https://opendap.co-ops.nos.noaa.gov/thredds/dodsC/NOAA/NGOFS2/MODELS/2026/10/06/ngofs2.t15z.20261006.stations.nowcast.nc,Point Clear/Grand Hotel,0.0
noaa_ngofs2_point_clear_station,MODEL,"8733821 Pt Clear, MB",93,nearest_verified_coordinate,0.3114,30.489032745361328,-87.93621826171875,272.06378173828125,1.8300000429153442,surface,0,-0.012500000186264515,salinity,14.435554504394531,1e-3,2026-10-06T12:12:00+00:00,2026-10-06T15:00:00+00:00,2026-10-06T22:47:11.110927+00:00,2026-10-06T22:47:11.110927+00:00,https://opendap.co-ops.nos.noaa.gov/thredds/dodsC/NOAA/NGOFS2/MODELS/2026/10/06/ngofs2.t15z.20261006.stations.nowcast.nc,Point Clear/Grand Hotel,0.0
noaa_ngofs2_point_clear_station,MODEL,"8733821 Pt Clear, MB",93,nearest_verified_coordinate,0.3114,30.489032745361328,-87.93621826171875,272.06378173828125,1.8300000429153442,bottom,39,-0.987500011920929,eastward_current,0.005519592668861151,m/s,2026-10-06T12:12:00+00:00,2026-10-06T15:00:00+00:00,2026-10-06T22:47:11.110927+00:00,2026-10-06T22:47:11.110927+00:00,https://opendap.co-ops.nos.noaa.gov/thredds/dodsC/NOAA/NGOFS2/MODELS/2026/10/06/ngofs2.t15z.20261006.stations.nowcast.nc,Point Clear/Grand Hotel,0.0
noaa_ngofs2_point_clear_station,MODEL,"8733821 Pt Clear, MB",93,nearest_verified_coordinate,0.3114,30.489032745361328,-87.93621826171875,272.06378173828125,1.8300000429153442,bottom,39,-0.987500011920929,northward_current,-0.015941137447953224,m/s,2026-10-06T12:12:00+00:00,2026-10-06T15:00:00+00:00,2026-10-06T22:47:11.110927+00:00,2026-10-06T22:47:11.110927+00:00,https://opendap.co-ops.nos.noaa.gov/thredds/dodsC/NOAA/NGOFS2/MODELS/2026/10/06/ngofs2.t15z.20261006.stations.nowcast.nc,Point Clear/Grand Hotel,0.0
noaa_ngofs2_point_clear_station,MODEL,"8733821 Pt Clear, MB",93,nearest_verified_coordinate,0.3114,30.489032745361328,-87.93621826171875,272.06378173828125,1.8300000429153442,bottom,39,-0.987500011920929,shoreward_current,0.00551959266886115,m/s,2026-10-06T12:12:00+00:00,2026-10-06T15:00:00+00:00,2026-10-06T22:47:11.110927+00:00,2026-10-06T22:47:11.110927+00:00,https://opendap.co-ops.nos.noaa.gov/thredds/dodsC/NOAA/NGOFS2/MODELS/2026/10/06/ngofs2.t15z.20261006.stations.nowcast.nc,Point Clear/Grand Hotel,0.0
noaa_ngofs2_point_clear_station,MODEL,"8733821 Pt Clear, MB",93,nearest_verified_coordinate,0.3114,30.489032745361328,-87.93621826171875,272.06378173828125,1.8300000429153442,bottom,39,-0.987500011920929,water_temperature,29.096221923828125,degC,2026-10-06T12:12:00+00:00,2026-10-06T15:00:00+00:00,2026-10-06T22:47:11.110927+00:00,2026-10-06T22:47:11.110927+00:00,https://opendap.co-ops.nos.noaa.gov/thredds/dodsC/NOAA/NGOFS2/MODELS/2026/10/06/ngofs2.t15z.20261006.stations.nowcast.nc,Point Clear/Grand Hotel,0.0
noaa_ngofs2_point_clear_station,MODEL,"8733821 Pt Clear, MB",93,nearest_verified_coordinate,0.3114,30.489032745361328,-87.93621826171875,272.06378173828125,1.8300000429153442,bottom,39,-0.987500011920929,salinity,15.261748313903809,1e-3,2026-10-06T12:12:00+00:00,2026-10-06T15:00:00+00:00,2026-10-06T22:47:11.110927+00:00,2026-10-06T22:47:11.110927+00:00,https://opendap.co-ops.nos.noaa.gov/thredds/dodsC/NOAA/NGOFS2/MODELS/2026/10/06/ngofs2.t15z.20261006.stations.nowcast.nc,Point Clear/Grand Hotel,0.0
noaa_ngofs2_point_clear_station,MODEL,"8733821 Pt Clear, MB",93,nearest_verified_coordinate,0.3114,30.489032745361328,-87.93621826171875,272.06378173828125,1.8300000429153442,surface,,,water_surface_elevation,0.36519941687583923,m,2026-10-06T12:12:00+00:00,2026-10-06T15:00:00+00:00,2026-10-06T22:47:11.110927+00:00,2026-10-06T22:47:11.110927+00:00,https://opendap.co-ops.nos.noaa.gov/thredds/dodsC/NOAA/NGOFS2/MODELS/2026/10/06/ngofs2.t15z.20261006.stations.nowcast.nc,Point Clear/Grand Hotel,0.0
noaa_ngofs2_point_clear_station,MODEL,"8733821 Pt Clear, MB",93,nearest_verified_coordinate,0.3114,30.489032745361328,-87.93621826171875,272.06378173828125,1.8300000429153442,surface,0,-0.012500000186264515,eastward_current,-0.08311258256435394,m/s,2026-10-06T12:18:00+00:00,2026-10-06T15:00:00+00:00,2026-10-06T22:47:11.110927+00:00,2026-10-06T22:47:11.110927+00:00,https://opendap.co-ops.nos.noaa.gov/thredds/dodsC/NOAA/NGOFS2/MODELS/2026/10/06/ngofs2.t15z.20261006.stations.nowcast.nc,Point Clear/Grand Hotel,0.0
noaa_ngofs2_point_clear_station,MODEL,"8733821 Pt Clear, MB",93,nearest_verified_coordinate,0.3114,30.489032745361328,-87.93621826171875,272.06378173828125,1.8300000429153442,surface,0,-0.012500000186264515,northward_current,-0.125605508685112,m/s,2026-10-06T12:18:00+00:00,2026-10-06T15:00:00+00:00,2026-10-06T22:47:11.110927+00:00,2026-10-06T22:47:11.110927+00:00,https://opendap.co-ops.nos.noaa.gov/thredds/dodsC/NOAA/NGOFS2/MODELS/2026/10/06/ngofs2.t15z.20261006.stations.nowcast.nc,Point Clear/Grand Hotel,0.0
noaa_ngofs2_point_clear_station,MODEL,"8733821 Pt Clear, MB",93,nearest_verified_coordinate,0.3114,30.489032745361328,-87.93621826171875,272.06378173828125,1.8300000429153442,surface,0,-0.012500000186264515,shoreward_current,-0.08311258256435396,m/s,2026-10-06T12:18:00+00:00,2026-10-06T15:00:00+00:00,2026-10-06T22:47:11.110927+00:00,2026-10-06T22:47:11.110927+00:00,https://opendap.co-ops.nos.noaa.gov/thredds/dodsC/NOAA/NGOFS2/MODELS/2026/10/06/ngofs2.t15z.20261006.stations.nowcast.nc,Point Clear/Grand Hotel,0.0
noaa_ngofs2_point_clear_station,MODEL,"8733821 Pt Clear, MB",93,nearest_verified_coordinate,0.3114,30.489032745361328,-87.93621826171875,272.06378173828125,1.8300000429153442,surface,0,-0.012500000186264515,water_temperature,28.74176025390625,degC,2026-10-06T12:18:00+00:00,2026-10-06T15:00:00+00:00,2026-10-06T22:47:11.110927+00:00,2026-10-06T22:47:11.110927+00:00,https://opendap.co-ops.nos.noaa.gov/thredds/dodsC/NOAA/NGOFS2/MODELS/2026/10/06/ngofs2.t15z.20261006.stations.nowcast.nc,Point Clear/Grand Hotel,0.0
noaa_ngofs2_point_clear_station,MODEL,"8733821 Pt Clear, MB",93,nearest_verified_coordinate,0.3114,30.489032745361328,-87.93621826171875,272.06378173828125,1.8300000429153442,surface,0,-0.012500000186264515,salinity,14.435077667236328,1e-3,2026-10-06T12:18:00+00:00,2026-10-06T15:00:00+00:00,2026-10-06T22:47:11.110927+00:00,2026-10-06T22:47:11.110927+00:00,https://opendap.co-ops.nos.noaa.gov/thredds/dodsC/NOAA/NGOFS2/MODELS/2026/10/06/ngofs2.t15z.20261006.stations.nowcast.nc,Point Clear/Grand Hotel,0.0
noaa_ngofs2_point_clear_station,MODEL,"8733821 Pt Clear, MB",93,nearest_verified_coordinate,0.3114,30.489032745361328,-87.93621826171875,272.06378173828125,1.8300000429153442,bottom,39,-0.987500011920929,eastward_current,0.004949373193085194,m/s,2026-10-06T12:18:00+00:00,2026-10-06T15:00:00+00:00,2026-10-06T22:47:11.110927+00:00,2026-10-06T22:47:11.110927+00:00,https://opendap.co-ops.nos.noaa.gov/thredds/dodsC/NOAA/NGOFS2/MODELS/2026/10/06/ngofs2.t15z.20261006.stations.nowcast.nc,Point Clear/Grand Hotel,0.0
noaa_ngofs2_point_clear_station,MODEL,"8733821 Pt Clear, MB",93,nearest_verified_coordinate,0.3114,30.489032745361328,-87.93621826171875,272.06378173828125,1.8300000429153442,bottom,39,-0.987500011920929,northward_current,-0.01768660359084606,m/s,2026-10-06T12:18:00+00:00,2026-10-06T15:00:00+00:00,2026-10-06T22:47:11.110927+00:00,2026-10-06T22:47:11.110927+00:00,https://opendap.co-ops.nos.noaa.gov/thredds/dodsC/NOAA/NGOFS2/MODELS/2026/10/06/ngofs2.t15z.20261006.stations.nowcast.nc,Point Clear/Grand Hotel,0.0
noaa_ngofs2_point_clear_station,MODEL,"8733821 Pt Clear, MB",93,nearest_verified_coordinate,0.3114,30.489032745361328,-87.93621826171875,272.06378173828125,1.8300000429153442,bottom,39,-0.987500011920929,shoreward_current,0.004949373193085193,m/s,2026-10-06T12:18:00+00:00,2026-10-06T15:00:00+00:00,2026-10-06T22:47:11.110927+00:00,2026-10-06T22:47:11.110927+00:00,https://opendap.co-ops.nos.noaa.gov/thredds/dodsC/NOAA/NGOFS2/MODELS/2026/10/06/ngofs2.t15z.20261006.stations.nowcast.nc,Point Clear/Grand Hotel,0.0
noaa_ngofs2_point_clear_station,MODEL,"8733821 Pt Clear, MB",93,nearest_verified_coordinate,0.3114,30.489032745361328,-87.93621826171875,272.06378173828125,1.8300000429153442,bottom,39,-0.987500011920929,water_temperature,29.092548370361328,degC,2026-10-06T12:18:00+00:00,2026-10-06T15:00:00+00:00,2026-10-06T22:47:11.110927+00:00,2026-10-06T22:47:11.110927+00:00,https://opendap.co-ops.nos.noaa.gov/thredds/dodsC/NOAA/NGOFS2/MODELS/2026/10/06/ngofs2.t15z.20261006.stations.nowcast.nc,Point Clear/Grand Hotel,0.0
noaa_ngofs2_point_clear_station,MODEL,"8733821 Pt Clear, MB",93,nearest_verified_coordinate,0.3114,30.489032745361328,-87.93621826171875,272.06378173828125,1.8300000429153442,bottom,39,-0.987500011920929,salinity,15.274782180786133,1e-3,2026-10-06T12:18:00+00:00,2026-10-06T15:00:00+00:00,2026-10-06T22:47:11.110927+00:00,2026-10-06T22:47:11.110927+00:00,https://opendap.co-ops.nos.noaa.gov/thredds/dodsC/NOAA/NGOFS2/MODELS/2026/10/06/ngofs2.t15z.20261006.stations.nowcast.nc,Point Clear/Grand Hotel,0.0
noaa_ngofs2_point_clear_station,MODEL,"8733821 Pt Clear, MB",93,nearest_verified_coordinate,0.3114,30.489032745361328,-87.93621826171875,272.06378173828125,1.8300000429153442,surface,,,water_surface_elevation,0.3654741644859314,m,2026-10-06T12:18:00+00:00,2026-10-06T15:00:00+00:00,2026-10-06T22:47:11.110927+00:00,2026-10-06T22:47:11.110927+00:00,https://opendap.co-ops.nos.noaa.gov/thredds/dodsC/NOAA/NGOFS2/MODELS/2026/10/06/ngofs2.t15z.20261006.stations.nowcast.nc,Point Clear/Grand Hotel,0.0
noaa_ngofs2_point_clear_station,MODEL,"8733821 Pt Clear, MB",93,nearest_verified_coordinate,0.3114,30.489032745361328,-87.93621826171875,272.06378173828125,1.8300000429153442,surface,0,-0.012500000186264515,eastward_current,-0.08531864732503891,m/s,2026-10-06T12:24:00+00:00,2026-10-06T15:00:00+00:00,2026-10-06T22:47:11.110927+00:00,2026-10-06T22:47:11.110927+00:00,https://opendap.co-ops.nos.noaa.gov/thredds/dodsC/NOAA/NGOFS2/MODELS/2026/10/06/ngofs2.t15z.20261006.stations.nowcast.nc,Point Clear/Grand Hotel,0.0
noaa_ngofs2_point_clear_station,MODEL,"8733821 Pt Clear, MB",93,nearest_verified_coordinate,0.3114,30.489032745361328,-87.93621826171875,272.06378173828125,1.8300000429153442,surface,0,-0.012500000186264515,northward_current,-0.12969139218330383,m/s,2026-10-06T12:24:00+00:00,2026-10-06T15:00:00+00:00,2026-10-06T22:47:11.110927+00:00,2026-10-06T22:47:11.110927+00:00,https://opendap.co-ops.nos.noaa.gov/thredds/dodsC/NOAA/NGOFS2/MODELS/2026/10/06/ngofs2.t15z.20261006.stations.nowcast.nc,Point Clear/Grand Hotel,0.0
noaa_ngofs2_point_clear_station,MODEL,"8733821 Pt Clear, MB",93,nearest_verified_coordinate,0.3114,30.489032745361328,-87.93621826171875,272.06378173828125,1.8300000429153442,surface,0,-0.012500000186264515,shoreward_current,-0.08531864732503892,m/s,2026-10-06T12:24:00+00:00,2026-10-06T15:00:00+00:00,2026-10-06T22:47:11.110927+00:00,2026-10-06T22:47:11.110927+00:00,https://opendap.co-ops.nos.noaa.gov/thredds/dodsC/NOAA/NGOFS2/MODELS/2026/10/06/ngofs2.t15z.20261006.stations.nowcast.nc,Point Clear/Grand Hotel,0.0
noaa_ngofs2_point_clear_station,MODEL,"8733821 Pt Clear, MB",93,nearest_verified_coordinate,0.3114,30.489032745361328,-87.93621826171875,272.06378173828125,1.8300000429153442,surface,0,-0.012500000186264515,water_temperature,28.742578506469727,degC,2026-10-06T12:24:00+00:00,2026-10-06T15:00:00+00:00,2026-10-06T22:47:11.110927+00:00,2026-10-06T22:47:11.110927+00:00,https://opendap.co-ops.nos.noaa.gov/thredds/dodsC/NOAA/NGOFS2/MODELS/2026/10/06/ngofs2.t15z.20261006.stations.nowcast.nc,Point Clear/Grand Hotel,0.0
noaa_ngofs2_point_clear_station,MODEL,"8733821 Pt Clear, MB",93,nearest_verified_coordinate,0.3114,30.489032745361328,-87.93621826171875,272.06378173828125,1.8300000429153442,surface,0,-0.012500000186264515,salinity,14.439187049865723,1e-3,2026-10-06T12:24:00+00:00,2026-10-06T15:00:00+00:00,2026-10-06T22:47:11.110927+00:00,2026-10-06T22:47:11.110927+00:00,https://opendap.co-ops.nos.noaa.gov/thredds/dodsC/NOAA/NGOFS2/MODELS/2026/10/06/ngofs2.t15z.20261006.stations.nowcast.nc,Point Clear/Grand Hotel,0.0
noaa_ngofs2_point_clear_station,MODEL,"8733821 Pt Clear, MB",93,nearest_verified_coordinate,0.3114,30.489032745361328,-87.93621826171875,272.06378173828125,1.8300000429153442,bottom,39,-0.987500011920929,eastward_current,0.0042918045073747635,m/s,2026-10-06T12:24:00+00:00,2026-10-06T15:00:00+00:00,2026-10-06T22:47:11.110927+00:00,2026-10-06T22:47:11.110927+00:00,https://opendap.co-ops.nos.noaa.gov/thredds/dodsC/NOAA/NGOFS2/MODELS/2026/10/06/ngofs2.t15z.20261006.stations.nowcast.nc,Point Clear/Grand Hotel,0.0
noaa_ngofs2_point_clear_station,MODEL,"8733821 Pt Clear, MB",93,nearest_verified_coordinate,0.3114,30.489032745361328,-87.93621826171875,272.06378173828125,1.8300000429153442,bottom,39,-0.987500011920929,northward_current,-0.018988097086548805,m/s,2026-10-06T12:24:00+00:00,2026-10-06T15:00:00+00:00,2026-10-06T22:47:11.110927+00:00,2026-10-06T22:47:11.110927+00:00,https://opendap.co-ops.nos.noaa.gov/thredds/dodsC/NOAA/NGOFS2/MODELS/2026/10/06/ngofs2.t15z.20261006.stations.nowcast.nc,Point Clear/Grand Hotel,0.0
noaa_ngofs2_point_clear_station,MODEL,"8733821 Pt Clear, MB",93,nearest_verified_coordinate,0.3114,30.489032745361328,-87.93621826171875,272.06378173828125,1.8300000429153442,bottom,39,-0.987500011920929,shoreward_current,0.004291804507374763,m/s,2026-10-06T12:24:00+00:00,2026-10-06T15:00:00+00:00,2026-10-06T22:47:11.110927+00:00,2026-10-06T22:47:11.110927+00:00,https://opendap.co-ops.nos.noaa.gov/thredds/dodsC/NOAA/NGOFS2/MODELS/2026/10/06/ngofs2.t15z.20261006.stations.nowcast.nc,Point Clear/Grand Hotel,0.0
noaa_ngofs2_point_clear_station,MODEL,"8733821 Pt Clear, MB",93,nearest_verified_coordinate,0.3114,30.489032745361328,-87.93621826171875,272.06378173828125,1.8300000429153442,bottom,39,-0.987500011920929,water_temperature,29.089794158935547,degC,2026-10-06T12:24:00+00:00,2026-10-06T15:00:00+00:00,2026-10-06T22:47:11.110927+00:00,2026-10-06T22:47:11.110927+00:00,https://opendap.co-ops.nos.noaa.gov/thredds/dodsC/NOAA/NGOFS2/MODELS/2026/10/06/ngofs2.t15z.20261006.stations.nowcast.nc,Point Clear/Grand Hotel,0.0
noaa_ngofs2_point_clear_station,MODEL,"8733821 Pt Clear, MB",93,nearest_verified_coordinate,0.3114,30.489032745361328,-87.93621826171875,272.06378173828125,1.8300000429153442,bottom,39,-0.987500011920929,salinity,15.289284706115723,1e-3,2026-10-06T12:24:00+00:00,2026-10-06T15:00:00+00:00,2026-10-06T22:47:11.110927+00:00,2026-10-06T22:47:11.110927+00:00,https://opendap.co-ops.nos.noaa.gov/thredds/dodsC/NOAA/NGOFS2/MODELS/2026/10/06/ngofs2.t15z.20261006.stations.nowcast.nc,Point Clear/Grand Hotel,0.0
noaa_ngofs2_point_clear_station,MODEL,"8733821 Pt Clear, MB",93,nearest_verified_coordinate,0.3114,30.489032745361328,-87.93621826171875,272.06378173828125,1.8300000429153442,surface,,,water_surface_elevation,0.3661274015903473,m,2026-10-06T12:24:00+00:00,2026-10-06T15:00:00+00:00,2026-10-06T22:47:11.110927+00:00,2026-10-06T22:47:11.110927+00:00,https://opendap.co-ops.nos.noaa.gov/thredds/dodsC/NOAA/NGOFS2/MODELS/2026/10/06/ngofs2.t15z.20261006.stations.nowcast.nc,Point Clear/Grand Hotel,0.0
noaa_ngofs2_point_clear_station,MODEL,"8733821 Pt Clear, MB",93,nearest_verified_coordinate,0.3114,30.489032745361328,-87.93621826171875,272.06378173828125,1.8300000429153442,surface,0,-0.012500000186264515,eastward_current,-0.08732306212186813,m/s,2026-10-06T12:30:00+00:00,2026-10-06T15:00:00+00:00,2026-10-06T22:47:11.110927+00:00,2026-10-06T22:47:11.110927+00:00,https://opendap.co-ops.nos.noaa.gov/thredds/dodsC/NOAA/NGOFS2/MODELS/2026/10/06/ngofs2.t15z.20261006.stations.nowcast.nc,Point Clear/Grand Hotel,0.0
noaa_ngofs2_point_clear_station,MODEL,"8733821 Pt Clear, MB",93,nearest_verified_coordinate,0.3114,30.489032745361328,-87.93621826171875,272.06378173828125,1.8300000429153442,surface,0,-0.012500000186264515,northward_current,-0.13389818370342255,m/s,2026-10-06T12:30:00+00:00,2026-10-06T15:00:00+00:00,2026-10-06T22:47:11.110927+00:00,2026-10-06T22:47:11.110927+00:00,https://opendap.co-ops.nos.noaa.gov/thredds/dodsC/NOAA/NGOFS2/MODELS/2026/10/06/ngofs2.t15z.20261006.stations.nowcast.nc,Point Clear/Grand Hotel,0.0
noaa_ngofs2_point_clear_station,MODEL,"8733821 Pt Clear, MB",93,nearest_verified_coordinate,0.3114,30.489032745361328,-87.93621826171875,272.06378173828125,1.8300000429153442,surface,0,-0.012500000186264515,shoreward_current,-0.08732306212186815,m/s,2026-10-06T12:30:00+00:00,2026-10-06T15:00:00+00:00,2026-10-06T22:47:11.110927+00:00,2026-10-06T22:47:11.110927+00:00,https://opendap.co-ops.nos.noaa.gov/thredds/dodsC/NOAA/NGOFS2/MODELS/2026/10/06/ngofs2.t15z.20261006.stations.nowcast.nc,Point Clear/Grand Hotel,0.0
noaa_ngofs2_point_clear_station,MODEL,"8733821 Pt Clear, MB",93,nearest_verified_coordinate,0.3114,30.489032745361328,-87.93621826171875,272.06378173828125,1.8300000429153442,surface,0,-0.012500000186264515,water_temperature,28.744699478149414,degC,2026-10-06T12:30:00+00:00,2026-10-06T15:00:00+00:00,2026-10-06T22:47:11.110927+00:00,2026-10-06T22:47:11.110927+00:00,https://opendap.co-ops.nos.noaa.gov/thredds/dodsC/NOAA/NGOFS2/MODELS/2026/10/06/ngofs2.t15z.20261006.stations.nowcast.nc,Point Clear/Grand Hotel,0.0
noaa_ngofs2_point_clear_station,MODEL,"8733821 Pt Clear, MB",93,nearest_verified_coordinate,0.3114,30.489032745361328,-87.93621826171875,272.06378173828125,1.8300000429153442,surface,0,-0.012500000186264515,salinity,14.446928024291992,1e-3,2026-10-06T12:30:00+00:00,2026-10-06T15:00:00+00:00,2026-10-06T22:47:11.110927+00:00,2026-10-06T22:47:11.110927+00:00,https://opendap.co-ops.nos.noaa.gov/thredds/dodsC/NOAA/NGOFS2/MODELS/2026/10/06/ngofs2.t15z.20261006.stations.nowcast.nc,Point Clear/Grand Hotel,0.0
noaa_ngofs2_point_clear_station,MODEL,"8733821 Pt Clear, MB",93,nearest_verified_coordinate,0.3114,30.489032745361328,-87.93621826171875,272.06378173828125,1.8300000429153442,bottom,39,-0.987500011920929,eastward_current,0.0035612904466688633,m/s,2026-10-06T12:30:00+00:00,2026-10-06T15:00:00+00:00,2026-10-06T22:47:11.110927+00:00,2026-10-06T22:47:11.110927+00:00,https://opendap.co-ops.nos.noaa.gov/thredds/dodsC/NOAA/NGOFS2/MODELS/2026/10/06/ngofs2.t15z.20261006.stations.nowcast.nc,Point Clear/Grand Hotel,0.0
noaa_ngofs2_point_clear_station,MODEL,"8733821 Pt Clear, MB",93,nearest_verified_coordinate,0.3114,30.489032745361328,-87.93621826171875,272.06378173828125,1.8300000429153442,bottom,39,-0.987500011920929,northward_current,-0.02038734033703804,m/s,2026-10-06T12:30:00+00:00,2026-10-06T15:00:00+00:00,2026-10-06T22:47:11.110927+00:00,2026-10-06T22:47:11.110927+00:00,https://opendap.co-ops.nos.noaa.gov/thredds/dodsC/NOAA/NGOFS2/MODELS/2026/10/06/ngofs2.t15z.20261006.stations.nowcast.nc,Point Clear/Grand Hotel,0.0
noaa_ngofs2_point_clear_station,MODEL,"8733821 Pt Clear, MB",93,nearest_verified_coordinate,0.3114,30.489032745361328,-87.93621826171875,272.06378173828125,1.8300000429153442,bottom,39,-0.987500011920929,shoreward_current,0.003561290446668862,m/s,2026-10-06T12:30:00+00:00,2026-10-06T15:00:00+00:00,2026-10-06T22:47:11.110927+00:00,2026-10-06T22:47:11.110927+00:00,https://opendap.co-ops.nos.noaa.gov/thredds/dodsC/NOAA/NGOFS2/MODELS/2026/10/06/ngofs2.t15z.20261006.stations.nowcast.nc,Point Clear/Grand Hotel,0.0
noaa_ngofs2_point_clear_station,MODEL,"8733821 Pt Clear, MB",93,nearest_verified_coordinate,0.3114,30.489032745361328,-87.93621826171875,272.06378173828125,1.8300000429153442,bottom,39,-0.987500011920929,water_temperature,29.087299346923828,degC,2026-10-06T12:30:00+00:00,2026-10-06T15:00:00+00:00,2026-10-06T22:47:11.110927+00:00,2026-10-06T22:47:11.110927+00:00,https://opendap.co-ops.nos.noaa.gov/thredds/dodsC/NOAA/NGOFS2/MODELS/2026/10/06/ngofs2.t15z.20261006.stations.nowcast.nc,Point Clear/Grand Hotel,0.0
noaa_ngofs2_point_clear_station,MODEL,"8733821 Pt Clear, MB",93,nearest_verified_coordinate,0.3114,30.489032745361328,-87.93621826171875,272.06378173828125,1.8300000429153442,bottom,39,-0.987500011920929,salinity,15.304227828979492,1e-3,2026-10-06T12:30:00+00:00,2026-10-06T15:00:00+00:00,2026-10-06T22:47:11.110927+00:00,2026-10-06T22:47:11.110927+00:00,https://opendap.co-ops.nos.noaa.gov/thredds/dodsC/NOAA/NGOFS2/MODELS/2026/10/06/ngofs2.t15z.20261006.stations.nowcast.nc,Point Clear/Grand Hotel,0.0
noaa_ngofs2_point_clear_station,MODEL,"8733821 Pt Clear, MB",93,nearest_verified_coordinate,0.3114,30.489032745361328,-87.93621826171875,272.06378173828125,1.8300000429153442,surface,,,water_surface_elevation,0.3667633533477783,m,2026-10-06T12:30:00+00:00,2026-10-06T15:00:00+00:00,2026-10-06T22:47:11.110927+00:00,2026-10-06T22:47:11.110927+00:00,https://opendap.co-ops.nos.noaa.gov/thredds/dodsC/NOAA/NGOFS2/MODELS/2026/10/06/ngofs2.t15z.20261006.stations.nowcast.nc,Point Clear/Grand Hotel,0.0
noaa_ngofs2_point_clear_station,MODEL,"8733821 Pt Clear, MB",93,nearest_verified_coordinate,0.3114,30.489032745361328,-87.93621826171875,272.06378173828125,1.8300000429153442,surface,0,-0.012500000186264515,eastward_current,-0.0884014293551445,m/s,2026-10-06T12:36:00+00:00,2026-10-06T15:00:00+00:00,2026-10-06T22:47:11.110927+00:00,2026-10-06T22:47:11.110927+00:00,https://opendap.co-ops.nos.noaa.gov/thredds/dodsC/NOAA/NGOFS2/MODELS/2026/10/06/ngofs2.t15z.20261006.stations.nowcast.nc,Point Clear/Grand Hotel,0.0
noaa_ngofs2_point_clear_station,MODEL,"8733821 Pt Clear, MB",93,nearest_verified_coordinate,0.3114,30.489032745361328,-87.93621826171875,272.06378173828125,1.8300000429153442,surface,0,-0.012500000186264515,northward_current,-0.13782906532287598,m/s,2026-10-06T12:36:00+00:00,2026-10-06T15:00:00+00:00,2026-10-06T22:47:11.110927+00:00,2026-10-06T22:47:11.110927+00:00,https://opendap.co-ops.nos.noaa.gov/thredds/dodsC/NOAA/NGOFS2/MODELS/2026/10/06/ngofs2.t15z.20261006.stations.nowcast.nc,Point Clear/Grand Hotel,0.0
noaa_ngofs2_point_clear_station,MODEL,"8733821 Pt Clear, MB",93,nearest_verified_coordinate,0.3114,30.489032745361328,-87.93621826171875,272.06378173828125,1.8300000429153442,surface,0,-0.012500000186264515,shoreward_current,-0.08840142935514451,m/s,2026-10-06T12:36:00+00:00,2026-10-06T15:00:00+00:00,2026-10-06T22:47:11.110927+00:00,2026-10-06T22:47:11.110927+00:00,https://opendap.co-ops.nos.noaa.gov/thredds/dodsC/NOAA/NGOFS2/MODELS/2026/10/06/ngofs2.t15z.20261006.stations.nowcast.nc,Point Clear/Grand Hotel,0.0
noaa_ngofs2_point_clear_station,MODEL,"8733821 Pt Clear, MB",93,nearest_verified_coordinate,0.3114,30.489032745361328,-87.93621826171875,272.06378173828125,1.8300000429153442,surface,0,-0.012500000186264515,water_temperature,28.748367309570312,degC,2026-10-06T12:36:00+00:00,2026-10-06T15:00:00+00:00,2026-10-06T22:47:11.110927+00:00,2026-10-06T22:47:11.110927+00:00,https://opendap.co-ops.nos.noaa.gov/thredds/dodsC/NOAA/NGOFS2/MODELS/2026/10/06/ngofs2.t15z.20261006.stations.nowcast.nc,Point Clear/Grand Hotel,0.0
noaa_ngofs2_point_clear_station,MODEL,"8733821 Pt Clear, MB",93,nearest_verified_coordinate,0.3114,30.489032745361328,-87.93621826171875,272.06378173828125,1.8300000429153442,surface,0,-0.012500000186264515,salinity,14.458409309387207,1e-3,2026-10-06T12:36:00+00:00,2026-10-06T15:00:00+00:00,2026-10-06T22:47:11.110927+00:00,2026-10-06T22:47:11.110927+00:00,https://opendap.co-ops.nos.noaa.gov/thredds/dodsC/NOAA/NGOFS2/MODELS/2026/10/06/ngofs2.t15z.20261006.stations.nowcast.nc,Point Clear/Grand Hotel,0.0
noaa_ngofs2_point_clear_station,MODEL,"8733821 Pt Clear, MB",93,nearest_verified_coordinate,0.3114,30.489032745361328,-87.93621826171875,272.06378173828125,1.8300000429153442,bottom,39,-0.987500011920929,eastward_current,0.0028804021421819925,m/s,2026-10-06T12:36:00+00:00,2026-10-06T15:00:00+00:00,2026-10-06T22:47:11.110927+00:00,2026-10-06T22:47:11.110927+00:00,https://opendap.co-ops.nos.noaa.gov/thredds/dodsC/NOAA/NGOFS2/MODELS/2026/10/06/ngofs2.t15z.20261006.stations.nowcast.nc,Point Clear/Grand Hotel,0.0
noaa_ngofs2_point_clear_station,MODEL,"8733821 Pt Clear, MB",93,nearest_verified_coordinate,0.3114,30.489032745361328,-87.93621826171875,272.06378173828125,1.8300000429153442,bottom,39,-0.987500011920929,northward_current,-0.021769456565380096,m/s,2026-10-06T12:36:00+00:00,2026-10-06T15:00:00+00:00,2026-10-06T22:47:11.110927+00:00,2026-10-06T22:47:11.110927+00:00,https://opendap.co-ops.nos.noaa.gov/thredds/dodsC/NOAA/NGOFS2/MODELS/2026/10/06/ngofs2.t15z.20261006.stations.nowcast.nc,Point Clear/Grand Hotel,0.0
noaa_ngofs2_point_clear_station,MODEL,"8733821 Pt Clear, MB",93,nearest_verified_coordinate,0.3114,30.489032745361328,-87.93621826171875,272.06378173828125,1.8300000429153442,bottom,39,-0.987500011920929,shoreward_current,0.0028804021421819912,m/s,2026-10-06T12:36:00+00:00,2026-10-06T15:00:00+00:00,2026-10-06T22:47:11.110927+00:00,2026-10-06T22:47:11.110927+00:00,https://opendap.co-ops.nos.noaa.gov/thredds/dodsC/NOAA/NGOFS2/MODELS/2026/10/06/ngofs2.t15z.20261006.stations.nowcast.nc,Point Clear/Grand Hotel,0.0
noaa_ngofs2_point_clear_station,MODEL,"8733821 Pt Clear, MB",93,nearest_verified_coordinate,0.3114,30.489032745361328,-87.93621826171875,272.06378173828125,1.8300000429153442,bottom,39,-0.987500011920929,water_temperature,29.08451271057129,degC,2026-10-06T12:36:00+00:00,2026-10-06T15:00:00+00:00,2026-10-06T22:47:11.110927+00:00,2026-10-06T22:47:11.110927+00:00,https://opendap.co-ops.nos.noaa.gov/thredds/dodsC/NOAA/NGOFS2/MODELS/2026/10/06/ngofs2.t15z.20261006.stations.nowcast.nc,Point Clear/Grand Hotel,0.0
noaa_ngofs2_point_clear_station,MODEL,"8733821 Pt Clear, MB",93,nearest_verified_coordinate,0.3114,30.489032745361328,-87.93621826171875,272.06378173828125,1.8300000429153442,bottom,39,-0.987500011920929,salinity,15.318024635314941,1e-3,2026-10-06T12:36:00+00:00,2026-10-06T15:00:00+00:00,2026-10-06T22:47:11.110927+00:00,2026-10-06T22:47:11.110927+00:00,https://opendap.co-ops.nos.noaa.gov/thredds/dodsC/NOAA/NGOFS2/MODELS/2026/10/06/ngofs2.t15z.20261006.stations.nowcast.nc,Point Clear/Grand Hotel,0.0
noaa_ngofs2_point_clear_station,MODEL,"8733821 Pt Clear, MB",93,nearest_verified_coordinate,0.3114,30.489032745361328,-87.93621826171875,272.06378173828125,1.8300000429153442,surface,,,water_surface_elevation,0.3675105571746826,m,2026-10-06T12:36:00+00:00,2026-10-06T15:00:00+00:00,2026-10-06T22:47:11.110927+00:00,2026-10-06T22:47:11.110927+00:00,https://opendap.co-ops.nos.noaa.gov/thredds/dodsC/NOAA/NGOFS2/MODELS/2026/10/06/ngofs2.t15z.20261006.stations.nowcast.nc,Point Clear/Grand Hotel,0.0
noaa_ngofs2_point_clear_station,MODEL,"8733821 Pt Clear, MB",93,nearest_verified_coordinate,0.3114,30.489032745361328,-87.93621826171875,272.06378173828125,1.8300000429153442,surface,0,-0.012500000186264515,eastward_current,-0.08635282516479492,m/s,2026-10-06T12:42:00+00:00,2026-10-06T15:00:00+00:00,2026-10-06T22:47:11.110927+00:00,2026-10-06T22:47:11.110927+00:00,https://opendap.co-ops.nos.noaa.gov/thredds/dodsC/NOAA/NGOFS2/MODELS/2026/10/06/ngofs2.t15z.20261006.stations.nowcast.nc,Point Clear/Grand Hotel,0.0
noaa_ngofs2_point_clear_station,MODEL,"8733821 Pt Clear, MB",93,nearest_verified_coordinate,0.3114,30.489032745361328,-87.93621826171875,272.06378173828125,1.8300000429153442,surface,0,-0.012500000186264515,northward_current,-0.14016611874103546,m/s,2026-10-06T12:42:00+00:00,2026-10-06T15:00:00+00:00,2026-10-06T22:47:11.110927+00:00,2026-10-06T22:47:11.110927+00:00,https://opendap.co-ops.nos.noaa.gov/thredds/dodsC/NOAA/NGOFS2/MODELS/2026/10/06/ngofs2.t15z.20261006.stations.nowcast.nc,Point Clear/Grand Hotel,0.0
noaa_ngofs2_point_clear_station,MODEL,"8733821 Pt Clear, MB",93,nearest_verified_coordinate,0.3114,30.489032745361328,-87.93621826171875,272.06378173828125,1.8300000429153442,surface,0,-0.012500000186264515,shoreward_current,-0.08635282516479494,m/s,2026-10-06T12:42:00+00:00,2026-10-06T15:00:00+00:00,2026-10-06T22:47:11.110927+00:00,2026-10-06T22:47:11.110927+00:00,https://opendap.co-ops.nos.noaa.gov/thredds/dodsC/NOAA/NGOFS2/MODELS/2026/10/06/ngofs2.t15z.20261006.stations.nowcast.nc,Point Clear/Grand Hotel,0.0
noaa_ngofs2_point_clear_station,MODEL,"8733821 Pt Clear, MB",93,nearest_verified_coordinate,0.3114,30.489032745361328,-87.93621826171875,272.06378173828125,1.8300000429153442,surface,0,-0.012500000186264515,water_temperature,28.753023147583008,degC,2026-10-06T12:42:00+00:00,2026-10-06T15:00:00+00:00,2026-10-06T22:47:11.110927+00:00,2026-10-06T22:47:11.110927+00:00,https://opendap.co-ops.nos.noaa.gov/thredds/dodsC/NOAA/NGOFS2/MODELS/2026/10/06/ngofs2.t15z.20261006.stations.nowcast.nc,Point Clear/Grand Hotel,0.0
noaa_ngofs2_point_clear_station,MODEL,"8733821 Pt Clear, MB",93,nearest_verified_coordinate,0.3114,30.489032745361328,-87.93621826171875,272.06378173828125,1.8300000429153442,surface,0,-0.012500000186264515,salinity,14.472681999206543,1e-3,2026-10-06T12:42:00+00:00,2026-10-06T15:00:00+00:00,2026-10-06T22:47:11.110927+00:00,2026-10-06T22:47:11.110927+00:00,https://opendap.co-ops.nos.noaa.gov/thredds/dodsC/NOAA/NGOFS2/MODELS/2026/10/06/ngofs2.t15z.20261006.stations.nowcast.nc,Point Clear/Grand Hotel,0.0
noaa_ngofs2_point_clear_station,MODEL,"8733821 Pt Clear, MB",93,nearest_verified_coordinate,0.3114,30.489032745361328,-87.93621826171875,272.06378173828125,1.8300000429153442,bottom,39,-0.987500011920929,eastward_current,0.0012724779080599546,m/s,2026-10-06T12:42:00+00:00,2026-10-06T15:00:00+00:00,2026-10-06T22:47:11.110927+00:00,2026-10-06T22:47:11.110927+00:00,https://opendap.co-ops.nos.noaa.gov/thredds/dodsC/NOAA/NGOFS2/MODELS/2026/10/06/ngofs2.t15z.20261006.stations.nowcast.nc,Point Clear/Grand Hotel,0.0
noaa_ngofs2_point_clear_station,MODEL,"8733821 Pt Clear, MB",93,nearest_verified_coordinate,0.3114,30.489032745361328,-87.93621826171875,272.06378173828125,1.8300000429153442,bottom,39,-0.987500011920929,northward_current,-0.024868331849575043,m/s,2026-10-06T12:42:00+00:00,2026-10-06T15:00:00+00:00,2026-10-06T22:47:11.110927+00:00,2026-10-06T22:47:11.110927+00:00,https://opendap.co-ops.nos.noaa.gov/thredds/dodsC/NOAA/NGOFS2/MODELS/2026/10/06/ngofs2.t15z.20261006.stations.nowcast.nc,Point Clear/Grand Hotel,0.0
noaa_ngofs2_point_clear_station,MODEL,"8733821 Pt Clear, MB",93,nearest_verified_coordinate,0.3114,30.489032745361328,-87.93621826171875,272.06378173828125,1.8300000429153442,bottom,39,-0.987500011920929,shoreward_current,0.0012724779080599531,m/s,2026-10-06T12:42:00+00:00,2026-10-06T15:00:00+00:00,2026-10-06T22:47:11.110927+00:00,2026-10-06T22:47:11.110927+00:00,https://opendap.co-ops.nos.noaa.gov/thredds/dodsC/NOAA/NGOFS2/MODELS/2026/10/06/ngofs2.t15z.20261006.stations.nowcast.nc,Point Clear/Grand Hotel,0.0
noaa_ngofs2_point_clear_station,MODEL,"8733821 Pt Clear, MB",93,nearest_verified_coordinate,0.3114,30.489032745361328,-87.93621826171875,272.06378173828125,1.8300000429153442,bottom,39,-0.987500011920929,water_temperature,29.073923110961914,degC,2026-10-06T12:42:00+00:00,2026-10-06T15:00:00+00:00,2026-10-06T22:47:11.110927+00:00,2026-10-06T22:47:11.110927+00:00,https://opendap.co-ops.nos.noaa.gov/thredds/dodsC/NOAA/NGOFS2/MODELS/2026/10/06/ngofs2.t15z.20261006.stations.nowcast.nc,Point Clear/Grand Hotel,0.0
noaa_ngofs2_point_clear_station,MODEL,"8733821 Pt Clear, MB",93,nearest_verified_coordinate,0.3114,30.489032745361328,-87.93621826171875,272.06378173828125,1.8300000429153442,bottom,39,-0.987500011920929,salinity,15.307369232177734,1e-3,2026-10-06T12:42:00+00:00,2026-10-06T15:00:00+00:00,2026-10-06T22:47:11.110927+00:00,2026-10-06T22:47:11.110927+00:00,https://opendap.co-ops.nos.noaa.gov/thredds/dodsC/NOAA/NGOFS2/MODELS/2026/10/06/ngofs2.t15z.20261006.stations.nowcast.nc,Point Clear/Grand Hotel,0.0
noaa_ngofs2_point_clear_station,MODEL,"8733821 Pt Clear, MB",93,nearest_verified_coordinate,0.3114,30.489032745361328,-87.93621826171875,272.06378173828125,1.8300000429153442,surface,,,water_surface_elevation,0.36789849400520325,m,2026-10-06T12:42:00+00:00,2026-10-06T15:00:00+00:00,2026-10-06T22:47:11.110927+00:00,2026-10-06T22:47:11.110927+00:00,https://opendap.co-ops.nos.noaa.gov/thredds/dodsC/NOAA/NGOFS2/MODELS/2026/10/06/ngofs2.t15z.20261006.stations.nowcast.nc,Point Clear/Grand Hotel,0.0
noaa_ngofs2_point_clear_station,MODEL,"8733821 Pt Clear, MB",93,nearest_verified_coordinate,0.3114,30.489032745361328,-87.93621826171875,272.06378173828125,1.8300000429153442,surface,0,-0.012500000186264515,eastward_current,-0.08605795353651047,m/s,2026-10-06T12:48:00+00:00,2026-10-06T15:00:00+00:00,2026-10-06T22:47:11.110927+00:00,2026-10-06T22:47:11.110927+00:00,https://opendap.co-ops.nos.noaa.gov/thredds/dodsC/NOAA/NGOFS2/MODELS/2026/10/06/ngofs2.t15z.20261006.stations.nowcast.nc,Point Clear/Grand Hotel,0.0
noaa_ngofs2_point_clear_station,MODEL,"8733821 Pt Clear, MB",93,nearest_verified_coordinate,0.3114,30.489032745361328,-87.93621826171875,272.06378173828125,1.8300000429153442,surface,0,-0.012500000186264515,northward_current,-0.14545464515686035,m/s,2026-10-06T12:48:00+00:00,2026-10-06T15:00:00+00:00,2026-10-06T22:47:11.110927+00:00,2026-10-06T22:47:11.110927+00:00,https://opendap.co-ops.nos.noaa.gov/thredds/dodsC/NOAA/NGOFS2/MODELS/2026/10/06/ngofs2.t15z.20261006.stations.nowcast.nc,Point Clear/Grand Hotel,0.0
noaa_ngofs2_point_clear_station,MODEL,"8733821 Pt Clear, MB",93,nearest_verified_coordinate,0.3114,30.489032745361328,-87.93621826171875,272.06378173828125,1.8300000429153442,surface,0,-0.012500000186264515,shoreward_current,-0.08605795353651048,m/s,2026-10-06T12:48:00+00:00,2026-10-06T15:00:00+00:00,2026-10-06T22:47:11.110927+00:00,2026-10-06T22:47:11.110927+00:00,https://opendap.co-ops.nos.noaa.gov/thredds/dodsC/NOAA/NGOFS2/MODELS/2026/10/06/ngofs2.t15z.20261006.stations.nowcast.nc,Point Clear/Grand Hotel,0.0
noaa_ngofs2_point_clear_station,MODEL,"8733821 Pt Clear, MB",93,nearest_verified_coordinate,0.3114,30.489032745361328,-87.93621826171875,272.06378173828125,1.8300000429153442,surface,0,-0.012500000186264515,water_temperature,28.75360107421875,degC,2026-10-06T12:48:00+00:00,2026-10-06T15:00:00+00:00,2026-10-06T22:47:11.110927+00:00,2026-10-06T22:47:11.110927+00:00,https://opendap.co-ops.nos.noaa.gov/thredds/dodsC/NOAA/NGOFS2/MODELS/2026/10/06/ngofs2.t15z.20261006.stations.nowcast.nc,Point Clear/Grand Hotel,0.0
noaa_ngofs2_point_clear_station,MODEL,"8733821 Pt Clear, MB",93,nearest_verified_coordinate,0.3114,30.489032745361328,-87.93621826171875,272.06378173828125,1.8300000429153442,surface,0,-0.012500000186264515,salinity,14.476655960083008,1e-3,2026-10-06T12:48:00+00:00,2026-10-06T15:00:00+00:00,2026-10-06T22:47:11.110927+00:00,2026-10-06T22:47:11.110927+00:00,https://opendap.co-ops.nos.noaa.gov/thredds/dodsC/NOAA/NGOFS2/MODELS/2026/10/06/ngofs2.t15z.20261006.stations.nowcast.nc,Point Clear/Grand Hotel,0.0
noaa_ngofs2_point_clear_station,MODEL,"8733821 Pt Clear, MB",93,nearest_verified_coordinate,0.3114,30.489032745361328,-87.93621826171875,272.06378173828125,1.8300000429153442,bottom,39,-0.987500011920929,eastward_current,-0.0011037953663617373,m/s,2026-10-06T12:48:00+00:00,2026-10-06T15:00:00+00:00,2026-10-06T22:47:11.110927+00:00,2026-10-06T22:47:11.110927+00:00,https://opendap.co-ops.nos.noaa.gov/thredds/dodsC/NOAA/NGOFS2/MODELS/2026/10/06/ngofs2.t15z.20261006.stations.nowcast.nc,Point Clear/Grand Hotel,0.0
noaa_ngofs2_point_clear_station,MODEL,"8733821 Pt Clear, MB",93,nearest_verified_coordinate,0.3114,30.489032745361328,-87.93621826171875,272.06378173828125,1.8300000429153442,bottom,39,-0.987500011920929,northward_current,-0.028362881392240524,m/s,2026-10-06T12:48:00+00:00,2026-10-06T15:00:00+00:00,2026-10-06T22:47:11.110927+00:00,2026-10-06T22:47:11.110927+00:00,https://opendap.co-ops.nos.noaa.gov/thredds/dodsC/NOAA/NGOFS2/MODELS/2026/10/06/ngofs2.t15z.20261006.stations.nowcast.nc,Point Clear/Grand Hotel,0.0
noaa_ngofs2_point_clear_station,MODEL,"8733821 Pt Clear, MB",93,nearest_verified_coordinate,0.3114,30.489032745361328,-87.93621826171875,272.06378173828125,1.8300000429153442,bottom,39,-0.987500011920929,shoreward_current,-0.001103795366361739,m/s,2026-10-06T12:48:00+00:00,2026-10-06T15:00:00+00:00,2026-10-06T22:47:11.110927+00:00,2026-10-06T22:47:11.110927+00:00,https://opendap.co-ops.nos.noaa.gov/thredds/dodsC/NOAA/NGOFS2/MODELS/2026/10/06/ngofs2.t15z.20261006.stations.nowcast.nc,Point Clear/Grand Hotel,0.0
noaa_ngofs2_point_clear_station,MODEL,"8733821 Pt Clear, MB",93,nearest_verified_coordinate,0.3114,30.489032745361328,-87.93621826171875,272.06378173828125,1.8300000429153442,bottom,39,-0.987500011920929,water_temperature,29.06085777282715,degC,2026-10-06T12:48:00+00:00,2026-10-06T15:00:00+00:00,2026-10-06T22:47:11.110927+00:00,2026-10-06T22:47:11.110927+00:00,https://opendap.co-ops.nos.noaa.gov/thredds/dodsC/NOAA/NGOFS2/MODELS/2026/10/06/ngofs2.t15z.20261006.stations.nowcast.nc,Point Clear/Grand Hotel,0.0
noaa_ngofs2_point_clear_station,MODEL,"8733821 Pt Clear, MB",93,nearest_verified_coordinate,0.3114,30.489032745361328,-87.93621826171875,272.06378173828125,1.8300000429153442,bottom,39,-0.987500011920929,salinity,15.28726863861084,1e-3,2026-10-06T12:48:00+00:00,2026-10-06T15:00:00+00:00,2026-10-06T22:47:11.110927+00:00,2026-10-06T22:47:11.110927+00:00,https://opendap.co-ops.nos.noaa.gov/thredds/dodsC/NOAA/NGOFS2/MODELS/2026/10/06/ngofs2.t15z.20261006.stations.nowcast.nc,Point Clear/Grand Hotel,0.0
noaa_ngofs2_point_clear_station,MODEL,"8733821 Pt Clear, MB",93,nearest_verified_coordinate,0.3114,30.489032745361328,-87.93621826171875,272.06378173828125,1.8300000429153442,surface,,,water_surface_elevation,0.3678404688835144,m,2026-10-06T12:48:00+00:00,2026-10-06T15:00:00+00:00,2026-10-06T22:47:11.110927+00:00,2026-10-06T22:47:11.110927+00:00,https://opendap.co-ops.nos.noaa.gov/thredds/dodsC/NOAA/NGOFS2/MODELS/2026/10/06/ngofs2.t15z.20261006.stations.nowcast.nc,Point Clear/Grand Hotel,0.0
noaa_ngofs2_point_clear_station,MODEL,"8733821 Pt Clear, MB",93,nearest_verified_coordinate,0.3114,30.489032745361328,-87.93621826171875,272.06378173828125,1.8300000429153442,surface,0,-0.012500000186264515,eastward_current,-0.0869167149066925,m/s,2026-10-06T12:54:00+00:00,2026-10-06T15:00:00+00:00,2026-10-06T22:47:11.110927+00:00,2026-10-06T22:47:11.110927+00:00,https://opendap.co-ops.nos.noaa.gov/thredds/dodsC/NOAA/NGOFS2/MODELS/2026/10/06/ngofs2.t15z.20261006.stations.nowcast.nc,Point Clear/Grand Hotel,0.0
noaa_ngofs2_point_clear_station,MODEL,"8733821 Pt Clear, MB",93,nearest_verified_coordinate,0.3114,30.489032745361328,-87.93621826171875,272.06378173828125,1.8300000429153442,surface,0,-0.012500000186264515,northward_current,-0.15218263864517212,m/s,2026-10-06T12:54:00+00:00,2026-10-06T15:00:00+00:00,2026-10-06T22:47:11.110927+00:00,2026-10-06T22:47:11.110927+00:00,https://opendap.co-ops.nos.noaa.gov/thredds/dodsC/NOAA/NGOFS2/MODELS/2026/10/06/ngofs2.t15z.20261006.stations.nowcast.nc,Point Clear/Grand Hotel,0.0
noaa_ngofs2_point_clear_station,MODEL,"8733821 Pt Clear, MB",93,nearest_verified_coordinate,0.3114,30.489032745361328,-87.93621826171875,272.06378173828125,1.8300000429153442,surface,0,-0.012500000186264515,shoreward_current,-0.08691671490669252,m/s,2026-10-06T12:54:00+00:00,2026-10-06T15:00:00+00:00,2026-10-06T22:47:11.110927+00:00,2026-10-06T22:47:11.110927+00:00,https://opendap.co-ops.nos.noaa.gov/thredds/dodsC/NOAA/NGOFS2/MODELS/2026/10/06/ngofs2.t15z.20261006.stations.nowcast.nc,Point Clear/Grand Hotel,0.0
noaa_ngofs2_point_clear_station,MODEL,"8733821 Pt Clear, MB",93,nearest_verified_coordinate,0.3114,30.489032745361328,-87.93621826171875,272.06378173828125,1.8300000429153442,surface,0,-0.012500000186264515,water_temperature,28.751054763793945,degC,2026-10-06T12:54:00+00:00,2026-10-06T15:00:00+00:00,2026-10-06T22:47:11.110927+00:00,2026-10-06T22:47:11.110927+00:00,https://opendap.co-ops.nos.noaa.gov/thredds/dodsC/NOAA/NGOFS2/MODELS/2026/10/06/ngofs2.t15z.20261006.stations.nowcast.nc,Point Clear/Grand Hotel,0.0
noaa_ngofs2_point_clear_station,MODEL,"8733821 Pt Clear, MB",93,nearest_verified_coordinate,0.3114,30.489032745361328,-87.93621826171875,272.06378173828125,1.8300000429153442,surface,0,-0.012500000186264515,salinity,14.47108268737793,1e-3,2026-10-06T12:54:00+00:00,2026-10-06T15:00:00+00:00,2026-10-06T22:47:11.110927+00:00,2026-10-06T22:47:11.110927+00:00,https://opendap.co-ops.nos.noaa.gov/thredds/dodsC/NOAA/NGOFS2/MODELS/2026/10/06/ngofs2.t15z.20261006.stations.nowcast.nc,Point Clear/Grand Hotel,0.0
noaa_ngofs2_point_clear_station,MODEL,"8733821 Pt Clear, MB",93,nearest_verified_coordinate,0.3114,30.489032745361328,-87.93621826171875,272.06378173828125,1.8300000429153442,bottom,39,-0.987500011920929,eastward_current,-0.00310387066565454,m/s,2026-10-06T12:54:00+00:00,2026-10-06T15:00:00+00:00,2026-10-06T22:47:11.110927+00:00,2026-10-06T22:47:11.110927+00:00,https://opendap.co-ops.nos.noaa.gov/thredds/dodsC/NOAA/NGOFS2/MODELS/2026/10/06/ngofs2.t15z.20261006.stations.nowcast.nc,Point Clear/Grand Hotel,0.0
noaa_ngofs2_point_clear_station,MODEL,"8733821 Pt Clear, MB",93,nearest_verified_coordinate,0.3114,30.489032745361328,-87.93621826171875,272.06378173828125,1.8300000429153442,bottom,39,-0.987500011920929,northward_current,-0.03174598142504692,m/s,2026-10-06T12:54:00+00:00,2026-10-06T15:00:00+00:00,2026-10-06T22:47:11.110927+00:00,2026-10-06T22:47:11.110927+00:00,https://opendap.co-ops.nos.noaa.gov/thredds/dodsC/NOAA/NGOFS2/MODELS/2026/10/06/ngofs2.t15z.20261006.stations.nowcast.nc,Point Clear/Grand Hotel,0.0
noaa_ngofs2_point_clear_station,MODEL,"8733821 Pt Clear, MB",93,nearest_verified_coordinate,0.3114,30.489032745361328,-87.93621826171875,272.06378173828125,1.8300000429153442,bottom,39,-0.987500011920929,shoreward_current,-0.003103870665654542,m/s,2026-10-06T12:54:00+00:00,2026-10-06T15:00:00+00:00,2026-10-06T22:47:11.110927+00:00,2026-10-06T22:47:11.110927+00:00,https://opendap.co-ops.nos.noaa.gov/thredds/dodsC/NOAA/NGOFS2/MODELS/2026/10/06/ngofs2.t15z.20261006.stations.nowcast.nc,Point Clear/Grand Hotel,0.0
noaa_ngofs2_point_clear_station,MODEL,"8733821 Pt Clear, MB",93,nearest_verified_coordinate,0.3114,30.489032745361328,-87.93621826171875,272.06378173828125,1.8300000429153442,bottom,39,-0.987500011920929,water_temperature,29.05121421813965,degC,2026-10-06T12:54:00+00:00,2026-10-06T15:00:00+00:00,2026-10-06T22:47:11.110927+00:00,2026-10-06T22:47:11.110927+00:00,https://opendap.co-ops.nos.noaa.gov/thredds/dodsC/NOAA/NGOFS2/MODELS/2026/10/06/ngofs2.t15z.20261006.stations.nowcast.nc,Point Clear/Grand Hotel,0.0
noaa_ngofs2_point_clear_station,MODEL,"8733821 Pt Clear, MB",93,nearest_verified_coordinate,0.3114,30.489032745361328,-87.93621826171875,272.06378173828125,1.8300000429153442,bottom,39,-0.987500011920929,salinity,15.272392272949219,1e-3,2026-10-06T12:54:00+00:00,2026-10-06T15:00:00+00:00,2026-10-06T22:47:11.110927+00:00,2026-10-06T22:47:11.110927+00:00,https://opendap.co-ops.nos.noaa.gov/thredds/dodsC/NOAA/NGOFS2/MODELS/2026/10/06/ngofs2.t15z.20261006.stations.nowcast.nc,Point Clear/Grand Hotel,0.0
noaa_ngofs2_point_clear_station,MODEL,"8733821 Pt Clear, MB",93,nearest_verified_coordinate,0.3114,30.489032745361328,-87.93621826171875,272.06378173828125,1.8300000429153442,surface,,,water_surface_elevation,0.36757197976112366,m,2026-10-06T12:54:00+00:00,2026-10-06T15:00:00+00:00,2026-10-06T22:47:11.110927+00:00,2026-10-06T22:47:11.110927+00:00,https://opendap.co-ops.nos.noaa.gov/thredds/dodsC/NOAA/NGOFS2/MODELS/2026/10/06/ngofs2.t15z.20261006.stations.nowcast.nc,Point Clear/Grand Hotel,0.0
noaa_ngofs2_point_clear_station,MODEL,"8733821 Pt Clear, MB",93,nearest_verified_coordinate,0.3114,30.489032745361328,-87.93621826171875,272.06378173828125,1.8300000429153442,surface,0,-0.012500000186264515,eastward_current,-0.08893808722496033,m/s,2026-10-06T13:00:00+00:00,2026-10-06T15:00:00+00:00,2026-10-06T22:47:11.110927+00:00,2026-10-06T22:47:11.110927+00:00,https://opendap.co-ops.nos.noaa.gov/thredds/dodsC/NOAA/NGOFS2/MODELS/2026/10/06/ngofs2.t15z.20261006.stations.nowcast.nc,Point Clear/Grand Hotel,0.0
noaa_ngofs2_point_clear_station,MODEL,"8733821 Pt Clear, MB",93,nearest_verified_coordinate,0.3114,30.489032745361328,-87.93621826171875,272.06378173828125,1.8300000429153442,surface,0,-0.012500000186264515,northward_current,-0.15980595350265503,m/s,2026-10-06T13:00:00+00:00,2026-10-06T15:00:00+00:00,2026-10-06T22:47:11.110927+00:00,2026-10-06T22:47:11.110927+00:00,https://opendap.co-ops.nos.noaa.gov/thredds/dodsC/NOAA/NGOFS2/MODELS/2026/10/06/ngofs2.t15z.20261006.stations.nowcast.nc,Point Clear/Grand Hotel,0.0
noaa_ngofs2_point_clear_station,MODEL,"8733821 Pt Clear, MB",93,nearest_verified_coordinate,0.3114,30.489032745361328,-87.93621826171875,272.06378173828125,1.8300000429153442,surface,0,-0.012500000186264515,shoreward_current,-0.08893808722496034,m/s,2026-10-06T13:00:00+00:00,2026-10-06T15:00:00+00:00,2026-10-06T22:47:11.110927+00:00,2026-10-06T22:47:11.110927+00:00,https://opendap.co-ops.nos.noaa.gov/thredds/dodsC/NOAA/NGOFS2/MODELS/2026/10/06/ngofs2.t15z.20261006.stations.nowcast.nc,Point Clear/Grand Hotel,0.0
noaa_ngofs2_point_clear_station,MODEL,"8733821 Pt Clear, MB",93,nearest_verified_coordinate,0.3114,30.489032745361328,-87.93621826171875,272.06378173828125,1.8300000429153442,surface,0,-0.012500000186264515,water_temperature,28.747493743896484,degC,2026-10-06T13:00:00+00:00,2026-10-06T15:00:00+00:00,2026-10-06T22:47:11.110927+00:00,2026-10-06T22:47:11.110927+00:00,https://opendap.co-ops.nos.noaa.gov/thredds/dodsC/NOAA/NGOFS2/MODELS/2026/10/06/ngofs2.t15z.20261006.stations.nowcast.nc,Point Clear/Grand Hotel,0.0
noaa_ngofs2_point_clear_station,MODEL,"8733821 Pt Clear, MB",93,nearest_verified_coordinate,0.3114,30.489032745361328,-87.93621826171875,272.06378173828125,1.8300000429153442,surface,0,-0.012500000186264515,salinity,14.4617280960083,1e-3,2026-10-06T13:00:00+00:00,2026-10-06T15:00:00+00:00,2026-10-06T22:47:11.110927+00:00,2026-10-06T22:47:11.110927+00:00,https://opendap.co-ops.nos.noaa.gov/thredds/dodsC/NOAA/NGOFS2/MODELS/2026/10/06/ngofs2.t15z.20261006.stations.nowcast.nc,Point Clear/Grand Hotel,0.0
noaa_ngofs2_point_clear_station,MODEL,"8733821 Pt Clear, MB",93,nearest_verified_coordinate,0.3114,30.489032745361328,-87.93621826171875,272.06378173828125,1.8300000429153442,bottom,39,-0.987500011920929,eastward_current,-0.0046538980677723885,m/s,2026-10-06T13:00:00+00:00,2026-10-06T15:00:00+00:00,2026-10-06T22:47:11.110927+00:00,2026-10-06T22:47:11.110927+00:00,https://opendap.co-ops.nos.noaa.gov/thredds/dodsC/NOAA/NGOFS2/MODELS/2026/10/06/ngofs2.t15z.20261006.stations.nowcast.nc,Point Clear/Grand Hotel,0.0
noaa_ngofs2_point_clear_station,MODEL,"8733821 Pt Clear, MB",93,nearest_verified_coordinate,0.3114,30.489032745361328,-87.93621826171875,272.06378173828125,1.8300000429153442,bottom,39,-0.987500011920929,northward_current,-0.034728311002254486,m/s,2026-10-06T13:00:00+00:00,2026-10-06T15:00:00+00:00,2026-10-06T22:47:11.110927+00:00,2026-10-06T22:47:11.110927+00:00,https://opendap.co-ops.nos.noaa.gov/thredds/dodsC/NOAA/NGOFS2/MODELS/2026/10/06/ngofs2.t15z.20261006.stations.nowcast.nc,Point Clear/Grand Hotel,0.0
noaa_ngofs2_point_clear_station,MODEL,"8733821 Pt Clear, MB",93,nearest_verified_coordinate,0.3114,30.489032745361328,-87.93621826171875,272.06378173828125,1.8300000429153442,bottom,39,-0.987500011920929,shoreward_current,-0.00465389806777239,m/s,2026-10-06T13:00:00+00:00,2026-10-06T15:00:00+00:00,2026-10-06T22:47:11.110927+00:00,2026-10-06T22:47:11.110927+00:00,https://opendap.co-ops.nos.noaa.gov/thredds/dodsC/NOAA/NGOFS2/MODELS/2026/10/06/ngofs2.t15z.20261006.stations.nowcast.nc,Point Clear/Grand Hotel,0.0
noaa_ngofs2_point_clear_station,MODEL,"8733821 Pt Clear, MB",93,nearest_verified_coordinate,0.3114,30.489032745361328,-87.93621826171875,272.06378173828125,1.8300000429153442,bottom,39,-0.987500011920929,water_temperature,29.043264389038086,degC,2026-10-06T13:00:00+00:00,2026-10-06T15:00:00+00:00,2026-10-06T22:47:11.110927+00:00,2026-10-06T22:47:11.110927+00:00,https://opendap.co-ops.nos.noaa.gov/thredds/dodsC/NOAA/NGOFS2/MODELS/2026/10/06/ngofs2.t15z.20261006.stations.nowcast.nc,Point Clear/Grand Hotel,0.0
noaa_ngofs2_point_clear_station,MODEL,"8733821 Pt Clear, MB",93,nearest_verified_coordinate,0.3114,30.489032745361328,-87.93621826171875,272.06378173828125,1.8300000429153442,bottom,39,-0.987500011920929,salinity,15.25732707977295,1e-3,2026-10-06T13:00:00+00:00,2026-10-06T15:00:00+00:00,2026-10-06T22:47:11.110927+00:00,2026-10-06T22:47:11.110927+00:00,https://opendap.co-ops.nos.noaa.gov/thredds/dodsC/NOAA/NGOFS2/MODELS/2026/10/06/ngofs2.t15z.20261006.stations.nowcast.nc,Point Clear/Grand Hotel,0.0
noaa_ngofs2_point_clear_station,MODEL,"8733821 Pt Clear, MB",93,nearest_verified_coordinate,0.3114,30.489032745361328,-87.93621826171875,272.06378173828125,1.8300000429153442,surface,,,water_surface_elevation,0.36730363965034485,m,2026-10-06T13:00:00+00:00,2026-10-06T15:00:00+00:00,2026-10-06T22:47:11.110927+00:00,2026-10-06T22:47:11.110927+00:00,https://opendap.co-ops.nos.noaa.gov/thredds/dodsC/NOAA/NGOFS2/MODELS/2026/10/06/ngofs2.t15z.20261006.stations.nowcast.nc,Point Clear/Grand Hotel,0.0
noaa_ngofs2_point_clear_station,MODEL,"8733821 Pt Clear, MB",93,nearest_verified_coordinate,0.3114,30.489032745361328,-87.93621826171875,272.06378173828125,1.8300000429153442,surface,0,-0.012500000186264515,eastward_current,-0.09089304506778717,m/s,2026-10-06T13:06:00+00:00,2026-10-06T15:00:00+00:00,2026-10-06T22:47:11.110927+00:00,2026-10-06T22:47:11.110927+00:00,https://opendap.co-ops.nos.noaa.gov/thredds/dodsC/NOAA/NGOFS2/MODELS/2026/10/06/ngofs2.t15z.20261006.stations.nowcast.nc,Point Clear/Grand Hotel,0.0
noaa_ngofs2_point_clear_station,MODEL,"8733821 Pt Clear, MB",93,nearest_verified_coordinate,0.3114,30.489032745361328,-87.93621826171875,272.06378173828125,1.8300000429153442,surface,0,-0.012500000186264515,northward_current,-0.1669101119041443,m/s,2026-10-06T13:06:00+00:00,2026-10-06T15:00:00+00:00,2026-10-06T22:47:11.110927+00:00,2026-10-06T22:47:11.110927+00:00,https://opendap.co-ops.nos.noaa.gov/thredds/dodsC/NOAA/NGOFS2/MODELS/2026/10/06/ngofs2.t15z.20261006.stations.nowcast.nc,Point Clear/Grand Hotel,0.0
noaa_ngofs2_point_clear_station,MODEL,"8733821 Pt Clear, MB",93,nearest_verified_coordinate,0.3114,30.489032745361328,-87.93621826171875,272.06378173828125,1.8300000429153442,surface,0,-0.012500000186264515,shoreward_current,-0.09089304506778718,m/s,2026-10-06T13:06:00+00:00,2026-10-06T15:00:00+00:00,2026-10-06T22:47:11.110927+00:00,2026-10-06T22:47:11.110927+00:00,https://opendap.co-ops.nos.noaa.gov/thredds/dodsC/NOAA/NGOFS2/MODELS/2026/10/06/ngofs2.t15z.20261006.stations.nowcast.nc,Point Clear/Grand Hotel,0.0
noaa_ngofs2_point_clear_station,MODEL,"8733821 Pt Clear, MB",93,nearest_verified_coordinate,0.3114,30.489032745361328,-87.93621826171875,272.06378173828125,1.8300000429153442,surface,0,-0.012500000186264515,water_temperature,28.745006561279297,degC,2026-10-06T13:06:00+00:00,2026-10-06T15:00:00+00:00,2026-10-06T22:47:11.110927+00:00,2026-10-06T22:47:11.110927+00:00,https://opendap.co-ops.nos.noaa.gov/thredds/dodsC/NOAA/NGOFS2/MODELS/2026/10/06/ngofs2.t15z.20261006.stations.nowcast.nc,Point Clear/Grand Hotel,0.0
noaa_ngofs2_point_clear_station,MODEL,"8733821 Pt Clear, MB",93,nearest_verified_coordinate,0.3114,30.489032745361328,-87.93621826171875,272.06378173828125,1.8300000429153442,surface,0,-0.012500000186264515,salinity,14.453473091125488,1e-3,2026-10-06T13:06:00+00:00,2026-10-06T15:00:00+00:00,2026-10-06T22:47:11.110927+00:00,2026-10-06T22:47:11.110927+00:00,https://opendap.co-ops.nos.noaa.gov/thredds/dodsC/NOAA/NGOFS2/MODELS/2026/10/06/ngofs2.t15z.20261006.stations.nowcast.nc,Point Clear/Grand Hotel,0.0
noaa_ngofs2_point_clear_station,MODEL,"8733821 Pt Clear, MB",93,nearest_verified_coordinate,0.3114,30.489032745361328,-87.93621826171875,272.06378173828125,1.8300000429153442,bottom,39,-0.987500011920929,eastward_current,-0.005787433125078678,m/s,2026-10-06T13:06:00+00:00,2026-10-06T15:00:00+00:00,2026-10-06T22:47:11.110927+00:00,2026-10-06T22:47:11.110927+00:00,https://opendap.co-ops.nos.noaa.gov/thredds/dodsC/NOAA/NGOFS2/MODELS/2026/10/06/ngofs2.t15z.20261006.stations.nowcast.nc,Point Clear/Grand Hotel,0.0
noaa_ngofs2_point_clear_station,MODEL,"8733821 Pt Clear, MB",93,nearest_verified_coordinate,0.3114,30.489032745361328,-87.93621826171875,272.06378173828125,1.8300000429153442,bottom,39,-0.987500011920929,northward_current,-0.03686870262026787,m/s,2026-10-06T13:06:00+00:00,2026-10-06T15:00:00+00:00,2026-10-06T22:47:11.110927+00:00,2026-10-06T22:47:11.110927+00:00,https://opendap.co-ops.nos.noaa.gov/thredds/dodsC/NOAA/NGOFS2/MODELS/2026/10/06/ngofs2.t15z.20261006.stations.nowcast.nc,Point Clear/Grand Hotel,0.0
noaa_ngofs2_point_clear_station,MODEL,"8733821 Pt Clear, MB",93,nearest_verified_coordinate,0.3114,30.489032745361328,-87.93621826171875,272.06378173828125,1.8300000429153442,bottom,39,-0.987500011920929,shoreward_current,-0.005787433125078681,m/s,2026-10-06T13:06:00+00:00,2026-10-06T15:00:00+00:00,2026-10-06T22:47:11.110927+00:00,2026-10-06T22:47:11.110927+00:00,https://opendap.co-ops.nos.noaa.gov/thredds/dodsC/NOAA/NGOFS2/MODELS/2026/10/06/ngofs2.t15z.20261006.stations.nowcast.nc,Point Clear/Grand Hotel,0.0
noaa_ngofs2_point_clear_station,MODEL,"8733821 Pt Clear, MB",93,nearest_verified_coordinate,0.3114,30.489032745361328,-87.93621826171875,272.06378173828125,1.8300000429153442,bottom,39,-0.987500011920929,water_temperature,29.034961700439453,degC,2026-10-06T13:06:00+00:00,2026-10-06T15:00:00+00:00,2026-10-06T22:47:11.110927+00:00,2026-10-06T22:47:11.110927+00:00,https://opendap.co-ops.nos.noaa.gov/thredds/dodsC/NOAA/NGOFS2/MODELS/2026/10/06/ngofs2.t15z.20261006.stations.nowcast.nc,Point Clear/Grand Hotel,0.0
noaa_ngofs2_point_clear_station,MODEL,"8733821 Pt Clear, MB",93,nearest_verified_coordinate,0.3114,30.489032745361328,-87.93621826171875,272.06378173828125,1.8300000429153442,bottom,39,-0.987500011920929,salinity,15.2376070022583,1e-3,2026-10-06T13:06:00+00:00,2026-10-06T15:00:00+00:00,2026-10-06T22:47:11.110927+00:00,2026-10-06T22:47:11.110927+00:00,https://opendap.co-ops.nos.noaa.gov/thredds/dodsC/NOAA/NGOFS2/MODELS/2026/10/06/ngofs2.t15z.20261006.stations.nowcast.nc,Point Clear/Grand Hotel,0.0
noaa_ngofs2_point_clear_station,MODEL,"8733821 Pt Clear, MB",93,nearest_verified_coordinate,0.3114,30.489032745361328,-87.93621826171875,272.06378173828125,1.8300000429153442,surface,,,water_surface_elevation,0.3668861389160156,m,2026-10-06T13:06:00+00:00,2026-10-06T15:00:00+00:00,2026-10-06T22:47:11.110927+00:00,2026-10-06T22:47:11.110927+00:00,https://opendap.co-ops.nos.noaa.gov/thredds/dodsC/NOAA/NGOFS2/MODELS/2026/10/06/ngofs2.t15z.20261006.stations.nowcast.nc,Point Clear/Grand Hotel,0.0
noaa_ngofs2_point_clear_station,MODEL,"8733821 Pt Clear, MB",93,nearest_verified_coordinate,0.3114,30.489032745361328,-87.93621826171875,272.06378173828125,1.8300000429153442,surface,0,-0.012500000186264515,eastward_current,-0.09254319220781326,m/s,2026-10-06T13:12:00+00:00,2026-10-06T15:00:00+00:00,2026-10-06T22:47:11.110927+00:00,2026-10-06T22:47:11.110927+00:00,https://opendap.co-ops.nos.noaa.gov/thredds/dodsC/NOAA/NGOFS2/MODELS/2026/10/06/ngofs2.t15z.20261006.stations.nowcast.nc,Point Clear/Grand Hotel,0.0
noaa_ngofs2_point_clear_station,MODEL,"8733821 Pt Clear, MB",93,nearest_verified_coordinate,0.3114,30.489032745361328,-87.93621826171875,272.06378173828125,1.8300000429153442,surface,0,-0.012500000186264515,northward_current,-0.17301084101200104,m/s,2026-10-06T13:12:00+00:00,2026-10-06T15:00:00+00:00,2026-10-06T22:47:11.110927+00:00,2026-10-06T22:47:11.110927+00:00,https://opendap.co-ops.nos.noaa.gov/thredds/dodsC/NOAA/NGOFS2/MODELS/2026/10/06/ngofs2.t15z.20261006.stations.nowcast.nc,Point Clear/Grand Hotel,0.0
noaa_ngofs2_point_clear_station,MODEL,"8733821 Pt Clear, MB",93,nearest_verified_coordinate,0.3114,30.489032745361328,-87.93621826171875,272.06378173828125,1.8300000429153442,surface,0,-0.012500000186264515,shoreward_current,-0.09254319220781328,m/s,2026-10-06T13:12:00+00:00,2026-10-06T15:00:00+00:00,2026-10-06T22:47:11.110927+00:00,2026-10-06T22:47:11.110927+00:00,https://opendap.co-ops.nos.noaa.gov/thredds/dodsC/NOAA/NGOFS2/MODELS/2026/10/06/ngofs2.t15z.20261006.stations.nowcast.nc,Point Clear/Grand Hotel,0.0
noaa_ngofs2_point_clear_station,MODEL,"8733821 Pt Clear, MB",93,nearest_verified_coordinate,0.3114,30.489032745361328,-87.93621826171875,272.06378173828125,1.8300000429153442,surface,0,-0.012500000186264515,water_temperature,28.744112014770508,degC,2026-10-06T13:12:00+00:00,2026-10-06T15:00:00+00:00,2026-10-06T22:47:11.110927+00:00,2026-10-06T22:47:11.110927+00:00,https://opendap.co-ops.nos.noaa.gov/thredds/dodsC/NOAA/NGOFS2/MODELS/2026/10/06/ngofs2.t15z.20261006.stations.nowcast.nc,Point Clear/Grand Hotel,0.0
noaa_ngofs2_point_clear_station,MODEL,"8733821 Pt Clear, MB",93,nearest_verified_coordinate,0.3114,30.489032745361328,-87.93621826171875,272.06378173828125,1.8300000429153442,surface,0,-0.012500000186264515,salinity,14.446747779846191,1e-3,2026-10-06T13:12:00+00:00,2026-10-06T15:00:00+00:00,2026-10-06T22:47:11.110927+00:00,2026-10-06T22:47:11.110927+00:00,https://opendap.co-ops.nos.noaa.gov/thredds/dodsC/NOAA/NGOFS2/MODELS/2026/10/06/ngofs2.t15z.20261006.stations.nowcast.nc,Point Clear/Grand Hotel,0.0
noaa_ngofs2_point_clear_station,MODEL,"8733821 Pt Clear, MB",93,nearest_verified_coordinate,0.3114,30.489032745361328,-87.93621826171875,272.06378173828125,1.8300000429153442,bottom,39,-0.987500011920929,eastward_current,-0.006869895849376917,m/s,2026-10-06T13:12:00+00:00,2026-10-06T15:00:00+00:00,2026-10-06T22:47:11.110927+00:00,2026-10-06T22:47:11.110927+00:00,https://opendap.co-ops.nos.noaa.gov/thredds/dodsC/NOAA/NGOFS2/MODELS/2026/10/06/ngofs2.t15z.20261006.stations.nowcast.nc,Point Clear/Grand Hotel,0.0
noaa_ngofs2_point_clear_station,MODEL,"8733821 Pt Clear, MB",93,nearest_verified_coordinate,0.3114,30.489032745361328,-87.93621826171875,272.06378173828125,1.8300000429153442,bottom,39,-0.987500011920929,northward_current,-0.038908056914806366,m/s,2026-10-06T13:12:00+00:00,2026-10-06T15:00:00+00:00,2026-10-06T22:47:11.110927+00:00,2026-10-06T22:47:11.110927+00:00,https://opendap.co-ops.nos.noaa.gov/thredds/dodsC/NOAA/NGOFS2/MODELS/2026/10/06/ngofs2.t15z.20261006.stations.nowcast.nc,Point Clear/Grand Hotel,0.0
noaa_ngofs2_point_clear_station,MODEL,"8733821 Pt Clear, MB",93,nearest_verified_coordinate,0.3114,30.489032745361328,-87.93621826171875,272.06378173828125,1.8300000429153442,bottom,39,-0.987500011920929,shoreward_current,-0.0068698958493769195,m/s,2026-10-06T13:12:00+00:00,2026-10-06T15:00:00+00:00,2026-10-06T22:47:11.110927+00:00,2026-10-06T22:47:11.110927+00:00,https://opendap.co-ops.nos.noaa.gov/thredds/dodsC/NOAA/NGOFS2/MODELS/2026/10/06/ngofs2.t15z.20261006.stations.nowcast.nc,Point Clear/Grand Hotel,0.0
noaa_ngofs2_point_clear_station,MODEL,"8733821 Pt Clear, MB",93,nearest_verified_coordinate,0.3114,30.489032745361328,-87.93621826171875,272.06378173828125,1.8300000429153442,bottom,39,-0.987500011920929,water_temperature,29.02587890625,degC,2026-10-06T13:12:00+00:00,2026-10-06T15:00:00+00:00,2026-10-06T22:47:11.110927+00:00,2026-10-06T22:47:11.110927+00:00,https://opendap.co-ops.nos.noaa.gov/thredds/dodsC/NOAA/NGOFS2/MODELS/2026/10/06/ngofs2.t15z.20261006.stations.nowcast.nc,Point Clear/Grand Hotel,0.0
noaa_ngofs2_point_clear_station,MODEL,"8733821 Pt Clear, MB",93,nearest_verified_coordinate,0.3114,30.489032745361328,-87.93621826171875,272.06378173828125,1.8300000429153442,bottom,39,-0.987500011920929,salinity,15.212128639221191,1e-3,2026-10-06T13:12:00+00:00,2026-10-06T15:00:00+00:00,2026-10-06T22:47:11.110927+00:00,2026-10-06T22:47:11.110927+00:00,https://opendap.co-ops.nos.noaa.gov/thredds/dodsC/NOAA/NGOFS2/MODELS/2026/10/06/ngofs2.t15z.20261006.stations.nowcast.nc,Point Clear/Grand Hotel,0.0
noaa_ngofs2_point_clear_station,MODEL,"8733821 Pt Clear, MB",93,nearest_verified_coordinate,0.3114,30.489032745361328,-87.93621826171875,272.06378173828125,1.8300000429153442,surface,,,water_surface_elevation,0.3666250705718994,m,2026-10-06T13:12:00+00:00,2026-10-06T15:00:00+00:00,2026-10-06T22:47:11.110927+00:00,2026-10-06T22:47:11.110927+00:00,https://opendap.co-ops.nos.noaa.gov/thredds/dodsC/NOAA/NGOFS2/MODELS/2026/10/06/ngofs2.t15z.20261006.stations.nowcast.nc,Point Clear/Grand Hotel,0.0
noaa_ngofs2_point_clear_station,MODEL,"8733821 Pt Clear, MB",93,nearest_verified_coordinate,0.3114,30.489032745361328,-87.93621826171875,272.06378173828125,1.8300000429153442,surface,0,-0.012500000186264515,eastward_current,-0.09369935840368271,m/s,2026-10-06T13:18:00+00:00,2026-10-06T15:00:00+00:00,2026-10-06T22:47:11.110927+00:00,2026-10-06T22:47:11.110927+00:00,https://opendap.co-ops.nos.noaa.gov/thredds/dodsC/NOAA/NGOFS2/MODELS/2026/10/06/ngofs2.t15z.20261006.stations.nowcast.nc,Point Clear/Grand Hotel,0.0
noaa_ngofs2_point_clear_station,MODEL,"8733821 Pt Clear, MB",93,nearest_verified_coordinate,0.3114,30.489032745361328,-87.93621826171875,272.06378173828125,1.8300000429153442,surface,0,-0.012500000186264515,northward_current,-0.1776226907968521,m/s,2026-10-06T13:18:00+00:00,2026-10-06T15:00:00+00:00,2026-10-06T22:47:11.110927+00:00,2026-10-06T22:47:11.110927+00:00,https://opendap.co-ops.nos.noaa.gov/thredds/dodsC/NOAA/NGOFS2/MODELS/2026/10/06/ngofs2.t15z.20261006.stations.nowcast.nc,Point Clear/Grand Hotel,0.0
noaa_ngofs2_point_clear_station,MODEL,"8733821 Pt Clear, MB",93,nearest_verified_coordinate,0.3114,30.489032745361328,-87.93621826171875,272.06378173828125,1.8300000429153442,surface,0,-0.012500000186264515,shoreward_current,-0.09369935840368272,m/s,2026-10-06T13:18:00+00:00,2026-10-06T15:00:00+00:00,2026-10-06T22:47:11.110927+00:00,2026-10-06T22:47:11.110927+00:00,https://opendap.co-ops.nos.noaa.gov/thredds/dodsC/NOAA/NGOFS2/MODELS/2026/10/06/ngofs2.t15z.20261006.stations.nowcast.nc,Point Clear/Grand Hotel,0.0
noaa_ngofs2_point_clear_station,MODEL,"8733821 Pt Clear, MB",93,nearest_verified_coordinate,0.3114,30.489032745361328,-87.93621826171875,272.06378173828125,1.8300000429153442,surface,0,-0.012500000186264515,water_temperature,28.744136810302734,degC,2026-10-06T13:18:00+00:00,2026-10-06T15:00:00+00:00,2026-10-06T22:47:11.110927+00:00,2026-10-06T22:47:11.110927+00:00,https://opendap.co-ops.nos.noaa.gov/thredds/dodsC/NOAA/NGOFS2/MODELS/2026/10/06/ngofs2.t15z.20261006.stations.nowcast.nc,Point Clear/Grand Hotel,0.0
noaa_ngofs2_point_clear_station,MODEL,"8733821 Pt Clear, MB",93,nearest_verified_coordinate,0.3114,30.489032745361328,-87.93621826171875,272.06378173828125,1.8300000429153442,surface,0,-0.012500000186264515,salinity,14.43963623046875,1e-3,2026-10-06T13:18:00+00:00,2026-10-06T15:00:00+00:00,2026-10-06T22:47:11.110927+00:00,2026-10-06T22:47:11.110927+00:00,https://opendap.co-ops.nos.noaa.gov/thredds/dodsC/NOAA/NGOFS2/MODELS/2026/10/06/ngofs2.t15z.20261006.stations.nowcast.nc,Point Clear/Grand Hotel,0.0
noaa_ngofs2_point_clear_station,MODEL,"8733821 Pt Clear, MB",93,nearest_verified_coordinate,0.3114,30.489032745361328,-87.93621826171875,272.06378173828125,1.8300000429153442,bottom,39,-0.987500011920929,eastward_current,-0.007595013361424208,m/s,2026-10-06T13:18:00+00:00,2026-10-06T15:00:00+00:00,2026-10-06T22:47:11.110927+00:00,2026-10-06T22:47:11.110927+00:00,https://opendap.co-ops.nos.noaa.gov/thredds/dodsC/NOAA/NGOFS2/MODELS/2026/10/06/ngofs2.t15z.20261006.stations.nowcast.nc,Point Clear/Grand Hotel,0.0
noaa_ngofs2_point_clear_station,MODEL,"8733821 Pt Clear, MB",93,nearest_verified_coordinate,0.3114,30.489032745361328,-87.93621826171875,272.06378173828125,1.8300000429153442,bottom,39,-0.987500011920929,northward_current,-0.04028056934475899,m/s,2026-10-06T13:18:00+00:00,2026-10-06T15:00:00+00:00,2026-10-06T22:47:11.110927+00:00,2026-10-06T22:47:11.110927+00:00,https://opendap.co-ops.nos.noaa.gov/thredds/dodsC/NOAA/NGOFS2/MODELS/2026/10/06/ngofs2.t15z.20261006.stations.nowcast.nc,Point Clear/Grand Hotel,0.0
noaa_ngofs2_point_clear_station,MODEL,"8733821 Pt Clear, MB",93,nearest_verified_coordinate,0.3114,30.489032745361328,-87.93621826171875,272.06378173828125,1.8300000429153442,bottom,39,-0.987500011920929,shoreward_current,-0.00759501336142421,m/s,2026-10-06T13:18:00+00:00,2026-10-06T15:00:00+00:00,2026-10-06T22:47:11.110927+00:00,2026-10-06T22:47:11.110927+00:00,https://opendap.co-ops.nos.noaa.gov/thredds/dodsC/NOAA/NGOFS2/MODELS/2026/10/06/ngofs2.t15z.20261006.stations.nowcast.nc,Point Clear/Grand Hotel,0.0
noaa_ngofs2_point_clear_station,MODEL,"8733821 Pt Clear, MB",93,nearest_verified_coordinate,0.3114,30.489032745361328,-87.93621826171875,272.06378173828125,1.8300000429153442,bottom,39,-0.987500011920929,water_temperature,29.016469955444336,degC,2026-10-06T13:18:00+00:00,2026-10-06T15:00:00+00:00,2026-10-06T22:47:11.110927+00:00,2026-10-06T22:47:11.110927+00:00,https://opendap.co-ops.nos.noaa.gov/thredds/dodsC/NOAA/NGOFS2/MODELS/2026/10/06/ngofs2.t15z.20261006.stations.nowcast.nc,Point Clear/Grand Hotel,0.0
noaa_ngofs2_point_clear_station,MODEL,"8733821 Pt Clear, MB",93,nearest_verified_coordinate,0.3114,30.489032745361328,-87.93621826171875,272.06378173828125,1.8300000429153442,bottom,39,-0.987500011920929,salinity,15.182535171508789,1e-3,2026-10-06T13:18:00+00:00,2026-10-06T15:00:00+00:00,2026-10-06T22:47:11.110927+00:00,2026-10-06T22:47:11.110927+00:00,https://opendap.co-ops.nos.noaa.gov/thredds/dodsC/NOAA/NGOFS2/MODELS/2026/10/06/ngofs2.t15z.20261006.stations.nowcast.nc,Point Clear/Grand Hotel,0.0
noaa_ngofs2_point_clear_station,MODEL,"8733821 Pt Clear, MB",93,nearest_verified_coordinate,0.3114,30.489032745361328,-87.93621826171875,272.06378173828125,1.8300000429153442,surface,,,water_surface_elevation,0.3668699860572815,m,2026-10-06T13:18:00+00:00,2026-10-06T15:00:00+00:00,2026-10-06T22:47:11.110927+00:00,2026-10-06T22:47:11.110927+00:00,https://opendap.co-ops.nos.noaa.gov/thredds/dodsC/NOAA/NGOFS2/MODELS/2026/10/06/ngofs2.t15z.20261006.stations.nowcast.nc,Point Clear/Grand Hotel,0.0
noaa_ngofs2_point_clear_station,MODEL,"8733821 Pt Clear, MB",93,nearest_verified_coordinate,0.3114,30.489032745361328,-87.93621826171875,272.06378173828125,1.8300000429153442,surface,0,-0.012500000186264515,eastward_current,-0.09452245384454727,m/s,2026-10-06T13:24:00+00:00,2026-10-06T15:00:00+00:00,2026-10-06T22:47:11.110927+00:00,2026-10-06T22:47:11.110927+00:00,https://opendap.co-ops.nos.noaa.gov/thredds/dodsC/NOAA/NGOFS2/MODELS/2026/10/06/ngofs2.t15z.20261006.stations.nowcast.nc,Point Clear/Grand Hotel,0.0
noaa_ngofs2_point_clear_station,MODEL,"8733821 Pt Clear, MB",93,nearest_verified_coordinate,0.3114,30.489032745361328,-87.93621826171875,272.06378173828125,1.8300000429153442,surface,0,-0.012500000186264515,northward_current,-0.18075500428676605,m/s,2026-10-06T13:24:00+00:00,2026-10-06T15:00:00+00:00,2026-10-06T22:47:11.110927+00:00,2026-10-06T22:47:11.110927+00:00,https://opendap.co-ops.nos.noaa.gov/thredds/dodsC/NOAA/NGOFS2/MODELS/2026/10/06/ngofs2.t15z.20261006.stations.nowcast.nc,Point Clear/Grand Hotel,0.0
noaa_ngofs2_point_clear_station,MODEL,"8733821 Pt Clear, MB",93,nearest_verified_coordinate,0.3114,30.489032745361328,-87.93621826171875,272.06378173828125,1.8300000429153442,surface,0,-0.012500000186264515,shoreward_current,-0.09452245384454729,m/s,2026-10-06T13:24:00+00:00,2026-10-06T15:00:00+00:00,2026-10-06T22:47:11.110927+00:00,2026-10-06T22:47:11.110927+00:00,https://opendap.co-ops.nos.noaa.gov/thredds/dodsC/NOAA/NGOFS2/MODELS/2026/10/06/ngofs2.t15z.20261006.stations.nowcast.nc,Point Clear/Grand Hotel,0.0
noaa_ngofs2_point_clear_station,MODEL,"8733821 Pt Clear, MB",93,nearest_verified_coordinate,0.3114,30.489032745361328,-87.93621826171875,272.06378173828125,1.8300000429153442,surface,0,-0.012500000186264515,water_temperature,28.744558334350586,degC,2026-10-06T13:24:00+00:00,2026-10-06T15:00:00+00:00,2026-10-06T22:47:11.110927+00:00,2026-10-06T22:47:11.110927+00:00,https://opendap.co-ops.nos.noaa.gov/thredds/dodsC/NOAA/NGOFS2/MODELS/2026/10/06/ngofs2.t15z.20261006.stations.nowcast.nc,Point Clear/Grand Hotel,0.0
noaa_ngofs2_point_clear_station,MODEL,"8733821 Pt Clear, MB",93,nearest_verified_coordinate,0.3114,30.489032745361328,-87.93621826171875,272.06378173828125,1.8300000429153442,surface,0,-0.012500000186264515,salinity,14.430679321289062,1e-3,2026-10-06T13:24:00+00:00,2026-10-06T15:00:00+00:00,2026-10-06T22:47:11.110927+00:00,2026-10-06T22:47:11.110927+00:00,https://opendap.co-ops.nos.noaa.gov/thredds/dodsC/NOAA/NGOFS2/MODELS/2026/10/06/ngofs2.t15z.20261006.stations.nowcast.nc,Point Clear/Grand Hotel,0.0
noaa_ngofs2_point_clear_station,MODEL,"8733821 Pt Clear, MB",93,nearest_verified_coordinate,0.3114,30.489032745361328,-87.93621826171875,272.06378173828125,1.8300000429153442,bottom,39,-0.987500011920929,eastward_current,-0.008093633688986301,m/s,2026-10-06T13:24:00+00:00,2026-10-06T15:00:00+00:00,2026-10-06T22:47:11.110927+00:00,2026-10-06T22:47:11.110927+00:00,https://opendap.co-ops.nos.noaa.gov/thredds/dodsC/NOAA/NGOFS2/MODELS/2026/10/06/ngofs2.t15z.20261006.stations.nowcast.nc,Point Clear/Grand Hotel,0.0
noaa_ngofs2_point_clear_station,MODEL,"8733821 Pt Clear, MB",93,nearest_verified_coordinate,0.3114,30.489032745361328,-87.93621826171875,272.06378173828125,1.8300000429153442,bottom,39,-0.987500011920929,northward_current,-0.041143935173749924,m/s,2026-10-06T13:24:00+00:00,2026-10-06T15:00:00+00:00,2026-10-06T22:47:11.110927+00:00,2026-10-06T22:47:11.110927+00:00,https://opendap.co-ops.nos.noaa.gov/thredds/dodsC/NOAA/NGOFS2/MODELS/2026/10/06/ngofs2.t15z.20261006.stations.nowcast.nc,Point Clear/Grand Hotel,0.0
noaa_ngofs2_point_clear_station,MODEL,"8733821 Pt Clear, MB",93,nearest_verified_coordinate,0.3114,30.489032745361328,-87.93621826171875,272.06378173828125,1.8300000429153442,bottom,39,-0.987500011920929,shoreward_current,-0.008093633688986303,m/s,2026-10-06T13:24:00+00:00,2026-10-06T15:00:00+00:00,2026-10-06T22:47:11.110927+00:00,2026-10-06T22:47:11.110927+00:00,https://opendap.co-ops.nos.noaa.gov/thredds/dodsC/NOAA/NGOFS2/MODELS/2026/10/06/ngofs2.t15z.20261006.stations.nowcast.nc,Point Clear/Grand Hotel,0.0
noaa_ngofs2_point_clear_station,MODEL,"8733821 Pt Clear, MB",93,nearest_verified_coordinate,0.3114,30.489032745361328,-87.93621826171875,272.06378173828125,1.8300000429153442,bottom,39,-0.987500011920929,water_temperature,29.007280349731445,degC,2026-10-06T13:24:00+00:00,2026-10-06T15:00:00+00:00,2026-10-06T22:47:11.110927+00:00,2026-10-06T22:47:11.110927+00:00,https://opendap.co-ops.nos.noaa.gov/thredds/dodsC/NOAA/NGOFS2/MODELS/2026/10/06/ngofs2.t15z.20261006.stations.nowcast.nc,Point Clear/Grand Hotel,0.0
noaa_ngofs2_point_clear_station,MODEL,"8733821 Pt Clear, MB",93,nearest_verified_coordinate,0.3114,30.489032745361328,-87.93621826171875,272.06378173828125,1.8300000429153442,bottom,39,-0.987500011920929,salinity,15.15125560760498,1e-3,2026-10-06T13:24:00+00:00,2026-10-06T15:00:00+00:00,2026-10-06T22:47:11.110927+00:00,2026-10-06T22:47:11.110927+00:00,https://opendap.co-ops.nos.noaa.gov/thredds/dodsC/NOAA/NGOFS2/MODELS/2026/10/06/ngofs2.t15z.20261006.stations.nowcast.nc,Point Clear/Grand Hotel,0.0
noaa_ngofs2_point_clear_station,MODEL,"8733821 Pt Clear, MB",93,nearest_verified_coordinate,0.3114,30.489032745361328,-87.93621826171875,272.06378173828125,1.8300000429153442,surface,,,water_surface_elevation,0.3677530288696289,m,2026-10-06T13:24:00+00:00,2026-10-06T15:00:00+00:00,2026-10-06T22:47:11.110927+00:00,2026-10-06T22:47:11.110927+00:00,https://opendap.co-ops.nos.noaa.gov/thredds/dodsC/NOAA/NGOFS2/MODELS/2026/10/06/ngofs2.t15z.20261006.stations.nowcast.nc,Point Clear/Grand Hotel,0.0
noaa_ngofs2_point_clear_station,MODEL,"8733821 Pt Clear, MB",93,nearest_verified_coordinate,0.3114,30.489032745361328,-87.93621826171875,272.06378173828125,1.8300000429153442,surface,0,-0.012500000186264515,eastward_current,-0.09526515752077103,m/s,2026-10-06T13:30:00+00:00,2026-10-06T15:00:00+00:00,2026-10-06T22:47:11.110927+00:00,2026-10-06T22:47:11.110927+00:00,https://opendap.co-ops.nos.noaa.gov/thredds/dodsC/NOAA/NGOFS2/MODELS/2026/10/06/ngofs2.t15z.20261006.stations.nowcast.nc,Point Clear/Grand Hotel,0.0
noaa_ngofs2_point_clear_station,MODEL,"8733821 Pt Clear, MB",93,nearest_verified_coordinate,0.3114,30.489032745361328,-87.93621826171875,272.06378173828125,1.8300000429153442,surface,0,-0.012500000186264515,northward_current,-0.18308451771736145,m/s,2026-10-06T13:30:00+00:00,2026-10-06T15:00:00+00:00,2026-10-06T22:47:11.110927+00:00,2026-10-06T22:47:11.110927+00:00,https://opendap.co-ops.nos.noaa.gov/thredds/dodsC/NOAA/NGOFS2/MODELS/2026/10/06/ngofs2.t15z.20261006.stations.nowcast.nc,Point Clear/Grand Hotel,0.0
noaa_ngofs2_point_clear_station,MODEL,"8733821 Pt Clear, MB",93,nearest_verified_coordinate,0.3114,30.489032745361328,-87.93621826171875,272.06378173828125,1.8300000429153442,surface,0,-0.012500000186264515,shoreward_current,-0.09526515752077104,m/s,2026-10-06T13:30:00+00:00,2026-10-06T15:00:00+00:00,2026-10-06T22:47:11.110927+00:00,2026-10-06T22:47:11.110927+00:00,https://opendap.co-ops.nos.noaa.gov/thredds/dodsC/NOAA/NGOFS2/MODELS/2026/10/06/ngofs2.t15z.20261006.stations.nowcast.nc,Point Clear/Grand Hotel,0.0
noaa_ngofs2_point_clear_station,MODEL,"8733821 Pt Clear, MB",93,nearest_verified_coordinate,0.3114,30.489032745361328,-87.93621826171875,272.06378173828125,1.8300000429153442,surface,0,-0.012500000186264515,water_temperature,28.745651245117188,degC,2026-10-06T13:30:00+00:00,2026-10-06T15:00:00+00:00,2026-10-06T22:47:11.110927+00:00,2026-10-06T22:47:11.110927+00:00,https://opendap.co-ops.nos.noaa.gov/thredds/dodsC/NOAA/NGOFS2/MODELS/2026/10/06/ngofs2.t15z.20261006.stations.nowcast.nc,Point Clear/Grand Hotel,0.0
noaa_ngofs2_point_clear_station,MODEL,"8733821 Pt Clear, MB",93,nearest_verified_coordinate,0.3114,30.489032745361328,-87.93621826171875,272.06378173828125,1.8300000429153442,surface,0,-0.012500000186264515,salinity,14.421401023864746,1e-3,2026-10-06T13:30:00+00:00,2026-10-06T15:00:00+00:00,2026-10-06T22:47:11.110927+00:00,2026-10-06T22:47:11.110927+00:00,https://opendap.co-ops.nos.noaa.gov/thredds/dodsC/NOAA/NGOFS2/MODELS/2026/10/06/ngofs2.t15z.20261006.stations.nowcast.nc,Point Clear/Grand Hotel,0.0
noaa_ngofs2_point_clear_station,MODEL,"8733821 Pt Clear, MB",93,nearest_verified_coordinate,0.3114,30.489032745361328,-87.93621826171875,272.06378173828125,1.8300000429153442,bottom,39,-0.987500011920929,eastward_current,-0.008707240223884583,m/s,2026-10-06T13:30:00+00:00,2026-10-06T15:00:00+00:00,2026-10-06T22:47:11.110927+00:00,2026-10-06T22:47:11.110927+00:00,https://opendap.co-ops.nos.noaa.gov/thredds/dodsC/NOAA/NGOFS2/MODELS/2026/10/06/ngofs2.t15z.20261006.stations.nowcast.nc,Point Clear/Grand Hotel,0.0
noaa_ngofs2_point_clear_station,MODEL,"8733821 Pt Clear, MB",93,nearest_verified_coordinate,0.3114,30.489032745361328,-87.93621826171875,272.06378173828125,1.8300000429153442,bottom,39,-0.987500011920929,northward_current,-0.041959818452596664,m/s,2026-10-06T13:30:00+00:00,2026-10-06T15:00:00+00:00,2026-10-06T22:47:11.110927+00:00,2026-10-06T22:47:11.110927+00:00,https://opendap.co-ops.nos.noaa.gov/thredds/dodsC/NOAA/NGOFS2/MODELS/2026/10/06/ngofs2.t15z.20261006.stations.nowcast.nc,Point Clear/Grand Hotel,0.0
noaa_ngofs2_point_clear_station,MODEL,"8733821 Pt Clear, MB",93,nearest_verified_coordinate,0.3114,30.489032745361328,-87.93621826171875,272.06378173828125,1.8300000429153442,bottom,39,-0.987500011920929,shoreward_current,-0.008707240223884584,m/s,2026-10-06T13:30:00+00:00,2026-10-06T15:00:00+00:00,2026-10-06T22:47:11.110927+00:00,2026-10-06T22:47:11.110927+00:00,https://opendap.co-ops.nos.noaa.gov/thredds/dodsC/NOAA/NGOFS2/MODELS/2026/10/06/ngofs2.t15z.20261006.stations.nowcast.nc,Point Clear/Grand Hotel,0.0
noaa_ngofs2_point_clear_station,MODEL,"8733821 Pt Clear, MB",93,nearest_verified_coordinate,0.3114,30.489032745361328,-87.93621826171875,272.06378173828125,1.8300000429153442,bottom,39,-0.987500011920929,water_temperature,28.998462677001953,degC,2026-10-06T13:30:00+00:00,2026-10-06T15:00:00+00:00,2026-10-06T22:47:11.110927+00:00,2026-10-06T22:47:11.110927+00:00,https://opendap.co-ops.nos.noaa.gov/thredds/dodsC/NOAA/NGOFS2/MODELS/2026/10/06/ngofs2.t15z.20261006.stations.nowcast.nc,Point Clear/Grand Hotel,0.0
noaa_ngofs2_point_clear_station,MODEL,"8733821 Pt Clear, MB",93,nearest_verified_coordinate,0.3114,30.489032745361328,-87.93621826171875,272.06378173828125,1.8300000429153442,bottom,39,-0.987500011920929,salinity,15.11806869506836,1e-3,2026-10-06T13:30:00+00:00,2026-10-06T15:00:00+00:00,2026-10-06T22:47:11.110927+00:00,2026-10-06T22:47:11.110927+00:00,https://opendap.co-ops.nos.noaa.gov/thredds/dodsC/NOAA/NGOFS2/MODELS/2026/10/06/ngofs2.t15z.20261006.stations.nowcast.nc,Point Clear/Grand Hotel,0.0
noaa_ngofs2_point_clear_station,MODEL,"8733821 Pt Clear, MB",93,nearest_verified_coordinate,0.3114,30.489032745361328,-87.93621826171875,272.06378173828125,1.8300000429153442,surface,,,water_surface_elevation,0.3688361644744873,m,2026-10-06T13:30:00+00:00,2026-10-06T15:00:00+00:00,2026-10-06T22:47:11.110927+00:00,2026-10-06T22:47:11.110927+00:00,https://opendap.co-ops.nos.noaa.gov/thredds/dodsC/NOAA/NGOFS2/MODELS/2026/10/06/ngofs2.t15z.20261006.stations.nowcast.nc,Point Clear/Grand Hotel,0.0
noaa_ngofs2_point_clear_station,MODEL,"8733821 Pt Clear, MB",93,nearest_verified_coordinate,0.3114,30.489032745361328,-87.93621826171875,272.06378173828125,1.8300000429153442,surface,0,-0.012500000186264515,eastward_current,-0.09614540636539459,m/s,2026-10-06T13:36:00+00:00,2026-10-06T15:00:00+00:00,2026-10-06T22:47:11.110927+00:00,2026-10-06T22:47:11.110927+00:00,https://opendap.co-ops.nos.noaa.gov/thredds/dodsC/NOAA/NGOFS2/MODELS/2026/10/06/ngofs2.t15z.20261006.stations.nowcast.nc,Point Clear/Grand Hotel,0.0
noaa_ngofs2_point_clear_station,MODEL,"8733821 Pt Clear, MB",93,nearest_verified_coordinate,0.3114,30.489032745361328,-87.93621826171875,272.06378173828125,1.8300000429153442,surface,0,-0.012500000186264515,northward_current,-0.18522270023822784,m/s,2026-10-06T13:36:00+00:00,2026-10-06T15:00:00+00:00,2026-10-06T22:47:11.110927+00:00,2026-10-06T22:47:11.110927+00:00,https://opendap.co-ops.nos.noaa.gov/thredds/dodsC/NOAA/NGOFS2/MODELS/2026/10/06/ngofs2.t15z.20261006.stations.nowcast.nc,Point Clear/Grand Hotel,0.0
noaa_ngofs2_point_clear_station,MODEL,"8733821 Pt Clear, MB",93,nearest_verified_coordinate,0.3114,30.489032745361328,-87.93621826171875,272.06378173828125,1.8300000429153442,surface,0,-0.012500000186264515,shoreward_current,-0.0961454063653946,m/s,2026-10-06T13:36:00+00:00,2026-10-06T15:00:00+00:00,2026-10-06T22:47:11.110927+00:00,2026-10-06T22:47:11.110927+00:00,https://opendap.co-ops.nos.noaa.gov/thredds/dodsC/NOAA/NGOFS2/MODELS/2026/10/06/ngofs2.t15z.20261006.stations.nowcast.nc,Point Clear/Grand Hotel,0.0
noaa_ngofs2_point_clear_station,MODEL,"8733821 Pt Clear, MB",93,nearest_verified_coordinate,0.3114,30.489032745361328,-87.93621826171875,272.06378173828125,1.8300000429153442,surface,0,-0.012500000186264515,water_temperature,28.746763229370117,degC,2026-10-06T13:36:00+00:00,2026-10-06T15:00:00+00:00,2026-10-06T22:47:11.110927+00:00,2026-10-06T22:47:11.110927+00:00,https://opendap.co-ops.nos.noaa.gov/thredds/dodsC/NOAA/NGOFS2/MODELS/2026/10/06/ngofs2.t15z.20261006.stations.nowcast.nc,Point Clear/Grand Hotel,0.0
noaa_ngofs2_point_clear_station,MODEL,"8733821 Pt Clear, MB",93,nearest_verified_coordinate,0.3114,30.489032745361328,-87.93621826171875,272.06378173828125,1.8300000429153442,surface,0,-0.012500000186264515,salinity,14.410665512084961,1e-3,2026-10-06T13:36:00+00:00,2026-10-06T15:00:00+00:00,2026-10-06T22:47:11.110927+00:00,2026-10-06T22:47:11.110927+00:00,https://opendap.co-ops.nos.noaa.gov/thredds/dodsC/NOAA/NGOFS2/MODELS/2026/10/06/ngofs2.t15z.20261006.stations.nowcast.nc,Point Clear/Grand Hotel,0.0
noaa_ngofs2_point_clear_station,MODEL,"8733821 Pt Clear, MB",93,nearest_verified_coordinate,0.3114,30.489032745361328,-87.93621826171875,272.06378173828125,1.8300000429153442,bottom,39,-0.987500011920929,eastward_current,-0.009287074208259583,m/s,2026-10-06T13:36:00+00:00,2026-10-06T15:00:00+00:00,2026-10-06T22:47:11.110927+00:00,2026-10-06T22:47:11.110927+00:00,https://opendap.co-ops.nos.noaa.gov/thredds/dodsC/NOAA/NGOFS2/MODELS/2026/10/06/ngofs2.t15z.20261006.stations.nowcast.nc,Point Clear/Grand Hotel,0.0
noaa_ngofs2_point_clear_station,MODEL,"8733821 Pt Clear, MB",93,nearest_verified_coordinate,0.3114,30.489032745361328,-87.93621826171875,272.06378173828125,1.8300000429153442,bottom,39,-0.987500011920929,northward_current,-0.04262944683432579,m/s,2026-10-06T13:36:00+00:00,2026-10-06T15:00:00+00:00,2026-10-06T22:47:11.110927+00:00,2026-10-06T22:47:11.110927+00:00,https://opendap.co-ops.nos.noaa.gov/thredds/dodsC/NOAA/NGOFS2/MODELS/2026/10/06/ngofs2.t15z.20261006.stations.nowcast.nc,Point Clear/Grand Hotel,0.0
noaa_ngofs2_point_clear_station,MODEL,"8733821 Pt Clear, MB",93,nearest_verified_coordinate,0.3114,30.489032745361328,-87.93621826171875,272.06378173828125,1.8300000429153442,bottom,39,-0.987500011920929,shoreward_current,-0.009287074208259586,m/s,2026-10-06T13:36:00+00:00,2026-10-06T15:00:00+00:00,2026-10-06T22:47:11.110927+00:00,2026-10-06T22:47:11.110927+00:00,https://opendap.co-ops.nos.noaa.gov/thredds/dodsC/NOAA/NGOFS2/MODELS/2026/10/06/ngofs2.t15z.20261006.stations.nowcast.nc,Point Clear/Grand Hotel,0.0
noaa_ngofs2_point_clear_station,MODEL,"8733821 Pt Clear, MB",93,nearest_verified_coordinate,0.3114,30.489032745361328,-87.93621826171875,272.06378173828125,1.8300000429153442,bottom,39,-0.987500011920929,water_temperature,28.98982810974121,degC,2026-10-06T13:36:00+00:00,2026-10-06T15:00:00+00:00,2026-10-06T22:47:11.110927+00:00,2026-10-06T22:47:11.110927+00:00,https://opendap.co-ops.nos.noaa.gov/thredds/dodsC/NOAA/NGOFS2/MODELS/2026/10/06/ngofs2.t15z.20261006.stations.nowcast.nc,Point Clear/Grand Hotel,0.0
noaa_ngofs2_point_clear_station,MODEL,"8733821 Pt Clear, MB",93,nearest_verified_coordinate,0.3114,30.489032745361328,-87.93621826171875,272.06378173828125,1.8300000429153442,bottom,39,-0.987500011920929,salinity,15.082971572875977,1e-3,2026-10-06T13:36:00+00:00,2026-10-06T15:00:00+00:00,2026-10-06T22:47:11.110927+00:00,2026-10-06T22:47:11.110927+00:00,https://opendap.co-ops.nos.noaa.gov/thredds/dodsC/NOAA/NGOFS2/MODELS/2026/10/06/ngofs2.t15z.20261006.stations.nowcast.nc,Point Clear/Grand Hotel,0.0
noaa_ngofs2_point_clear_station,MODEL,"8733821 Pt Clear, MB",93,nearest_verified_coordinate,0.3114,30.489032745361328,-87.93621826171875,272.06378173828125,1.8300000429153442,surface,,,water_surface_elevation,0.369292289018631,m,2026-10-06T13:36:00+00:00,2026-10-06T15:00:00+00:00,2026-10-06T22:47:11.110927+00:00,2026-10-06T22:47:11.110927+00:00,https://opendap.co-ops.nos.noaa.gov/thredds/dodsC/NOAA/NGOFS2/MODELS/2026/10/06/ngofs2.t15z.20261006.stations.nowcast.nc,Point Clear/Grand Hotel,0.0
noaa_ngofs2_point_clear_station,MODEL,"8733821 Pt Clear, MB",93,nearest_verified_coordinate,0.3114,30.489032745361328,-87.93621826171875,272.06378173828125,1.8300000429153442,surface,0,-0.012500000186264515,eastward_current,-0.09490764886140823,m/s,2026-10-06T13:42:00+00:00,2026-10-06T15:00:00+00:00,2026-10-06T22:47:11.110927+00:00,2026-10-06T22:47:11.110927+00:00,https://opendap.co-ops.nos.noaa.gov/thredds/dodsC/NOAA/NGOFS2/MODELS/2026/10/06/ngofs2.t15z.20261006.stations.nowcast.nc,Point Clear/Grand Hotel,0.0
noaa_ngofs2_point_clear_station,MODEL,"8733821 Pt Clear, MB",93,nearest_verified_coordinate,0.3114,30.489032745361328,-87.93621826171875,272.06378173828125,1.8300000429153442,surface,0,-0.012500000186264515,northward_current,-0.18448147177696228,m/s,2026-10-06T13:42:00+00:00,2026-10-06T15:00:00+00:00,2026-10-06T22:47:11.110927+00:00,2026-10-06T22:47:11.110927+00:00,https://opendap.co-ops.nos.noaa.gov/thredds/dodsC/NOAA/NGOFS2/MODELS/2026/10/06/ngofs2.t15z.20261006.stations.nowcast.nc,Point Clear/Grand Hotel,0.0
noaa_ngofs2_point_clear_station,MODEL,"8733821 Pt Clear, MB",93,nearest_verified_coordinate,0.3114,30.489032745361328,-87.93621826171875,272.06378173828125,1.8300000429153442,surface,0,-0.012500000186264515,shoreward_current,-0.09490764886140825,m/s,2026-10-06T13:42:00+00:00,2026-10-06T15:00:00+00:00,2026-10-06T22:47:11.110927+00:00,2026-10-06T22:47:11.110927+00:00,https://opendap.co-ops.nos.noaa.gov/thredds/dodsC/NOAA/NGOFS2/MODELS/2026/10/06/ngofs2.t15z.20261006.stations.nowcast.nc,Point Clear/Grand Hotel,0.0
noaa_ngofs2_point_clear_station,MODEL,"8733821 Pt Clear, MB",93,nearest_verified_coordinate,0.3114,30.489032745361328,-87.93621826171875,272.06378173828125,1.8300000429153442,surface,0,-0.012500000186264515,water_temperature,28.752092361450195,degC,2026-10-06T13:42:00+00:00,2026-10-06T15:00:00+00:00,2026-10-06T22:47:11.110927+00:00,2026-10-06T22:47:11.110927+00:00,https://opendap.co-ops.nos.noaa.gov/thredds/dodsC/NOAA/NGOFS2/MODELS/2026/10/06/ngofs2.t15z.20261006.stations.nowcast.nc,Point Clear/Grand Hotel,0.0
noaa_ngofs2_point_clear_station,MODEL,"8733821 Pt Clear, MB",93,nearest_verified_coordinate,0.3114,30.489032745361328,-87.93621826171875,272.06378173828125,1.8300000429153442,surface,0,-0.012500000186264515,salinity,14.410568237304688,1e-3,2026-10-06T13:42:00+00:00,2026-10-06T15:00:00+00:00,2026-10-06T22:47:11.110927+00:00,2026-10-06T22:47:11.110927+00:00,https://opendap.co-ops.nos.noaa.gov/thredds/dodsC/NOAA/NGOFS2/MODELS/2026/10/06/ngofs2.t15z.20261006.stations.nowcast.nc,Point Clear/Grand Hotel,0.0
noaa_ngofs2_point_clear_station,MODEL,"8733821 Pt Clear, MB",93,nearest_verified_coordinate,0.3114,30.489032745361328,-87.93621826171875,272.06378173828125,1.8300000429153442,bottom,39,-0.987500011920929,eastward_current,-0.00972579326480627,m/s,2026-10-06T13:42:00+00:00,2026-10-06T15:00:00+00:00,2026-10-06T22:47:11.110927+00:00,2026-10-06T22:47:11.110927+00:00,https://opendap.co-ops.nos.noaa.gov/thredds/dodsC/NOAA/NGOFS2/MODELS/2026/10/06/ngofs2.t15z.20261006.stations.nowcast.nc,Point Clear/Grand Hotel,0.0
noaa_ngofs2_point_clear_station,MODEL,"8733821 Pt Clear, MB",93,nearest_verified_coordinate,0.3114,30.489032745361328,-87.93621826171875,272.06378173828125,1.8300000429153442,bottom,39,-0.987500011920929,northward_current,-0.042944468557834625,m/s,2026-10-06T13:42:00+00:00,2026-10-06T15:00:00+00:00,2026-10-06T22:47:11.110927+00:00,2026-10-06T22:47:11.110927+00:00,https://opendap.co-ops.nos.noaa.gov/thredds/dodsC/NOAA/NGOFS2/MODELS/2026/10/06/ngofs2.t15z.20261006.stations.nowcast.nc,Point Clear/Grand Hotel,0.0
noaa_ngofs2_point_clear_station,MODEL,"8733821 Pt Clear, MB",93,nearest_verified_coordinate,0.3114,30.489032745361328,-87.93621826171875,272.06378173828125,1.8300000429153442,bottom,39,-0.987500011920929,shoreward_current,-0.009725793264806274,m/s,2026-10-06T13:42:00+00:00,2026-10-06T15:00:00+00:00,2026-10-06T22:47:11.110927+00:00,2026-10-06T22:47:11.110927+00:00,https://opendap.co-ops.nos.noaa.gov/thredds/dodsC/NOAA/NGOFS2/MODELS/2026/10/06/ngofs2.t15z.20261006.stations.nowcast.nc,Point Clear/Grand Hotel,0.0
noaa_ngofs2_point_clear_station,MODEL,"8733821 Pt Clear, MB",93,nearest_verified_coordinate,0.3114,30.489032745361328,-87.93621826171875,272.06378173828125,1.8300000429153442,bottom,39,-0.987500011920929,water_temperature,28.977752685546875,degC,2026-10-06T13:42:00+00:00,2026-10-06T15:00:00+00:00,2026-10-06T22:47:11.110927+00:00,2026-10-06T22:47:11.110927+00:00,https://opendap.co-ops.nos.noaa.gov/thredds/dodsC/NOAA/NGOFS2/MODELS/2026/10/06/ngofs2.t15z.20261006.stations.nowcast.nc,Point Clear/Grand Hotel,0.0
noaa_ngofs2_point_clear_station,MODEL,"8733821 Pt Clear, MB",93,nearest_verified_coordinate,0.3114,30.489032745361328,-87.93621826171875,272.06378173828125,1.8300000429153442,bottom,39,-0.987500011920929,salinity,15.034425735473633,1e-3,2026-10-06T13:42:00+00:00,2026-10-06T15:00:00+00:00,2026-10-06T22:47:11.110927+00:00,2026-10-06T22:47:11.110927+00:00,https://opendap.co-ops.nos.noaa.gov/thredds/dodsC/NOAA/NGOFS2/MODELS/2026/10/06/ngofs2.t15z.20261006.stations.nowcast.nc,Point Clear/Grand Hotel,0.0
noaa_ngofs2_point_clear_station,MODEL,"8733821 Pt Clear, MB",93,nearest_verified_coordinate,0.3114,30.489032745361328,-87.93621826171875,272.06378173828125,1.8300000429153442,surface,,,water_surface_elevation,0.3692748248577118,m,2026-10-06T13:42:00+00:00,2026-10-06T15:00:00+00:00,2026-10-06T22:47:11.110927+00:00,2026-10-06T22:47:11.110927+00:00,https://opendap.co-ops.nos.noaa.gov/thredds/dodsC/NOAA/NGOFS2/MODELS/2026/10/06/ngofs2.t15z.20261006.stations.nowcast.nc,Point Clear/Grand Hotel,0.0
noaa_ngofs2_point_clear_station,MODEL,"8733821 Pt Clear, MB",93,nearest_verified_coordinate,0.3114,30.489032745361328,-87.93621826171875,272.06378173828125,1.8300000429153442,surface,0,-0.012500000186264515,eastward_current,-0.09242869913578033,m/s,2026-10-06T13:48:00+00:00,2026-10-06T15:00:00+00:00,2026-10-06T22:47:11.110927+00:00,2026-10-06T22:47:11.110927+00:00,https://opendap.co-ops.nos.noaa.gov/thredds/dodsC/NOAA/NGOFS2/MODELS/2026/10/06/ngofs2.t15z.20261006.stations.nowcast.nc,Point Clear/Grand Hotel,0.0
noaa_ngofs2_point_clear_station,MODEL,"8733821 Pt Clear, MB",93,nearest_verified_coordinate,0.3114,30.489032745361328,-87.93621826171875,272.06378173828125,1.8300000429153442,surface,0,-0.012500000186264515,northward_current,-0.1819770634174347,m/s,2026-10-06T13:48:00+00:00,2026-10-06T15:00:00+00:00,2026-10-06T22:47:11.110927+00:00,2026-10-06T22:47:11.110927+00:00,https://opendap.co-ops.nos.noaa.gov/thredds/dodsC/NOAA/NGOFS2/MODELS/2026/10/06/ngofs2.t15z.20261006.stations.nowcast.nc,Point Clear/Grand Hotel,0.0
noaa_ngofs2_point_clear_station,MODEL,"8733821 Pt Clear, MB",93,nearest_verified_coordinate,0.3114,30.489032745361328,-87.93621826171875,272.06378173828125,1.8300000429153442,surface,0,-0.012500000186264515,shoreward_current,-0.09242869913578035,m/s,2026-10-06T13:48:00+00:00,2026-10-06T15:00:00+00:00,2026-10-06T22:47:11.110927+00:00,2026-10-06T22:47:11.110927+00:00,https://opendap.co-ops.nos.noaa.gov/thredds/dodsC/NOAA/NGOFS2/MODELS/2026/10/06/ngofs2.t15z.20261006.stations.nowcast.nc,Point Clear/Grand Hotel,0.0
noaa_ngofs2_point_clear_station,MODEL,"8733821 Pt Clear, MB",93,nearest_verified_coordinate,0.3114,30.489032745361328,-87.93621826171875,272.06378173828125,1.8300000429153442,surface,0,-0.012500000186264515,water_temperature,28.75986099243164,degC,2026-10-06T13:48:00+00:00,2026-10-06T15:00:00+00:00,2026-10-06T22:47:11.110927+00:00,2026-10-06T22:47:11.110927+00:00,https://opendap.co-ops.nos.noaa.gov/thredds/dodsC/NOAA/NGOFS2/MODELS/2026/10/06/ngofs2.t15z.20261006.stations.nowcast.nc,Point Clear/Grand Hotel,0.0
noaa_ngofs2_point_clear_station,MODEL,"8733821 Pt Clear, MB",93,nearest_verified_coordinate,0.3114,30.489032745361328,-87.93621826171875,272.06378173828125,1.8300000429153442,surface,0,-0.012500000186264515,salinity,14.416577339172363,1e-3,2026-10-06T13:48:00+00:00,2026-10-06T15:00:00+00:00,2026-10-06T22:47:11.110927+00:00,2026-10-06T22:47:11.110927+00:00,https://opendap.co-ops.nos.noaa.gov/thredds/dodsC/NOAA/NGOFS2/MODELS/2026/10/06/ngofs2.t15z.20261006.stations.nowcast.nc,Point Clear/Grand Hotel,0.0
noaa_ngofs2_point_clear_station,MODEL,"8733821 Pt Clear, MB",93,nearest_verified_coordinate,0.3114,30.489032745361328,-87.93621826171875,272.06378173828125,1.8300000429153442,bottom,39,-0.987500011920929,eastward_current,-0.011021128855645657,m/s,2026-10-06T13:48:00+00:00,2026-10-06T15:00:00+00:00,2026-10-06T22:47:11.110927+00:00,2026-10-06T22:47:11.110927+00:00,https://opendap.co-ops.nos.noaa.gov/thredds/dodsC/NOAA/NGOFS2/MODELS/2026/10/06/ngofs2.t15z.20261006.stations.nowcast.nc,Point Clear/Grand Hotel,0.0
noaa_ngofs2_point_clear_station,MODEL,"8733821 Pt Clear, MB",93,nearest_verified_coordinate,0.3114,30.489032745361328,-87.93621826171875,272.06378173828125,1.8300000429153442,bottom,39,-0.987500011920929,northward_current,-0.044048652052879333,m/s,2026-10-06T13:48:00+00:00,2026-10-06T15:00:00+00:00,2026-10-06T22:47:11.110927+00:00,2026-10-06T22:47:11.110927+00:00,https://opendap.co-ops.nos.noaa.gov/thredds/dodsC/NOAA/NGOFS2/MODELS/2026/10/06/ngofs2.t15z.20261006.stations.nowcast.nc,Point Clear/Grand Hotel,0.0
noaa_ngofs2_point_clear_station,MODEL,"8733821 Pt Clear, MB",93,nearest_verified_coordinate,0.3114,30.489032745361328,-87.93621826171875,272.06378173828125,1.8300000429153442,bottom,39,-0.987500011920929,shoreward_current,-0.01102112885564566,m/s,2026-10-06T13:48:00+00:00,2026-10-06T15:00:00+00:00,2026-10-06T22:47:11.110927+00:00,2026-10-06T22:47:11.110927+00:00,https://opendap.co-ops.nos.noaa.gov/thredds/dodsC/NOAA/NGOFS2/MODELS/2026/10/06/ngofs2.t15z.20261006.stations.nowcast.nc,Point Clear/Grand Hotel,0.0
noaa_ngofs2_point_clear_station,MODEL,"8733821 Pt Clear, MB",93,nearest_verified_coordinate,0.3114,30.489032745361328,-87.93621826171875,272.06378173828125,1.8300000429153442,bottom,39,-0.987500011920929,water_temperature,28.959392547607422,degC,2026-10-06T13:48:00+00:00,2026-10-06T15:00:00+00:00,2026-10-06T22:47:11.110927+00:00,2026-10-06T22:47:11.110927+00:00,https://opendap.co-ops.nos.noaa.gov/thredds/dodsC/NOAA/NGOFS2/MODELS/2026/10/06/ngofs2.t15z.20261006.stations.nowcast.nc,Point Clear/Grand Hotel,0.0
noaa_ngofs2_point_clear_station,MODEL,"8733821 Pt Clear, MB",93,nearest_verified_coordinate,0.3114,30.489032745361328,-87.93621826171875,272.06378173828125,1.8300000429153442,bottom,39,-0.987500011920929,salinity,14.963440895080566,1e-3,2026-10-06T13:48:00+00:00,2026-10-06T15:00:00+00:00,2026-10-06T22:47:11.110927+00:00,2026-10-06T22:47:11.110927+00:00,https://opendap.co-ops.nos.noaa.gov/thredds/dodsC/NOAA/NGOFS2/MODELS/2026/10/06/ngofs2.t15z.20261006.stations.nowcast.nc,Point Clear/Grand Hotel,0.0
noaa_ngofs2_point_clear_station,MODEL,"8733821 Pt Clear, MB",93,nearest_verified_coordinate,0.3114,30.489032745361328,-87.93621826171875,272.06378173828125,1.8300000429153442,surface,,,water_surface_elevation,0.369408518075943,m,2026-10-06T13:48:00+00:00,2026-10-06T15:00:00+00:00,2026-10-06T22:47:11.110927+00:00,2026-10-06T22:47:11.110927+00:00,https://opendap.co-ops.nos.noaa.gov/thredds/dodsC/NOAA/NGOFS2/MODELS/2026/10/06/ngofs2.t15z.20261006.stations.nowcast.nc,Point Clear/Grand Hotel,0.0
noaa_ngofs2_point_clear_station,MODEL,"8733821 Pt Clear, MB",93,nearest_verified_coordinate,0.3114,30.489032745361328,-87.93621826171875,272.06378173828125,1.8300000429153442,surface,0,-0.012500000186264515,eastward_current,-0.0910579189658165,m/s,2026-10-06T13:54:00+00:00,2026-10-06T15:00:00+00:00,2026-10-06T22:47:11.110927+00:00,2026-10-06T22:47:11.110927+00:00,https://opendap.co-ops.nos.noaa.gov/thredds/dodsC/NOAA/NGOFS2/MODELS/2026/10/06/ngofs2.t15z.20261006.stations.nowcast.nc,Point Clear/Grand Hotel,0.0
noaa_ngofs2_point_clear_station,MODEL,"8733821 Pt Clear, MB",93,nearest_verified_coordinate,0.3114,30.489032745361328,-87.93621826171875,272.06378173828125,1.8300000429153442,surface,0,-0.012500000186264515,northward_current,-0.18027210235595703,m/s,2026-10-06T13:54:00+00:00,2026-10-06T15:00:00+00:00,2026-10-06T22:47:11.110927+00:00,2026-10-06T22:47:11.110927+00:00,https://opendap.co-ops.nos.noaa.gov/thredds/dodsC/NOAA/NGOFS2/MODELS/2026/10/06/ngofs2.t15z.20261006.stations.nowcast.nc,Point Clear/Grand Hotel,0.0
noaa_ngofs2_point_clear_station,MODEL,"8733821 Pt Clear, MB",93,nearest_verified_coordinate,0.3114,30.489032745361328,-87.93621826171875,272.06378173828125,1.8300000429153442,surface,0,-0.012500000186264515,shoreward_current,-0.09105791896581651,m/s,2026-10-06T13:54:00+00:00,2026-10-06T15:00:00+00:00,2026-10-06T22:47:11.110927+00:00,2026-10-06T22:47:11.110927+00:00,https://opendap.co-ops.nos.noaa.gov/thredds/dodsC/NOAA/NGOFS2/MODELS/2026/10/06/ngofs2.t15z.20261006.stations.nowcast.nc,Point Clear/Grand Hotel,0.0
noaa_ngofs2_point_clear_station,MODEL,"8733821 Pt Clear, MB",93,nearest_verified_coordinate,0.3114,30.489032745361328,-87.93621826171875,272.06378173828125,1.8300000429153442,surface,0,-0.012500000186264515,water_temperature,28.765226364135742,degC,2026-10-06T13:54:00+00:00,2026-10-06T15:00:00+00:00,2026-10-06T22:47:11.110927+00:00,2026-10-06T22:47:11.110927+00:00,https://opendap.co-ops.nos.noaa.gov/thredds/dodsC/NOAA/NGOFS2/MODELS/2026/10/06/ngofs2.t15z.20261006.stations.nowcast.nc,Point Clear/Grand Hotel,0.0
noaa_ngofs2_point_clear_station,MODEL,"8733821 Pt Clear, MB",93,nearest_verified_coordinate,0.3114,30.489032745361328,-87.93621826171875,272.06378173828125,1.8300000429153442,surface,0,-0.012500000186264515,salinity,14.415139198303223,1e-3,2026-10-06T13:54:00+00:00,2026-10-06T15:00:00+00:00,2026-10-06T22:47:11.110927+00:00,2026-10-06T22:47:11.110927+00:00,https://opendap.co-ops.nos.noaa.gov/thredds/dodsC/NOAA/NGOFS2/MODELS/2026/10/06/ngofs2.t15z.20261006.stations.nowcast.nc,Point Clear/Grand Hotel,0.0
noaa_ngofs2_point_clear_station,MODEL,"8733821 Pt Clear, MB",93,nearest_verified_coordinate,0.3114,30.489032745361328,-87.93621826171875,272.06378173828125,1.8300000429153442,bottom,39,-0.987500011920929,eastward_current,-0.012114733457565308,m/s,2026-10-06T13:54:00+00:00,2026-10-06T15:00:00+00:00,2026-10-06T22:47:11.110927+00:00,2026-10-06T22:47:11.110927+00:00,https://opendap.co-ops.nos.noaa.gov/thredds/dodsC/NOAA/NGOFS2/MODELS/2026/10/06/ngofs2.t15z.20261006.stations.nowcast.nc,Point Clear/Grand Hotel,0.0
noaa_ngofs2_point_clear_station,MODEL,"8733821 Pt Clear, MB",93,nearest_verified_coordinate,0.3114,30.489032745361328,-87.93621826171875,272.06378173828125,1.8300000429153442,bottom,39,-0.987500011920929,northward_current,-0.044674262404441833,m/s,2026-10-06T13:54:00+00:00,2026-10-06T15:00:00+00:00,2026-10-06T22:47:11.110927+00:00,2026-10-06T22:47:11.110927+00:00,https://opendap.co-ops.nos.noaa.gov/thredds/dodsC/NOAA/NGOFS2/MODELS/2026/10/06/ngofs2.t15z.20261006.stations.nowcast.nc,Point Clear/Grand Hotel,0.0
noaa_ngofs2_point_clear_station,MODEL,"8733821 Pt Clear, MB",93,nearest_verified_coordinate,0.3114,30.489032745361328,-87.93621826171875,272.06378173828125,1.8300000429153442,bottom,39,-0.987500011920929,shoreward_current,-0.012114733457565311,m/s,2026-10-06T13:54:00+00:00,2026-10-06T15:00:00+00:00,2026-10-06T22:47:11.110927+00:00,2026-10-06T22:47:11.110927+00:00,https://opendap.co-ops.nos.noaa.gov/thredds/dodsC/NOAA/NGOFS2/MODELS/2026/10/06/ngofs2.t15z.20261006.stations.nowcast.nc,Point Clear/Grand Hotel,0.0
noaa_ngofs2_point_clear_station,MODEL,"8733821 Pt Clear, MB",93,nearest_verified_coordinate,0.3114,30.489032745361328,-87.93621826171875,272.06378173828125,1.8300000429153442,bottom,39,-0.987500011920929,water_temperature,28.944252014160156,degC,2026-10-06T13:54:00+00:00,2026-10-06T15:00:00+00:00,2026-10-06T22:47:11.110927+00:00,2026-10-06T22:47:11.110927+00:00,https://opendap.co-ops.nos.noaa.gov/thredds/dodsC/NOAA/NGOFS2/MODELS/2026/10/06/ngofs2.t15z.20261006.stations.nowcast.nc,Point Clear/Grand Hotel,0.0
noaa_ngofs2_point_clear_station,MODEL,"8733821 Pt Clear, MB",93,nearest_verified_coordinate,0.3114,30.489032745361328,-87.93621826171875,272.06378173828125,1.8300000429153442,bottom,39,-0.987500011920929,salinity,14.898706436157227,1e-3,2026-10-06T13:54:00+00:00,2026-10-06T15:00:00+00:00,2026-10-06T22:47:11.110927+00:00,2026-10-06T22:47:11.110927+00:00,https://opendap.co-ops.nos.noaa.gov/thredds/dodsC/NOAA/NGOFS2/MODELS/2026/10/06/ngofs2.t15z.20261006.stations.nowcast.nc,Point Clear/Grand Hotel,0.0
noaa_ngofs2_point_clear_station,MODEL,"8733821 Pt Clear, MB",93,nearest_verified_coordinate,0.3114,30.489032745361328,-87.93621826171875,272.06378173828125,1.8300000429153442,surface,,,water_surface_elevation,0.369279682636261,m,2026-10-06T13:54:00+00:00,2026-10-06T15:00:00+00:00,2026-10-06T22:47:11.110927+00:00,2026-10-06T22:47:11.110927+00:00,https://opendap.co-ops.nos.noaa.gov/thredds/dodsC/NOAA/NGOFS2/MODELS/2026/10/06/ngofs2.t15z.20261006.stations.nowcast.nc,Point Clear/Grand Hotel,0.0
noaa_ngofs2_point_clear_station,MODEL,"8733821 Pt Clear, MB",93,nearest_verified_coordinate,0.3114,30.489032745361328,-87.93621826171875,272.06378173828125,1.8300000429153442,surface,0,-0.012500000186264515,eastward_current,-0.08950136601924896,m/s,2026-10-06T14:00:00+00:00,2026-10-06T15:00:00+00:00,2026-10-06T22:47:11.110927+00:00,2026-10-06T22:47:11.110927+00:00,https://opendap.co-ops.nos.noaa.gov/thredds/dodsC/NOAA/NGOFS2/MODELS/2026/10/06/ngofs2.t15z.20261006.stations.nowcast.nc,Point Clear/Grand Hotel,0.0
noaa_ngofs2_point_clear_station,MODEL,"8733821 Pt Clear, MB",93,nearest_verified_coordinate,0.3114,30.489032745361328,-87.93621826171875,272.06378173828125,1.8300000429153442,surface,0,-0.012500000186264515,northward_current,-0.17788998782634735,m/s,2026-10-06T14:00:00+00:00,2026-10-06T15:00:00+00:00,2026-10-06T22:47:11.110927+00:00,2026-10-06T22:47:11.110927+00:00,https://opendap.co-ops.nos.noaa.gov/thredds/dodsC/NOAA/NGOFS2/MODELS/2026/10/06/ngofs2.t15z.20261006.stations.nowcast.nc,Point Clear/Grand Hotel,0.0
noaa_ngofs2_point_clear_station,MODEL,"8733821 Pt Clear, MB",93,nearest_verified_coordinate,0.3114,30.489032745361328,-87.93621826171875,272.06378173828125,1.8300000429153442,surface,0,-0.012500000186264515,shoreward_current,-0.08950136601924898,m/s,2026-10-06T14:00:00+00:00,2026-10-06T15:00:00+00:00,2026-10-06T22:47:11.110927+00:00,2026-10-06T22:47:11.110927+00:00,https://opendap.co-ops.nos.noaa.gov/thredds/dodsC/NOAA/NGOFS2/MODELS/2026/10/06/ngofs2.t15z.20261006.stations.nowcast.nc,Point Clear/Grand Hotel,0.0
noaa_ngofs2_point_clear_station,MODEL,"8733821 Pt Clear, MB",93,nearest_verified_coordinate,0.3114,30.489032745361328,-87.93621826171875,272.06378173828125,1.8300000429153442,surface,0,-0.012500000186264515,water_temperature,28.77003288269043,degC,2026-10-06T14:00:00+00:00,2026-10-06T15:00:00+00:00,2026-10-06T22:47:11.110927+00:00,2026-10-06T22:47:11.110927+00:00,https://opendap.co-ops.nos.noaa.gov/thredds/dodsC/NOAA/NGOFS2/MODELS/2026/10/06/ngofs2.t15z.20261006.stations.nowcast.nc,Point Clear/Grand Hotel,0.0
noaa_ngofs2_point_clear_station,MODEL,"8733821 Pt Clear, MB",93,nearest_verified_coordinate,0.3114,30.489032745361328,-87.93621826171875,272.06378173828125,1.8300000429153442,surface,0,-0.012500000186264515,salinity,14.41098690032959,1e-3,2026-10-06T14:00:00+00:00,2026-10-06T15:00:00+00:00,2026-10-06T22:47:11.110927+00:00,2026-10-06T22:47:11.110927+00:00,https://opendap.co-ops.nos.noaa.gov/thredds/dodsC/NOAA/NGOFS2/MODELS/2026/10/06/ngofs2.t15z.20261006.stations.nowcast.nc,Point Clear/Grand Hotel,0.0
noaa_ngofs2_point_clear_station,MODEL,"8733821 Pt Clear, MB",93,nearest_verified_coordinate,0.3114,30.489032745361328,-87.93621826171875,272.06378173828125,1.8300000429153442,bottom,39,-0.987500011920929,eastward_current,-0.013036292977631092,m/s,2026-10-06T14:00:00+00:00,2026-10-06T15:00:00+00:00,2026-10-06T22:47:11.110927+00:00,2026-10-06T22:47:11.110927+00:00,https://opendap.co-ops.nos.noaa.gov/thredds/dodsC/NOAA/NGOFS2/MODELS/2026/10/06/ngofs2.t15z.20261006.stations.nowcast.nc,Point Clear/Grand Hotel,0.0
noaa_ngofs2_point_clear_station,MODEL,"8733821 Pt Clear, MB",93,nearest_verified_coordinate,0.3114,30.489032745361328,-87.93621826171875,272.06378173828125,1.8300000429153442,bottom,39,-0.987500011920929,northward_current,-0.04524705931544304,m/s,2026-10-06T14:00:00+00:00,2026-10-06T15:00:00+00:00,2026-10-06T22:47:11.110927+00:00,2026-10-06T22:47:11.110927+00:00,https://opendap.co-ops.nos.noaa.gov/thredds/dodsC/NOAA/NGOFS2/MODELS/2026/10/06/ngofs2.t15z.20261006.stations.nowcast.nc,Point Clear/Grand Hotel,0.0
noaa_ngofs2_point_clear_station,MODEL,"8733821 Pt Clear, MB",93,nearest_verified_coordinate,0.3114,30.489032745361328,-87.93621826171875,272.06378173828125,1.8300000429153442,bottom,39,-0.987500011920929,shoreward_current,-0.013036292977631096,m/s,2026-10-06T14:00:00+00:00,2026-10-06T15:00:00+00:00,2026-10-06T22:47:11.110927+00:00,2026-10-06T22:47:11.110927+00:00,https://opendap.co-ops.nos.noaa.gov/thredds/dodsC/NOAA/NGOFS2/MODELS/2026/10/06/ngofs2.t15z.20261006.stations.nowcast.nc,Point Clear/Grand Hotel,0.0
noaa_ngofs2_point_clear_station,MODEL,"8733821 Pt Clear, MB",93,nearest_verified_coordinate,0.3114,30.489032745361328,-87.93621826171875,272.06378173828125,1.8300000429153442,bottom,39,-0.987500011920929,water_temperature,28.93212890625,degC,2026-10-06T14:00:00+00:00,2026-10-06T15:00:00+00:00,2026-10-06T22:47:11.110927+00:00,2026-10-06T22:47:11.110927+00:00,https://opendap.co-ops.nos.noaa.gov/thredds/dodsC/NOAA/NGOFS2/MODELS/2026/10/06/ngofs2.t15z.20261006.stations.nowcast.nc,Point Clear/Grand Hotel,0.0
noaa_ngofs2_point_clear_station,MODEL,"8733821 Pt Clear, MB",93,nearest_verified_coordinate,0.3114,30.489032745361328,-87.93621826171875,272.06378173828125,1.8300000429153442,bottom,39,-0.987500011920929,salinity,14.839970588684082,1e-3,2026-10-06T14:00:00+00:00,2026-10-06T15:00:00+00:00,2026-10-06T22:47:11.110927+00:00,2026-10-06T22:47:11.110927+00:00,https://opendap.co-ops.nos.noaa.gov/thredds/dodsC/NOAA/NGOFS2/MODELS/2026/10/06/ngofs2.t15z.20261006.stations.nowcast.nc,Point Clear/Grand Hotel,0.0
noaa_ngofs2_point_clear_station,MODEL,"8733821 Pt Clear, MB",93,nearest_verified_coordinate,0.3114,30.489032745361328,-87.93621826171875,272.06378173828125,1.8300000429153442,surface,,,water_surface_elevation,0.36876267194747925,m,2026-10-06T14:00:00+00:00,2026-10-06T15:00:00+00:00,2026-10-06T22:47:11.110927+00:00,2026-10-06T22:47:11.110927+00:00,https://opendap.co-ops.nos.noaa.gov/thredds/dodsC/NOAA/NGOFS2/MODELS/2026/10/06/ngofs2.t15z.20261006.stations.nowcast.nc,Point Clear/Grand Hotel,0.0
noaa_ngofs2_point_clear_station,MODEL,"8733821 Pt Clear, MB",93,nearest_verified_coordinate,0.3114,30.489032745361328,-87.93621826171875,272.06378173828125,1.8300000429153442,surface,0,-0.012500000186264515,eastward_current,-0.08840569853782654,m/s,2026-10-06T14:06:00+00:00,2026-10-06T15:00:00+00:00,2026-10-06T22:47:11.110927+00:00,2026-10-06T22:47:11.110927+00:00,https://opendap.co-ops.nos.noaa.gov/thredds/dodsC/NOAA/NGOFS2/MODELS/2026/10/06/ngofs2.t15z.20261006.stations.nowcast.nc,Point Clear/Grand Hotel,0.0
noaa_ngofs2_point_clear_station,MODEL,"8733821 Pt Clear, MB",93,nearest_verified_coordinate,0.3114,30.489032745361328,-87.93621826171875,272.06378173828125,1.8300000429153442,surface,0,-0.012500000186264515,northward_current,-0.1763346940279007,m/s,2026-10-06T14:06:00+00:00,2026-10-06T15:00:00+00:00,2026-10-06T22:47:11.110927+00:00,2026-10-06T22:47:11.110927+00:00,https://opendap.co-ops.nos.noaa.gov/thredds/dodsC/NOAA/NGOFS2/MODELS/2026/10/06/ngofs2.t15z.20261006.stations.nowcast.nc,Point Clear/Grand Hotel,0.0
noaa_ngofs2_point_clear_station,MODEL,"8733821 Pt Clear, MB",93,nearest_verified_coordinate,0.3114,30.489032745361328,-87.93621826171875,272.06378173828125,1.8300000429153442,surface,0,-0.012500000186264515,shoreward_current,-0.08840569853782655,m/s,2026-10-06T14:06:00+00:00,2026-10-06T15:00:00+00:00,2026-10-06T22:47:11.110927+00:00,2026-10-06T22:47:11.110927+00:00,https://opendap.co-ops.nos.noaa.gov/thredds/dodsC/NOAA/NGOFS2/MODELS/2026/10/06/ngofs2.t15z.20261006.stations.nowcast.nc,Point Clear/Grand Hotel,0.0
noaa_ngofs2_point_clear_station,MODEL,"8733821 Pt Clear, MB",93,nearest_verified_coordinate,0.3114,30.489032745361328,-87.93621826171875,272.06378173828125,1.8300000429153442,surface,0,-0.012500000186264515,water_temperature,28.77364158630371,degC,2026-10-06T14:06:00+00:00,2026-10-06T15:00:00+00:00,2026-10-06T22:47:11.110927+00:00,2026-10-06T22:47:11.110927+00:00,https://opendap.co-ops.nos.noaa.gov/thredds/dodsC/NOAA/NGOFS2/MODELS/2026/10/06/ngofs2.t15z.20261006.stations.nowcast.nc,Point Clear/Grand Hotel,0.0
noaa_ngofs2_point_clear_station,MODEL,"8733821 Pt Clear, MB",93,nearest_verified_coordinate,0.3114,30.489032745361328,-87.93621826171875,272.06378173828125,1.8300000429153442,surface,0,-0.012500000186264515,salinity,14.402440071105957,1e-3,2026-10-06T14:06:00+00:00,2026-10-06T15:00:00+00:00,2026-10-06T22:47:11.110927+00:00,2026-10-06T22:47:11.110927+00:00,https://opendap.co-ops.nos.noaa.gov/thredds/dodsC/NOAA/NGOFS2/MODELS/2026/10/06/ngofs2.t15z.20261006.stations.nowcast.nc,Point Clear/Grand Hotel,0.0
noaa_ngofs2_point_clear_station,MODEL,"8733821 Pt Clear, MB",93,nearest_verified_coordinate,0.3114,30.489032745361328,-87.93621826171875,272.06378173828125,1.8300000429153442,bottom,39,-0.987500011920929,eastward_current,-0.01350273098796606,m/s,2026-10-06T14:06:00+00:00,2026-10-06T15:00:00+00:00,2026-10-06T22:47:11.110927+00:00,2026-10-06T22:47:11.110927+00:00,https://opendap.co-ops.nos.noaa.gov/thredds/dodsC/NOAA/NGOFS2/MODELS/2026/10/06/ngofs2.t15z.20261006.stations.nowcast.nc,Point Clear/Grand Hotel,0.0
noaa_ngofs2_point_clear_station,MODEL,"8733821 Pt Clear, MB",93,nearest_verified_coordinate,0.3114,30.489032745361328,-87.93621826171875,272.06378173828125,1.8300000429153442,bottom,39,-0.987500011920929,northward_current,-0.04545225575566292,m/s,2026-10-06T14:06:00+00:00,2026-10-06T15:00:00+00:00,2026-10-06T22:47:11.110927+00:00,2026-10-06T22:47:11.110927+00:00,https://opendap.co-ops.nos.noaa.gov/thredds/dodsC/NOAA/NGOFS2/MODELS/2026/10/06/ngofs2.t15z.20261006.stations.nowcast.nc,Point Clear/Grand Hotel,0.0
noaa_ngofs2_point_clear_station,MODEL,"8733821 Pt Clear, MB",93,nearest_verified_coordinate,0.3114,30.489032745361328,-87.93621826171875,272.06378173828125,1.8300000429153442,bottom,39,-0.987500011920929,shoreward_current,-0.013502730987966064,m/s,2026-10-06T14:06:00+00:00,2026-10-06T15:00:00+00:00,2026-10-06T22:47:11.110927+00:00,2026-10-06T22:47:11.110927+00:00,https://opendap.co-ops.nos.noaa.gov/thredds/dodsC/NOAA/NGOFS2/MODELS/2026/10/06/ngofs2.t15z.20261006.stations.nowcast.nc,Point Clear/Grand Hotel,0.0
noaa_ngofs2_point_clear_station,MODEL,"8733821 Pt Clear, MB",93,nearest_verified_coordinate,0.3114,30.489032745361328,-87.93621826171875,272.06378173828125,1.8300000429153442,bottom,39,-0.987500011920929,water_temperature,28.92253875732422,degC,2026-10-06T14:06:00+00:00,2026-10-06T15:00:00+00:00,2026-10-06T22:47:11.110927+00:00,2026-10-06T22:47:11.110927+00:00,https://opendap.co-ops.nos.noaa.gov/thredds/dodsC/NOAA/NGOFS2/MODELS/2026/10/06/ngofs2.t15z.20261006.stations.nowcast.nc,Point Clear/Grand Hotel,0.0
noaa_ngofs2_point_clear_station,MODEL,"8733821 Pt Clear, MB",93,nearest_verified_coordinate,0.3114,30.489032745361328,-87.93621826171875,272.06378173828125,1.8300000429153442,bottom,39,-0.987500011920929,salinity,14.785866737365723,1e-3,2026-10-06T14:06:00+00:00,2026-10-06T15:00:00+00:00,2026-10-06T22:47:11.110927+00:00,2026-10-06T22:47:11.110927+00:00,https://opendap.co-ops.nos.noaa.gov/thredds/dodsC/NOAA/NGOFS2/MODELS/2026/10/06/ngofs2.t15z.20261006.stations.nowcast.nc,Point Clear/Grand Hotel,0.0
noaa_ngofs2_point_clear_station,MODEL,"8733821 Pt Clear, MB",93,nearest_verified_coordinate,0.3114,30.489032745361328,-87.93621826171875,272.06378173828125,1.8300000429153442,surface,,,water_surface_elevation,0.367632120847702,m,2026-10-06T14:06:00+00:00,2026-10-06T15:00:00+00:00,2026-10-06T22:47:11.110927+00:00,2026-10-06T22:47:11.110927+00:00,https://opendap.co-ops.nos.noaa.gov/thredds/dodsC/NOAA/NGOFS2/MODELS/2026/10/06/ngofs2.t15z.20261006.stations.nowcast.nc,Point Clear/Grand Hotel,0.0
noaa_ngofs2_point_clear_station,MODEL,"8733821 Pt Clear, MB",93,nearest_verified_coordinate,0.3114,30.489032745361328,-87.93621826171875,272.06378173828125,1.8300000429153442,surface,0,-0.012500000186264515,eastward_current,-0.08778303861618042,m/s,2026-10-06T14:12:00+00:00,2026-10-06T15:00:00+00:00,2026-10-06T22:47:11.110927+00:00,2026-10-06T22:47:11.110927+00:00,https://opendap.co-ops.nos.noaa.gov/thredds/dodsC/NOAA/NGOFS2/MODELS/2026/10/06/ngofs2.t15z.20261006.stations.nowcast.nc,Point Clear/Grand Hotel,0.0
noaa_ngofs2_point_clear_station,MODEL,"8733821 Pt Clear, MB",93,nearest_verified_coordinate,0.3114,30.489032745361328,-87.93621826171875,272.06378173828125,1.8300000429153442,surface,0,-0.012500000186264515,northward_current,-0.17570611834526062,m/s,2026-10-06T14:12:00+00:00,2026-10-06T15:00:00+00:00,2026-10-06T22:47:11.110927+00:00,2026-10-06T22:47:11.110927+00:00,https://opendap.co-ops.nos.noaa.gov/thredds/dodsC/NOAA/NGOFS2/MODELS/2026/10/06/ngofs2.t15z.20261006.stations.nowcast.nc,Point Clear/Grand Hotel,0.0
noaa_ngofs2_point_clear_station,MODEL,"8733821 Pt Clear, MB",93,nearest_verified_coordinate,0.3114,30.489032745361328,-87.93621826171875,272.06378173828125,1.8300000429153442,surface,0,-0.012500000186264515,shoreward_current,-0.08778303861618043,m/s,2026-10-06T14:12:00+00:00,2026-10-06T15:00:00+00:00,2026-10-06T22:47:11.110927+00:00,2026-10-06T22:47:11.110927+00:00,https://opendap.co-ops.nos.noaa.gov/thredds/dodsC/NOAA/NGOFS2/MODELS/2026/10/06/ngofs2.t15z.20261006.stations.nowcast.nc,Point Clear/Grand Hotel,0.0
noaa_ngofs2_point_clear_station,MODEL,"8733821 Pt Clear, MB",93,nearest_verified_coordinate,0.3114,30.489032745361328,-87.93621826171875,272.06378173828125,1.8300000429153442,surface,0,-0.012500000186264515,water_temperature,28.776979446411133,degC,2026-10-06T14:12:00+00:00,2026-10-06T15:00:00+00:00,2026-10-06T22:47:11.110927+00:00,2026-10-06T22:47:11.110927+00:00,https://opendap.co-ops.nos.noaa.gov/thredds/dodsC/NOAA/NGOFS2/MODELS/2026/10/06/ngofs2.t15z.20261006.stations.nowcast.nc,Point Clear/Grand Hotel,0.0
noaa_ngofs2_point_clear_station,MODEL,"8733821 Pt Clear, MB",93,nearest_verified_coordinate,0.3114,30.489032745361328,-87.93621826171875,272.06378173828125,1.8300000429153442,surface,0,-0.012500000186264515,salinity,14.391104698181152,1e-3,2026-10-06T14:12:00+00:00,2026-10-06T15:00:00+00:00,2026-10-06T22:47:11.110927+00:00,2026-10-06T22:47:11.110927+00:00,https://opendap.co-ops.nos.noaa.gov/thredds/dodsC/NOAA/NGOFS2/MODELS/2026/10/06/ngofs2.t15z.20261006.stations.nowcast.nc,Point Clear/Grand Hotel,0.0
noaa_ngofs2_point_clear_station,MODEL,"8733821 Pt Clear, MB",93,nearest_verified_coordinate,0.3114,30.489032745361328,-87.93621826171875,272.06378173828125,1.8300000429153442,bottom,39,-0.987500011920929,eastward_current,-0.013773295097053051,m/s,2026-10-06T14:12:00+00:00,2026-10-06T15:00:00+00:00,2026-10-06T22:47:11.110927+00:00,2026-10-06T22:47:11.110927+00:00,https://opendap.co-ops.nos.noaa.gov/thredds/dodsC/NOAA/NGOFS2/MODELS/2026/10/06/ngofs2.t15z.20261006.stations.nowcast.nc,Point Clear/Grand Hotel,0.0
noaa_ngofs2_point_clear_station,MODEL,"8733821 Pt Clear, MB",93,nearest_verified_coordinate,0.3114,30.489032745361328,-87.93621826171875,272.06378173828125,1.8300000429153442,bottom,39,-0.987500011920929,northward_current,-0.04574564844369888,m/s,2026-10-06T14:12:00+00:00,2026-10-06T15:00:00+00:00,2026-10-06T22:47:11.110927+00:00,2026-10-06T22:47:11.110927+00:00,https://opendap.co-ops.nos.noaa.gov/thredds/dodsC/NOAA/NGOFS2/MODELS/2026/10/06/ngofs2.t15z.20261006.stations.nowcast.nc,Point Clear/Grand Hotel,0.0
noaa_ngofs2_point_clear_station,MODEL,"8733821 Pt Clear, MB",93,nearest_verified_coordinate,0.3114,30.489032745361328,-87.93621826171875,272.06378173828125,1.8300000429153442,bottom,39,-0.987500011920929,shoreward_current,-0.013773295097053054,m/s,2026-10-06T14:12:00+00:00,2026-10-06T15:00:00+00:00,2026-10-06T22:47:11.110927+00:00,2026-10-06T22:47:11.110927+00:00,https://opendap.co-ops.nos.noaa.gov/thredds/dodsC/NOAA/NGOFS2/MODELS/2026/10/06/ngofs2.t15z.20261006.stations.nowcast.nc,Point Clear/Grand Hotel,0.0
noaa_ngofs2_point_clear_station,MODEL,"8733821 Pt Clear, MB",93,nearest_verified_coordinate,0.3114,30.489032745361328,-87.93621826171875,272.06378173828125,1.8300000429153442,bottom,39,-0.987500011920929,water_temperature,28.914888381958008,degC,2026-10-06T14:12:00+00:00,2026-10-06T15:00:00+00:00,2026-10-06T22:47:11.110927+00:00,2026-10-06T22:47:11.110927+00:00,https://opendap.co-ops.nos.noaa.gov/thredds/dodsC/NOAA/NGOFS2/MODELS/2026/10/06/ngofs2.t15z.20261006.stations.nowcast.nc,Point Clear/Grand Hotel,0.0
noaa_ngofs2_point_clear_station,MODEL,"8733821 Pt Clear, MB",93,nearest_verified_coordinate,0.3114,30.489032745361328,-87.93621826171875,272.06378173828125,1.8300000429153442,bottom,39,-0.987500011920929,salinity,14.736191749572754,1e-3,2026-10-06T14:12:00+00:00,2026-10-06T15:00:00+00:00,2026-10-06T22:47:11.110927+00:00,2026-10-06T22:47:11.110927+00:00,https://opendap.co-ops.nos.noaa.gov/thredds/dodsC/NOAA/NGOFS2/MODELS/2026/10/06/ngofs2.t15z.20261006.stations.nowcast.nc,Point Clear/Grand Hotel,0.0
noaa_ngofs2_point_clear_station,MODEL,"8733821 Pt Clear, MB",93,nearest_verified_coordinate,0.3114,30.489032745361328,-87.93621826171875,272.06378173828125,1.8300000429153442,surface,,,water_surface_elevation,0.36617928743362427,m,2026-10-06T14:12:00+00:00,2026-10-06T15:00:00+00:00,2026-10-06T22:47:11.110927+00:00,2026-10-06T22:47:11.110927+00:00,https://opendap.co-ops.nos.noaa.gov/thredds/dodsC/NOAA/NGOFS2/MODELS/2026/10/06/ngofs2.t15z.20261006.stations.nowcast.nc,Point Clear/Grand Hotel,0.0
noaa_ngofs2_point_clear_station,MODEL,"8733821 Pt Clear, MB",93,nearest_verified_coordinate,0.3114,30.489032745361328,-87.93621826171875,272.06378173828125,1.8300000429153442,surface,0,-0.012500000186264515,eastward_current,-0.08712325245141983,m/s,2026-10-06T14:18:00+00:00,2026-10-06T15:00:00+00:00,2026-10-06T22:47:11.110927+00:00,2026-10-06T22:47:11.110927+00:00,https://opendap.co-ops.nos.noaa.gov/thredds/dodsC/NOAA/NGOFS2/MODELS/2026/10/06/ngofs2.t15z.20261006.stations.nowcast.nc,Point Clear/Grand Hotel,0.0
noaa_ngofs2_point_clear_station,MODEL,"8733821 Pt Clear, MB",93,nearest_verified_coordinate,0.3114,30.489032745361328,-87.93621826171875,272.06378173828125,1.8300000429153442,surface,0,-0.012500000186264515,northward_current,-0.17494529485702515,m/s,2026-10-06T14:18:00+00:00,2026-10-06T15:00:00+00:00,2026-10-06T22:47:11.110927+00:00,2026-10-06T22:47:11.110927+00:00,https://opendap.co-ops.nos.noaa.gov/thredds/dodsC/NOAA/NGOFS2/MODELS/2026/10/06/ngofs2.t15z.20261006.stations.nowcast.nc,Point Clear/Grand Hotel,0.0
noaa_ngofs2_point_clear_station,MODEL,"8733821 Pt Clear, MB",93,nearest_verified_coordinate,0.3114,30.489032745361328,-87.93621826171875,272.06378173828125,1.8300000429153442,surface,0,-0.012500000186264515,shoreward_current,-0.08712325245141984,m/s,2026-10-06T14:18:00+00:00,2026-10-06T15:00:00+00:00,2026-10-06T22:47:11.110927+00:00,2026-10-06T22:47:11.110927+00:00,https://opendap.co-ops.nos.noaa.gov/thredds/dodsC/NOAA/NGOFS2/MODELS/2026/10/06/ngofs2.t15z.20261006.stations.nowcast.nc,Point Clear/Grand Hotel,0.0
noaa_ngofs2_point_clear_station,MODEL,"8733821 Pt Clear, MB",93,nearest_verified_coordinate,0.3114,30.489032745361328,-87.93621826171875,272.06378173828125,1.8300000429153442,surface,0,-0.012500000186264515,water_temperature,28.780244827270508,degC,2026-10-06T14:18:00+00:00,2026-10-06T15:00:00+00:00,2026-10-06T22:47:11.110927+00:00,2026-10-06T22:47:11.110927+00:00,https://opendap.co-ops.nos.noaa.gov/thredds/dodsC/NOAA/NGOFS2/MODELS/2026/10/06/ngofs2.t15z.20261006.stations.nowcast.nc,Point Clear/Grand Hotel,0.0
noaa_ngofs2_point_clear_station,MODEL,"8733821 Pt Clear, MB",93,nearest_verified_coordinate,0.3114,30.489032745361328,-87.93621826171875,272.06378173828125,1.8300000429153442,surface,0,-0.012500000186264515,salinity,14.377522468566895,1e-3,2026-10-06T14:18:00+00:00,2026-10-06T15:00:00+00:00,2026-10-06T22:47:11.110927+00:00,2026-10-06T22:47:11.110927+00:00,https://opendap.co-ops.nos.noaa.gov/thredds/dodsC/NOAA/NGOFS2/MODELS/2026/10/06/ngofs2.t15z.20261006.stations.nowcast.nc,Point Clear/Grand Hotel,0.0
noaa_ngofs2_point_clear_station,MODEL,"8733821 Pt Clear, MB",93,nearest_verified_coordinate,0.3114,30.489032745361328,-87.93621826171875,272.06378173828125,1.8300000429153442,bottom,39,-0.987500011920929,eastward_current,-0.013689541257917881,m/s,2026-10-06T14:18:00+00:00,2026-10-06T15:00:00+00:00,2026-10-06T22:47:11.110927+00:00,2026-10-06T22:47:11.110927+00:00,https://opendap.co-ops.nos.noaa.gov/thredds/dodsC/NOAA/NGOFS2/MODELS/2026/10/06/ngofs2.t15z.20261006.stations.nowcast.nc,Point Clear/Grand Hotel,0.0
noaa_ngofs2_point_clear_station,MODEL,"8733821 Pt Clear, MB",93,nearest_verified_coordinate,0.3114,30.489032745361328,-87.93621826171875,272.06378173828125,1.8300000429153442,bottom,39,-0.987500011920929,northward_current,-0.04556312412023544,m/s,2026-10-06T14:18:00+00:00,2026-10-06T15:00:00+00:00,2026-10-06T22:47:11.110927+00:00,2026-10-06T22:47:11.110927+00:00,https://opendap.co-ops.nos.noaa.gov/thredds/dodsC/NOAA/NGOFS2/MODELS/2026/10/06/ngofs2.t15z.20261006.stations.nowcast.nc,Point Clear/Grand Hotel,0.0
noaa_ngofs2_point_clear_station,MODEL,"8733821 Pt Clear, MB",93,nearest_verified_coordinate,0.3114,30.489032745361328,-87.93621826171875,272.06378173828125,1.8300000429153442,bottom,39,-0.987500011920929,shoreward_current,-0.013689541257917884,m/s,2026-10-06T14:18:00+00:00,2026-10-06T15:00:00+00:00,2026-10-06T22:47:11.110927+00:00,2026-10-06T22:47:11.110927+00:00,https://opendap.co-ops.nos.noaa.gov/thredds/dodsC/NOAA/NGOFS2/MODELS/2026/10/06/ngofs2.t15z.20261006.stations.nowcast.nc,Point Clear/Grand Hotel,0.0
noaa_ngofs2_point_clear_station,MODEL,"8733821 Pt Clear, MB",93,nearest_verified_coordinate,0.3114,30.489032745361328,-87.93621826171875,272.06378173828125,1.8300000429153442,bottom,39,-0.987500011920929,water_temperature,28.908235549926758,degC,2026-10-06T14:18:00+00:00,2026-10-06T15:00:00+00:00,2026-10-06T22:47:11.110927+00:00,2026-10-06T22:47:11.110927+00:00,https://opendap.co-ops.nos.noaa.gov/thredds/dodsC/NOAA/NGOFS2/MODELS/2026/10/06/ngofs2.t15z.20261006.stations.nowcast.nc,Point Clear/Grand Hotel,0.0
noaa_ngofs2_point_clear_station,MODEL,"8733821 Pt Clear, MB",93,nearest_verified_coordinate,0.3114,30.489032745361328,-87.93621826171875,272.06378173828125,1.8300000429153442,bottom,39,-0.987500011920929,salinity,14.687762260437012,1e-3,2026-10-06T14:18:00+00:00,2026-10-06T15:00:00+00:00,2026-10-06T22:47:11.110927+00:00,2026-10-06T22:47:11.110927+00:00,https://opendap.co-ops.nos.noaa.gov/thredds/dodsC/NOAA/NGOFS2/MODELS/2026/10/06/ngofs2.t15z.20261006.stations.nowcast.nc,Point Clear/Grand Hotel,0.0
noaa_ngofs2_point_clear_station,MODEL,"8733821 Pt Clear, MB",93,nearest_verified_coordinate,0.3114,30.489032745361328,-87.93621826171875,272.06378173828125,1.8300000429153442,surface,,,water_surface_elevation,0.36486855149269104,m,2026-10-06T14:18:00+00:00,2026-10-06T15:00:00+00:00,2026-10-06T22:47:11.110927+00:00,2026-10-06T22:47:11.110927+00:00,https://opendap.co-ops.nos.noaa.gov/thredds/dodsC/NOAA/NGOFS2/MODELS/2026/10/06/ngofs2.t15z.20261006.stations.nowcast.nc,Point Clear/Grand Hotel,0.0
noaa_ngofs2_point_clear_station,MODEL,"8733821 Pt Clear, MB",93,nearest_verified_coordinate,0.3114,30.489032745361328,-87.93621826171875,272.06378173828125,1.8300000429153442,surface,0,-0.012500000186264515,eastward_current,-0.08671118319034576,m/s,2026-10-06T14:24:00+00:00,2026-10-06T15:00:00+00:00,2026-10-06T22:47:11.110927+00:00,2026-10-06T22:47:11.110927+00:00,https://opendap.co-ops.nos.noaa.gov/thredds/dodsC/NOAA/NGOFS2/MODELS/2026/10/06/ngofs2.t15z.20261006.stations.nowcast.nc,Point Clear/Grand Hotel,0.0
noaa_ngofs2_point_clear_station,MODEL,"8733821 Pt Clear, MB",93,nearest_verified_coordinate,0.3114,30.489032745361328,-87.93621826171875,272.06378173828125,1.8300000429153442,surface,0,-0.012500000186264515,northward_current,-0.17436324059963226,m/s,2026-10-06T14:24:00+00:00,2026-10-06T15:00:00+00:00,2026-10-06T22:47:11.110927+00:00,2026-10-06T22:47:11.110927+00:00,https://opendap.co-ops.nos.noaa.gov/thredds/dodsC/NOAA/NGOFS2/MODELS/2026/10/06/ngofs2.t15z.20261006.stations.nowcast.nc,Point Clear/Grand Hotel,0.0
noaa_ngofs2_point_clear_station,MODEL,"8733821 Pt Clear, MB",93,nearest_verified_coordinate,0.3114,30.489032745361328,-87.93621826171875,272.06378173828125,1.8300000429153442,surface,0,-0.012500000186264515,shoreward_current,-0.08671118319034578,m/s,2026-10-06T14:24:00+00:00,2026-10-06T15:00:00+00:00,2026-10-06T22:47:11.110927+00:00,2026-10-06T22:47:11.110927+00:00,https://opendap.co-ops.nos.noaa.gov/thredds/dodsC/NOAA/NGOFS2/MODELS/2026/10/06/ngofs2.t15z.20261006.stations.nowcast.nc,Point Clear/Grand Hotel,0.0
noaa_ngofs2_point_clear_station,MODEL,"8733821 Pt Clear, MB",93,nearest_verified_coordinate,0.3114,30.489032745361328,-87.93621826171875,272.06378173828125,1.8300000429153442,surface,0,-0.012500000186264515,water_temperature,28.78436851501465,degC,2026-10-06T14:24:00+00:00,2026-10-06T15:00:00+00:00,2026-10-06T22:47:11.110927+00:00,2026-10-06T22:47:11.110927+00:00,https://opendap.co-ops.nos.noaa.gov/thredds/dodsC/NOAA/NGOFS2/MODELS/2026/10/06/ngofs2.t15z.20261006.stations.nowcast.nc,Point Clear/Grand Hotel,0.0
noaa_ngofs2_point_clear_station,MODEL,"8733821 Pt Clear, MB",93,nearest_verified_coordinate,0.3114,30.489032745361328,-87.93621826171875,272.06378173828125,1.8300000429153442,surface,0,-0.012500000186264515,salinity,14.364114761352539,1e-3,2026-10-06T14:24:00+00:00,2026-10-06T15:00:00+00:00,2026-10-06T22:47:11.110927+00:00,2026-10-06T22:47:11.110927+00:00,https://opendap.co-ops.nos.noaa.gov/thredds/dodsC/NOAA/NGOFS2/MODELS/2026/10/06/ngofs2.t15z.20261006.stations.nowcast.nc,Point Clear/Grand Hotel,0.0
noaa_ngofs2_point_clear_station,MODEL,"8733821 Pt Clear, MB",93,nearest_verified_coordinate,0.3114,30.489032745361328,-87.93621826171875,272.06378173828125,1.8300000429153442,bottom,39,-0.987500011920929,eastward_current,-0.013693202286958694,m/s,2026-10-06T14:24:00+00:00,2026-10-06T15:00:00+00:00,2026-10-06T22:47:11.110927+00:00,2026-10-06T22:47:11.110927+00:00,https://opendap.co-ops.nos.noaa.gov/thredds/dodsC/NOAA/NGOFS2/MODELS/2026/10/06/ngofs2.t15z.20261006.stations.nowcast.nc,Point Clear/Grand Hotel,0.0
noaa_ngofs2_point_clear_station,MODEL,"8733821 Pt Clear, MB",93,nearest_verified_coordinate,0.3114,30.489032745361328,-87.93621826171875,272.06378173828125,1.8300000429153442,bottom,39,-0.987500011920929,northward_current,-0.04552001878619194,m/s,2026-10-06T14:24:00+00:00,2026-10-06T15:00:00+00:00,2026-10-06T22:47:11.110927+00:00,2026-10-06T22:47:11.110927+00:00,https://opendap.co-ops.nos.noaa.gov/thredds/dodsC/NOAA/NGOFS2/MODELS/2026/10/06/ngofs2.t15z.20261006.stations.nowcast.nc,Point Clear/Grand Hotel,0.0
noaa_ngofs2_point_clear_station,MODEL,"8733821 Pt Clear, MB",93,nearest_verified_coordinate,0.3114,30.489032745361328,-87.93621826171875,272.06378173828125,1.8300000429153442,bottom,39,-0.987500011920929,shoreward_current,-0.013693202286958698,m/s,2026-10-06T14:24:00+00:00,2026-10-06T15:00:00+00:00,2026-10-06T22:47:11.110927+00:00,2026-10-06T22:47:11.110927+00:00,https://opendap.co-ops.nos.noaa.gov/thredds/dodsC/NOAA/NGOFS2/MODELS/2026/10/06/ngofs2.t15z.20261006.stations.nowcast.nc,Point Clear/Grand Hotel,0.0
noaa_ngofs2_point_clear_station,MODEL,"8733821 Pt Clear, MB",93,nearest_verified_coordinate,0.3114,30.489032745361328,-87.93621826171875,272.06378173828125,1.8300000429153442,bottom,39,-0.987500011920929,water_temperature,28.902345657348633,degC,2026-10-06T14:24:00+00:00,2026-10-06T15:00:00+00:00,2026-10-06T22:47:11.110927+00:00,2026-10-06T22:47:11.110927+00:00,https://opendap.co-ops.nos.noaa.gov/thredds/dodsC/NOAA/NGOFS2/MODELS/2026/10/06/ngofs2.t15z.20261006.stations.nowcast.nc,Point Clear/Grand Hotel,0.0
noaa_ngofs2_point_clear_station,MODEL,"8733821 Pt Clear, MB",93,nearest_verified_coordinate,0.3114,30.489032745361328,-87.93621826171875,272.06378173828125,1.8300000429153442,bottom,39,-0.987500011920929,salinity,14.641132354736328,1e-3,2026-10-06T14:24:00+00:00,2026-10-06T15:00:00+00:00,2026-10-06T22:47:11.110927+00:00,2026-10-06T22:47:11.110927+00:00,https://opendap.co-ops.nos.noaa.gov/thredds/dodsC/NOAA/NGOFS2/MODELS/2026/10/06/ngofs2.t15z.20261006.stations.nowcast.nc,Point Clear/Grand Hotel,0.0
noaa_ngofs2_point_clear_station,MODEL,"8733821 Pt Clear, MB",93,nearest_verified_coordinate,0.3114,30.489032745361328,-87.93621826171875,272.06378173828125,1.8300000429153442,surface,,,water_surface_elevation,0.3634861409664154,m,2026-10-06T14:24:00+00:00,2026-10-06T15:00:00+00:00,2026-10-06T22:47:11.110927+00:00,2026-10-06T22:47:11.110927+00:00,https://opendap.co-ops.nos.noaa.gov/thredds/dodsC/NOAA/NGOFS2/MODELS/2026/10/06/ngofs2.t15z.20261006.stations.nowcast.nc,Point Clear/Grand Hotel,0.0
noaa_ngofs2_point_clear_station,MODEL,"8733821 Pt Clear, MB",93,nearest_verified_coordinate,0.3114,30.489032745361328,-87.93621826171875,272.06378173828125,1.8300000429153442,surface,0,-0.012500000186264515,eastward_current,-0.0869997888803482,m/s,2026-10-06T14:30:00+00:00,2026-10-06T15:00:00+00:00,2026-10-06T22:47:11.110927+00:00,2026-10-06T22:47:11.110927+00:00,https://opendap.co-ops.nos.noaa.gov/thredds/dodsC/NOAA/NGOFS2/MODELS/2026/10/06/ngofs2.t15z.20261006.stations.nowcast.nc,Point Clear/Grand Hotel,0.0
noaa_ngofs2_point_clear_station,MODEL,"8733821 Pt Clear, MB",93,nearest_verified_coordinate,0.3114,30.489032745361328,-87.93621826171875,272.06378173828125,1.8300000429153442,surface,0,-0.012500000186264515,northward_current,-0.17482370138168335,m/s,2026-10-06T14:30:00+00:00,2026-10-06T15:00:00+00:00,2026-10-06T22:47:11.110927+00:00,2026-10-06T22:47:11.110927+00:00,https://opendap.co-ops.nos.noaa.gov/thredds/dodsC/NOAA/NGOFS2/MODELS/2026/10/06/ngofs2.t15z.20261006.stations.nowcast.nc,Point Clear/Grand Hotel,0.0
noaa_ngofs2_point_clear_station,MODEL,"8733821 Pt Clear, MB",93,nearest_verified_coordinate,0.3114,30.489032745361328,-87.93621826171875,272.06378173828125,1.8300000429153442,surface,0,-0.012500000186264515,shoreward_current,-0.08699978888034822,m/s,2026-10-06T14:30:00+00:00,2026-10-06T15:00:00+00:00,2026-10-06T22:47:11.110927+00:00,2026-10-06T22:47:11.110927+00:00,https://opendap.co-ops.nos.noaa.gov/thredds/dodsC/NOAA/NGOFS2/MODELS/2026/10/06/ngofs2.t15z.20261006.stations.nowcast.nc,Point Clear/Grand Hotel,0.0
noaa_ngofs2_point_clear_station,MODEL,"8733821 Pt Clear, MB",93,nearest_verified_coordinate,0.3114,30.489032745361328,-87.93621826171875,272.06378173828125,1.8300000429153442,surface,0,-0.012500000186264515,water_temperature,28.78953742980957,degC,2026-10-06T14:30:00+00:00,2026-10-06T15:00:00+00:00,2026-10-06T22:47:11.110927+00:00,2026-10-06T22:47:11.110927+00:00,https://opendap.co-ops.nos.noaa.gov/thredds/dodsC/NOAA/NGOFS2/MODELS/2026/10/06/ngofs2.t15z.20261006.stations.nowcast.nc,Point Clear/Grand Hotel,0.0
noaa_ngofs2_point_clear_station,MODEL,"8733821 Pt Clear, MB",93,nearest_verified_coordinate,0.3114,30.489032745361328,-87.93621826171875,272.06378173828125,1.8300000429153442,surface,0,-0.012500000186264515,salinity,14.351032257080078,1e-3,2026-10-06T14:30:00+00:00,2026-10-06T15:00:00+00:00,2026-10-06T22:47:11.110927+00:00,2026-10-06T22:47:11.110927+00:00,https://opendap.co-ops.nos.noaa.gov/thredds/dodsC/NOAA/NGOFS2/MODELS/2026/10/06/ngofs2.t15z.20261006.stations.nowcast.nc,Point Clear/Grand Hotel,0.0
noaa_ngofs2_point_clear_station,MODEL,"8733821 Pt Clear, MB",93,nearest_verified_coordinate,0.3114,30.489032745361328,-87.93621826171875,272.06378173828125,1.8300000429153442,bottom,39,-0.987500011920929,eastward_current,-0.013964952901005745,m/s,2026-10-06T14:30:00+00:00,2026-10-06T15:00:00+00:00,2026-10-06T22:47:11.110927+00:00,2026-10-06T22:47:11.110927+00:00,https://opendap.co-ops.nos.noaa.gov/thredds/dodsC/NOAA/NGOFS2/MODELS/2026/10/06/ngofs2.t15z.20261006.stations.nowcast.nc,Point Clear/Grand Hotel,0.0
noaa_ngofs2_point_clear_station,MODEL,"8733821 Pt Clear, MB",93,nearest_verified_coordinate,0.3114,30.489032745361328,-87.93621826171875,272.06378173828125,1.8300000429153442,bottom,39,-0.987500011920929,northward_current,-0.045834027230739594,m/s,2026-10-06T14:30:00+00:00,2026-10-06T15:00:00+00:00,2026-10-06T22:47:11.110927+00:00,2026-10-06T22:47:11.110927+00:00,https://opendap.co-ops.nos.noaa.gov/thredds/dodsC/NOAA/NGOFS2/MODELS/2026/10/06/ngofs2.t15z.20261006.stations.nowcast.nc,Point Clear/Grand Hotel,0.0
noaa_ngofs2_point_clear_station,MODEL,"8733821 Pt Clear, MB",93,nearest_verified_coordinate,0.3114,30.489032745361328,-87.93621826171875,272.06378173828125,1.8300000429153442,bottom,39,-0.987500011920929,shoreward_current,-0.013964952901005748,m/s,2026-10-06T14:30:00+00:00,2026-10-06T15:00:00+00:00,2026-10-06T22:47:11.110927+00:00,2026-10-06T22:47:11.110927+00:00,https://opendap.co-ops.nos.noaa.gov/thredds/dodsC/NOAA/NGOFS2/MODELS/2026/10/06/ngofs2.t15z.20261006.stations.nowcast.nc,Point Clear/Grand Hotel,0.0
noaa_ngofs2_point_clear_station,MODEL,"8733821 Pt Clear, MB",93,nearest_verified_coordinate,0.3114,30.489032745361328,-87.93621826171875,272.06378173828125,1.8300000429153442,bottom,39,-0.987500011920929,water_temperature,28.896926879882812,degC,2026-10-06T14:30:00+00:00,2026-10-06T15:00:00+00:00,2026-10-06T22:47:11.110927+00:00,2026-10-06T22:47:11.110927+00:00,https://opendap.co-ops.nos.noaa.gov/thredds/dodsC/NOAA/NGOFS2/MODELS/2026/10/06/ngofs2.t15z.20261006.stations.nowcast.nc,Point Clear/Grand Hotel,0.0
noaa_ngofs2_point_clear_station,MODEL,"8733821 Pt Clear, MB",93,nearest_verified_coordinate,0.3114,30.489032745361328,-87.93621826171875,272.06378173828125,1.8300000429153442,bottom,39,-0.987500011920929,salinity,14.595569610595703,1e-3,2026-10-06T14:30:00+00:00,2026-10-06T15:00:00+00:00,2026-10-06T22:47:11.110927+00:00,2026-10-06T22:47:11.110927+00:00,https://opendap.co-ops.nos.noaa.gov/thredds/dodsC/NOAA/NGOFS2/MODELS/2026/10/06/ngofs2.t15z.20261006.stations.nowcast.nc,Point Clear/Grand Hotel,0.0
noaa_ngofs2_point_clear_station,MODEL,"8733821 Pt Clear, MB",93,nearest_verified_coordinate,0.3114,30.489032745361328,-87.93621826171875,272.06378173828125,1.8300000429153442,surface,,,water_surface_elevation,0.3613889813423157,m,2026-10-06T14:30:00+00:00,2026-10-06T15:00:00+00:00,2026-10-06T22:47:11.110927+00:00,2026-10-06T22:47:11.110927+00:00,https://opendap.co-ops.nos.noaa.gov/thredds/dodsC/NOAA/NGOFS2/MODELS/2026/10/06/ngofs2.t15z.20261006.stations.nowcast.nc,Point Clear/Grand Hotel,0.0
noaa_ngofs2_point_clear_station,MODEL,"8733821 Pt Clear, MB",93,nearest_verified_coordinate,0.3114,30.489032745361328,-87.93621826171875,272.06378173828125,1.8300000429153442,surface,0,-0.012500000186264515,eastward_current,-0.0871393159031868,m/s,2026-10-06T14:36:00+00:00,2026-10-06T15:00:00+00:00,2026-10-06T22:47:11.110927+00:00,2026-10-06T22:47:11.110927+00:00,https://opendap.co-ops.nos.noaa.gov/thredds/dodsC/NOAA/NGOFS2/MODELS/2026/10/06/ngofs2.t15z.20261006.stations.nowcast.nc,Point Clear/Grand Hotel,0.0
noaa_ngofs2_point_clear_station,MODEL,"8733821 Pt Clear, MB",93,nearest_verified_coordinate,0.3114,30.489032745361328,-87.93621826171875,272.06378173828125,1.8300000429153442,surface,0,-0.012500000186264515,northward_current,-0.17542597651481628,m/s,2026-10-06T14:36:00+00:00,2026-10-06T15:00:00+00:00,2026-10-06T22:47:11.110927+00:00,2026-10-06T22:47:11.110927+00:00,https://opendap.co-ops.nos.noaa.gov/thredds/dodsC/NOAA/NGOFS2/MODELS/2026/10/06/ngofs2.t15z.20261006.stations.nowcast.nc,Point Clear/Grand Hotel,0.0
noaa_ngofs2_point_clear_station,MODEL,"8733821 Pt Clear, MB",93,nearest_verified_coordinate,0.3114,30.489032745361328,-87.93621826171875,272.06378173828125,1.8300000429153442,surface,0,-0.012500000186264515,shoreward_current,-0.08713931590318681,m/s,2026-10-06T14:36:00+00:00,2026-10-06T15:00:00+00:00,2026-10-06T22:47:11.110927+00:00,2026-10-06T22:47:11.110927+00:00,https://opendap.co-ops.nos.noaa.gov/thredds/dodsC/NOAA/NGOFS2/MODELS/2026/10/06/ngofs2.t15z.20261006.stations.nowcast.nc,Point Clear/Grand Hotel,0.0
noaa_ngofs2_point_clear_station,MODEL,"8733821 Pt Clear, MB",93,nearest_verified_coordinate,0.3114,30.489032745361328,-87.93621826171875,272.06378173828125,1.8300000429153442,surface,0,-0.012500000186264515,water_temperature,28.795330047607422,degC,2026-10-06T14:36:00+00:00,2026-10-06T15:00:00+00:00,2026-10-06T22:47:11.110927+00:00,2026-10-06T22:47:11.110927+00:00,https://opendap.co-ops.nos.noaa.gov/thredds/dodsC/NOAA/NGOFS2/MODELS/2026/10/06/ngofs2.t15z.20261006.stations.nowcast.nc,Point Clear/Grand Hotel,0.0
noaa_ngofs2_point_clear_station,MODEL,"8733821 Pt Clear, MB",93,nearest_verified_coordinate,0.3114,30.489032745361328,-87.93621826171875,272.06378173828125,1.8300000429153442,surface,0,-0.012500000186264515,salinity,14.337373733520508,1e-3,2026-10-06T14:36:00+00:00,2026-10-06T15:00:00+00:00,2026-10-06T22:47:11.110927+00:00,2026-10-06T22:47:11.110927+00:00,https://opendap.co-ops.nos.noaa.gov/thredds/dodsC/NOAA/NGOFS2/MODELS/2026/10/06/ngofs2.t15z.20261006.stations.nowcast.nc,Point Clear/Grand Hotel,0.0
noaa_ngofs2_point_clear_station,MODEL,"8733821 Pt Clear, MB",93,nearest_verified_coordinate,0.3114,30.489032745361328,-87.93621826171875,272.06378173828125,1.8300000429153442,bottom,39,-0.987500011920929,eastward_current,-0.01435243058949709,m/s,2026-10-06T14:36:00+00:00,2026-10-06T15:00:00+00:00,2026-10-06T22:47:11.110927+00:00,2026-10-06T22:47:11.110927+00:00,https://opendap.co-ops.nos.noaa.gov/thredds/dodsC/NOAA/NGOFS2/MODELS/2026/10/06/ngofs2.t15z.20261006.stations.nowcast.nc,Point Clear/Grand Hotel,0.0
noaa_ngofs2_point_clear_station,MODEL,"8733821 Pt Clear, MB",93,nearest_verified_coordinate,0.3114,30.489032745361328,-87.93621826171875,272.06378173828125,1.8300000429153442,bottom,39,-0.987500011920929,northward_current,-0.046449702233076096,m/s,2026-10-06T14:36:00+00:00,2026-10-06T15:00:00+00:00,2026-10-06T22:47:11.110927+00:00,2026-10-06T22:47:11.110927+00:00,https://opendap.co-ops.nos.noaa.gov/thredds/dodsC/NOAA/NGOFS2/MODELS/2026/10/06/ngofs2.t15z.20261006.stations.nowcast.nc,Point Clear/Grand Hotel,0.0
noaa_ngofs2_point_clear_station,MODEL,"8733821 Pt Clear, MB",93,nearest_verified_coordinate,0.3114,30.489032745361328,-87.93621826171875,272.06378173828125,1.8300000429153442,bottom,39,-0.987500011920929,shoreward_current,-0.014352430589497093,m/s,2026-10-06T14:36:00+00:00,2026-10-06T15:00:00+00:00,2026-10-06T22:47:11.110927+00:00,2026-10-06T22:47:11.110927+00:00,https://opendap.co-ops.nos.noaa.gov/thredds/dodsC/NOAA/NGOFS2/MODELS/2026/10/06/ngofs2.t15z.20261006.stations.nowcast.nc,Point Clear/Grand Hotel,0.0
noaa_ngofs2_point_clear_station,MODEL,"8733821 Pt Clear, MB",93,nearest_verified_coordinate,0.3114,30.489032745361328,-87.93621826171875,272.06378173828125,1.8300000429153442,bottom,39,-0.987500011920929,water_temperature,28.892181396484375,degC,2026-10-06T14:36:00+00:00,2026-10-06T15:00:00+00:00,2026-10-06T22:47:11.110927+00:00,2026-10-06T22:47:11.110927+00:00,https://opendap.co-ops.nos.noaa.gov/thredds/dodsC/NOAA/NGOFS2/MODELS/2026/10/06/ngofs2.t15z.20261006.stations.nowcast.nc,Point Clear/Grand Hotel,0.0
noaa_ngofs2_point_clear_station,MODEL,"8733821 Pt Clear, MB",93,nearest_verified_coordinate,0.3114,30.489032745361328,-87.93621826171875,272.06378173828125,1.8300000429153442,bottom,39,-0.987500011920929,salinity,14.551793098449707,1e-3,2026-10-06T14:36:00+00:00,2026-10-06T15:00:00+00:00,2026-10-06T22:47:11.110927+00:00,2026-10-06T22:47:11.110927+00:00,https://opendap.co-ops.nos.noaa.gov/thredds/dodsC/NOAA/NGOFS2/MODELS/2026/10/06/ngofs2.t15z.20261006.stations.nowcast.nc,Point Clear/Grand Hotel,0.0
noaa_ngofs2_point_clear_station,MODEL,"8733821 Pt Clear, MB",93,nearest_verified_coordinate,0.3114,30.489032745361328,-87.93621826171875,272.06378173828125,1.8300000429153442,surface,,,water_surface_elevation,0.3587290942668915,m,2026-10-06T14:36:00+00:00,2026-10-06T15:00:00+00:00,2026-10-06T22:47:11.110927+00:00,2026-10-06T22:47:11.110927+00:00,https://opendap.co-ops.nos.noaa.gov/thredds/dodsC/NOAA/NGOFS2/MODELS/2026/10/06/ngofs2.t15z.20261006.stations.nowcast.nc,Point Clear/Grand Hotel,0.0
noaa_ngofs2_point_clear_station,MODEL,"8733821 Pt Clear, MB",93,nearest_verified_coordinate,0.3114,30.489032745361328,-87.93621826171875,272.06378173828125,1.8300000429153442,surface,0,-0.012500000186264515,eastward_current,-0.08712927997112274,m/s,2026-10-06T14:42:00+00:00,2026-10-06T15:00:00+00:00,2026-10-06T22:47:11.110927+00:00,2026-10-06T22:47:11.110927+00:00,https://opendap.co-ops.nos.noaa.gov/thredds/dodsC/NOAA/NGOFS2/MODELS/2026/10/06/ngofs2.t15z.20261006.stations.nowcast.nc,Point Clear/Grand Hotel,0.0
noaa_ngofs2_point_clear_station,MODEL,"8733821 Pt Clear, MB",93,nearest_verified_coordinate,0.3114,30.489032745361328,-87.93621826171875,272.06378173828125,1.8300000429153442,surface,0,-0.012500000186264515,northward_current,-0.17597994208335876,m/s,2026-10-06T14:42:00+00:00,2026-10-06T15:00:00+00:00,2026-10-06T22:47:11.110927+00:00,2026-10-06T22:47:11.110927+00:00,https://opendap.co-ops.nos.noaa.gov/thredds/dodsC/NOAA/NGOFS2/MODELS/2026/10/06/ngofs2.t15z.20261006.stations.nowcast.nc,Point Clear/Grand Hotel,0.0
noaa_ngofs2_point_clear_station,MODEL,"8733821 Pt Clear, MB",93,nearest_verified_coordinate,0.3114,30.489032745361328,-87.93621826171875,272.06378173828125,1.8300000429153442,surface,0,-0.012500000186264515,shoreward_current,-0.08712927997112276,m/s,2026-10-06T14:42:00+00:00,2026-10-06T15:00:00+00:00,2026-10-06T22:47:11.110927+00:00,2026-10-06T22:47:11.110927+00:00,https://opendap.co-ops.nos.noaa.gov/thredds/dodsC/NOAA/NGOFS2/MODELS/2026/10/06/ngofs2.t15z.20261006.stations.nowcast.nc,Point Clear/Grand Hotel,0.0
noaa_ngofs2_point_clear_station,MODEL,"8733821 Pt Clear, MB",93,nearest_verified_coordinate,0.3114,30.489032745361328,-87.93621826171875,272.06378173828125,1.8300000429153442,surface,0,-0.012500000186264515,water_temperature,28.802371978759766,degC,2026-10-06T14:42:00+00:00,2026-10-06T15:00:00+00:00,2026-10-06T22:47:11.110927+00:00,2026-10-06T22:47:11.110927+00:00,https://opendap.co-ops.nos.noaa.gov/thredds/dodsC/NOAA/NGOFS2/MODELS/2026/10/06/ngofs2.t15z.20261006.stations.nowcast.nc,Point Clear/Grand Hotel,0.0
noaa_ngofs2_point_clear_station,MODEL,"8733821 Pt Clear, MB",93,nearest_verified_coordinate,0.3114,30.489032745361328,-87.93621826171875,272.06378173828125,1.8300000429153442,surface,0,-0.012500000186264515,salinity,14.324929237365723,1e-3,2026-10-06T14:42:00+00:00,2026-10-06T15:00:00+00:00,2026-10-06T22:47:11.110927+00:00,2026-10-06T22:47:11.110927+00:00,https://opendap.co-ops.nos.noaa.gov/thredds/dodsC/NOAA/NGOFS2/MODELS/2026/10/06/ngofs2.t15z.20261006.stations.nowcast.nc,Point Clear/Grand Hotel,0.0
noaa_ngofs2_point_clear_station,MODEL,"8733821 Pt Clear, MB",93,nearest_verified_coordinate,0.3114,30.489032745361328,-87.93621826171875,272.06378173828125,1.8300000429153442,bottom,39,-0.987500011920929,eastward_current,-0.014515619724988937,m/s,2026-10-06T14:42:00+00:00,2026-10-06T15:00:00+00:00,2026-10-06T22:47:11.110927+00:00,2026-10-06T22:47:11.110927+00:00,https://opendap.co-ops.nos.noaa.gov/thredds/dodsC/NOAA/NGOFS2/MODELS/2026/10/06/ngofs2.t15z.20261006.stations.nowcast.nc,Point Clear/Grand Hotel,0.0
noaa_ngofs2_point_clear_station,MODEL,"8733821 Pt Clear, MB",93,nearest_verified_coordinate,0.3114,30.489032745361328,-87.93621826171875,272.06378173828125,1.8300000429153442,bottom,39,-0.987500011920929,northward_current,-0.046756941825151443,m/s,2026-10-06T14:42:00+00:00,2026-10-06T15:00:00+00:00,2026-10-06T22:47:11.110927+00:00,2026-10-06T22:47:11.110927+00:00,https://opendap.co-ops.nos.noaa.gov/thredds/dodsC/NOAA/NGOFS2/MODELS/2026/10/06/ngofs2.t15z.20261006.stations.nowcast.nc,Point Clear/Grand Hotel,0.0
noaa_ngofs2_point_clear_station,MODEL,"8733821 Pt Clear, MB",93,nearest_verified_coordinate,0.3114,30.489032745361328,-87.93621826171875,272.06378173828125,1.8300000429153442,bottom,39,-0.987500011920929,shoreward_current,-0.01451561972498894,m/s,2026-10-06T14:42:00+00:00,2026-10-06T15:00:00+00:00,2026-10-06T22:47:11.110927+00:00,2026-10-06T22:47:11.110927+00:00,https://opendap.co-ops.nos.noaa.gov/thredds/dodsC/NOAA/NGOFS2/MODELS/2026/10/06/ngofs2.t15z.20261006.stations.nowcast.nc,Point Clear/Grand Hotel,0.0
noaa_ngofs2_point_clear_station,MODEL,"8733821 Pt Clear, MB",93,nearest_verified_coordinate,0.3114,30.489032745361328,-87.93621826171875,272.06378173828125,1.8300000429153442,bottom,39,-0.987500011920929,water_temperature,28.888355255126953,degC,2026-10-06T14:42:00+00:00,2026-10-06T15:00:00+00:00,2026-10-06T22:47:11.110927+00:00,2026-10-06T22:47:11.110927+00:00,https://opendap.co-ops.nos.noaa.gov/thredds/dodsC/NOAA/NGOFS2/MODELS/2026/10/06/ngofs2.t15z.20261006.stations.nowcast.nc,Point Clear/Grand Hotel,0.0
noaa_ngofs2_point_clear_station,MODEL,"8733821 Pt Clear, MB",93,nearest_verified_coordinate,0.3114,30.489032745361328,-87.93621826171875,272.06378173828125,1.8300000429153442,bottom,39,-0.987500011920929,salinity,14.511165618896484,1e-3,2026-10-06T14:42:00+00:00,2026-10-06T15:00:00+00:00,2026-10-06T22:47:11.110927+00:00,2026-10-06T22:47:11.110927+00:00,https://opendap.co-ops.nos.noaa.gov/thredds/dodsC/NOAA/NGOFS2/MODELS/2026/10/06/ngofs2.t15z.20261006.stations.nowcast.nc,Point Clear/Grand Hotel,0.0
noaa_ngofs2_point_clear_station,MODEL,"8733821 Pt Clear, MB",93,nearest_verified_coordinate,0.3114,30.489032745361328,-87.93621826171875,272.06378173828125,1.8300000429153442,surface,,,water_surface_elevation,0.3559562861919403,m,2026-10-06T14:42:00+00:00,2026-10-06T15:00:00+00:00,2026-10-06T22:47:11.110927+00:00,2026-10-06T22:47:11.110927+00:00,https://opendap.co-ops.nos.noaa.gov/thredds/dodsC/NOAA/NGOFS2/MODELS/2026/10/06/ngofs2.t15z.20261006.stations.nowcast.nc,Point Clear/Grand Hotel,0.0
noaa_ngofs2_point_clear_station,MODEL,"8733821 Pt Clear, MB",93,nearest_verified_coordinate,0.3114,30.489032745361328,-87.93621826171875,272.06378173828125,1.8300000429153442,surface,0,-0.012500000186264515,eastward_current,-0.08728491514921188,m/s,2026-10-06T14:48:00+00:00,2026-10-06T15:00:00+00:00,2026-10-06T22:47:11.110927+00:00,2026-10-06T22:47:11.110927+00:00,https://opendap.co-ops.nos.noaa.gov/thredds/dodsC/NOAA/NGOFS2/MODELS/2026/10/06/ngofs2.t15z.20261006.stations.nowcast.nc,Point Clear/Grand Hotel,0.0
noaa_ngofs2_point_clear_station,MODEL,"8733821 Pt Clear, MB",93,nearest_verified_coordinate,0.3114,30.489032745361328,-87.93621826171875,272.06378173828125,1.8300000429153442,surface,0,-0.012500000186264515,northward_current,-0.17635250091552734,m/s,2026-10-06T14:48:00+00:00,2026-10-06T15:00:00+00:00,2026-10-06T22:47:11.110927+00:00,2026-10-06T22:47:11.110927+00:00,https://opendap.co-ops.nos.noaa.gov/thredds/dodsC/NOAA/NGOFS2/MODELS/2026/10/06/ngofs2.t15z.20261006.stations.nowcast.nc,Point Clear/Grand Hotel,0.0
noaa_ngofs2_point_clear_station,MODEL,"8733821 Pt Clear, MB",93,nearest_verified_coordinate,0.3114,30.489032745361328,-87.93621826171875,272.06378173828125,1.8300000429153442,surface,0,-0.012500000186264515,shoreward_current,-0.0872849151492119,m/s,2026-10-06T14:48:00+00:00,2026-10-06T15:00:00+00:00,2026-10-06T22:47:11.110927+00:00,2026-10-06T22:47:11.110927+00:00,https://opendap.co-ops.nos.noaa.gov/thredds/dodsC/NOAA/NGOFS2/MODELS/2026/10/06/ngofs2.t15z.20261006.stations.nowcast.nc,Point Clear/Grand Hotel,0.0
noaa_ngofs2_point_clear_station,MODEL,"8733821 Pt Clear, MB",93,nearest_verified_coordinate,0.3114,30.489032745361328,-87.93621826171875,272.06378173828125,1.8300000429153442,surface,0,-0.012500000186264515,water_temperature,28.810670852661133,degC,2026-10-06T14:48:00+00:00,2026-10-06T15:00:00+00:00,2026-10-06T22:47:11.110927+00:00,2026-10-06T22:47:11.110927+00:00,https://opendap.co-ops.nos.noaa.gov/thredds/dodsC/NOAA/NGOFS2/MODELS/2026/10/06/ngofs2.t15z.20261006.stations.nowcast.nc,Point Clear/Grand Hotel,0.0
noaa_ngofs2_point_clear_station,MODEL,"8733821 Pt Clear, MB",93,nearest_verified_coordinate,0.3114,30.489032745361328,-87.93621826171875,272.06378173828125,1.8300000429153442,surface,0,-0.012500000186264515,salinity,14.313868522644043,1e-3,2026-10-06T14:48:00+00:00,2026-10-06T15:00:00+00:00,2026-10-06T22:47:11.110927+00:00,2026-10-06T22:47:11.110927+00:00,https://opendap.co-ops.nos.noaa.gov/thredds/dodsC/NOAA/NGOFS2/MODELS/2026/10/06/ngofs2.t15z.20261006.stations.nowcast.nc,Point Clear/Grand Hotel,0.0
noaa_ngofs2_point_clear_station,MODEL,"8733821 Pt Clear, MB",93,nearest_verified_coordinate,0.3114,30.489032745361328,-87.93621826171875,272.06378173828125,1.8300000429153442,bottom,39,-0.987500011920929,eastward_current,-0.014716587960720062,m/s,2026-10-06T14:48:00+00:00,2026-10-06T15:00:00+00:00,2026-10-06T22:47:11.110927+00:00,2026-10-06T22:47:11.110927+00:00,https://opendap.co-ops.nos.noaa.gov/thredds/dodsC/NOAA/NGOFS2/MODELS/2026/10/06/ngofs2.t15z.20261006.stations.nowcast.nc,Point Clear/Grand Hotel,0.0
noaa_ngofs2_point_clear_station,MODEL,"8733821 Pt Clear, MB",93,nearest_verified_coordinate,0.3114,30.489032745361328,-87.93621826171875,272.06378173828125,1.8300000429153442,bottom,39,-0.987500011920929,northward_current,-0.04693039506673813,m/s,2026-10-06T14:48:00+00:00,2026-10-06T15:00:00+00:00,2026-10-06T22:47:11.110927+00:00,2026-10-06T22:47:11.110927+00:00,https://opendap.co-ops.nos.noaa.gov/thredds/dodsC/NOAA/NGOFS2/MODELS/2026/10/06/ngofs2.t15z.20261006.stations.nowcast.nc,Point Clear/Grand Hotel,0.0
noaa_ngofs2_point_clear_station,MODEL,"8733821 Pt Clear, MB",93,nearest_verified_coordinate,0.3114,30.489032745361328,-87.93621826171875,272.06378173828125,1.8300000429153442,bottom,39,-0.987500011920929,shoreward_current,-0.014716587960720066,m/s,2026-10-06T14:48:00+00:00,2026-10-06T15:00:00+00:00,2026-10-06T22:47:11.110927+00:00,2026-10-06T22:47:11.110927+00:00,https://opendap.co-ops.nos.noaa.gov/thredds/dodsC/NOAA/NGOFS2/MODELS/2026/10/06/ngofs2.t15z.20261006.stations.nowcast.nc,Point Clear/Grand Hotel,0.0
noaa_ngofs2_point_clear_station,MODEL,"8733821 Pt Clear, MB",93,nearest_verified_coordinate,0.3114,30.489032745361328,-87.93621826171875,272.06378173828125,1.8300000429153442,bottom,39,-0.987500011920929,water_temperature,28.885221481323242,degC,2026-10-06T14:48:00+00:00,2026-10-06T15:00:00+00:00,2026-10-06T22:47:11.110927+00:00,2026-10-06T22:47:11.110927+00:00,https://opendap.co-ops.nos.noaa.gov/thredds/dodsC/NOAA/NGOFS2/MODELS/2026/10/06/ngofs2.t15z.20261006.stations.nowcast.nc,Point Clear/Grand Hotel,0.0
noaa_ngofs2_point_clear_station,MODEL,"8733821 Pt Clear, MB",93,nearest_verified_coordinate,0.3114,30.489032745361328,-87.93621826171875,272.06378173828125,1.8300000429153442,bottom,39,-0.987500011920929,salinity,14.472550392150879,1e-3,2026-10-06T14:48:00+00:00,2026-10-06T15:00:00+00:00,2026-10-06T22:47:11.110927+00:00,2026-10-06T22:47:11.110927+00:00,https://opendap.co-ops.nos.noaa.gov/thredds/dodsC/NOAA/NGOFS2/MODELS/2026/10/06/ngofs2.t15z.20261006.stations.nowcast.nc,Point Clear/Grand Hotel,0.0
noaa_ngofs2_point_clear_station,MODEL,"8733821 Pt Clear, MB",93,nearest_verified_coordinate,0.3114,30.489032745361328,-87.93621826171875,272.06378173828125,1.8300000429153442,surface,,,water_surface_elevation,0.35313794016838074,m,2026-10-06T14:48:00+00:00,2026-10-06T15:00:00+00:00,2026-10-06T22:47:11.110927+00:00,2026-10-06T22:47:11.110927+00:00,https://opendap.co-ops.nos.noaa.gov/thredds/dodsC/NOAA/NGOFS2/MODELS/2026/10/06/ngofs2.t15z.20261006.stations.nowcast.nc,Point Clear/Grand Hotel,0.0
noaa_ngofs2_point_clear_station,MODEL,"8733821 Pt Clear, MB",93,nearest_verified_coordinate,0.3114,30.489032745361328,-87.93621826171875,272.06378173828125,1.8300000429153442,surface,0,-0.012500000186264515,eastward_current,-0.0875081717967987,m/s,2026-10-06T14:54:00+00:00,2026-10-06T15:00:00+00:00,2026-10-06T22:47:11.110927+00:00,2026-10-06T22:47:11.110927+00:00,https://opendap.co-ops.nos.noaa.gov/thredds/dodsC/NOAA/NGOFS2/MODELS/2026/10/06/ngofs2.t15z.20261006.stations.nowcast.nc,Point Clear/Grand Hotel,0.0
noaa_ngofs2_point_clear_station,MODEL,"8733821 Pt Clear, MB",93,nearest_verified_coordinate,0.3114,30.489032745361328,-87.93621826171875,272.06378173828125,1.8300000429153442,surface,0,-0.012500000186264515,northward_current,-0.17632047832012177,m/s,2026-10-06T14:54:00+00:00,2026-10-06T15:00:00+00:00,2026-10-06T22:47:11.110927+00:00,2026-10-06T22:47:11.110927+00:00,https://opendap.co-ops.nos.noaa.gov/thredds/dodsC/NOAA/NGOFS2/MODELS/2026/10/06/ngofs2.t15z.20261006.stations.nowcast.nc,Point Clear/Grand Hotel,0.0
noaa_ngofs2_point_clear_station,MODEL,"8733821 Pt Clear, MB",93,nearest_verified_coordinate,0.3114,30.489032745361328,-87.93621826171875,272.06378173828125,1.8300000429153442,surface,0,-0.012500000186264515,shoreward_current,-0.08750817179679872,m/s,2026-10-06T14:54:00+00:00,2026-10-06T15:00:00+00:00,2026-10-06T22:47:11.110927+00:00,2026-10-06T22:47:11.110927+00:00,https://opendap.co-ops.nos.noaa.gov/thredds/dodsC/NOAA/NGOFS2/MODELS/2026/10/06/ngofs2.t15z.20261006.stations.nowcast.nc,Point Clear/Grand Hotel,0.0
noaa_ngofs2_point_clear_station,MODEL,"8733821 Pt Clear, MB",93,nearest_verified_coordinate,0.3114,30.489032745361328,-87.93621826171875,272.06378173828125,1.8300000429153442,surface,0,-0.012500000186264515,water_temperature,28.82037925720215,degC,2026-10-06T14:54:00+00:00,2026-10-06T15:00:00+00:00,2026-10-06T22:47:11.110927+00:00,2026-10-06T22:47:11.110927+00:00,https://opendap.co-ops.nos.noaa.gov/thredds/dodsC/NOAA/NGOFS2/MODELS/2026/10/06/ngofs2.t15z.20261006.stations.nowcast.nc,Point Clear/Grand Hotel,0.0
noaa_ngofs2_point_clear_station,MODEL,"8733821 Pt Clear, MB",93,nearest_verified_coordinate,0.3114,30.489032745361328,-87.93621826171875,272.06378173828125,1.8300000429153442,surface,0,-0.012500000186264515,salinity,14.304459571838379,1e-3,2026-10-06T14:54:00+00:00,2026-10-06T15:00:00+00:00,2026-10-06T22:47:11.110927+00:00,2026-10-06T22:47:11.110927+00:00,https://opendap.co-ops.nos.noaa.gov/thredds/dodsC/NOAA/NGOFS2/MODELS/2026/10/06/ngofs2.t15z.20261006.stations.nowcast.nc,Point Clear/Grand Hotel,0.0
noaa_ngofs2_point_clear_station,MODEL,"8733821 Pt Clear, MB",93,nearest_verified_coordinate,0.3114,30.489032745361328,-87.93621826171875,272.06378173828125,1.8300000429153442,bottom,39,-0.987500011920929,eastward_current,-0.014986821450293064,m/s,2026-10-06T14:54:00+00:00,2026-10-06T15:00:00+00:00,2026-10-06T22:47:11.110927+00:00,2026-10-06T22:47:11.110927+00:00,https://opendap.co-ops.nos.noaa.gov/thredds/dodsC/NOAA/NGOFS2/MODELS/2026/10/06/ngofs2.t15z.20261006.stations.nowcast.nc,Point Clear/Grand Hotel,0.0
noaa_ngofs2_point_clear_station,MODEL,"8733821 Pt Clear, MB",93,nearest_verified_coordinate,0.3114,30.489032745361328,-87.93621826171875,272.06378173828125,1.8300000429153442,bottom,39,-0.987500011920929,northward_current,-0.04700641706585884,m/s,2026-10-06T14:54:00+00:00,2026-10-06T15:00:00+00:00,2026-10-06T22:47:11.110927+00:00,2026-10-06T22:47:11.110927+00:00,https://opendap.co-ops.nos.noaa.gov/thredds/dodsC/NOAA/NGOFS2/MODELS/2026/10/06/ngofs2.t15z.20261006.stations.nowcast.nc,Point Clear/Grand Hotel,0.0
noaa_ngofs2_point_clear_station,MODEL,"8733821 Pt Clear, MB",93,nearest_verified_coordinate,0.3114,30.489032745361328,-87.93621826171875,272.06378173828125,1.8300000429153442,bottom,39,-0.987500011920929,shoreward_current,-0.014986821450293068,m/s,2026-10-06T14:54:00+00:00,2026-10-06T15:00:00+00:00,2026-10-06T22:47:11.110927+00:00,2026-10-06T22:47:11.110927+00:00,https://opendap.co-ops.nos.noaa.gov/thredds/dodsC/NOAA/NGOFS2/MODELS/2026/10/06/ngofs2.t15z.20261006.stations.nowcast.nc,Point Clear/Grand Hotel,0.0
noaa_ngofs2_point_clear_station,MODEL,"8733821 Pt Clear, MB",93,nearest_verified_coordinate,0.3114,30.489032745361328,-87.93621826171875,272.06378173828125,1.8300000429153442,bottom,39,-0.987500011920929,water_temperature,28.88226318359375,degC,2026-10-06T14:54:00+00:00,2026-10-06T15:00:00+00:00,2026-10-06T22:47:11.110927+00:00,2026-10-06T22:47:11.110927+00:00,https://opendap.co-ops.nos.noaa.gov/thredds/dodsC/NOAA/NGOFS2/MODELS/2026/10/06/ngofs2.t15z.20261006.stations.nowcast.nc,Point Clear/Grand Hotel,0.0
noaa_ngofs2_point_clear_station,MODEL,"8733821 Pt Clear, MB",93,nearest_verified_coordinate,0.3114,30.489032745361328,-87.93621826171875,272.06378173828125,1.8300000429153442,bottom,39,-0.987500011920929,salinity,14.434235572814941,1e-3,2026-10-06T14:54:00+00:00,2026-10-06T15:00:00+00:00,2026-10-06T22:47:11.110927+00:00,2026-10-06T22:47:11.110927+00:00,https://opendap.co-ops.nos.noaa.gov/thredds/dodsC/NOAA/NGOFS2/MODELS/2026/10/06/ngofs2.t15z.20261006.stations.nowcast.nc,Point Clear/Grand Hotel,0.0
noaa_ngofs2_point_clear_station,MODEL,"8733821 Pt Clear, MB",93,nearest_verified_coordinate,0.3114,30.489032745361328,-87.93621826171875,272.06378173828125,1.8300000429153442,surface,,,water_surface_elevation,0.3504256308078766,m,2026-10-06T14:54:00+00:00,2026-10-06T15:00:00+00:00,2026-10-06T22:47:11.110927+00:00,2026-10-06T22:47:11.110927+00:00,https://opendap.co-ops.nos.noaa.gov/thredds/dodsC/NOAA/NGOFS2/MODELS/2026/10/06/ngofs2.t15z.20261006.stations.nowcast.nc,Point Clear/Grand Hotel,0.0
noaa_ngofs2_point_clear_station,MODEL,"8733821 Pt Clear, MB",93,nearest_verified_coordinate,0.3114,30.489032745361328,-87.93621826171875,272.06378173828125,1.8300000429153442,surface,0,-0.012500000186264515,eastward_current,-0.08779502660036087,m/s,2026-10-06T15:00:00+00:00,2026-10-06T15:00:00+00:00,2026-10-06T22:47:11.110927+00:00,2026-10-06T22:47:11.110927+00:00,https://opendap.co-ops.nos.noaa.gov/thredds/dodsC/NOAA/NGOFS2/MODELS/2026/10/06/ngofs2.t15z.20261006.stations.nowcast.nc,Point Clear/Grand Hotel,0.0
noaa_ngofs2_point_clear_station,MODEL,"8733821 Pt Clear, MB",93,nearest_verified_coordinate,0.3114,30.489032745361328,-87.93621826171875,272.06378173828125,1.8300000429153442,surface,0,-0.012500000186264515,northward_current,-0.17612004280090332,m/s,2026-10-06T15:00:00+00:00,2026-10-06T15:00:00+00:00,2026-10-06T22:47:11.110927+00:00,2026-10-06T22:47:11.110927+00:00,https://opendap.co-ops.nos.noaa.gov/thredds/dodsC/NOAA/NGOFS2/MODELS/2026/10/06/ngofs2.t15z.20261006.stations.nowcast.nc,Point Clear/Grand Hotel,0.0
noaa_ngofs2_point_clear_station,MODEL,"8733821 Pt Clear, MB",93,nearest_verified_coordinate,0.3114,30.489032745361328,-87.93621826171875,272.06378173828125,1.8300000429153442,surface,0,-0.012500000186264515,shoreward_current,-0.08779502660036088,m/s,2026-10-06T15:00:00+00:00,2026-10-06T15:00:00+00:00,2026-10-06T22:47:11.110927+00:00,2026-10-06T22:47:11.110927+00:00,https://opendap.co-ops.nos.noaa.gov/thredds/dodsC/NOAA/NGOFS2/MODELS/2026/10/06/ngofs2.t15z.20261006.stations.nowcast.nc,Point Clear/Grand Hotel,0.0
noaa_ngofs2_point_clear_station,MODEL,"8733821 Pt Clear, MB",93,nearest_verified_coordinate,0.3114,30.489032745361328,-87.93621826171875,272.06378173828125,1.8300000429153442,surface,0,-0.012500000186264515,water_temperature,28.830249786376953,degC,2026-10-06T15:00:00+00:00,2026-10-06T15:00:00+00:00,2026-10-06T22:47:11.110927+00:00,2026-10-06T22:47:11.110927+00:00,https://opendap.co-ops.nos.noaa.gov/thredds/dodsC/NOAA/NGOFS2/MODELS/2026/10/06/ngofs2.t15z.20261006.stations.nowcast.nc,Point Clear/Grand Hotel,0.0
noaa_ngofs2_point_clear_station,MODEL,"8733821 Pt Clear, MB",93,nearest_verified_coordinate,0.3114,30.489032745361328,-87.93621826171875,272.06378173828125,1.8300000429153442,surface,0,-0.012500000186264515,salinity,14.294388771057129,1e-3,2026-10-06T15:00:00+00:00,2026-10-06T15:00:00+00:00,2026-10-06T22:47:11.110927+00:00,2026-10-06T22:47:11.110927+00:00,https://opendap.co-ops.nos.noaa.gov/thredds/dodsC/NOAA/NGOFS2/MODELS/2026/10/06/ngofs2.t15z.20261006.stations.nowcast.nc,Point Clear/Grand Hotel,0.0
noaa_ngofs2_point_clear_station,MODEL,"8733821 Pt Clear, MB",93,nearest_verified_coordinate,0.3114,30.489032745361328,-87.93621826171875,272.06378173828125,1.8300000429153442,bottom,39,-0.987500011920929,eastward_current,-0.015416668727993965,m/s,2026-10-06T15:00:00+00:00,2026-10-06T15:00:00+00:00,2026-10-06T22:47:11.110927+00:00,2026-10-06T22:47:11.110927+00:00,https://opendap.co-ops.nos.noaa.gov/thredds/dodsC/NOAA/NGOFS2/MODELS/2026/10/06/ngofs2.t15z.20261006.stations.nowcast.nc,Point Clear/Grand Hotel,0.0
noaa_ngofs2_point_clear_station,MODEL,"8733821 Pt Clear, MB",93,nearest_verified_coordinate,0.3114,30.489032745361328,-87.93621826171875,272.06378173828125,1.8300000429153442,bottom,39,-0.987500011920929,northward_current,-0.04724092781543732,m/s,2026-10-06T15:00:00+00:00,2026-10-06T15:00:00+00:00,2026-10-06T22:47:11.110927+00:00,2026-10-06T22:47:11.110927+00:00,https://opendap.co-ops.nos.noaa.gov/thredds/dodsC/NOAA/NGOFS2/MODELS/2026/10/06/ngofs2.t15z.20261006.stations.nowcast.nc,Point Clear/Grand Hotel,0.0
noaa_ngofs2_point_clear_station,MODEL,"8733821 Pt Clear, MB",93,nearest_verified_coordinate,0.3114,30.489032745361328,-87.93621826171875,272.06378173828125,1.8300000429153442,bottom,39,-0.987500011920929,shoreward_current,-0.015416668727993969,m/s,2026-10-06T15:00:00+00:00,2026-10-06T15:00:00+00:00,2026-10-06T22:47:11.110927+00:00,2026-10-06T22:47:11.110927+00:00,https://opendap.co-ops.nos.noaa.gov/thredds/dodsC/NOAA/NGOFS2/MODELS/2026/10/06/ngofs2.t15z.20261006.stations.nowcast.nc,Point Clear/Grand Hotel,0.0
noaa_ngofs2_point_clear_station,MODEL,"8733821 Pt Clear, MB",93,nearest_verified_coordinate,0.3114,30.489032745361328,-87.93621826171875,272.06378173828125,1.8300000429153442,bottom,39,-0.987500011920929,water_temperature,28.879526138305664,degC,2026-10-06T15:00:00+00:00,2026-10-06T15:00:00+00:00,2026-10-06T22:47:11.110927+00:00,2026-10-06T22:47:11.110927+00:00,https://opendap.co-ops.nos.noaa.gov/thredds/dodsC/NOAA/NGOFS2/MODELS/2026/10/06/ngofs2.t15z.20261006.stations.nowcast.nc,Point Clear/Grand Hotel,0.0
noaa_ngofs2_point_clear_station,MODEL,"8733821 Pt Clear, MB",93,nearest_verified_coordinate,0.3114,30.489032745361328,-87.93621826171875,272.06378173828125,1.8300000429153442,bottom,39,-0.987500011920929,salinity,14.396382331848145,1e-3,2026-10-06T15:00:00+00:00,2026-10-06T15:00:00+00:00,2026-10-06T22:47:11.110927+00:00,2026-10-06T22:47:11.110927+00:00,https://opendap.co-ops.nos.noaa.gov/thredds/dodsC/NOAA/NGOFS2/MODELS/2026/10/06/ngofs2.t15z.20261006.stations.nowcast.nc,Point Clear/Grand Hotel,0.0
noaa_ngofs2_point_clear_station,MODEL,"8733821 Pt Clear, MB",93,nearest_verified_coordinate,0.3114,30.489032745361328,-87.93621826171875,272.06378173828125,1.8300000429153442,surface,,,water_surface_elevation,0.3474774658679962,m,2026-10-06T15:00:00+00:00,2026-10-06T15:00:00+00:00,2026-10-06T22:47:11.110927+00:00,2026-10-06T22:47:11.110927+00:00,https://opendap.co-ops.nos.noaa.gov/thredds/dodsC/NOAA/NGOFS2/MODELS/2026/10/06/ngofs2.t15z.20261006.stations.nowcast.nc,Point Clear/Grand Hotel,0.0
