feature_id,feature_version,target_time,available_by_target_time,shoreline_cell,requested_offshore_offset_km,grid_lat,grid_lon,value,units,missingness_reason,source_observation_ids,transform_code_hash,source_class,production_weight,source_hash,max_sample_gap_hours,quality
surface_minus_bottom_salinity_psu,ngofs2_regulargrid_v1,2026-09-29T18:00:00+00:00,False,Daphne/May Day,0.25,30.6,-87.91999999999999,-3.5664472579956055,PSU,,same_grid_node_time_surface_bottom,SELF_FILE_HASH_AT_COMMIT,MODEL_DERIVED,0.0,0608f6e3348199a381118fc6f8f5b0b2d8002c3b6fb6da1686d3bce583d23afc,,
surface_minus_bottom_temperature_C,ngofs2_regulargrid_v1,2026-09-29T18:00:00+00:00,False,Daphne/May Day,0.25,30.6,-87.91999999999999,-1.661102294921875,degC,,same_grid_node_time_surface_bottom,SELF_FILE_HASH_AT_COMMIT,MODEL_DERIVED,0.0,0608f6e3348199a381118fc6f8f5b0b2d8002c3b6fb6da1686d3bce583d23afc,,
bottom_minus_surface_shoreward_current_m_s,ngofs2_regulargrid_v1,2026-09-29T18:00:00+00:00,False,Daphne/May Day,0.25,30.6,-87.91999999999999,0.04306702595204115,m/s,,same_grid_node_time_surface_bottom,SELF_FILE_HASH_AT_COMMIT,MODEL_DERIVED,0.0,0608f6e3348199a381118fc6f8f5b0b2d8002c3b6fb6da1686d3bce583d23afc,,
surface_minus_bottom_salinity_psu,ngofs2_regulargrid_v1,2026-09-29T18:00:00+00:00,False,Daphne/May Day,0.75,30.6,-87.92999999999999,-3.910989761352539,PSU,,same_grid_node_time_surface_bottom,SELF_FILE_HASH_AT_COMMIT,MODEL_DERIVED,0.0,0608f6e3348199a381118fc6f8f5b0b2d8002c3b6fb6da1686d3bce583d23afc,,
surface_minus_bottom_temperature_C,ngofs2_regulargrid_v1,2026-09-29T18:00:00+00:00,False,Daphne/May Day,0.75,30.6,-87.92999999999999,-1.4059333801269531,degC,,same_grid_node_time_surface_bottom,SELF_FILE_HASH_AT_COMMIT,MODEL_DERIVED,0.0,0608f6e3348199a381118fc6f8f5b0b2d8002c3b6fb6da1686d3bce583d23afc,,
bottom_minus_surface_shoreward_current_m_s,ngofs2_regulargrid_v1,2026-09-29T18:00:00+00:00,False,Daphne/May Day,0.75,30.6,-87.92999999999999,0.025827847421169288,m/s,,same_grid_node_time_surface_bottom,SELF_FILE_HASH_AT_COMMIT,MODEL_DERIVED,0.0,0608f6e3348199a381118fc6f8f5b0b2d8002c3b6fb6da1686d3bce583d23afc,,
surface_minus_bottom_salinity_psu,ngofs2_regulargrid_v1,2026-09-29T18:00:00+00:00,False,Daphne/May Day,1.5,30.59,-87.92999999999999,-4.77241325378418,PSU,,same_grid_node_time_surface_bottom,SELF_FILE_HASH_AT_COMMIT,MODEL_DERIVED,0.0,0608f6e3348199a381118fc6f8f5b0b2d8002c3b6fb6da1686d3bce583d23afc,,
surface_minus_bottom_temperature_C,ngofs2_regulargrid_v1,2026-09-29T18:00:00+00:00,False,Daphne/May Day,1.5,30.59,-87.92999999999999,-1.4325599670410156,degC,,same_grid_node_time_surface_bottom,SELF_FILE_HASH_AT_COMMIT,MODEL_DERIVED,0.0,0608f6e3348199a381118fc6f8f5b0b2d8002c3b6fb6da1686d3bce583d23afc,,
bottom_minus_surface_shoreward_current_m_s,ngofs2_regulargrid_v1,2026-09-29T18:00:00+00:00,False,Daphne/May Day,1.5,30.59,-87.92999999999999,0.06668872013688089,m/s,,same_grid_node_time_surface_bottom,SELF_FILE_HASH_AT_COMMIT,MODEL_DERIVED,0.0,0608f6e3348199a381118fc6f8f5b0b2d8002c3b6fb6da1686d3bce583d23afc,,
surface_minus_bottom_salinity_psu,ngofs2_regulargrid_v1,2026-09-29T18:00:00+00:00,False,Daphne/May Day,3.0,30.6,-87.94,-4.815147399902344,PSU,,same_grid_node_time_surface_bottom,SELF_FILE_HASH_AT_COMMIT,MODEL_DERIVED,0.0,0608f6e3348199a381118fc6f8f5b0b2d8002c3b6fb6da1686d3bce583d23afc,,
surface_minus_bottom_temperature_C,ngofs2_regulargrid_v1,2026-09-29T18:00:00+00:00,False,Daphne/May Day,3.0,30.6,-87.94,-1.5636348724365234,degC,,same_grid_node_time_surface_bottom,SELF_FILE_HASH_AT_COMMIT,MODEL_DERIVED,0.0,0608f6e3348199a381118fc6f8f5b0b2d8002c3b6fb6da1686d3bce583d23afc,,
bottom_minus_surface_shoreward_current_m_s,ngofs2_regulargrid_v1,2026-09-29T18:00:00+00:00,False,Daphne/May Day,3.0,30.6,-87.94,0.07483454048633575,m/s,,same_grid_node_time_surface_bottom,SELF_FILE_HASH_AT_COMMIT,MODEL_DERIVED,0.0,0608f6e3348199a381118fc6f8f5b0b2d8002c3b6fb6da1686d3bce583d23afc,,
surface_minus_bottom_salinity_psu,ngofs2_regulargrid_v1,2026-09-29T18:00:00+00:00,False,Montrose,0.25,30.57,-87.91,-1.6784019470214844,PSU,,same_grid_node_time_surface_bottom,SELF_FILE_HASH_AT_COMMIT,MODEL_DERIVED,0.0,0608f6e3348199a381118fc6f8f5b0b2d8002c3b6fb6da1686d3bce583d23afc,,
surface_minus_bottom_temperature_C,ngofs2_regulargrid_v1,2026-09-29T18:00:00+00:00,False,Montrose,0.25,30.57,-87.91,-1.0518512725830078,degC,,same_grid_node_time_surface_bottom,SELF_FILE_HASH_AT_COMMIT,MODEL_DERIVED,0.0,0608f6e3348199a381118fc6f8f5b0b2d8002c3b6fb6da1686d3bce583d23afc,,
bottom_minus_surface_shoreward_current_m_s,ngofs2_regulargrid_v1,2026-09-29T18:00:00+00:00,False,Montrose,0.25,30.57,-87.91,-0.014271616644691669,m/s,,same_grid_node_time_surface_bottom,SELF_FILE_HASH_AT_COMMIT,MODEL_DERIVED,0.0,0608f6e3348199a381118fc6f8f5b0b2d8002c3b6fb6da1686d3bce583d23afc,,
surface_minus_bottom_salinity_psu,ngofs2_regulargrid_v1,2026-09-29T18:00:00+00:00,False,Montrose,0.75,30.560000000000002,-87.91,-1.8955249786376953,PSU,,same_grid_node_time_surface_bottom,SELF_FILE_HASH_AT_COMMIT,MODEL_DERIVED,0.0,0608f6e3348199a381118fc6f8f5b0b2d8002c3b6fb6da1686d3bce583d23afc,,
surface_minus_bottom_temperature_C,ngofs2_regulargrid_v1,2026-09-29T18:00:00+00:00,False,Montrose,0.75,30.560000000000002,-87.91,-0.7864952087402344,degC,,same_grid_node_time_surface_bottom,SELF_FILE_HASH_AT_COMMIT,MODEL_DERIVED,0.0,0608f6e3348199a381118fc6f8f5b0b2d8002c3b6fb6da1686d3bce583d23afc,,
bottom_minus_surface_shoreward_current_m_s,ngofs2_regulargrid_v1,2026-09-29T18:00:00+00:00,False,Montrose,0.75,30.560000000000002,-87.91,0.03026296570897103,m/s,,same_grid_node_time_surface_bottom,SELF_FILE_HASH_AT_COMMIT,MODEL_DERIVED,0.0,0608f6e3348199a381118fc6f8f5b0b2d8002c3b6fb6da1686d3bce583d23afc,,
surface_minus_bottom_salinity_psu,ngofs2_regulargrid_v1,2026-09-29T18:00:00+00:00,False,Montrose,1.5,30.57,-87.91999999999999,-3.585198402404785,PSU,,same_grid_node_time_surface_bottom,SELF_FILE_HASH_AT_COMMIT,MODEL_DERIVED,0.0,0608f6e3348199a381118fc6f8f5b0b2d8002c3b6fb6da1686d3bce583d23afc,,
surface_minus_bottom_temperature_C,ngofs2_regulargrid_v1,2026-09-29T18:00:00+00:00,False,Montrose,1.5,30.57,-87.91999999999999,-0.9989871978759766,degC,,same_grid_node_time_surface_bottom,SELF_FILE_HASH_AT_COMMIT,MODEL_DERIVED,0.0,0608f6e3348199a381118fc6f8f5b0b2d8002c3b6fb6da1686d3bce583d23afc,,
bottom_minus_surface_shoreward_current_m_s,ngofs2_regulargrid_v1,2026-09-29T18:00:00+00:00,False,Montrose,1.5,30.57,-87.91999999999999,0.0230947444215417,m/s,,same_grid_node_time_surface_bottom,SELF_FILE_HASH_AT_COMMIT,MODEL_DERIVED,0.0,0608f6e3348199a381118fc6f8f5b0b2d8002c3b6fb6da1686d3bce583d23afc,,
surface_minus_bottom_salinity_psu,ngofs2_regulargrid_v1,2026-09-29T18:00:00+00:00,False,Montrose,3.0,30.57,-87.92999999999999,-4.545620918273926,PSU,,same_grid_node_time_surface_bottom,SELF_FILE_HASH_AT_COMMIT,MODEL_DERIVED,0.0,0608f6e3348199a381118fc6f8f5b0b2d8002c3b6fb6da1686d3bce583d23afc,,
surface_minus_bottom_temperature_C,ngofs2_regulargrid_v1,2026-09-29T18:00:00+00:00,False,Montrose,3.0,30.57,-87.92999999999999,-1.1641292572021484,degC,,same_grid_node_time_surface_bottom,SELF_FILE_HASH_AT_COMMIT,MODEL_DERIVED,0.0,0608f6e3348199a381118fc6f8f5b0b2d8002c3b6fb6da1686d3bce583d23afc,,
bottom_minus_surface_shoreward_current_m_s,ngofs2_regulargrid_v1,2026-09-29T18:00:00+00:00,False,Montrose,3.0,30.57,-87.92999999999999,0.1020096428692341,m/s,,same_grid_node_time_surface_bottom,SELF_FILE_HASH_AT_COMMIT,MODEL_DERIVED,0.0,0608f6e3348199a381118fc6f8f5b0b2d8002c3b6fb6da1686d3bce583d23afc,,
surface_minus_bottom_salinity_psu,ngofs2_regulargrid_v1,2026-09-29T18:00:00+00:00,False,Fairhope/Fly Creek/Pier,0.25,30.52,-87.91999999999999,-1.364828109741211,PSU,,same_grid_node_time_surface_bottom,SELF_FILE_HASH_AT_COMMIT,MODEL_DERIVED,0.0,0608f6e3348199a381118fc6f8f5b0b2d8002c3b6fb6da1686d3bce583d23afc,,
surface_minus_bottom_temperature_C,ngofs2_regulargrid_v1,2026-09-29T18:00:00+00:00,False,Fairhope/Fly Creek/Pier,0.25,30.52,-87.91999999999999,-0.8241462707519531,degC,,same_grid_node_time_surface_bottom,SELF_FILE_HASH_AT_COMMIT,MODEL_DERIVED,0.0,0608f6e3348199a381118fc6f8f5b0b2d8002c3b6fb6da1686d3bce583d23afc,,
bottom_minus_surface_shoreward_current_m_s,ngofs2_regulargrid_v1,2026-09-29T18:00:00+00:00,False,Fairhope/Fly Creek/Pier,0.25,30.52,-87.91999999999999,0.04169648885726929,m/s,,same_grid_node_time_surface_bottom,SELF_FILE_HASH_AT_COMMIT,MODEL_DERIVED,0.0,0608f6e3348199a381118fc6f8f5b0b2d8002c3b6fb6da1686d3bce583d23afc,,
surface_minus_bottom_salinity_psu,ngofs2_regulargrid_v1,2026-09-29T18:00:00+00:00,False,Fairhope/Fly Creek/Pier,0.75,30.53,-87.91999999999999,-2.518864631652832,PSU,,same_grid_node_time_surface_bottom,SELF_FILE_HASH_AT_COMMIT,MODEL_DERIVED,0.0,0608f6e3348199a381118fc6f8f5b0b2d8002c3b6fb6da1686d3bce583d23afc,,
surface_minus_bottom_temperature_C,ngofs2_regulargrid_v1,2026-09-29T18:00:00+00:00,False,Fairhope/Fly Creek/Pier,0.75,30.53,-87.91999999999999,-1.0165081024169922,degC,,same_grid_node_time_surface_bottom,SELF_FILE_HASH_AT_COMMIT,MODEL_DERIVED,0.0,0608f6e3348199a381118fc6f8f5b0b2d8002c3b6fb6da1686d3bce583d23afc,,
bottom_minus_surface_shoreward_current_m_s,ngofs2_regulargrid_v1,2026-09-29T18:00:00+00:00,False,Fairhope/Fly Creek/Pier,0.75,30.53,-87.91999999999999,0.11018667742609979,m/s,,same_grid_node_time_surface_bottom,SELF_FILE_HASH_AT_COMMIT,MODEL_DERIVED,0.0,0608f6e3348199a381118fc6f8f5b0b2d8002c3b6fb6da1686d3bce583d23afc,,
surface_minus_bottom_salinity_psu,ngofs2_regulargrid_v1,2026-09-29T18:00:00+00:00,False,Fairhope/Fly Creek/Pier,1.5,30.52,-87.92999999999999,-2.39650821685791,PSU,,same_grid_node_time_surface_bottom,SELF_FILE_HASH_AT_COMMIT,MODEL_DERIVED,0.0,0608f6e3348199a381118fc6f8f5b0b2d8002c3b6fb6da1686d3bce583d23afc,,
surface_minus_bottom_temperature_C,ngofs2_regulargrid_v1,2026-09-29T18:00:00+00:00,False,Fairhope/Fly Creek/Pier,1.5,30.52,-87.92999999999999,-1.0383262634277344,degC,,same_grid_node_time_surface_bottom,SELF_FILE_HASH_AT_COMMIT,MODEL_DERIVED,0.0,0608f6e3348199a381118fc6f8f5b0b2d8002c3b6fb6da1686d3bce583d23afc,,
bottom_minus_surface_shoreward_current_m_s,ngofs2_regulargrid_v1,2026-09-29T18:00:00+00:00,False,Fairhope/Fly Creek/Pier,1.5,30.52,-87.92999999999999,0.12716934457421303,m/s,,same_grid_node_time_surface_bottom,SELF_FILE_HASH_AT_COMMIT,MODEL_DERIVED,0.0,0608f6e3348199a381118fc6f8f5b0b2d8002c3b6fb6da1686d3bce583d23afc,,
surface_minus_bottom_salinity_psu,ngofs2_regulargrid_v1,2026-09-29T18:00:00+00:00,False,Fairhope/Fly Creek/Pier,3.0,30.52,-87.94999999999999,-6.241168022155762,PSU,,same_grid_node_time_surface_bottom,SELF_FILE_HASH_AT_COMMIT,MODEL_DERIVED,0.0,0608f6e3348199a381118fc6f8f5b0b2d8002c3b6fb6da1686d3bce583d23afc,,
surface_minus_bottom_temperature_C,ngofs2_regulargrid_v1,2026-09-29T18:00:00+00:00,False,Fairhope/Fly Creek/Pier,3.0,30.52,-87.94999999999999,-1.3229751586914062,degC,,same_grid_node_time_surface_bottom,SELF_FILE_HASH_AT_COMMIT,MODEL_DERIVED,0.0,0608f6e3348199a381118fc6f8f5b0b2d8002c3b6fb6da1686d3bce583d23afc,,
bottom_minus_surface_shoreward_current_m_s,ngofs2_regulargrid_v1,2026-09-29T18:00:00+00:00,False,Fairhope/Fly Creek/Pier,3.0,30.52,-87.94999999999999,0.12963837385177612,m/s,,same_grid_node_time_surface_bottom,SELF_FILE_HASH_AT_COMMIT,MODEL_DERIVED,0.0,0608f6e3348199a381118fc6f8f5b0b2d8002c3b6fb6da1686d3bce583d23afc,,
surface_minus_bottom_salinity_psu,ngofs2_regulargrid_v1,2026-09-29T18:00:00+00:00,False,Battles Wharf,0.25,30.5,-87.92999999999999,0.00208282470703125,PSU,,same_grid_node_time_surface_bottom,SELF_FILE_HASH_AT_COMMIT,MODEL_DERIVED,0.0,0608f6e3348199a381118fc6f8f5b0b2d8002c3b6fb6da1686d3bce583d23afc,,
surface_minus_bottom_temperature_C,ngofs2_regulargrid_v1,2026-09-29T18:00:00+00:00,False,Battles Wharf,0.25,30.5,-87.92999999999999,-0.044952392578125,degC,,same_grid_node_time_surface_bottom,SELF_FILE_HASH_AT_COMMIT,MODEL_DERIVED,0.0,0608f6e3348199a381118fc6f8f5b0b2d8002c3b6fb6da1686d3bce583d23afc,,
bottom_minus_surface_shoreward_current_m_s,ngofs2_regulargrid_v1,2026-09-29T18:00:00+00:00,False,Battles Wharf,0.25,30.5,-87.92999999999999,-0.004195090383291248,m/s,,same_grid_node_time_surface_bottom,SELF_FILE_HASH_AT_COMMIT,MODEL_DERIVED,0.0,0608f6e3348199a381118fc6f8f5b0b2d8002c3b6fb6da1686d3bce583d23afc,,
surface_minus_bottom_salinity_psu,ngofs2_regulargrid_v1,2026-09-29T18:00:00+00:00,False,Battles Wharf,0.75,30.490000000000002,-87.94,-0.3786125183105469,PSU,,same_grid_node_time_surface_bottom,SELF_FILE_HASH_AT_COMMIT,MODEL_DERIVED,0.0,0608f6e3348199a381118fc6f8f5b0b2d8002c3b6fb6da1686d3bce583d23afc,,
surface_minus_bottom_temperature_C,ngofs2_regulargrid_v1,2026-09-29T18:00:00+00:00,False,Battles Wharf,0.75,30.490000000000002,-87.94,-0.5390224456787109,degC,,same_grid_node_time_surface_bottom,SELF_FILE_HASH_AT_COMMIT,MODEL_DERIVED,0.0,0608f6e3348199a381118fc6f8f5b0b2d8002c3b6fb6da1686d3bce583d23afc,,
bottom_minus_surface_shoreward_current_m_s,ngofs2_regulargrid_v1,2026-09-29T18:00:00+00:00,False,Battles Wharf,0.75,30.490000000000002,-87.94,0.0010704472661018337,m/s,,same_grid_node_time_surface_bottom,SELF_FILE_HASH_AT_COMMIT,MODEL_DERIVED,0.0,0608f6e3348199a381118fc6f8f5b0b2d8002c3b6fb6da1686d3bce583d23afc,,
surface_minus_bottom_salinity_psu,ngofs2_regulargrid_v1,2026-09-29T18:00:00+00:00,False,Battles Wharf,1.5,30.5,-87.94,-1.0047664642333984,PSU,,same_grid_node_time_surface_bottom,SELF_FILE_HASH_AT_COMMIT,MODEL_DERIVED,0.0,0608f6e3348199a381118fc6f8f5b0b2d8002c3b6fb6da1686d3bce583d23afc,,
surface_minus_bottom_temperature_C,ngofs2_regulargrid_v1,2026-09-29T18:00:00+00:00,False,Battles Wharf,1.5,30.5,-87.94,-0.6353836059570312,degC,,same_grid_node_time_surface_bottom,SELF_FILE_HASH_AT_COMMIT,MODEL_DERIVED,0.0,0608f6e3348199a381118fc6f8f5b0b2d8002c3b6fb6da1686d3bce583d23afc,,
bottom_minus_surface_shoreward_current_m_s,ngofs2_regulargrid_v1,2026-09-29T18:00:00+00:00,False,Battles Wharf,1.5,30.5,-87.94,0.010834123939275738,m/s,,same_grid_node_time_surface_bottom,SELF_FILE_HASH_AT_COMMIT,MODEL_DERIVED,0.0,0608f6e3348199a381118fc6f8f5b0b2d8002c3b6fb6da1686d3bce583d23afc,,
surface_minus_bottom_salinity_psu,ngofs2_regulargrid_v1,2026-09-29T18:00:00+00:00,False,Battles Wharf,3.0,30.490000000000002,-87.96,-2.2257652282714844,PSU,,same_grid_node_time_surface_bottom,SELF_FILE_HASH_AT_COMMIT,MODEL_DERIVED,0.0,0608f6e3348199a381118fc6f8f5b0b2d8002c3b6fb6da1686d3bce583d23afc,,
surface_minus_bottom_temperature_C,ngofs2_regulargrid_v1,2026-09-29T18:00:00+00:00,False,Battles Wharf,3.0,30.490000000000002,-87.96,-0.7034072875976562,degC,,same_grid_node_time_surface_bottom,SELF_FILE_HASH_AT_COMMIT,MODEL_DERIVED,0.0,0608f6e3348199a381118fc6f8f5b0b2d8002c3b6fb6da1686d3bce583d23afc,,
bottom_minus_surface_shoreward_current_m_s,ngofs2_regulargrid_v1,2026-09-29T18:00:00+00:00,False,Battles Wharf,3.0,30.490000000000002,-87.96,0.11271122843027116,m/s,,same_grid_node_time_surface_bottom,SELF_FILE_HASH_AT_COMMIT,MODEL_DERIVED,0.0,0608f6e3348199a381118fc6f8f5b0b2d8002c3b6fb6da1686d3bce583d23afc,,
surface_minus_bottom_salinity_psu,ngofs2_regulargrid_v1,2026-09-29T18:00:00+00:00,False,Point Clear/Grand Hotel,0.25,30.490000000000002,-87.94,-0.3786125183105469,PSU,,same_grid_node_time_surface_bottom,SELF_FILE_HASH_AT_COMMIT,MODEL_DERIVED,0.0,0608f6e3348199a381118fc6f8f5b0b2d8002c3b6fb6da1686d3bce583d23afc,,
surface_minus_bottom_temperature_C,ngofs2_regulargrid_v1,2026-09-29T18:00:00+00:00,False,Point Clear/Grand Hotel,0.25,30.490000000000002,-87.94,-0.5390224456787109,degC,,same_grid_node_time_surface_bottom,SELF_FILE_HASH_AT_COMMIT,MODEL_DERIVED,0.0,0608f6e3348199a381118fc6f8f5b0b2d8002c3b6fb6da1686d3bce583d23afc,,
bottom_minus_surface_shoreward_current_m_s,ngofs2_regulargrid_v1,2026-09-29T18:00:00+00:00,False,Point Clear/Grand Hotel,0.25,30.490000000000002,-87.94,0.0010704472661018337,m/s,,same_grid_node_time_surface_bottom,SELF_FILE_HASH_AT_COMMIT,MODEL_DERIVED,0.0,0608f6e3348199a381118fc6f8f5b0b2d8002c3b6fb6da1686d3bce583d23afc,,
surface_minus_bottom_salinity_psu,ngofs2_regulargrid_v1,2026-09-29T18:00:00+00:00,False,Point Clear/Grand Hotel,0.75,30.48,-87.94,-0.6276950836181641,PSU,,same_grid_node_time_surface_bottom,SELF_FILE_HASH_AT_COMMIT,MODEL_DERIVED,0.0,0608f6e3348199a381118fc6f8f5b0b2d8002c3b6fb6da1686d3bce583d23afc,,
surface_minus_bottom_temperature_C,ngofs2_regulargrid_v1,2026-09-29T18:00:00+00:00,False,Point Clear/Grand Hotel,0.75,30.48,-87.94,-0.6014423370361328,degC,,same_grid_node_time_surface_bottom,SELF_FILE_HASH_AT_COMMIT,MODEL_DERIVED,0.0,0608f6e3348199a381118fc6f8f5b0b2d8002c3b6fb6da1686d3bce583d23afc,,
bottom_minus_surface_shoreward_current_m_s,ngofs2_regulargrid_v1,2026-09-29T18:00:00+00:00,False,Point Clear/Grand Hotel,0.75,30.48,-87.94,0.04189310222864151,m/s,,same_grid_node_time_surface_bottom,SELF_FILE_HASH_AT_COMMIT,MODEL_DERIVED,0.0,0608f6e3348199a381118fc6f8f5b0b2d8002c3b6fb6da1686d3bce583d23afc,,
surface_minus_bottom_salinity_psu,ngofs2_regulargrid_v1,2026-09-29T18:00:00+00:00,False,Point Clear/Grand Hotel,1.5,30.490000000000002,-87.94999999999999,-1.8032817840576172,PSU,,same_grid_node_time_surface_bottom,SELF_FILE_HASH_AT_COMMIT,MODEL_DERIVED,0.0,0608f6e3348199a381118fc6f8f5b0b2d8002c3b6fb6da1686d3bce583d23afc,,
surface_minus_bottom_temperature_C,ngofs2_regulargrid_v1,2026-09-29T18:00:00+00:00,False,Point Clear/Grand Hotel,1.5,30.490000000000002,-87.94999999999999,-0.6422481536865234,degC,,same_grid_node_time_surface_bottom,SELF_FILE_HASH_AT_COMMIT,MODEL_DERIVED,0.0,0608f6e3348199a381118fc6f8f5b0b2d8002c3b6fb6da1686d3bce583d23afc,,
bottom_minus_surface_shoreward_current_m_s,ngofs2_regulargrid_v1,2026-09-29T18:00:00+00:00,False,Point Clear/Grand Hotel,1.5,30.490000000000002,-87.94999999999999,0.06763799116015434,m/s,,same_grid_node_time_surface_bottom,SELF_FILE_HASH_AT_COMMIT,MODEL_DERIVED,0.0,0608f6e3348199a381118fc6f8f5b0b2d8002c3b6fb6da1686d3bce583d23afc,,
surface_minus_bottom_salinity_psu,ngofs2_regulargrid_v1,2026-09-29T18:00:00+00:00,False,Point Clear/Grand Hotel,3.0,30.490000000000002,-87.97,-2.192911148071289,PSU,,same_grid_node_time_surface_bottom,SELF_FILE_HASH_AT_COMMIT,MODEL_DERIVED,0.0,0608f6e3348199a381118fc6f8f5b0b2d8002c3b6fb6da1686d3bce583d23afc,,
surface_minus_bottom_temperature_C,ngofs2_regulargrid_v1,2026-09-29T18:00:00+00:00,False,Point Clear/Grand Hotel,3.0,30.490000000000002,-87.97,-0.7730693817138672,degC,,same_grid_node_time_surface_bottom,SELF_FILE_HASH_AT_COMMIT,MODEL_DERIVED,0.0,0608f6e3348199a381118fc6f8f5b0b2d8002c3b6fb6da1686d3bce583d23afc,,
bottom_minus_surface_shoreward_current_m_s,ngofs2_regulargrid_v1,2026-09-29T18:00:00+00:00,False,Point Clear/Grand Hotel,3.0,30.490000000000002,-87.97,0.13060178235173225,m/s,,same_grid_node_time_surface_bottom,SELF_FILE_HASH_AT_COMMIT,MODEL_DERIVED,0.0,0608f6e3348199a381118fc6f8f5b0b2d8002c3b6fb6da1686d3bce583d23afc,,
surface_minus_bottom_salinity_psu,ngofs2_regulargrid_v1,2026-09-29T18:00:00+00:00,False,Mullet Point,0.25,30.41,-87.91,0.004871368408203125,PSU,,same_grid_node_time_surface_bottom,SELF_FILE_HASH_AT_COMMIT,MODEL_DERIVED,0.0,0608f6e3348199a381118fc6f8f5b0b2d8002c3b6fb6da1686d3bce583d23afc,,
surface_minus_bottom_temperature_C,ngofs2_regulargrid_v1,2026-09-29T18:00:00+00:00,False,Mullet Point,0.25,30.41,-87.91,-0.0097198486328125,degC,,same_grid_node_time_surface_bottom,SELF_FILE_HASH_AT_COMMIT,MODEL_DERIVED,0.0,0608f6e3348199a381118fc6f8f5b0b2d8002c3b6fb6da1686d3bce583d23afc,,
bottom_minus_surface_shoreward_current_m_s,ngofs2_regulargrid_v1,2026-09-29T18:00:00+00:00,False,Mullet Point,0.25,30.41,-87.91,0.022664085030555718,m/s,,same_grid_node_time_surface_bottom,SELF_FILE_HASH_AT_COMMIT,MODEL_DERIVED,0.0,0608f6e3348199a381118fc6f8f5b0b2d8002c3b6fb6da1686d3bce583d23afc,,
surface_minus_bottom_salinity_psu,ngofs2_regulargrid_v1,2026-09-29T18:00:00+00:00,False,Mullet Point,0.75,30.42,-87.91999999999999,0.002452850341796875,PSU,,same_grid_node_time_surface_bottom,SELF_FILE_HASH_AT_COMMIT,MODEL_DERIVED,0.0,0608f6e3348199a381118fc6f8f5b0b2d8002c3b6fb6da1686d3bce583d23afc,,
surface_minus_bottom_temperature_C,ngofs2_regulargrid_v1,2026-09-29T18:00:00+00:00,False,Mullet Point,0.75,30.42,-87.91999999999999,-0.021526336669921875,degC,,same_grid_node_time_surface_bottom,SELF_FILE_HASH_AT_COMMIT,MODEL_DERIVED,0.0,0608f6e3348199a381118fc6f8f5b0b2d8002c3b6fb6da1686d3bce583d23afc,,
bottom_minus_surface_shoreward_current_m_s,ngofs2_regulargrid_v1,2026-09-29T18:00:00+00:00,False,Mullet Point,0.75,30.42,-87.91999999999999,0.010202365927398203,m/s,,same_grid_node_time_surface_bottom,SELF_FILE_HASH_AT_COMMIT,MODEL_DERIVED,0.0,0608f6e3348199a381118fc6f8f5b0b2d8002c3b6fb6da1686d3bce583d23afc,,
surface_minus_bottom_salinity_psu,ngofs2_regulargrid_v1,2026-09-29T18:00:00+00:00,False,Mullet Point,1.5,30.42,-87.92999999999999,-0.04732513427734375,PSU,,same_grid_node_time_surface_bottom,SELF_FILE_HASH_AT_COMMIT,MODEL_DERIVED,0.0,0608f6e3348199a381118fc6f8f5b0b2d8002c3b6fb6da1686d3bce583d23afc,,
surface_minus_bottom_temperature_C,ngofs2_regulargrid_v1,2026-09-29T18:00:00+00:00,False,Mullet Point,1.5,30.42,-87.92999999999999,-0.022594451904296875,degC,,same_grid_node_time_surface_bottom,SELF_FILE_HASH_AT_COMMIT,MODEL_DERIVED,0.0,0608f6e3348199a381118fc6f8f5b0b2d8002c3b6fb6da1686d3bce583d23afc,,
bottom_minus_surface_shoreward_current_m_s,ngofs2_regulargrid_v1,2026-09-29T18:00:00+00:00,False,Mullet Point,1.5,30.42,-87.92999999999999,0.019761713221669197,m/s,,same_grid_node_time_surface_bottom,SELF_FILE_HASH_AT_COMMIT,MODEL_DERIVED,0.0,0608f6e3348199a381118fc6f8f5b0b2d8002c3b6fb6da1686d3bce583d23afc,,
surface_minus_bottom_salinity_psu,ngofs2_regulargrid_v1,2026-09-29T18:00:00+00:00,False,Mullet Point,3.0,30.42,-87.94,-0.020692825317382812,PSU,,same_grid_node_time_surface_bottom,SELF_FILE_HASH_AT_COMMIT,MODEL_DERIVED,0.0,0608f6e3348199a381118fc6f8f5b0b2d8002c3b6fb6da1686d3bce583d23afc,,
surface_minus_bottom_temperature_C,ngofs2_regulargrid_v1,2026-09-29T18:00:00+00:00,False,Mullet Point,3.0,30.42,-87.94,0.026506423950195312,degC,,same_grid_node_time_surface_bottom,SELF_FILE_HASH_AT_COMMIT,MODEL_DERIVED,0.0,0608f6e3348199a381118fc6f8f5b0b2d8002c3b6fb6da1686d3bce583d23afc,,
bottom_minus_surface_shoreward_current_m_s,ngofs2_regulargrid_v1,2026-09-29T18:00:00+00:00,False,Mullet Point,3.0,30.42,-87.94,0.012163284700363871,m/s,,same_grid_node_time_surface_bottom,SELF_FILE_HASH_AT_COMMIT,MODEL_DERIVED,0.0,0608f6e3348199a381118fc6f8f5b0b2d8002c3b6fb6da1686d3bce583d23afc,,
surface_minus_bottom_salinity_psu,ngofs2_regulargrid_v1,2026-09-29T21:00:00+00:00,False,Daphne/May Day,0.25,30.6,-87.91999999999999,-3.7448434829711914,PSU,,same_grid_node_time_surface_bottom,SELF_FILE_HASH_AT_COMMIT,MODEL_DERIVED,0.0,0608f6e3348199a381118fc6f8f5b0b2d8002c3b6fb6da1686d3bce583d23afc,,
surface_minus_bottom_temperature_C,ngofs2_regulargrid_v1,2026-09-29T21:00:00+00:00,False,Daphne/May Day,0.25,30.6,-87.91999999999999,-1.4105205535888672,degC,,same_grid_node_time_surface_bottom,SELF_FILE_HASH_AT_COMMIT,MODEL_DERIVED,0.0,0608f6e3348199a381118fc6f8f5b0b2d8002c3b6fb6da1686d3bce583d23afc,,
bottom_minus_surface_shoreward_current_m_s,ngofs2_regulargrid_v1,2026-09-29T21:00:00+00:00,False,Daphne/May Day,0.25,30.6,-87.91999999999999,0.04643925093114376,m/s,,same_grid_node_time_surface_bottom,SELF_FILE_HASH_AT_COMMIT,MODEL_DERIVED,0.0,0608f6e3348199a381118fc6f8f5b0b2d8002c3b6fb6da1686d3bce583d23afc,,
surface_minus_bottom_salinity_psu,ngofs2_regulargrid_v1,2026-09-29T21:00:00+00:00,False,Daphne/May Day,0.75,30.6,-87.92999999999999,-3.901108741760254,PSU,,same_grid_node_time_surface_bottom,SELF_FILE_HASH_AT_COMMIT,MODEL_DERIVED,0.0,0608f6e3348199a381118fc6f8f5b0b2d8002c3b6fb6da1686d3bce583d23afc,,
surface_minus_bottom_temperature_C,ngofs2_regulargrid_v1,2026-09-29T21:00:00+00:00,False,Daphne/May Day,0.75,30.6,-87.92999999999999,-0.9863605499267578,degC,,same_grid_node_time_surface_bottom,SELF_FILE_HASH_AT_COMMIT,MODEL_DERIVED,0.0,0608f6e3348199a381118fc6f8f5b0b2d8002c3b6fb6da1686d3bce583d23afc,,
bottom_minus_surface_shoreward_current_m_s,ngofs2_regulargrid_v1,2026-09-29T21:00:00+00:00,False,Daphne/May Day,0.75,30.6,-87.92999999999999,0.008596017025411132,m/s,,same_grid_node_time_surface_bottom,SELF_FILE_HASH_AT_COMMIT,MODEL_DERIVED,0.0,0608f6e3348199a381118fc6f8f5b0b2d8002c3b6fb6da1686d3bce583d23afc,,
surface_minus_bottom_salinity_psu,ngofs2_regulargrid_v1,2026-09-29T21:00:00+00:00,False,Daphne/May Day,1.5,30.59,-87.92999999999999,-4.849754333496094,PSU,,same_grid_node_time_surface_bottom,SELF_FILE_HASH_AT_COMMIT,MODEL_DERIVED,0.0,0608f6e3348199a381118fc6f8f5b0b2d8002c3b6fb6da1686d3bce583d23afc,,
surface_minus_bottom_temperature_C,ngofs2_regulargrid_v1,2026-09-29T21:00:00+00:00,False,Daphne/May Day,1.5,30.59,-87.92999999999999,-1.0307350158691406,degC,,same_grid_node_time_surface_bottom,SELF_FILE_HASH_AT_COMMIT,MODEL_DERIVED,0.0,0608f6e3348199a381118fc6f8f5b0b2d8002c3b6fb6da1686d3bce583d23afc,,
bottom_minus_surface_shoreward_current_m_s,ngofs2_regulargrid_v1,2026-09-29T21:00:00+00:00,False,Daphne/May Day,1.5,30.59,-87.92999999999999,0.039338552393019206,m/s,,same_grid_node_time_surface_bottom,SELF_FILE_HASH_AT_COMMIT,MODEL_DERIVED,0.0,0608f6e3348199a381118fc6f8f5b0b2d8002c3b6fb6da1686d3bce583d23afc,,
surface_minus_bottom_salinity_psu,ngofs2_regulargrid_v1,2026-09-29T21:00:00+00:00,False,Daphne/May Day,3.0,30.6,-87.94,-4.625170707702637,PSU,,same_grid_node_time_surface_bottom,SELF_FILE_HASH_AT_COMMIT,MODEL_DERIVED,0.0,0608f6e3348199a381118fc6f8f5b0b2d8002c3b6fb6da1686d3bce583d23afc,,
surface_minus_bottom_temperature_C,ngofs2_regulargrid_v1,2026-09-29T21:00:00+00:00,False,Daphne/May Day,3.0,30.6,-87.94,-1.057342529296875,degC,,same_grid_node_time_surface_bottom,SELF_FILE_HASH_AT_COMMIT,MODEL_DERIVED,0.0,0608f6e3348199a381118fc6f8f5b0b2d8002c3b6fb6da1686d3bce583d23afc,,
bottom_minus_surface_shoreward_current_m_s,ngofs2_regulargrid_v1,2026-09-29T21:00:00+00:00,False,Daphne/May Day,3.0,30.6,-87.94,0.03698969446122647,m/s,,same_grid_node_time_surface_bottom,SELF_FILE_HASH_AT_COMMIT,MODEL_DERIVED,0.0,0608f6e3348199a381118fc6f8f5b0b2d8002c3b6fb6da1686d3bce583d23afc,,
surface_minus_bottom_salinity_psu,ngofs2_regulargrid_v1,2026-09-29T21:00:00+00:00,False,Montrose,0.25,30.57,-87.91,-1.224569320678711,PSU,,same_grid_node_time_surface_bottom,SELF_FILE_HASH_AT_COMMIT,MODEL_DERIVED,0.0,0608f6e3348199a381118fc6f8f5b0b2d8002c3b6fb6da1686d3bce583d23afc,,
surface_minus_bottom_temperature_C,ngofs2_regulargrid_v1,2026-09-29T21:00:00+00:00,False,Montrose,0.25,30.57,-87.91,-0.5913066864013672,degC,,same_grid_node_time_surface_bottom,SELF_FILE_HASH_AT_COMMIT,MODEL_DERIVED,0.0,0608f6e3348199a381118fc6f8f5b0b2d8002c3b6fb6da1686d3bce583d23afc,,
bottom_minus_surface_shoreward_current_m_s,ngofs2_regulargrid_v1,2026-09-29T21:00:00+00:00,False,Montrose,0.25,30.57,-87.91,0.004542237846180799,m/s,,same_grid_node_time_surface_bottom,SELF_FILE_HASH_AT_COMMIT,MODEL_DERIVED,0.0,0608f6e3348199a381118fc6f8f5b0b2d8002c3b6fb6da1686d3bce583d23afc,,
surface_minus_bottom_salinity_psu,ngofs2_regulargrid_v1,2026-09-29T21:00:00+00:00,False,Montrose,0.75,30.560000000000002,-87.91,-1.6808528900146484,PSU,,same_grid_node_time_surface_bottom,SELF_FILE_HASH_AT_COMMIT,MODEL_DERIVED,0.0,0608f6e3348199a381118fc6f8f5b0b2d8002c3b6fb6da1686d3bce583d23afc,,
surface_minus_bottom_temperature_C,ngofs2_regulargrid_v1,2026-09-29T21:00:00+00:00,False,Montrose,0.75,30.560000000000002,-87.91,-0.42218589782714844,degC,,same_grid_node_time_surface_bottom,SELF_FILE_HASH_AT_COMMIT,MODEL_DERIVED,0.0,0608f6e3348199a381118fc6f8f5b0b2d8002c3b6fb6da1686d3bce583d23afc,,
bottom_minus_surface_shoreward_current_m_s,ngofs2_regulargrid_v1,2026-09-29T21:00:00+00:00,False,Montrose,0.75,30.560000000000002,-87.91,0.03766848146915436,m/s,,same_grid_node_time_surface_bottom,SELF_FILE_HASH_AT_COMMIT,MODEL_DERIVED,0.0,0608f6e3348199a381118fc6f8f5b0b2d8002c3b6fb6da1686d3bce583d23afc,,
surface_minus_bottom_salinity_psu,ngofs2_regulargrid_v1,2026-09-29T21:00:00+00:00,False,Montrose,1.5,30.57,-87.91999999999999,-3.0237960815429688,PSU,,same_grid_node_time_surface_bottom,SELF_FILE_HASH_AT_COMMIT,MODEL_DERIVED,0.0,0608f6e3348199a381118fc6f8f5b0b2d8002c3b6fb6da1686d3bce583d23afc,,
surface_minus_bottom_temperature_C,ngofs2_regulargrid_v1,2026-09-29T21:00:00+00:00,False,Montrose,1.5,30.57,-87.91999999999999,-0.5017013549804688,degC,,same_grid_node_time_surface_bottom,SELF_FILE_HASH_AT_COMMIT,MODEL_DERIVED,0.0,0608f6e3348199a381118fc6f8f5b0b2d8002c3b6fb6da1686d3bce583d23afc,,
bottom_minus_surface_shoreward_current_m_s,ngofs2_regulargrid_v1,2026-09-29T21:00:00+00:00,False,Montrose,1.5,30.57,-87.91999999999999,0.013385820086114114,m/s,,same_grid_node_time_surface_bottom,SELF_FILE_HASH_AT_COMMIT,MODEL_DERIVED,0.0,0608f6e3348199a381118fc6f8f5b0b2d8002c3b6fb6da1686d3bce583d23afc,,
surface_minus_bottom_salinity_psu,ngofs2_regulargrid_v1,2026-09-29T21:00:00+00:00,False,Montrose,3.0,30.57,-87.92999999999999,-4.263932228088379,PSU,,same_grid_node_time_surface_bottom,SELF_FILE_HASH_AT_COMMIT,MODEL_DERIVED,0.0,0608f6e3348199a381118fc6f8f5b0b2d8002c3b6fb6da1686d3bce583d23afc,,
surface_minus_bottom_temperature_C,ngofs2_regulargrid_v1,2026-09-29T21:00:00+00:00,False,Montrose,3.0,30.57,-87.92999999999999,-0.5812225341796875,degC,,same_grid_node_time_surface_bottom,SELF_FILE_HASH_AT_COMMIT,MODEL_DERIVED,0.0,0608f6e3348199a381118fc6f8f5b0b2d8002c3b6fb6da1686d3bce583d23afc,,
bottom_minus_surface_shoreward_current_m_s,ngofs2_regulargrid_v1,2026-09-29T21:00:00+00:00,False,Montrose,3.0,30.57,-87.92999999999999,0.0639312230050564,m/s,,same_grid_node_time_surface_bottom,SELF_FILE_HASH_AT_COMMIT,MODEL_DERIVED,0.0,0608f6e3348199a381118fc6f8f5b0b2d8002c3b6fb6da1686d3bce583d23afc,,
surface_minus_bottom_salinity_psu,ngofs2_regulargrid_v1,2026-09-29T21:00:00+00:00,False,Fairhope/Fly Creek/Pier,0.25,30.52,-87.91999999999999,-1.2140693664550781,PSU,,same_grid_node_time_surface_bottom,SELF_FILE_HASH_AT_COMMIT,MODEL_DERIVED,0.0,0608f6e3348199a381118fc6f8f5b0b2d8002c3b6fb6da1686d3bce583d23afc,,
surface_minus_bottom_temperature_C,ngofs2_regulargrid_v1,2026-09-29T21:00:00+00:00,False,Fairhope/Fly Creek/Pier,0.25,30.52,-87.91999999999999,-0.5792827606201172,degC,,same_grid_node_time_surface_bottom,SELF_FILE_HASH_AT_COMMIT,MODEL_DERIVED,0.0,0608f6e3348199a381118fc6f8f5b0b2d8002c3b6fb6da1686d3bce583d23afc,,
bottom_minus_surface_shoreward_current_m_s,ngofs2_regulargrid_v1,2026-09-29T21:00:00+00:00,False,Fairhope/Fly Creek/Pier,0.25,30.52,-87.91999999999999,0.02757882559671998,m/s,,same_grid_node_time_surface_bottom,SELF_FILE_HASH_AT_COMMIT,MODEL_DERIVED,0.0,0608f6e3348199a381118fc6f8f5b0b2d8002c3b6fb6da1686d3bce583d23afc,,
surface_minus_bottom_salinity_psu,ngofs2_regulargrid_v1,2026-09-29T21:00:00+00:00,False,Fairhope/Fly Creek/Pier,0.75,30.53,-87.91999999999999,-2.398716926574707,PSU,,same_grid_node_time_surface_bottom,SELF_FILE_HASH_AT_COMMIT,MODEL_DERIVED,0.0,0608f6e3348199a381118fc6f8f5b0b2d8002c3b6fb6da1686d3bce583d23afc,,
surface_minus_bottom_temperature_C,ngofs2_regulargrid_v1,2026-09-29T21:00:00+00:00,False,Fairhope/Fly Creek/Pier,0.75,30.53,-87.91999999999999,-0.6266860961914062,degC,,same_grid_node_time_surface_bottom,SELF_FILE_HASH_AT_COMMIT,MODEL_DERIVED,0.0,0608f6e3348199a381118fc6f8f5b0b2d8002c3b6fb6da1686d3bce583d23afc,,
bottom_minus_surface_shoreward_current_m_s,ngofs2_regulargrid_v1,2026-09-29T21:00:00+00:00,False,Fairhope/Fly Creek/Pier,0.75,30.53,-87.91999999999999,0.11221718043088913,m/s,,same_grid_node_time_surface_bottom,SELF_FILE_HASH_AT_COMMIT,MODEL_DERIVED,0.0,0608f6e3348199a381118fc6f8f5b0b2d8002c3b6fb6da1686d3bce583d23afc,,
surface_minus_bottom_salinity_psu,ngofs2_regulargrid_v1,2026-09-29T21:00:00+00:00,False,Fairhope/Fly Creek/Pier,1.5,30.52,-87.92999999999999,-2.1487531661987305,PSU,,same_grid_node_time_surface_bottom,SELF_FILE_HASH_AT_COMMIT,MODEL_DERIVED,0.0,0608f6e3348199a381118fc6f8f5b0b2d8002c3b6fb6da1686d3bce583d23afc,,
surface_minus_bottom_temperature_C,ngofs2_regulargrid_v1,2026-09-29T21:00:00+00:00,False,Fairhope/Fly Creek/Pier,1.5,30.52,-87.92999999999999,-0.6107826232910156,degC,,same_grid_node_time_surface_bottom,SELF_FILE_HASH_AT_COMMIT,MODEL_DERIVED,0.0,0608f6e3348199a381118fc6f8f5b0b2d8002c3b6fb6da1686d3bce583d23afc,,
bottom_minus_surface_shoreward_current_m_s,ngofs2_regulargrid_v1,2026-09-29T21:00:00+00:00,False,Fairhope/Fly Creek/Pier,1.5,30.52,-87.92999999999999,0.13835660368204117,m/s,,same_grid_node_time_surface_bottom,SELF_FILE_HASH_AT_COMMIT,MODEL_DERIVED,0.0,0608f6e3348199a381118fc6f8f5b0b2d8002c3b6fb6da1686d3bce583d23afc,,
surface_minus_bottom_salinity_psu,ngofs2_regulargrid_v1,2026-09-29T21:00:00+00:00,False,Fairhope/Fly Creek/Pier,3.0,30.52,-87.94999999999999,-5.72489070892334,PSU,,same_grid_node_time_surface_bottom,SELF_FILE_HASH_AT_COMMIT,MODEL_DERIVED,0.0,0608f6e3348199a381118fc6f8f5b0b2d8002c3b6fb6da1686d3bce583d23afc,,
surface_minus_bottom_temperature_C,ngofs2_regulargrid_v1,2026-09-29T21:00:00+00:00,False,Fairhope/Fly Creek/Pier,3.0,30.52,-87.94999999999999,-0.7796001434326172,degC,,same_grid_node_time_surface_bottom,SELF_FILE_HASH_AT_COMMIT,MODEL_DERIVED,0.0,0608f6e3348199a381118fc6f8f5b0b2d8002c3b6fb6da1686d3bce583d23afc,,
bottom_minus_surface_shoreward_current_m_s,ngofs2_regulargrid_v1,2026-09-29T21:00:00+00:00,False,Fairhope/Fly Creek/Pier,3.0,30.52,-87.94999999999999,0.1270410344004631,m/s,,same_grid_node_time_surface_bottom,SELF_FILE_HASH_AT_COMMIT,MODEL_DERIVED,0.0,0608f6e3348199a381118fc6f8f5b0b2d8002c3b6fb6da1686d3bce583d23afc,,
surface_minus_bottom_salinity_psu,ngofs2_regulargrid_v1,2026-09-29T21:00:00+00:00,False,Battles Wharf,0.25,30.5,-87.92999999999999,0.0003204345703125,PSU,,same_grid_node_time_surface_bottom,SELF_FILE_HASH_AT_COMMIT,MODEL_DERIVED,0.0,0608f6e3348199a381118fc6f8f5b0b2d8002c3b6fb6da1686d3bce583d23afc,,
surface_minus_bottom_temperature_C,ngofs2_regulargrid_v1,2026-09-29T21:00:00+00:00,False,Battles Wharf,0.25,30.5,-87.92999999999999,-0.016445159912109375,degC,,same_grid_node_time_surface_bottom,SELF_FILE_HASH_AT_COMMIT,MODEL_DERIVED,0.0,0608f6e3348199a381118fc6f8f5b0b2d8002c3b6fb6da1686d3bce583d23afc,,
bottom_minus_surface_shoreward_current_m_s,ngofs2_regulargrid_v1,2026-09-29T21:00:00+00:00,False,Battles Wharf,0.25,30.5,-87.92999999999999,0.002652798779308797,m/s,,same_grid_node_time_surface_bottom,SELF_FILE_HASH_AT_COMMIT,MODEL_DERIVED,0.0,0608f6e3348199a381118fc6f8f5b0b2d8002c3b6fb6da1686d3bce583d23afc,,
surface_minus_bottom_salinity_psu,ngofs2_regulargrid_v1,2026-09-29T21:00:00+00:00,False,Battles Wharf,0.75,30.490000000000002,-87.94,0.0022220611572265625,PSU,,same_grid_node_time_surface_bottom,SELF_FILE_HASH_AT_COMMIT,MODEL_DERIVED,0.0,0608f6e3348199a381118fc6f8f5b0b2d8002c3b6fb6da1686d3bce583d23afc,,
surface_minus_bottom_temperature_C,ngofs2_regulargrid_v1,2026-09-29T21:00:00+00:00,False,Battles Wharf,0.75,30.490000000000002,-87.94,-0.013195037841796875,degC,,same_grid_node_time_surface_bottom,SELF_FILE_HASH_AT_COMMIT,MODEL_DERIVED,0.0,0608f6e3348199a381118fc6f8f5b0b2d8002c3b6fb6da1686d3bce583d23afc,,
bottom_minus_surface_shoreward_current_m_s,ngofs2_regulargrid_v1,2026-09-29T21:00:00+00:00,False,Battles Wharf,0.75,30.490000000000002,-87.94,-0.0002531725913286209,m/s,,same_grid_node_time_surface_bottom,SELF_FILE_HASH_AT_COMMIT,MODEL_DERIVED,0.0,0608f6e3348199a381118fc6f8f5b0b2d8002c3b6fb6da1686d3bce583d23afc,,
surface_minus_bottom_salinity_psu,ngofs2_regulargrid_v1,2026-09-29T21:00:00+00:00,False,Battles Wharf,1.5,30.5,-87.94,-0.191436767578125,PSU,,same_grid_node_time_surface_bottom,SELF_FILE_HASH_AT_COMMIT,MODEL_DERIVED,0.0,0608f6e3348199a381118fc6f8f5b0b2d8002c3b6fb6da1686d3bce583d23afc,,
surface_minus_bottom_temperature_C,ngofs2_regulargrid_v1,2026-09-29T21:00:00+00:00,False,Battles Wharf,1.5,30.5,-87.94,-0.24457931518554688,degC,,same_grid_node_time_surface_bottom,SELF_FILE_HASH_AT_COMMIT,MODEL_DERIVED,0.0,0608f6e3348199a381118fc6f8f5b0b2d8002c3b6fb6da1686d3bce583d23afc,,
bottom_minus_surface_shoreward_current_m_s,ngofs2_regulargrid_v1,2026-09-29T21:00:00+00:00,False,Battles Wharf,1.5,30.5,-87.94,-0.0032860916107893007,m/s,,same_grid_node_time_surface_bottom,SELF_FILE_HASH_AT_COMMIT,MODEL_DERIVED,0.0,0608f6e3348199a381118fc6f8f5b0b2d8002c3b6fb6da1686d3bce583d23afc,,
surface_minus_bottom_salinity_psu,ngofs2_regulargrid_v1,2026-09-29T21:00:00+00:00,False,Battles Wharf,3.0,30.490000000000002,-87.96,-1.4549446105957031,PSU,,same_grid_node_time_surface_bottom,SELF_FILE_HASH_AT_COMMIT,MODEL_DERIVED,0.0,0608f6e3348199a381118fc6f8f5b0b2d8002c3b6fb6da1686d3bce583d23afc,,
surface_minus_bottom_temperature_C,ngofs2_regulargrid_v1,2026-09-29T21:00:00+00:00,False,Battles Wharf,3.0,30.490000000000002,-87.96,-0.6170063018798828,degC,,same_grid_node_time_surface_bottom,SELF_FILE_HASH_AT_COMMIT,MODEL_DERIVED,0.0,0608f6e3348199a381118fc6f8f5b0b2d8002c3b6fb6da1686d3bce583d23afc,,
bottom_minus_surface_shoreward_current_m_s,ngofs2_regulargrid_v1,2026-09-29T21:00:00+00:00,False,Battles Wharf,3.0,30.490000000000002,-87.96,-0.0540489791892469,m/s,,same_grid_node_time_surface_bottom,SELF_FILE_HASH_AT_COMMIT,MODEL_DERIVED,0.0,0608f6e3348199a381118fc6f8f5b0b2d8002c3b6fb6da1686d3bce583d23afc,,
surface_minus_bottom_salinity_psu,ngofs2_regulargrid_v1,2026-09-29T21:00:00+00:00,False,Point Clear/Grand Hotel,0.25,30.490000000000002,-87.94,0.0022220611572265625,PSU,,same_grid_node_time_surface_bottom,SELF_FILE_HASH_AT_COMMIT,MODEL_DERIVED,0.0,0608f6e3348199a381118fc6f8f5b0b2d8002c3b6fb6da1686d3bce583d23afc,,
surface_minus_bottom_temperature_C,ngofs2_regulargrid_v1,2026-09-29T21:00:00+00:00,False,Point Clear/Grand Hotel,0.25,30.490000000000002,-87.94,-0.013195037841796875,degC,,same_grid_node_time_surface_bottom,SELF_FILE_HASH_AT_COMMIT,MODEL_DERIVED,0.0,0608f6e3348199a381118fc6f8f5b0b2d8002c3b6fb6da1686d3bce583d23afc,,
bottom_minus_surface_shoreward_current_m_s,ngofs2_regulargrid_v1,2026-09-29T21:00:00+00:00,False,Point Clear/Grand Hotel,0.25,30.490000000000002,-87.94,-0.0002531725913286209,m/s,,same_grid_node_time_surface_bottom,SELF_FILE_HASH_AT_COMMIT,MODEL_DERIVED,0.0,0608f6e3348199a381118fc6f8f5b0b2d8002c3b6fb6da1686d3bce583d23afc,,
surface_minus_bottom_salinity_psu,ngofs2_regulargrid_v1,2026-09-29T21:00:00+00:00,False,Point Clear/Grand Hotel,0.75,30.48,-87.94,-0.14427947998046875,PSU,,same_grid_node_time_surface_bottom,SELF_FILE_HASH_AT_COMMIT,MODEL_DERIVED,0.0,0608f6e3348199a381118fc6f8f5b0b2d8002c3b6fb6da1686d3bce583d23afc,,
surface_minus_bottom_temperature_C,ngofs2_regulargrid_v1,2026-09-29T21:00:00+00:00,False,Point Clear/Grand Hotel,0.75,30.48,-87.94,-0.2385425567626953,degC,,same_grid_node_time_surface_bottom,SELF_FILE_HASH_AT_COMMIT,MODEL_DERIVED,0.0,0608f6e3348199a381118fc6f8f5b0b2d8002c3b6fb6da1686d3bce583d23afc,,
bottom_minus_surface_shoreward_current_m_s,ngofs2_regulargrid_v1,2026-09-29T21:00:00+00:00,False,Point Clear/Grand Hotel,0.75,30.48,-87.94,0.015878431499004364,m/s,,same_grid_node_time_surface_bottom,SELF_FILE_HASH_AT_COMMIT,MODEL_DERIVED,0.0,0608f6e3348199a381118fc6f8f5b0b2d8002c3b6fb6da1686d3bce583d23afc,,
surface_minus_bottom_salinity_psu,ngofs2_regulargrid_v1,2026-09-29T21:00:00+00:00,False,Point Clear/Grand Hotel,1.5,30.490000000000002,-87.94999999999999,-0.07087326049804688,PSU,,same_grid_node_time_surface_bottom,SELF_FILE_HASH_AT_COMMIT,MODEL_DERIVED,0.0,0608f6e3348199a381118fc6f8f5b0b2d8002c3b6fb6da1686d3bce583d23afc,,
surface_minus_bottom_temperature_C,ngofs2_regulargrid_v1,2026-09-29T21:00:00+00:00,False,Point Clear/Grand Hotel,1.5,30.490000000000002,-87.94999999999999,-0.11937904357910156,degC,,same_grid_node_time_surface_bottom,SELF_FILE_HASH_AT_COMMIT,MODEL_DERIVED,0.0,0608f6e3348199a381118fc6f8f5b0b2d8002c3b6fb6da1686d3bce583d23afc,,
bottom_minus_surface_shoreward_current_m_s,ngofs2_regulargrid_v1,2026-09-29T21:00:00+00:00,False,Point Clear/Grand Hotel,1.5,30.490000000000002,-87.94999999999999,0.01169751165434718,m/s,,same_grid_node_time_surface_bottom,SELF_FILE_HASH_AT_COMMIT,MODEL_DERIVED,0.0,0608f6e3348199a381118fc6f8f5b0b2d8002c3b6fb6da1686d3bce583d23afc,,
surface_minus_bottom_salinity_psu,ngofs2_regulargrid_v1,2026-09-29T21:00:00+00:00,False,Point Clear/Grand Hotel,3.0,30.490000000000002,-87.97,-2.5913619995117188,PSU,,same_grid_node_time_surface_bottom,SELF_FILE_HASH_AT_COMMIT,MODEL_DERIVED,0.0,0608f6e3348199a381118fc6f8f5b0b2d8002c3b6fb6da1686d3bce583d23afc,,
surface_minus_bottom_temperature_C,ngofs2_regulargrid_v1,2026-09-29T21:00:00+00:00,False,Point Clear/Grand Hotel,3.0,30.490000000000002,-87.97,-0.5845756530761719,degC,,same_grid_node_time_surface_bottom,SELF_FILE_HASH_AT_COMMIT,MODEL_DERIVED,0.0,0608f6e3348199a381118fc6f8f5b0b2d8002c3b6fb6da1686d3bce583d23afc,,
bottom_minus_surface_shoreward_current_m_s,ngofs2_regulargrid_v1,2026-09-29T21:00:00+00:00,False,Point Clear/Grand Hotel,3.0,30.490000000000002,-87.97,-0.011269561946392045,m/s,,same_grid_node_time_surface_bottom,SELF_FILE_HASH_AT_COMMIT,MODEL_DERIVED,0.0,0608f6e3348199a381118fc6f8f5b0b2d8002c3b6fb6da1686d3bce583d23afc,,
surface_minus_bottom_salinity_psu,ngofs2_regulargrid_v1,2026-09-29T21:00:00+00:00,False,Mullet Point,0.25,30.41,-87.91,-0.001659393310546875,PSU,,same_grid_node_time_surface_bottom,SELF_FILE_HASH_AT_COMMIT,MODEL_DERIVED,0.0,0608f6e3348199a381118fc6f8f5b0b2d8002c3b6fb6da1686d3bce583d23afc,,
surface_minus_bottom_temperature_C,ngofs2_regulargrid_v1,2026-09-29T21:00:00+00:00,False,Mullet Point,0.25,30.41,-87.91,-0.000102996826171875,degC,,same_grid_node_time_surface_bottom,SELF_FILE_HASH_AT_COMMIT,MODEL_DERIVED,0.0,0608f6e3348199a381118fc6f8f5b0b2d8002c3b6fb6da1686d3bce583d23afc,,
bottom_minus_surface_shoreward_current_m_s,ngofs2_regulargrid_v1,2026-09-29T21:00:00+00:00,False,Mullet Point,0.25,30.41,-87.91,0.026418562978506088,m/s,,same_grid_node_time_surface_bottom,SELF_FILE_HASH_AT_COMMIT,MODEL_DERIVED,0.0,0608f6e3348199a381118fc6f8f5b0b2d8002c3b6fb6da1686d3bce583d23afc,,
surface_minus_bottom_salinity_psu,ngofs2_regulargrid_v1,2026-09-29T21:00:00+00:00,False,Mullet Point,0.75,30.42,-87.91999999999999,0.003086090087890625,PSU,,same_grid_node_time_surface_bottom,SELF_FILE_HASH_AT_COMMIT,MODEL_DERIVED,0.0,0608f6e3348199a381118fc6f8f5b0b2d8002c3b6fb6da1686d3bce583d23afc,,
surface_minus_bottom_temperature_C,ngofs2_regulargrid_v1,2026-09-29T21:00:00+00:00,False,Mullet Point,0.75,30.42,-87.91999999999999,-0.0167083740234375,degC,,same_grid_node_time_surface_bottom,SELF_FILE_HASH_AT_COMMIT,MODEL_DERIVED,0.0,0608f6e3348199a381118fc6f8f5b0b2d8002c3b6fb6da1686d3bce583d23afc,,
bottom_minus_surface_shoreward_current_m_s,ngofs2_regulargrid_v1,2026-09-29T21:00:00+00:00,False,Mullet Point,0.75,30.42,-87.91999999999999,0.007215742021799084,m/s,,same_grid_node_time_surface_bottom,SELF_FILE_HASH_AT_COMMIT,MODEL_DERIVED,0.0,0608f6e3348199a381118fc6f8f5b0b2d8002c3b6fb6da1686d3bce583d23afc,,
surface_minus_bottom_salinity_psu,ngofs2_regulargrid_v1,2026-09-29T21:00:00+00:00,False,Mullet Point,1.5,30.42,-87.92999999999999,-0.0002384185791015625,PSU,,same_grid_node_time_surface_bottom,SELF_FILE_HASH_AT_COMMIT,MODEL_DERIVED,0.0,0608f6e3348199a381118fc6f8f5b0b2d8002c3b6fb6da1686d3bce583d23afc,,
surface_minus_bottom_temperature_C,ngofs2_regulargrid_v1,2026-09-29T21:00:00+00:00,False,Mullet Point,1.5,30.42,-87.92999999999999,-0.013902664184570312,degC,,same_grid_node_time_surface_bottom,SELF_FILE_HASH_AT_COMMIT,MODEL_DERIVED,0.0,0608f6e3348199a381118fc6f8f5b0b2d8002c3b6fb6da1686d3bce583d23afc,,
bottom_minus_surface_shoreward_current_m_s,ngofs2_regulargrid_v1,2026-09-29T21:00:00+00:00,False,Mullet Point,1.5,30.42,-87.92999999999999,0.008371104486286638,m/s,,same_grid_node_time_surface_bottom,SELF_FILE_HASH_AT_COMMIT,MODEL_DERIVED,0.0,0608f6e3348199a381118fc6f8f5b0b2d8002c3b6fb6da1686d3bce583d23afc,,
surface_minus_bottom_salinity_psu,ngofs2_regulargrid_v1,2026-09-29T21:00:00+00:00,False,Mullet Point,3.0,30.42,-87.94,0.0036773681640625,PSU,,same_grid_node_time_surface_bottom,SELF_FILE_HASH_AT_COMMIT,MODEL_DERIVED,0.0,0608f6e3348199a381118fc6f8f5b0b2d8002c3b6fb6da1686d3bce583d23afc,,
surface_minus_bottom_temperature_C,ngofs2_regulargrid_v1,2026-09-29T21:00:00+00:00,False,Mullet Point,3.0,30.42,-87.94,-0.008272171020507812,degC,,same_grid_node_time_surface_bottom,SELF_FILE_HASH_AT_COMMIT,MODEL_DERIVED,0.0,0608f6e3348199a381118fc6f8f5b0b2d8002c3b6fb6da1686d3bce583d23afc,,
bottom_minus_surface_shoreward_current_m_s,ngofs2_regulargrid_v1,2026-09-29T21:00:00+00:00,False,Mullet Point,3.0,30.42,-87.94,0.005551140755414959,m/s,,same_grid_node_time_surface_bottom,SELF_FILE_HASH_AT_COMMIT,MODEL_DERIVED,0.0,0608f6e3348199a381118fc6f8f5b0b2d8002c3b6fb6da1686d3bce583d23afc,,
surface_minus_bottom_salinity_psu,ngofs2_regulargrid_v1,2026-09-29T21:00:00+00:00,False,Daphne/May Day,0.25,30.6,-87.91999999999999,-3.7448434829711914,PSU,,same_grid_node_time_surface_bottom,SELF_FILE_HASH_AT_COMMIT,MODEL_DERIVED,0.0,0608f6e3348199a381118fc6f8f5b0b2d8002c3b6fb6da1686d3bce583d23afc,,
surface_minus_bottom_temperature_C,ngofs2_regulargrid_v1,2026-09-29T21:00:00+00:00,False,Daphne/May Day,0.25,30.6,-87.91999999999999,-1.4105205535888672,degC,,same_grid_node_time_surface_bottom,SELF_FILE_HASH_AT_COMMIT,MODEL_DERIVED,0.0,0608f6e3348199a381118fc6f8f5b0b2d8002c3b6fb6da1686d3bce583d23afc,,
bottom_minus_surface_shoreward_current_m_s,ngofs2_regulargrid_v1,2026-09-29T21:00:00+00:00,False,Daphne/May Day,0.25,30.6,-87.91999999999999,0.04643925093114376,m/s,,same_grid_node_time_surface_bottom,SELF_FILE_HASH_AT_COMMIT,MODEL_DERIVED,0.0,0608f6e3348199a381118fc6f8f5b0b2d8002c3b6fb6da1686d3bce583d23afc,,
surface_minus_bottom_salinity_psu,ngofs2_regulargrid_v1,2026-09-29T21:00:00+00:00,False,Daphne/May Day,0.75,30.6,-87.92999999999999,-3.901108741760254,PSU,,same_grid_node_time_surface_bottom,SELF_FILE_HASH_AT_COMMIT,MODEL_DERIVED,0.0,0608f6e3348199a381118fc6f8f5b0b2d8002c3b6fb6da1686d3bce583d23afc,,
surface_minus_bottom_temperature_C,ngofs2_regulargrid_v1,2026-09-29T21:00:00+00:00,False,Daphne/May Day,0.75,30.6,-87.92999999999999,-0.9863605499267578,degC,,same_grid_node_time_surface_bottom,SELF_FILE_HASH_AT_COMMIT,MODEL_DERIVED,0.0,0608f6e3348199a381118fc6f8f5b0b2d8002c3b6fb6da1686d3bce583d23afc,,
bottom_minus_surface_shoreward_current_m_s,ngofs2_regulargrid_v1,2026-09-29T21:00:00+00:00,False,Daphne/May Day,0.75,30.6,-87.92999999999999,0.008596017025411132,m/s,,same_grid_node_time_surface_bottom,SELF_FILE_HASH_AT_COMMIT,MODEL_DERIVED,0.0,0608f6e3348199a381118fc6f8f5b0b2d8002c3b6fb6da1686d3bce583d23afc,,
surface_minus_bottom_salinity_psu,ngofs2_regulargrid_v1,2026-09-29T21:00:00+00:00,False,Daphne/May Day,1.5,30.59,-87.92999999999999,-4.849754333496094,PSU,,same_grid_node_time_surface_bottom,SELF_FILE_HASH_AT_COMMIT,MODEL_DERIVED,0.0,0608f6e3348199a381118fc6f8f5b0b2d8002c3b6fb6da1686d3bce583d23afc,,
surface_minus_bottom_temperature_C,ngofs2_regulargrid_v1,2026-09-29T21:00:00+00:00,False,Daphne/May Day,1.5,30.59,-87.92999999999999,-1.0307350158691406,degC,,same_grid_node_time_surface_bottom,SELF_FILE_HASH_AT_COMMIT,MODEL_DERIVED,0.0,0608f6e3348199a381118fc6f8f5b0b2d8002c3b6fb6da1686d3bce583d23afc,,
bottom_minus_surface_shoreward_current_m_s,ngofs2_regulargrid_v1,2026-09-29T21:00:00+00:00,False,Daphne/May Day,1.5,30.59,-87.92999999999999,0.039338552393019206,m/s,,same_grid_node_time_surface_bottom,SELF_FILE_HASH_AT_COMMIT,MODEL_DERIVED,0.0,0608f6e3348199a381118fc6f8f5b0b2d8002c3b6fb6da1686d3bce583d23afc,,
surface_minus_bottom_salinity_psu,ngofs2_regulargrid_v1,2026-09-29T21:00:00+00:00,False,Daphne/May Day,3.0,30.6,-87.94,-4.625170707702637,PSU,,same_grid_node_time_surface_bottom,SELF_FILE_HASH_AT_COMMIT,MODEL_DERIVED,0.0,0608f6e3348199a381118fc6f8f5b0b2d8002c3b6fb6da1686d3bce583d23afc,,
surface_minus_bottom_temperature_C,ngofs2_regulargrid_v1,2026-09-29T21:00:00+00:00,False,Daphne/May Day,3.0,30.6,-87.94,-1.057342529296875,degC,,same_grid_node_time_surface_bottom,SELF_FILE_HASH_AT_COMMIT,MODEL_DERIVED,0.0,0608f6e3348199a381118fc6f8f5b0b2d8002c3b6fb6da1686d3bce583d23afc,,
bottom_minus_surface_shoreward_current_m_s,ngofs2_regulargrid_v1,2026-09-29T21:00:00+00:00,False,Daphne/May Day,3.0,30.6,-87.94,0.03698969446122647,m/s,,same_grid_node_time_surface_bottom,SELF_FILE_HASH_AT_COMMIT,MODEL_DERIVED,0.0,0608f6e3348199a381118fc6f8f5b0b2d8002c3b6fb6da1686d3bce583d23afc,,
surface_minus_bottom_salinity_psu,ngofs2_regulargrid_v1,2026-09-29T21:00:00+00:00,False,Montrose,0.25,30.57,-87.91,-1.224569320678711,PSU,,same_grid_node_time_surface_bottom,SELF_FILE_HASH_AT_COMMIT,MODEL_DERIVED,0.0,0608f6e3348199a381118fc6f8f5b0b2d8002c3b6fb6da1686d3bce583d23afc,,
surface_minus_bottom_temperature_C,ngofs2_regulargrid_v1,2026-09-29T21:00:00+00:00,False,Montrose,0.25,30.57,-87.91,-0.5913066864013672,degC,,same_grid_node_time_surface_bottom,SELF_FILE_HASH_AT_COMMIT,MODEL_DERIVED,0.0,0608f6e3348199a381118fc6f8f5b0b2d8002c3b6fb6da1686d3bce583d23afc,,
bottom_minus_surface_shoreward_current_m_s,ngofs2_regulargrid_v1,2026-09-29T21:00:00+00:00,False,Montrose,0.25,30.57,-87.91,0.004542237846180799,m/s,,same_grid_node_time_surface_bottom,SELF_FILE_HASH_AT_COMMIT,MODEL_DERIVED,0.0,0608f6e3348199a381118fc6f8f5b0b2d8002c3b6fb6da1686d3bce583d23afc,,
surface_minus_bottom_salinity_psu,ngofs2_regulargrid_v1,2026-09-29T21:00:00+00:00,False,Montrose,0.75,30.560000000000002,-87.91,-1.6808528900146484,PSU,,same_grid_node_time_surface_bottom,SELF_FILE_HASH_AT_COMMIT,MODEL_DERIVED,0.0,0608f6e3348199a381118fc6f8f5b0b2d8002c3b6fb6da1686d3bce583d23afc,,
surface_minus_bottom_temperature_C,ngofs2_regulargrid_v1,2026-09-29T21:00:00+00:00,False,Montrose,0.75,30.560000000000002,-87.91,-0.42218589782714844,degC,,same_grid_node_time_surface_bottom,SELF_FILE_HASH_AT_COMMIT,MODEL_DERIVED,0.0,0608f6e3348199a381118fc6f8f5b0b2d8002c3b6fb6da1686d3bce583d23afc,,
bottom_minus_surface_shoreward_current_m_s,ngofs2_regulargrid_v1,2026-09-29T21:00:00+00:00,False,Montrose,0.75,30.560000000000002,-87.91,0.03766848146915436,m/s,,same_grid_node_time_surface_bottom,SELF_FILE_HASH_AT_COMMIT,MODEL_DERIVED,0.0,0608f6e3348199a381118fc6f8f5b0b2d8002c3b6fb6da1686d3bce583d23afc,,
surface_minus_bottom_salinity_psu,ngofs2_regulargrid_v1,2026-09-29T21:00:00+00:00,False,Montrose,1.5,30.57,-87.91999999999999,-3.0237960815429688,PSU,,same_grid_node_time_surface_bottom,SELF_FILE_HASH_AT_COMMIT,MODEL_DERIVED,0.0,0608f6e3348199a381118fc6f8f5b0b2d8002c3b6fb6da1686d3bce583d23afc,,
surface_minus_bottom_temperature_C,ngofs2_regulargrid_v1,2026-09-29T21:00:00+00:00,False,Montrose,1.5,30.57,-87.91999999999999,-0.5017013549804688,degC,,same_grid_node_time_surface_bottom,SELF_FILE_HASH_AT_COMMIT,MODEL_DERIVED,0.0,0608f6e3348199a381118fc6f8f5b0b2d8002c3b6fb6da1686d3bce583d23afc,,
bottom_minus_surface_shoreward_current_m_s,ngofs2_regulargrid_v1,2026-09-29T21:00:00+00:00,False,Montrose,1.5,30.57,-87.91999999999999,0.013385820086114114,m/s,,same_grid_node_time_surface_bottom,SELF_FILE_HASH_AT_COMMIT,MODEL_DERIVED,0.0,0608f6e3348199a381118fc6f8f5b0b2d8002c3b6fb6da1686d3bce583d23afc,,
surface_minus_bottom_salinity_psu,ngofs2_regulargrid_v1,2026-09-29T21:00:00+00:00,False,Montrose,3.0,30.57,-87.92999999999999,-4.263932228088379,PSU,,same_grid_node_time_surface_bottom,SELF_FILE_HASH_AT_COMMIT,MODEL_DERIVED,0.0,0608f6e3348199a381118fc6f8f5b0b2d8002c3b6fb6da1686d3bce583d23afc,,
surface_minus_bottom_temperature_C,ngofs2_regulargrid_v1,2026-09-29T21:00:00+00:00,False,Montrose,3.0,30.57,-87.92999999999999,-0.5812225341796875,degC,,same_grid_node_time_surface_bottom,SELF_FILE_HASH_AT_COMMIT,MODEL_DERIVED,0.0,0608f6e3348199a381118fc6f8f5b0b2d8002c3b6fb6da1686d3bce583d23afc,,
bottom_minus_surface_shoreward_current_m_s,ngofs2_regulargrid_v1,2026-09-29T21:00:00+00:00,False,Montrose,3.0,30.57,-87.92999999999999,0.0639312230050564,m/s,,same_grid_node_time_surface_bottom,SELF_FILE_HASH_AT_COMMIT,MODEL_DERIVED,0.0,0608f6e3348199a381118fc6f8f5b0b2d8002c3b6fb6da1686d3bce583d23afc,,
surface_minus_bottom_salinity_psu,ngofs2_regulargrid_v1,2026-09-29T21:00:00+00:00,False,Fairhope/Fly Creek/Pier,0.25,30.52,-87.91999999999999,-1.2140693664550781,PSU,,same_grid_node_time_surface_bottom,SELF_FILE_HASH_AT_COMMIT,MODEL_DERIVED,0.0,0608f6e3348199a381118fc6f8f5b0b2d8002c3b6fb6da1686d3bce583d23afc,,
surface_minus_bottom_temperature_C,ngofs2_regulargrid_v1,2026-09-29T21:00:00+00:00,False,Fairhope/Fly Creek/Pier,0.25,30.52,-87.91999999999999,-0.5792827606201172,degC,,same_grid_node_time_surface_bottom,SELF_FILE_HASH_AT_COMMIT,MODEL_DERIVED,0.0,0608f6e3348199a381118fc6f8f5b0b2d8002c3b6fb6da1686d3bce583d23afc,,
bottom_minus_surface_shoreward_current_m_s,ngofs2_regulargrid_v1,2026-09-29T21:00:00+00:00,False,Fairhope/Fly Creek/Pier,0.25,30.52,-87.91999999999999,0.02757882559671998,m/s,,same_grid_node_time_surface_bottom,SELF_FILE_HASH_AT_COMMIT,MODEL_DERIVED,0.0,0608f6e3348199a381118fc6f8f5b0b2d8002c3b6fb6da1686d3bce583d23afc,,
surface_minus_bottom_salinity_psu,ngofs2_regulargrid_v1,2026-09-29T21:00:00+00:00,False,Fairhope/Fly Creek/Pier,0.75,30.53,-87.91999999999999,-2.398716926574707,PSU,,same_grid_node_time_surface_bottom,SELF_FILE_HASH_AT_COMMIT,MODEL_DERIVED,0.0,0608f6e3348199a381118fc6f8f5b0b2d8002c3b6fb6da1686d3bce583d23afc,,
surface_minus_bottom_temperature_C,ngofs2_regulargrid_v1,2026-09-29T21:00:00+00:00,False,Fairhope/Fly Creek/Pier,0.75,30.53,-87.91999999999999,-0.6266860961914062,degC,,same_grid_node_time_surface_bottom,SELF_FILE_HASH_AT_COMMIT,MODEL_DERIVED,0.0,0608f6e3348199a381118fc6f8f5b0b2d8002c3b6fb6da1686d3bce583d23afc,,
bottom_minus_surface_shoreward_current_m_s,ngofs2_regulargrid_v1,2026-09-29T21:00:00+00:00,False,Fairhope/Fly Creek/Pier,0.75,30.53,-87.91999999999999,0.11221718043088913,m/s,,same_grid_node_time_surface_bottom,SELF_FILE_HASH_AT_COMMIT,MODEL_DERIVED,0.0,0608f6e3348199a381118fc6f8f5b0b2d8002c3b6fb6da1686d3bce583d23afc,,
surface_minus_bottom_salinity_psu,ngofs2_regulargrid_v1,2026-09-29T21:00:00+00:00,False,Fairhope/Fly Creek/Pier,1.5,30.52,-87.92999999999999,-2.1487531661987305,PSU,,same_grid_node_time_surface_bottom,SELF_FILE_HASH_AT_COMMIT,MODEL_DERIVED,0.0,0608f6e3348199a381118fc6f8f5b0b2d8002c3b6fb6da1686d3bce583d23afc,,
surface_minus_bottom_temperature_C,ngofs2_regulargrid_v1,2026-09-29T21:00:00+00:00,False,Fairhope/Fly Creek/Pier,1.5,30.52,-87.92999999999999,-0.6107826232910156,degC,,same_grid_node_time_surface_bottom,SELF_FILE_HASH_AT_COMMIT,MODEL_DERIVED,0.0,0608f6e3348199a381118fc6f8f5b0b2d8002c3b6fb6da1686d3bce583d23afc,,
bottom_minus_surface_shoreward_current_m_s,ngofs2_regulargrid_v1,2026-09-29T21:00:00+00:00,False,Fairhope/Fly Creek/Pier,1.5,30.52,-87.92999999999999,0.13835660368204117,m/s,,same_grid_node_time_surface_bottom,SELF_FILE_HASH_AT_COMMIT,MODEL_DERIVED,0.0,0608f6e3348199a381118fc6f8f5b0b2d8002c3b6fb6da1686d3bce583d23afc,,
surface_minus_bottom_salinity_psu,ngofs2_regulargrid_v1,2026-09-29T21:00:00+00:00,False,Fairhope/Fly Creek/Pier,3.0,30.52,-87.94999999999999,-5.72489070892334,PSU,,same_grid_node_time_surface_bottom,SELF_FILE_HASH_AT_COMMIT,MODEL_DERIVED,0.0,0608f6e3348199a381118fc6f8f5b0b2d8002c3b6fb6da1686d3bce583d23afc,,
surface_minus_bottom_temperature_C,ngofs2_regulargrid_v1,2026-09-29T21:00:00+00:00,False,Fairhope/Fly Creek/Pier,3.0,30.52,-87.94999999999999,-0.7796001434326172,degC,,same_grid_node_time_surface_bottom,SELF_FILE_HASH_AT_COMMIT,MODEL_DERIVED,0.0,0608f6e3348199a381118fc6f8f5b0b2d8002c3b6fb6da1686d3bce583d23afc,,
bottom_minus_surface_shoreward_current_m_s,ngofs2_regulargrid_v1,2026-09-29T21:00:00+00:00,False,Fairhope/Fly Creek/Pier,3.0,30.52,-87.94999999999999,0.1270410344004631,m/s,,same_grid_node_time_surface_bottom,SELF_FILE_HASH_AT_COMMIT,MODEL_DERIVED,0.0,0608f6e3348199a381118fc6f8f5b0b2d8002c3b6fb6da1686d3bce583d23afc,,
surface_minus_bottom_salinity_psu,ngofs2_regulargrid_v1,2026-09-29T21:00:00+00:00,False,Battles Wharf,0.25,30.5,-87.92999999999999,0.0003204345703125,PSU,,same_grid_node_time_surface_bottom,SELF_FILE_HASH_AT_COMMIT,MODEL_DERIVED,0.0,0608f6e3348199a381118fc6f8f5b0b2d8002c3b6fb6da1686d3bce583d23afc,,
surface_minus_bottom_temperature_C,ngofs2_regulargrid_v1,2026-09-29T21:00:00+00:00,False,Battles Wharf,0.25,30.5,-87.92999999999999,-0.016445159912109375,degC,,same_grid_node_time_surface_bottom,SELF_FILE_HASH_AT_COMMIT,MODEL_DERIVED,0.0,0608f6e3348199a381118fc6f8f5b0b2d8002c3b6fb6da1686d3bce583d23afc,,
bottom_minus_surface_shoreward_current_m_s,ngofs2_regulargrid_v1,2026-09-29T21:00:00+00:00,False,Battles Wharf,0.25,30.5,-87.92999999999999,0.002652798779308797,m/s,,same_grid_node_time_surface_bottom,SELF_FILE_HASH_AT_COMMIT,MODEL_DERIVED,0.0,0608f6e3348199a381118fc6f8f5b0b2d8002c3b6fb6da1686d3bce583d23afc,,
surface_minus_bottom_salinity_psu,ngofs2_regulargrid_v1,2026-09-29T21:00:00+00:00,False,Battles Wharf,0.75,30.490000000000002,-87.94,0.0022220611572265625,PSU,,same_grid_node_time_surface_bottom,SELF_FILE_HASH_AT_COMMIT,MODEL_DERIVED,0.0,0608f6e3348199a381118fc6f8f5b0b2d8002c3b6fb6da1686d3bce583d23afc,,
surface_minus_bottom_temperature_C,ngofs2_regulargrid_v1,2026-09-29T21:00:00+00:00,False,Battles Wharf,0.75,30.490000000000002,-87.94,-0.013195037841796875,degC,,same_grid_node_time_surface_bottom,SELF_FILE_HASH_AT_COMMIT,MODEL_DERIVED,0.0,0608f6e3348199a381118fc6f8f5b0b2d8002c3b6fb6da1686d3bce583d23afc,,
bottom_minus_surface_shoreward_current_m_s,ngofs2_regulargrid_v1,2026-09-29T21:00:00+00:00,False,Battles Wharf,0.75,30.490000000000002,-87.94,-0.0002531725913286209,m/s,,same_grid_node_time_surface_bottom,SELF_FILE_HASH_AT_COMMIT,MODEL_DERIVED,0.0,0608f6e3348199a381118fc6f8f5b0b2d8002c3b6fb6da1686d3bce583d23afc,,
surface_minus_bottom_salinity_psu,ngofs2_regulargrid_v1,2026-09-29T21:00:00+00:00,False,Battles Wharf,1.5,30.5,-87.94,-0.191436767578125,PSU,,same_grid_node_time_surface_bottom,SELF_FILE_HASH_AT_COMMIT,MODEL_DERIVED,0.0,0608f6e3348199a381118fc6f8f5b0b2d8002c3b6fb6da1686d3bce583d23afc,,
surface_minus_bottom_temperature_C,ngofs2_regulargrid_v1,2026-09-29T21:00:00+00:00,False,Battles Wharf,1.5,30.5,-87.94,-0.24457931518554688,degC,,same_grid_node_time_surface_bottom,SELF_FILE_HASH_AT_COMMIT,MODEL_DERIVED,0.0,0608f6e3348199a381118fc6f8f5b0b2d8002c3b6fb6da1686d3bce583d23afc,,
bottom_minus_surface_shoreward_current_m_s,ngofs2_regulargrid_v1,2026-09-29T21:00:00+00:00,False,Battles Wharf,1.5,30.5,-87.94,-0.0032860916107893007,m/s,,same_grid_node_time_surface_bottom,SELF_FILE_HASH_AT_COMMIT,MODEL_DERIVED,0.0,0608f6e3348199a381118fc6f8f5b0b2d8002c3b6fb6da1686d3bce583d23afc,,
surface_minus_bottom_salinity_psu,ngofs2_regulargrid_v1,2026-09-29T21:00:00+00:00,False,Battles Wharf,3.0,30.490000000000002,-87.96,-1.4549446105957031,PSU,,same_grid_node_time_surface_bottom,SELF_FILE_HASH_AT_COMMIT,MODEL_DERIVED,0.0,0608f6e3348199a381118fc6f8f5b0b2d8002c3b6fb6da1686d3bce583d23afc,,
surface_minus_bottom_temperature_C,ngofs2_regulargrid_v1,2026-09-29T21:00:00+00:00,False,Battles Wharf,3.0,30.490000000000002,-87.96,-0.6170063018798828,degC,,same_grid_node_time_surface_bottom,SELF_FILE_HASH_AT_COMMIT,MODEL_DERIVED,0.0,0608f6e3348199a381118fc6f8f5b0b2d8002c3b6fb6da1686d3bce583d23afc,,
bottom_minus_surface_shoreward_current_m_s,ngofs2_regulargrid_v1,2026-09-29T21:00:00+00:00,False,Battles Wharf,3.0,30.490000000000002,-87.96,-0.0540489791892469,m/s,,same_grid_node_time_surface_bottom,SELF_FILE_HASH_AT_COMMIT,MODEL_DERIVED,0.0,0608f6e3348199a381118fc6f8f5b0b2d8002c3b6fb6da1686d3bce583d23afc,,
surface_minus_bottom_salinity_psu,ngofs2_regulargrid_v1,2026-09-29T21:00:00+00:00,False,Point Clear/Grand Hotel,0.25,30.490000000000002,-87.94,0.0022220611572265625,PSU,,same_grid_node_time_surface_bottom,SELF_FILE_HASH_AT_COMMIT,MODEL_DERIVED,0.0,0608f6e3348199a381118fc6f8f5b0b2d8002c3b6fb6da1686d3bce583d23afc,,
surface_minus_bottom_temperature_C,ngofs2_regulargrid_v1,2026-09-29T21:00:00+00:00,False,Point Clear/Grand Hotel,0.25,30.490000000000002,-87.94,-0.013195037841796875,degC,,same_grid_node_time_surface_bottom,SELF_FILE_HASH_AT_COMMIT,MODEL_DERIVED,0.0,0608f6e3348199a381118fc6f8f5b0b2d8002c3b6fb6da1686d3bce583d23afc,,
bottom_minus_surface_shoreward_current_m_s,ngofs2_regulargrid_v1,2026-09-29T21:00:00+00:00,False,Point Clear/Grand Hotel,0.25,30.490000000000002,-87.94,-0.0002531725913286209,m/s,,same_grid_node_time_surface_bottom,SELF_FILE_HASH_AT_COMMIT,MODEL_DERIVED,0.0,0608f6e3348199a381118fc6f8f5b0b2d8002c3b6fb6da1686d3bce583d23afc,,
surface_minus_bottom_salinity_psu,ngofs2_regulargrid_v1,2026-09-29T21:00:00+00:00,False,Point Clear/Grand Hotel,0.75,30.48,-87.94,-0.14427947998046875,PSU,,same_grid_node_time_surface_bottom,SELF_FILE_HASH_AT_COMMIT,MODEL_DERIVED,0.0,0608f6e3348199a381118fc6f8f5b0b2d8002c3b6fb6da1686d3bce583d23afc,,
surface_minus_bottom_temperature_C,ngofs2_regulargrid_v1,2026-09-29T21:00:00+00:00,False,Point Clear/Grand Hotel,0.75,30.48,-87.94,-0.2385425567626953,degC,,same_grid_node_time_surface_bottom,SELF_FILE_HASH_AT_COMMIT,MODEL_DERIVED,0.0,0608f6e3348199a381118fc6f8f5b0b2d8002c3b6fb6da1686d3bce583d23afc,,
bottom_minus_surface_shoreward_current_m_s,ngofs2_regulargrid_v1,2026-09-29T21:00:00+00:00,False,Point Clear/Grand Hotel,0.75,30.48,-87.94,0.015878431499004364,m/s,,same_grid_node_time_surface_bottom,SELF_FILE_HASH_AT_COMMIT,MODEL_DERIVED,0.0,0608f6e3348199a381118fc6f8f5b0b2d8002c3b6fb6da1686d3bce583d23afc,,
surface_minus_bottom_salinity_psu,ngofs2_regulargrid_v1,2026-09-29T21:00:00+00:00,False,Point Clear/Grand Hotel,1.5,30.490000000000002,-87.94999999999999,-0.07087326049804688,PSU,,same_grid_node_time_surface_bottom,SELF_FILE_HASH_AT_COMMIT,MODEL_DERIVED,0.0,0608f6e3348199a381118fc6f8f5b0b2d8002c3b6fb6da1686d3bce583d23afc,,
surface_minus_bottom_temperature_C,ngofs2_regulargrid_v1,2026-09-29T21:00:00+00:00,False,Point Clear/Grand Hotel,1.5,30.490000000000002,-87.94999999999999,-0.11937904357910156,degC,,same_grid_node_time_surface_bottom,SELF_FILE_HASH_AT_COMMIT,MODEL_DERIVED,0.0,0608f6e3348199a381118fc6f8f5b0b2d8002c3b6fb6da1686d3bce583d23afc,,
bottom_minus_surface_shoreward_current_m_s,ngofs2_regulargrid_v1,2026-09-29T21:00:00+00:00,False,Point Clear/Grand Hotel,1.5,30.490000000000002,-87.94999999999999,0.01169751165434718,m/s,,same_grid_node_time_surface_bottom,SELF_FILE_HASH_AT_COMMIT,MODEL_DERIVED,0.0,0608f6e3348199a381118fc6f8f5b0b2d8002c3b6fb6da1686d3bce583d23afc,,
surface_minus_bottom_salinity_psu,ngofs2_regulargrid_v1,2026-09-29T21:00:00+00:00,False,Point Clear/Grand Hotel,3.0,30.490000000000002,-87.97,-2.5913619995117188,PSU,,same_grid_node_time_surface_bottom,SELF_FILE_HASH_AT_COMMIT,MODEL_DERIVED,0.0,0608f6e3348199a381118fc6f8f5b0b2d8002c3b6fb6da1686d3bce583d23afc,,
surface_minus_bottom_temperature_C,ngofs2_regulargrid_v1,2026-09-29T21:00:00+00:00,False,Point Clear/Grand Hotel,3.0,30.490000000000002,-87.97,-0.5845756530761719,degC,,same_grid_node_time_surface_bottom,SELF_FILE_HASH_AT_COMMIT,MODEL_DERIVED,0.0,0608f6e3348199a381118fc6f8f5b0b2d8002c3b6fb6da1686d3bce583d23afc,,
bottom_minus_surface_shoreward_current_m_s,ngofs2_regulargrid_v1,2026-09-29T21:00:00+00:00,False,Point Clear/Grand Hotel,3.0,30.490000000000002,-87.97,-0.011269561946392045,m/s,,same_grid_node_time_surface_bottom,SELF_FILE_HASH_AT_COMMIT,MODEL_DERIVED,0.0,0608f6e3348199a381118fc6f8f5b0b2d8002c3b6fb6da1686d3bce583d23afc,,
surface_minus_bottom_salinity_psu,ngofs2_regulargrid_v1,2026-09-29T21:00:00+00:00,False,Mullet Point,0.25,30.41,-87.91,-0.001659393310546875,PSU,,same_grid_node_time_surface_bottom,SELF_FILE_HASH_AT_COMMIT,MODEL_DERIVED,0.0,0608f6e3348199a381118fc6f8f5b0b2d8002c3b6fb6da1686d3bce583d23afc,,
surface_minus_bottom_temperature_C,ngofs2_regulargrid_v1,2026-09-29T21:00:00+00:00,False,Mullet Point,0.25,30.41,-87.91,-0.000102996826171875,degC,,same_grid_node_time_surface_bottom,SELF_FILE_HASH_AT_COMMIT,MODEL_DERIVED,0.0,0608f6e3348199a381118fc6f8f5b0b2d8002c3b6fb6da1686d3bce583d23afc,,
bottom_minus_surface_shoreward_current_m_s,ngofs2_regulargrid_v1,2026-09-29T21:00:00+00:00,False,Mullet Point,0.25,30.41,-87.91,0.026418562978506088,m/s,,same_grid_node_time_surface_bottom,SELF_FILE_HASH_AT_COMMIT,MODEL_DERIVED,0.0,0608f6e3348199a381118fc6f8f5b0b2d8002c3b6fb6da1686d3bce583d23afc,,
surface_minus_bottom_salinity_psu,ngofs2_regulargrid_v1,2026-09-29T21:00:00+00:00,False,Mullet Point,0.75,30.42,-87.91999999999999,0.003086090087890625,PSU,,same_grid_node_time_surface_bottom,SELF_FILE_HASH_AT_COMMIT,MODEL_DERIVED,0.0,0608f6e3348199a381118fc6f8f5b0b2d8002c3b6fb6da1686d3bce583d23afc,,
surface_minus_bottom_temperature_C,ngofs2_regulargrid_v1,2026-09-29T21:00:00+00:00,False,Mullet Point,0.75,30.42,-87.91999999999999,-0.0167083740234375,degC,,same_grid_node_time_surface_bottom,SELF_FILE_HASH_AT_COMMIT,MODEL_DERIVED,0.0,0608f6e3348199a381118fc6f8f5b0b2d8002c3b6fb6da1686d3bce583d23afc,,
bottom_minus_surface_shoreward_current_m_s,ngofs2_regulargrid_v1,2026-09-29T21:00:00+00:00,False,Mullet Point,0.75,30.42,-87.91999999999999,0.007215742021799084,m/s,,same_grid_node_time_surface_bottom,SELF_FILE_HASH_AT_COMMIT,MODEL_DERIVED,0.0,0608f6e3348199a381118fc6f8f5b0b2d8002c3b6fb6da1686d3bce583d23afc,,
surface_minus_bottom_salinity_psu,ngofs2_regulargrid_v1,2026-09-29T21:00:00+00:00,False,Mullet Point,1.5,30.42,-87.92999999999999,-0.0002384185791015625,PSU,,same_grid_node_time_surface_bottom,SELF_FILE_HASH_AT_COMMIT,MODEL_DERIVED,0.0,0608f6e3348199a381118fc6f8f5b0b2d8002c3b6fb6da1686d3bce583d23afc,,
surface_minus_bottom_temperature_C,ngofs2_regulargrid_v1,2026-09-29T21:00:00+00:00,False,Mullet Point,1.5,30.42,-87.92999999999999,-0.013902664184570312,degC,,same_grid_node_time_surface_bottom,SELF_FILE_HASH_AT_COMMIT,MODEL_DERIVED,0.0,0608f6e3348199a381118fc6f8f5b0b2d8002c3b6fb6da1686d3bce583d23afc,,
bottom_minus_surface_shoreward_current_m_s,ngofs2_regulargrid_v1,2026-09-29T21:00:00+00:00,False,Mullet Point,1.5,30.42,-87.92999999999999,0.008371104486286638,m/s,,same_grid_node_time_surface_bottom,SELF_FILE_HASH_AT_COMMIT,MODEL_DERIVED,0.0,0608f6e3348199a381118fc6f8f5b0b2d8002c3b6fb6da1686d3bce583d23afc,,
surface_minus_bottom_salinity_psu,ngofs2_regulargrid_v1,2026-09-29T21:00:00+00:00,False,Mullet Point,3.0,30.42,-87.94,0.0036773681640625,PSU,,same_grid_node_time_surface_bottom,SELF_FILE_HASH_AT_COMMIT,MODEL_DERIVED,0.0,0608f6e3348199a381118fc6f8f5b0b2d8002c3b6fb6da1686d3bce583d23afc,,
surface_minus_bottom_temperature_C,ngofs2_regulargrid_v1,2026-09-29T21:00:00+00:00,False,Mullet Point,3.0,30.42,-87.94,-0.008272171020507812,degC,,same_grid_node_time_surface_bottom,SELF_FILE_HASH_AT_COMMIT,MODEL_DERIVED,0.0,0608f6e3348199a381118fc6f8f5b0b2d8002c3b6fb6da1686d3bce583d23afc,,
bottom_minus_surface_shoreward_current_m_s,ngofs2_regulargrid_v1,2026-09-29T21:00:00+00:00,False,Mullet Point,3.0,30.42,-87.94,0.005551140755414959,m/s,,same_grid_node_time_surface_bottom,SELF_FILE_HASH_AT_COMMIT,MODEL_DERIVED,0.0,0608f6e3348199a381118fc6f8f5b0b2d8002c3b6fb6da1686d3bce583d23afc,,
surface_minus_bottom_salinity_psu,ngofs2_regulargrid_v1,2026-09-30T00:00:00+00:00,False,Daphne/May Day,0.25,30.6,-87.91999999999999,-3.7712230682373047,PSU,,same_grid_node_time_surface_bottom,SELF_FILE_HASH_AT_COMMIT,MODEL_DERIVED,0.0,0608f6e3348199a381118fc6f8f5b0b2d8002c3b6fb6da1686d3bce583d23afc,,
surface_minus_bottom_temperature_C,ngofs2_regulargrid_v1,2026-09-30T00:00:00+00:00,False,Daphne/May Day,0.25,30.6,-87.91999999999999,-1.520315170288086,degC,,same_grid_node_time_surface_bottom,SELF_FILE_HASH_AT_COMMIT,MODEL_DERIVED,0.0,0608f6e3348199a381118fc6f8f5b0b2d8002c3b6fb6da1686d3bce583d23afc,,
bottom_minus_surface_shoreward_current_m_s,ngofs2_regulargrid_v1,2026-09-30T00:00:00+00:00,False,Daphne/May Day,0.25,30.6,-87.91999999999999,0.029948747891467068,m/s,,same_grid_node_time_surface_bottom,SELF_FILE_HASH_AT_COMMIT,MODEL_DERIVED,0.0,0608f6e3348199a381118fc6f8f5b0b2d8002c3b6fb6da1686d3bce583d23afc,,
surface_minus_bottom_salinity_psu,ngofs2_regulargrid_v1,2026-09-30T00:00:00+00:00,False,Daphne/May Day,0.75,30.6,-87.92999999999999,-4.059273719787598,PSU,,same_grid_node_time_surface_bottom,SELF_FILE_HASH_AT_COMMIT,MODEL_DERIVED,0.0,0608f6e3348199a381118fc6f8f5b0b2d8002c3b6fb6da1686d3bce583d23afc,,
surface_minus_bottom_temperature_C,ngofs2_regulargrid_v1,2026-09-30T00:00:00+00:00,False,Daphne/May Day,0.75,30.6,-87.92999999999999,-1.2494621276855469,degC,,same_grid_node_time_surface_bottom,SELF_FILE_HASH_AT_COMMIT,MODEL_DERIVED,0.0,0608f6e3348199a381118fc6f8f5b0b2d8002c3b6fb6da1686d3bce583d23afc,,
bottom_minus_surface_shoreward_current_m_s,ngofs2_regulargrid_v1,2026-09-30T00:00:00+00:00,False,Daphne/May Day,0.75,30.6,-87.92999999999999,0.01637559942901135,m/s,,same_grid_node_time_surface_bottom,SELF_FILE_HASH_AT_COMMIT,MODEL_DERIVED,0.0,0608f6e3348199a381118fc6f8f5b0b2d8002c3b6fb6da1686d3bce583d23afc,,
surface_minus_bottom_salinity_psu,ngofs2_regulargrid_v1,2026-09-30T00:00:00+00:00,False,Daphne/May Day,1.5,30.59,-87.92999999999999,-4.484006881713867,PSU,,same_grid_node_time_surface_bottom,SELF_FILE_HASH_AT_COMMIT,MODEL_DERIVED,0.0,0608f6e3348199a381118fc6f8f5b0b2d8002c3b6fb6da1686d3bce583d23afc,,
surface_minus_bottom_temperature_C,ngofs2_regulargrid_v1,2026-09-30T00:00:00+00:00,False,Daphne/May Day,1.5,30.59,-87.92999999999999,-1.1344623565673828,degC,,same_grid_node_time_surface_bottom,SELF_FILE_HASH_AT_COMMIT,MODEL_DERIVED,0.0,0608f6e3348199a381118fc6f8f5b0b2d8002c3b6fb6da1686d3bce583d23afc,,
bottom_minus_surface_shoreward_current_m_s,ngofs2_regulargrid_v1,2026-09-30T00:00:00+00:00,False,Daphne/May Day,1.5,30.59,-87.92999999999999,0.017637409735471014,m/s,,same_grid_node_time_surface_bottom,SELF_FILE_HASH_AT_COMMIT,MODEL_DERIVED,0.0,0608f6e3348199a381118fc6f8f5b0b2d8002c3b6fb6da1686d3bce583d23afc,,
surface_minus_bottom_salinity_psu,ngofs2_regulargrid_v1,2026-09-30T00:00:00+00:00,False,Daphne/May Day,3.0,30.6,-87.94,-4.49918270111084,PSU,,same_grid_node_time_surface_bottom,SELF_FILE_HASH_AT_COMMIT,MODEL_DERIVED,0.0,0608f6e3348199a381118fc6f8f5b0b2d8002c3b6fb6da1686d3bce583d23afc,,
surface_minus_bottom_temperature_C,ngofs2_regulargrid_v1,2026-09-30T00:00:00+00:00,False,Daphne/May Day,3.0,30.6,-87.94,-1.2219600677490234,degC,,same_grid_node_time_surface_bottom,SELF_FILE_HASH_AT_COMMIT,MODEL_DERIVED,0.0,0608f6e3348199a381118fc6f8f5b0b2d8002c3b6fb6da1686d3bce583d23afc,,
bottom_minus_surface_shoreward_current_m_s,ngofs2_regulargrid_v1,2026-09-30T00:00:00+00:00,False,Daphne/May Day,3.0,30.6,-87.94,0.004768090788275007,m/s,,same_grid_node_time_surface_bottom,SELF_FILE_HASH_AT_COMMIT,MODEL_DERIVED,0.0,0608f6e3348199a381118fc6f8f5b0b2d8002c3b6fb6da1686d3bce583d23afc,,
surface_minus_bottom_salinity_psu,ngofs2_regulargrid_v1,2026-09-30T00:00:00+00:00,False,Montrose,0.25,30.57,-87.91,-0.8385124206542969,PSU,,same_grid_node_time_surface_bottom,SELF_FILE_HASH_AT_COMMIT,MODEL_DERIVED,0.0,0608f6e3348199a381118fc6f8f5b0b2d8002c3b6fb6da1686d3bce583d23afc,,
surface_minus_bottom_temperature_C,ngofs2_regulargrid_v1,2026-09-30T00:00:00+00:00,False,Montrose,0.25,30.57,-87.91,-0.7374629974365234,degC,,same_grid_node_time_surface_bottom,SELF_FILE_HASH_AT_COMMIT,MODEL_DERIVED,0.0,0608f6e3348199a381118fc6f8f5b0b2d8002c3b6fb6da1686d3bce583d23afc,,
bottom_minus_surface_shoreward_current_m_s,ngofs2_regulargrid_v1,2026-09-30T00:00:00+00:00,False,Montrose,0.25,30.57,-87.91,0.001567347208037972,m/s,,same_grid_node_time_surface_bottom,SELF_FILE_HASH_AT_COMMIT,MODEL_DERIVED,0.0,0608f6e3348199a381118fc6f8f5b0b2d8002c3b6fb6da1686d3bce583d23afc,,
surface_minus_bottom_salinity_psu,ngofs2_regulargrid_v1,2026-09-30T00:00:00+00:00,False,Montrose,0.75,30.560000000000002,-87.91,-1.3105525970458984,PSU,,same_grid_node_time_surface_bottom,SELF_FILE_HASH_AT_COMMIT,MODEL_DERIVED,0.0,0608f6e3348199a381118fc6f8f5b0b2d8002c3b6fb6da1686d3bce583d23afc,,
surface_minus_bottom_temperature_C,ngofs2_regulargrid_v1,2026-09-30T00:00:00+00:00,False,Montrose,0.75,30.560000000000002,-87.91,-0.5117721557617188,degC,,same_grid_node_time_surface_bottom,SELF_FILE_HASH_AT_COMMIT,MODEL_DERIVED,0.0,0608f6e3348199a381118fc6f8f5b0b2d8002c3b6fb6da1686d3bce583d23afc,,
bottom_minus_surface_shoreward_current_m_s,ngofs2_regulargrid_v1,2026-09-30T00:00:00+00:00,False,Montrose,0.75,30.560000000000002,-87.91,0.019784908276051283,m/s,,same_grid_node_time_surface_bottom,SELF_FILE_HASH_AT_COMMIT,MODEL_DERIVED,0.0,0608f6e3348199a381118fc6f8f5b0b2d8002c3b6fb6da1686d3bce583d23afc,,
surface_minus_bottom_salinity_psu,ngofs2_regulargrid_v1,2026-09-30T00:00:00+00:00,False,Montrose,1.5,30.57,-87.91999999999999,-2.6911067962646484,PSU,,same_grid_node_time_surface_bottom,SELF_FILE_HASH_AT_COMMIT,MODEL_DERIVED,0.0,0608f6e3348199a381118fc6f8f5b0b2d8002c3b6fb6da1686d3bce583d23afc,,
surface_minus_bottom_temperature_C,ngofs2_regulargrid_v1,2026-09-30T00:00:00+00:00,False,Montrose,1.5,30.57,-87.91999999999999,-0.7261409759521484,degC,,same_grid_node_time_surface_bottom,SELF_FILE_HASH_AT_COMMIT,MODEL_DERIVED,0.0,0608f6e3348199a381118fc6f8f5b0b2d8002c3b6fb6da1686d3bce583d23afc,,
bottom_minus_surface_shoreward_current_m_s,ngofs2_regulargrid_v1,2026-09-30T00:00:00+00:00,False,Montrose,1.5,30.57,-87.91999999999999,-0.00881547143217176,m/s,,same_grid_node_time_surface_bottom,SELF_FILE_HASH_AT_COMMIT,MODEL_DERIVED,0.0,0608f6e3348199a381118fc6f8f5b0b2d8002c3b6fb6da1686d3bce583d23afc,,
surface_minus_bottom_salinity_psu,ngofs2_regulargrid_v1,2026-09-30T00:00:00+00:00,False,Montrose,3.0,30.57,-87.92999999999999,-3.7599945068359375,PSU,,same_grid_node_time_surface_bottom,SELF_FILE_HASH_AT_COMMIT,MODEL_DERIVED,0.0,0608f6e3348199a381118fc6f8f5b0b2d8002c3b6fb6da1686d3bce583d23afc,,
surface_minus_bottom_temperature_C,ngofs2_regulargrid_v1,2026-09-30T00:00:00+00:00,False,Montrose,3.0,30.57,-87.92999999999999,-0.6924762725830078,degC,,same_grid_node_time_surface_bottom,SELF_FILE_HASH_AT_COMMIT,MODEL_DERIVED,0.0,0608f6e3348199a381118fc6f8f5b0b2d8002c3b6fb6da1686d3bce583d23afc,,
bottom_minus_surface_shoreward_current_m_s,ngofs2_regulargrid_v1,2026-09-30T00:00:00+00:00,False,Montrose,3.0,30.57,-87.92999999999999,0.01569628133438528,m/s,,same_grid_node_time_surface_bottom,SELF_FILE_HASH_AT_COMMIT,MODEL_DERIVED,0.0,0608f6e3348199a381118fc6f8f5b0b2d8002c3b6fb6da1686d3bce583d23afc,,
surface_minus_bottom_salinity_psu,ngofs2_regulargrid_v1,2026-09-30T00:00:00+00:00,False,Fairhope/Fly Creek/Pier,0.25,30.52,-87.91999999999999,-1.151254653930664,PSU,,same_grid_node_time_surface_bottom,SELF_FILE_HASH_AT_COMMIT,MODEL_DERIVED,0.0,0608f6e3348199a381118fc6f8f5b0b2d8002c3b6fb6da1686d3bce583d23afc,,
surface_minus_bottom_temperature_C,ngofs2_regulargrid_v1,2026-09-30T00:00:00+00:00,False,Fairhope/Fly Creek/Pier,0.25,30.52,-87.91999999999999,-0.6624927520751953,degC,,same_grid_node_time_surface_bottom,SELF_FILE_HASH_AT_COMMIT,MODEL_DERIVED,0.0,0608f6e3348199a381118fc6f8f5b0b2d8002c3b6fb6da1686d3bce583d23afc,,
bottom_minus_surface_shoreward_current_m_s,ngofs2_regulargrid_v1,2026-09-30T00:00:00+00:00,False,Fairhope/Fly Creek/Pier,0.25,30.52,-87.91999999999999,0.01702490588650107,m/s,,same_grid_node_time_surface_bottom,SELF_FILE_HASH_AT_COMMIT,MODEL_DERIVED,0.0,0608f6e3348199a381118fc6f8f5b0b2d8002c3b6fb6da1686d3bce583d23afc,,
surface_minus_bottom_salinity_psu,ngofs2_regulargrid_v1,2026-09-30T00:00:00+00:00,False,Fairhope/Fly Creek/Pier,0.75,30.53,-87.91999999999999,-1.8203716278076172,PSU,,same_grid_node_time_surface_bottom,SELF_FILE_HASH_AT_COMMIT,MODEL_DERIVED,0.0,0608f6e3348199a381118fc6f8f5b0b2d8002c3b6fb6da1686d3bce583d23afc,,
surface_minus_bottom_temperature_C,ngofs2_regulargrid_v1,2026-09-30T00:00:00+00:00,False,Fairhope/Fly Creek/Pier,0.75,30.53,-87.91999999999999,-0.6527042388916016,degC,,same_grid_node_time_surface_bottom,SELF_FILE_HASH_AT_COMMIT,MODEL_DERIVED,0.0,0608f6e3348199a381118fc6f8f5b0b2d8002c3b6fb6da1686d3bce583d23afc,,
bottom_minus_surface_shoreward_current_m_s,ngofs2_regulargrid_v1,2026-09-30T00:00:00+00:00,False,Fairhope/Fly Creek/Pier,0.75,30.53,-87.91999999999999,0.06216300092637539,m/s,,same_grid_node_time_surface_bottom,SELF_FILE_HASH_AT_COMMIT,MODEL_DERIVED,0.0,0608f6e3348199a381118fc6f8f5b0b2d8002c3b6fb6da1686d3bce583d23afc,,
surface_minus_bottom_salinity_psu,ngofs2_regulargrid_v1,2026-09-30T00:00:00+00:00,False,Fairhope/Fly Creek/Pier,1.5,30.52,-87.92999999999999,-1.8467578887939453,PSU,,same_grid_node_time_surface_bottom,SELF_FILE_HASH_AT_COMMIT,MODEL_DERIVED,0.0,0608f6e3348199a381118fc6f8f5b0b2d8002c3b6fb6da1686d3bce583d23afc,,
surface_minus_bottom_temperature_C,ngofs2_regulargrid_v1,2026-09-30T00:00:00+00:00,False,Fairhope/Fly Creek/Pier,1.5,30.52,-87.92999999999999,-0.6908473968505859,degC,,same_grid_node_time_surface_bottom,SELF_FILE_HASH_AT_COMMIT,MODEL_DERIVED,0.0,0608f6e3348199a381118fc6f8f5b0b2d8002c3b6fb6da1686d3bce583d23afc,,
bottom_minus_surface_shoreward_current_m_s,ngofs2_regulargrid_v1,2026-09-30T00:00:00+00:00,False,Fairhope/Fly Creek/Pier,1.5,30.52,-87.92999999999999,0.08775942772626877,m/s,,same_grid_node_time_surface_bottom,SELF_FILE_HASH_AT_COMMIT,MODEL_DERIVED,0.0,0608f6e3348199a381118fc6f8f5b0b2d8002c3b6fb6da1686d3bce583d23afc,,
surface_minus_bottom_salinity_psu,ngofs2_regulargrid_v1,2026-09-30T00:00:00+00:00,False,Fairhope/Fly Creek/Pier,3.0,30.52,-87.94999999999999,-4.471254348754883,PSU,,same_grid_node_time_surface_bottom,SELF_FILE_HASH_AT_COMMIT,MODEL_DERIVED,0.0,0608f6e3348199a381118fc6f8f5b0b2d8002c3b6fb6da1686d3bce583d23afc,,
surface_minus_bottom_temperature_C,ngofs2_regulargrid_v1,2026-09-30T00:00:00+00:00,False,Fairhope/Fly Creek/Pier,3.0,30.52,-87.94999999999999,-0.7711753845214844,degC,,same_grid_node_time_surface_bottom,SELF_FILE_HASH_AT_COMMIT,MODEL_DERIVED,0.0,0608f6e3348199a381118fc6f8f5b0b2d8002c3b6fb6da1686d3bce583d23afc,,
bottom_minus_surface_shoreward_current_m_s,ngofs2_regulargrid_v1,2026-09-30T00:00:00+00:00,False,Fairhope/Fly Creek/Pier,3.0,30.52,-87.94999999999999,0.10149295907467604,m/s,,same_grid_node_time_surface_bottom,SELF_FILE_HASH_AT_COMMIT,MODEL_DERIVED,0.0,0608f6e3348199a381118fc6f8f5b0b2d8002c3b6fb6da1686d3bce583d23afc,,
surface_minus_bottom_salinity_psu,ngofs2_regulargrid_v1,2026-09-30T00:00:00+00:00,False,Battles Wharf,0.25,30.5,-87.92999999999999,0.0018978118896484375,PSU,,same_grid_node_time_surface_bottom,SELF_FILE_HASH_AT_COMMIT,MODEL_DERIVED,0.0,0608f6e3348199a381118fc6f8f5b0b2d8002c3b6fb6da1686d3bce583d23afc,,
surface_minus_bottom_temperature_C,ngofs2_regulargrid_v1,2026-09-30T00:00:00+00:00,False,Battles Wharf,0.25,30.5,-87.92999999999999,-0.027070999145507812,degC,,same_grid_node_time_surface_bottom,SELF_FILE_HASH_AT_COMMIT,MODEL_DERIVED,0.0,0608f6e3348199a381118fc6f8f5b0b2d8002c3b6fb6da1686d3bce583d23afc,,
bottom_minus_surface_shoreward_current_m_s,ngofs2_regulargrid_v1,2026-09-30T00:00:00+00:00,False,Battles Wharf,0.25,30.5,-87.92999999999999,0.004219483002088963,m/s,,same_grid_node_time_surface_bottom,SELF_FILE_HASH_AT_COMMIT,MODEL_DERIVED,0.0,0608f6e3348199a381118fc6f8f5b0b2d8002c3b6fb6da1686d3bce583d23afc,,
surface_minus_bottom_salinity_psu,ngofs2_regulargrid_v1,2026-09-30T00:00:00+00:00,False,Battles Wharf,0.75,30.490000000000002,-87.94,0.0026340484619140625,PSU,,same_grid_node_time_surface_bottom,SELF_FILE_HASH_AT_COMMIT,MODEL_DERIVED,0.0,0608f6e3348199a381118fc6f8f5b0b2d8002c3b6fb6da1686d3bce583d23afc,,
surface_minus_bottom_temperature_C,ngofs2_regulargrid_v1,2026-09-30T00:00:00+00:00,False,Battles Wharf,0.75,30.490000000000002,-87.94,-0.0251922607421875,degC,,same_grid_node_time_surface_bottom,SELF_FILE_HASH_AT_COMMIT,MODEL_DERIVED,0.0,0608f6e3348199a381118fc6f8f5b0b2d8002c3b6fb6da1686d3bce583d23afc,,
bottom_minus_surface_shoreward_current_m_s,ngofs2_regulargrid_v1,2026-09-30T00:00:00+00:00,False,Battles Wharf,0.75,30.490000000000002,-87.94,0.00044594239443540573,m/s,,same_grid_node_time_surface_bottom,SELF_FILE_HASH_AT_COMMIT,MODEL_DERIVED,0.0,0608f6e3348199a381118fc6f8f5b0b2d8002c3b6fb6da1686d3bce583d23afc,,
surface_minus_bottom_salinity_psu,ngofs2_regulargrid_v1,2026-09-30T00:00:00+00:00,False,Battles Wharf,1.5,30.5,-87.94,-0.012569427490234375,PSU,,same_grid_node_time_surface_bottom,SELF_FILE_HASH_AT_COMMIT,MODEL_DERIVED,0.0,0608f6e3348199a381118fc6f8f5b0b2d8002c3b6fb6da1686d3bce583d23afc,,
surface_minus_bottom_temperature_C,ngofs2_regulargrid_v1,2026-09-30T00:00:00+00:00,False,Battles Wharf,1.5,30.5,-87.94,-0.04286003112792969,degC,,same_grid_node_time_surface_bottom,SELF_FILE_HASH_AT_COMMIT,MODEL_DERIVED,0.0,0608f6e3348199a381118fc6f8f5b0b2d8002c3b6fb6da1686d3bce583d23afc,,
bottom_minus_surface_shoreward_current_m_s,ngofs2_regulargrid_v1,2026-09-30T00:00:00+00:00,False,Battles Wharf,1.5,30.5,-87.94,0.0024241777136921865,m/s,,same_grid_node_time_surface_bottom,SELF_FILE_HASH_AT_COMMIT,MODEL_DERIVED,0.0,0608f6e3348199a381118fc6f8f5b0b2d8002c3b6fb6da1686d3bce583d23afc,,
surface_minus_bottom_salinity_psu,ngofs2_regulargrid_v1,2026-09-30T00:00:00+00:00,False,Battles Wharf,3.0,30.490000000000002,-87.96,-0.9830665588378906,PSU,,same_grid_node_time_surface_bottom,SELF_FILE_HASH_AT_COMMIT,MODEL_DERIVED,0.0,0608f6e3348199a381118fc6f8f5b0b2d8002c3b6fb6da1686d3bce583d23afc,,
surface_minus_bottom_temperature_C,ngofs2_regulargrid_v1,2026-09-30T00:00:00+00:00,False,Battles Wharf,3.0,30.490000000000002,-87.96,-0.6950492858886719,degC,,same_grid_node_time_surface_bottom,SELF_FILE_HASH_AT_COMMIT,MODEL_DERIVED,0.0,0608f6e3348199a381118fc6f8f5b0b2d8002c3b6fb6da1686d3bce583d23afc,,
bottom_minus_surface_shoreward_current_m_s,ngofs2_regulargrid_v1,2026-09-30T00:00:00+00:00,False,Battles Wharf,3.0,30.490000000000002,-87.96,-0.1123107448220253,m/s,,same_grid_node_time_surface_bottom,SELF_FILE_HASH_AT_COMMIT,MODEL_DERIVED,0.0,0608f6e3348199a381118fc6f8f5b0b2d8002c3b6fb6da1686d3bce583d23afc,,
surface_minus_bottom_salinity_psu,ngofs2_regulargrid_v1,2026-09-30T00:00:00+00:00,False,Point Clear/Grand Hotel,0.25,30.490000000000002,-87.94,0.0026340484619140625,PSU,,same_grid_node_time_surface_bottom,SELF_FILE_HASH_AT_COMMIT,MODEL_DERIVED,0.0,0608f6e3348199a381118fc6f8f5b0b2d8002c3b6fb6da1686d3bce583d23afc,,
surface_minus_bottom_temperature_C,ngofs2_regulargrid_v1,2026-09-30T00:00:00+00:00,False,Point Clear/Grand Hotel,0.25,30.490000000000002,-87.94,-0.0251922607421875,degC,,same_grid_node_time_surface_bottom,SELF_FILE_HASH_AT_COMMIT,MODEL_DERIVED,0.0,0608f6e3348199a381118fc6f8f5b0b2d8002c3b6fb6da1686d3bce583d23afc,,
bottom_minus_surface_shoreward_current_m_s,ngofs2_regulargrid_v1,2026-09-30T00:00:00+00:00,False,Point Clear/Grand Hotel,0.25,30.490000000000002,-87.94,0.00044594239443540573,m/s,,same_grid_node_time_surface_bottom,SELF_FILE_HASH_AT_COMMIT,MODEL_DERIVED,0.0,0608f6e3348199a381118fc6f8f5b0b2d8002c3b6fb6da1686d3bce583d23afc,,
surface_minus_bottom_salinity_psu,ngofs2_regulargrid_v1,2026-09-30T00:00:00+00:00,False,Point Clear/Grand Hotel,0.75,30.48,-87.94,0.002208709716796875,PSU,,same_grid_node_time_surface_bottom,SELF_FILE_HASH_AT_COMMIT,MODEL_DERIVED,0.0,0608f6e3348199a381118fc6f8f5b0b2d8002c3b6fb6da1686d3bce583d23afc,,
surface_minus_bottom_temperature_C,ngofs2_regulargrid_v1,2026-09-30T00:00:00+00:00,False,Point Clear/Grand Hotel,0.75,30.48,-87.94,-0.025135040283203125,degC,,same_grid_node_time_surface_bottom,SELF_FILE_HASH_AT_COMMIT,MODEL_DERIVED,0.0,0608f6e3348199a381118fc6f8f5b0b2d8002c3b6fb6da1686d3bce583d23afc,,
bottom_minus_surface_shoreward_current_m_s,ngofs2_regulargrid_v1,2026-09-30T00:00:00+00:00,False,Point Clear/Grand Hotel,0.75,30.48,-87.94,0.00458904355764389,m/s,,same_grid_node_time_surface_bottom,SELF_FILE_HASH_AT_COMMIT,MODEL_DERIVED,0.0,0608f6e3348199a381118fc6f8f5b0b2d8002c3b6fb6da1686d3bce583d23afc,,
surface_minus_bottom_salinity_psu,ngofs2_regulargrid_v1,2026-09-30T00:00:00+00:00,False,Point Clear/Grand Hotel,1.5,30.490000000000002,-87.94999999999999,0.00281524658203125,PSU,,same_grid_node_time_surface_bottom,SELF_FILE_HASH_AT_COMMIT,MODEL_DERIVED,0.0,0608f6e3348199a381118fc6f8f5b0b2d8002c3b6fb6da1686d3bce583d23afc,,
surface_minus_bottom_temperature_C,ngofs2_regulargrid_v1,2026-09-30T00:00:00+00:00,False,Point Clear/Grand Hotel,1.5,30.490000000000002,-87.94999999999999,-0.03682518005371094,degC,,same_grid_node_time_surface_bottom,SELF_FILE_HASH_AT_COMMIT,MODEL_DERIVED,0.0,0608f6e3348199a381118fc6f8f5b0b2d8002c3b6fb6da1686d3bce583d23afc,,
bottom_minus_surface_shoreward_current_m_s,ngofs2_regulargrid_v1,2026-09-30T00:00:00+00:00,False,Point Clear/Grand Hotel,1.5,30.490000000000002,-87.94999999999999,0.004919531056657433,m/s,,same_grid_node_time_surface_bottom,SELF_FILE_HASH_AT_COMMIT,MODEL_DERIVED,0.0,0608f6e3348199a381118fc6f8f5b0b2d8002c3b6fb6da1686d3bce583d23afc,,
surface_minus_bottom_salinity_psu,ngofs2_regulargrid_v1,2026-09-30T00:00:00+00:00,False,Point Clear/Grand Hotel,3.0,30.490000000000002,-87.97,-3.108997344970703,PSU,,same_grid_node_time_surface_bottom,SELF_FILE_HASH_AT_COMMIT,MODEL_DERIVED,0.0,0608f6e3348199a381118fc6f8f5b0b2d8002c3b6fb6da1686d3bce583d23afc,,
surface_minus_bottom_temperature_C,ngofs2_regulargrid_v1,2026-09-30T00:00:00+00:00,False,Point Clear/Grand Hotel,3.0,30.490000000000002,-87.97,-0.8619918823242188,degC,,same_grid_node_time_surface_bottom,SELF_FILE_HASH_AT_COMMIT,MODEL_DERIVED,0.0,0608f6e3348199a381118fc6f8f5b0b2d8002c3b6fb6da1686d3bce583d23afc,,
bottom_minus_surface_shoreward_current_m_s,ngofs2_regulargrid_v1,2026-09-30T00:00:00+00:00,False,Point Clear/Grand Hotel,3.0,30.490000000000002,-87.97,-0.10239893198013304,m/s,,same_grid_node_time_surface_bottom,SELF_FILE_HASH_AT_COMMIT,MODEL_DERIVED,0.0,0608f6e3348199a381118fc6f8f5b0b2d8002c3b6fb6da1686d3bce583d23afc,,
surface_minus_bottom_salinity_psu,ngofs2_regulargrid_v1,2026-09-30T00:00:00+00:00,False,Mullet Point,0.25,30.41,-87.91,0.001888275146484375,PSU,,same_grid_node_time_surface_bottom,SELF_FILE_HASH_AT_COMMIT,MODEL_DERIVED,0.0,0608f6e3348199a381118fc6f8f5b0b2d8002c3b6fb6da1686d3bce583d23afc,,
surface_minus_bottom_temperature_C,ngofs2_regulargrid_v1,2026-09-30T00:00:00+00:00,False,Mullet Point,0.25,30.41,-87.91,-0.03319358825683594,degC,,same_grid_node_time_surface_bottom,SELF_FILE_HASH_AT_COMMIT,MODEL_DERIVED,0.0,0608f6e3348199a381118fc6f8f5b0b2d8002c3b6fb6da1686d3bce583d23afc,,
bottom_minus_surface_shoreward_current_m_s,ngofs2_regulargrid_v1,2026-09-30T00:00:00+00:00,False,Mullet Point,0.25,30.41,-87.91,0.012541776522994038,m/s,,same_grid_node_time_surface_bottom,SELF_FILE_HASH_AT_COMMIT,MODEL_DERIVED,0.0,0608f6e3348199a381118fc6f8f5b0b2d8002c3b6fb6da1686d3bce583d23afc,,
surface_minus_bottom_salinity_psu,ngofs2_regulargrid_v1,2026-09-30T00:00:00+00:00,False,Mullet Point,0.75,30.42,-87.91999999999999,0.0022029876708984375,PSU,,same_grid_node_time_surface_bottom,SELF_FILE_HASH_AT_COMMIT,MODEL_DERIVED,0.0,0608f6e3348199a381118fc6f8f5b0b2d8002c3b6fb6da1686d3bce583d23afc,,
surface_minus_bottom_temperature_C,ngofs2_regulargrid_v1,2026-09-30T00:00:00+00:00,False,Mullet Point,0.75,30.42,-87.91999999999999,-0.033847808837890625,degC,,same_grid_node_time_surface_bottom,SELF_FILE_HASH_AT_COMMIT,MODEL_DERIVED,0.0,0608f6e3348199a381118fc6f8f5b0b2d8002c3b6fb6da1686d3bce583d23afc,,
bottom_minus_surface_shoreward_current_m_s,ngofs2_regulargrid_v1,2026-09-30T00:00:00+00:00,False,Mullet Point,0.75,30.42,-87.91999999999999,0.006759438663721085,m/s,,same_grid_node_time_surface_bottom,SELF_FILE_HASH_AT_COMMIT,MODEL_DERIVED,0.0,0608f6e3348199a381118fc6f8f5b0b2d8002c3b6fb6da1686d3bce583d23afc,,
surface_minus_bottom_salinity_psu,ngofs2_regulargrid_v1,2026-09-30T00:00:00+00:00,False,Mullet Point,1.5,30.42,-87.92999999999999,0.00127410888671875,PSU,,same_grid_node_time_surface_bottom,SELF_FILE_HASH_AT_COMMIT,MODEL_DERIVED,0.0,0608f6e3348199a381118fc6f8f5b0b2d8002c3b6fb6da1686d3bce583d23afc,,
surface_minus_bottom_temperature_C,ngofs2_regulargrid_v1,2026-09-30T00:00:00+00:00,False,Mullet Point,1.5,30.42,-87.92999999999999,-0.031826019287109375,degC,,same_grid_node_time_surface_bottom,SELF_FILE_HASH_AT_COMMIT,MODEL_DERIVED,0.0,0608f6e3348199a381118fc6f8f5b0b2d8002c3b6fb6da1686d3bce583d23afc,,
bottom_minus_surface_shoreward_current_m_s,ngofs2_regulargrid_v1,2026-09-30T00:00:00+00:00,False,Mullet Point,1.5,30.42,-87.92999999999999,0.006726608611643311,m/s,,same_grid_node_time_surface_bottom,SELF_FILE_HASH_AT_COMMIT,MODEL_DERIVED,0.0,0608f6e3348199a381118fc6f8f5b0b2d8002c3b6fb6da1686d3bce583d23afc,,
surface_minus_bottom_salinity_psu,ngofs2_regulargrid_v1,2026-09-30T00:00:00+00:00,False,Mullet Point,3.0,30.42,-87.94,0.0005245208740234375,PSU,,same_grid_node_time_surface_bottom,SELF_FILE_HASH_AT_COMMIT,MODEL_DERIVED,0.0,0608f6e3348199a381118fc6f8f5b0b2d8002c3b6fb6da1686d3bce583d23afc,,
surface_minus_bottom_temperature_C,ngofs2_regulargrid_v1,2026-09-30T00:00:00+00:00,False,Mullet Point,3.0,30.42,-87.94,-0.030635833740234375,degC,,same_grid_node_time_surface_bottom,SELF_FILE_HASH_AT_COMMIT,MODEL_DERIVED,0.0,0608f6e3348199a381118fc6f8f5b0b2d8002c3b6fb6da1686d3bce583d23afc,,
bottom_minus_surface_shoreward_current_m_s,ngofs2_regulargrid_v1,2026-09-30T00:00:00+00:00,False,Mullet Point,3.0,30.42,-87.94,0.006092026829719542,m/s,,same_grid_node_time_surface_bottom,SELF_FILE_HASH_AT_COMMIT,MODEL_DERIVED,0.0,0608f6e3348199a381118fc6f8f5b0b2d8002c3b6fb6da1686d3bce583d23afc,,
surface_minus_bottom_salinity_psu,ngofs2_regulargrid_v1,2026-09-30T03:00:00+00:00,False,Daphne/May Day,0.25,30.6,-87.91999999999999,-3.583346366882324,PSU,,same_grid_node_time_surface_bottom,SELF_FILE_HASH_AT_COMMIT,MODEL_DERIVED,0.0,0608f6e3348199a381118fc6f8f5b0b2d8002c3b6fb6da1686d3bce583d23afc,,
surface_minus_bottom_temperature_C,ngofs2_regulargrid_v1,2026-09-30T03:00:00+00:00,False,Daphne/May Day,0.25,30.6,-87.91999999999999,-1.6893997192382812,degC,,same_grid_node_time_surface_bottom,SELF_FILE_HASH_AT_COMMIT,MODEL_DERIVED,0.0,0608f6e3348199a381118fc6f8f5b0b2d8002c3b6fb6da1686d3bce583d23afc,,
bottom_minus_surface_shoreward_current_m_s,ngofs2_regulargrid_v1,2026-09-30T03:00:00+00:00,False,Daphne/May Day,0.25,30.6,-87.91999999999999,0.006421392783522609,m/s,,same_grid_node_time_surface_bottom,SELF_FILE_HASH_AT_COMMIT,MODEL_DERIVED,0.0,0608f6e3348199a381118fc6f8f5b0b2d8002c3b6fb6da1686d3bce583d23afc,,
surface_minus_bottom_salinity_psu,ngofs2_regulargrid_v1,2026-09-30T03:00:00+00:00,False,Daphne/May Day,0.75,30.6,-87.92999999999999,-4.054764747619629,PSU,,same_grid_node_time_surface_bottom,SELF_FILE_HASH_AT_COMMIT,MODEL_DERIVED,0.0,0608f6e3348199a381118fc6f8f5b0b2d8002c3b6fb6da1686d3bce583d23afc,,
surface_minus_bottom_temperature_C,ngofs2_regulargrid_v1,2026-09-30T03:00:00+00:00,False,Daphne/May Day,0.75,30.6,-87.92999999999999,-1.5219688415527344,degC,,same_grid_node_time_surface_bottom,SELF_FILE_HASH_AT_COMMIT,MODEL_DERIVED,0.0,0608f6e3348199a381118fc6f8f5b0b2d8002c3b6fb6da1686d3bce583d23afc,,
bottom_minus_surface_shoreward_current_m_s,ngofs2_regulargrid_v1,2026-09-30T03:00:00+00:00,False,Daphne/May Day,0.75,30.6,-87.92999999999999,-0.0047849109396338445,m/s,,same_grid_node_time_surface_bottom,SELF_FILE_HASH_AT_COMMIT,MODEL_DERIVED,0.0,0608f6e3348199a381118fc6f8f5b0b2d8002c3b6fb6da1686d3bce583d23afc,,
surface_minus_bottom_salinity_psu,ngofs2_regulargrid_v1,2026-09-30T03:00:00+00:00,False,Daphne/May Day,1.5,30.59,-87.92999999999999,-4.200161933898926,PSU,,same_grid_node_time_surface_bottom,SELF_FILE_HASH_AT_COMMIT,MODEL_DERIVED,0.0,0608f6e3348199a381118fc6f8f5b0b2d8002c3b6fb6da1686d3bce583d23afc,,
surface_minus_bottom_temperature_C,ngofs2_regulargrid_v1,2026-09-30T03:00:00+00:00,False,Daphne/May Day,1.5,30.59,-87.92999999999999,-1.4513130187988281,degC,,same_grid_node_time_surface_bottom,SELF_FILE_HASH_AT_COMMIT,MODEL_DERIVED,0.0,0608f6e3348199a381118fc6f8f5b0b2d8002c3b6fb6da1686d3bce583d23afc,,
bottom_minus_surface_shoreward_current_m_s,ngofs2_regulargrid_v1,2026-09-30T03:00:00+00:00,False,Daphne/May Day,1.5,30.59,-87.92999999999999,-0.013075226917862889,m/s,,same_grid_node_time_surface_bottom,SELF_FILE_HASH_AT_COMMIT,MODEL_DERIVED,0.0,0608f6e3348199a381118fc6f8f5b0b2d8002c3b6fb6da1686d3bce583d23afc,,
surface_minus_bottom_salinity_psu,ngofs2_regulargrid_v1,2026-09-30T03:00:00+00:00,False,Daphne/May Day,3.0,30.6,-87.94,-4.483420372009277,PSU,,same_grid_node_time_surface_bottom,SELF_FILE_HASH_AT_COMMIT,MODEL_DERIVED,0.0,0608f6e3348199a381118fc6f8f5b0b2d8002c3b6fb6da1686d3bce583d23afc,,
surface_minus_bottom_temperature_C,ngofs2_regulargrid_v1,2026-09-30T03:00:00+00:00,False,Daphne/May Day,3.0,30.6,-87.94,-1.5078086853027344,degC,,same_grid_node_time_surface_bottom,SELF_FILE_HASH_AT_COMMIT,MODEL_DERIVED,0.0,0608f6e3348199a381118fc6f8f5b0b2d8002c3b6fb6da1686d3bce583d23afc,,
bottom_minus_surface_shoreward_current_m_s,ngofs2_regulargrid_v1,2026-09-30T03:00:00+00:00,False,Daphne/May Day,3.0,30.6,-87.94,-0.026973506901413202,m/s,,same_grid_node_time_surface_bottom,SELF_FILE_HASH_AT_COMMIT,MODEL_DERIVED,0.0,0608f6e3348199a381118fc6f8f5b0b2d8002c3b6fb6da1686d3bce583d23afc,,
surface_minus_bottom_salinity_psu,ngofs2_regulargrid_v1,2026-09-30T03:00:00+00:00,False,Montrose,0.25,30.57,-87.91,-0.45201587677001953,PSU,,same_grid_node_time_surface_bottom,SELF_FILE_HASH_AT_COMMIT,MODEL_DERIVED,0.0,0608f6e3348199a381118fc6f8f5b0b2d8002c3b6fb6da1686d3bce583d23afc,,
surface_minus_bottom_temperature_C,ngofs2_regulargrid_v1,2026-09-30T03:00:00+00:00,False,Montrose,0.25,30.57,-87.91,-0.702239990234375,degC,,same_grid_node_time_surface_bottom,SELF_FILE_HASH_AT_COMMIT,MODEL_DERIVED,0.0,0608f6e3348199a381118fc6f8f5b0b2d8002c3b6fb6da1686d3bce583d23afc,,
bottom_minus_surface_shoreward_current_m_s,ngofs2_regulargrid_v1,2026-09-30T03:00:00+00:00,False,Montrose,0.25,30.57,-87.91,-0.006439027609303594,m/s,,same_grid_node_time_surface_bottom,SELF_FILE_HASH_AT_COMMIT,MODEL_DERIVED,0.0,0608f6e3348199a381118fc6f8f5b0b2d8002c3b6fb6da1686d3bce583d23afc,,
surface_minus_bottom_salinity_psu,ngofs2_regulargrid_v1,2026-09-30T03:00:00+00:00,False,Montrose,0.75,30.560000000000002,-87.91,-1.0873355865478516,PSU,,same_grid_node_time_surface_bottom,SELF_FILE_HASH_AT_COMMIT,MODEL_DERIVED,0.0,0608f6e3348199a381118fc6f8f5b0b2d8002c3b6fb6da1686d3bce583d23afc,,
surface_minus_bottom_temperature_C,ngofs2_regulargrid_v1,2026-09-30T03:00:00+00:00,False,Montrose,0.75,30.560000000000002,-87.91,-0.7132225036621094,degC,,same_grid_node_time_surface_bottom,SELF_FILE_HASH_AT_COMMIT,MODEL_DERIVED,0.0,0608f6e3348199a381118fc6f8f5b0b2d8002c3b6fb6da1686d3bce583d23afc,,
bottom_minus_surface_shoreward_current_m_s,ngofs2_regulargrid_v1,2026-09-30T03:00:00+00:00,False,Montrose,0.75,30.560000000000002,-87.91,0.010989093221724033,m/s,,same_grid_node_time_surface_bottom,SELF_FILE_HASH_AT_COMMIT,MODEL_DERIVED,0.0,0608f6e3348199a381118fc6f8f5b0b2d8002c3b6fb6da1686d3bce583d23afc,,
surface_minus_bottom_salinity_psu,ngofs2_regulargrid_v1,2026-09-30T03:00:00+00:00,False,Montrose,1.5,30.57,-87.91999999999999,-2.497830390930176,PSU,,same_grid_node_time_surface_bottom,SELF_FILE_HASH_AT_COMMIT,MODEL_DERIVED,0.0,0608f6e3348199a381118fc6f8f5b0b2d8002c3b6fb6da1686d3bce583d23afc,,
surface_minus_bottom_temperature_C,ngofs2_regulargrid_v1,2026-09-30T03:00:00+00:00,False,Montrose,1.5,30.57,-87.91999999999999,-1.0803794860839844,degC,,same_grid_node_time_surface_bottom,SELF_FILE_HASH_AT_COMMIT,MODEL_DERIVED,0.0,0608f6e3348199a381118fc6f8f5b0b2d8002c3b6fb6da1686d3bce583d23afc,,
bottom_minus_surface_shoreward_current_m_s,ngofs2_regulargrid_v1,2026-09-30T03:00:00+00:00,False,Montrose,1.5,30.57,-87.91999999999999,-0.023794444452505555,m/s,,same_grid_node_time_surface_bottom,SELF_FILE_HASH_AT_COMMIT,MODEL_DERIVED,0.0,0608f6e3348199a381118fc6f8f5b0b2d8002c3b6fb6da1686d3bce583d23afc,,
surface_minus_bottom_salinity_psu,ngofs2_regulargrid_v1,2026-09-30T03:00:00+00:00,False,Montrose,3.0,30.57,-87.92999999999999,-3.2959089279174805,PSU,,same_grid_node_time_surface_bottom,SELF_FILE_HASH_AT_COMMIT,MODEL_DERIVED,0.0,0608f6e3348199a381118fc6f8f5b0b2d8002c3b6fb6da1686d3bce583d23afc,,
surface_minus_bottom_temperature_C,ngofs2_regulargrid_v1,2026-09-30T03:00:00+00:00,False,Montrose,3.0,30.57,-87.92999999999999,-0.9809131622314453,degC,,same_grid_node_time_surface_bottom,SELF_FILE_HASH_AT_COMMIT,MODEL_DERIVED,0.0,0608f6e3348199a381118fc6f8f5b0b2d8002c3b6fb6da1686d3bce583d23afc,,
bottom_minus_surface_shoreward_current_m_s,ngofs2_regulargrid_v1,2026-09-30T03:00:00+00:00,False,Montrose,3.0,30.57,-87.92999999999999,-0.03277761023491621,m/s,,same_grid_node_time_surface_bottom,SELF_FILE_HASH_AT_COMMIT,MODEL_DERIVED,0.0,0608f6e3348199a381118fc6f8f5b0b2d8002c3b6fb6da1686d3bce583d23afc,,
surface_minus_bottom_salinity_psu,ngofs2_regulargrid_v1,2026-09-30T03:00:00+00:00,False,Fairhope/Fly Creek/Pier,0.25,30.52,-87.91999999999999,-1.032440185546875,PSU,,same_grid_node_time_surface_bottom,SELF_FILE_HASH_AT_COMMIT,MODEL_DERIVED,0.0,0608f6e3348199a381118fc6f8f5b0b2d8002c3b6fb6da1686d3bce583d23afc,,
surface_minus_bottom_temperature_C,ngofs2_regulargrid_v1,2026-09-30T03:00:00+00:00,False,Fairhope/Fly Creek/Pier,0.25,30.52,-87.91999999999999,-0.6969795227050781,degC,,same_grid_node_time_surface_bottom,SELF_FILE_HASH_AT_COMMIT,MODEL_DERIVED,0.0,0608f6e3348199a381118fc6f8f5b0b2d8002c3b6fb6da1686d3bce583d23afc,,
bottom_minus_surface_shoreward_current_m_s,ngofs2_regulargrid_v1,2026-09-30T03:00:00+00:00,False,Fairhope/Fly Creek/Pier,0.25,30.52,-87.91999999999999,0.02959416154772043,m/s,,same_grid_node_time_surface_bottom,SELF_FILE_HASH_AT_COMMIT,MODEL_DERIVED,0.0,0608f6e3348199a381118fc6f8f5b0b2d8002c3b6fb6da1686d3bce583d23afc,,
surface_minus_bottom_salinity_psu,ngofs2_regulargrid_v1,2026-09-30T03:00:00+00:00,False,Fairhope/Fly Creek/Pier,0.75,30.53,-87.91999999999999,-1.4478321075439453,PSU,,same_grid_node_time_surface_bottom,SELF_FILE_HASH_AT_COMMIT,MODEL_DERIVED,0.0,0608f6e3348199a381118fc6f8f5b0b2d8002c3b6fb6da1686d3bce583d23afc,,
surface_minus_bottom_temperature_C,ngofs2_regulargrid_v1,2026-09-30T03:00:00+00:00,False,Fairhope/Fly Creek/Pier,0.75,30.53,-87.91999999999999,-0.7154006958007812,degC,,same_grid_node_time_surface_bottom,SELF_FILE_HASH_AT_COMMIT,MODEL_DERIVED,0.0,0608f6e3348199a381118fc6f8f5b0b2d8002c3b6fb6da1686d3bce583d23afc,,
bottom_minus_surface_shoreward_current_m_s,ngofs2_regulargrid_v1,2026-09-30T03:00:00+00:00,False,Fairhope/Fly Creek/Pier,0.75,30.53,-87.91999999999999,0.03794569429010153,m/s,,same_grid_node_time_surface_bottom,SELF_FILE_HASH_AT_COMMIT,MODEL_DERIVED,0.0,0608f6e3348199a381118fc6f8f5b0b2d8002c3b6fb6da1686d3bce583d23afc,,
surface_minus_bottom_salinity_psu,ngofs2_regulargrid_v1,2026-09-30T03:00:00+00:00,False,Fairhope/Fly Creek/Pier,1.5,30.52,-87.92999999999999,-1.3991775512695312,PSU,,same_grid_node_time_surface_bottom,SELF_FILE_HASH_AT_COMMIT,MODEL_DERIVED,0.0,0608f6e3348199a381118fc6f8f5b0b2d8002c3b6fb6da1686d3bce583d23afc,,
surface_minus_bottom_temperature_C,ngofs2_regulargrid_v1,2026-09-30T03:00:00+00:00,False,Fairhope/Fly Creek/Pier,1.5,30.52,-87.92999999999999,-0.7331924438476562,degC,,same_grid_node_time_surface_bottom,SELF_FILE_HASH_AT_COMMIT,MODEL_DERIVED,0.0,0608f6e3348199a381118fc6f8f5b0b2d8002c3b6fb6da1686d3bce583d23afc,,
bottom_minus_surface_shoreward_current_m_s,ngofs2_regulargrid_v1,2026-09-30T03:00:00+00:00,False,Fairhope/Fly Creek/Pier,1.5,30.52,-87.92999999999999,0.0739510990679264,m/s,,same_grid_node_time_surface_bottom,SELF_FILE_HASH_AT_COMMIT,MODEL_DERIVED,0.0,0608f6e3348199a381118fc6f8f5b0b2d8002c3b6fb6da1686d3bce583d23afc,,
surface_minus_bottom_salinity_psu,ngofs2_regulargrid_v1,2026-09-30T03:00:00+00:00,False,Fairhope/Fly Creek/Pier,3.0,30.52,-87.94999999999999,-2.9557266235351562,PSU,,same_grid_node_time_surface_bottom,SELF_FILE_HASH_AT_COMMIT,MODEL_DERIVED,0.0,0608f6e3348199a381118fc6f8f5b0b2d8002c3b6fb6da1686d3bce583d23afc,,
surface_minus_bottom_temperature_C,ngofs2_regulargrid_v1,2026-09-30T03:00:00+00:00,False,Fairhope/Fly Creek/Pier,3.0,30.52,-87.94999999999999,-1.0275821685791016,degC,,same_grid_node_time_surface_bottom,SELF_FILE_HASH_AT_COMMIT,MODEL_DERIVED,0.0,0608f6e3348199a381118fc6f8f5b0b2d8002c3b6fb6da1686d3bce583d23afc,,
bottom_minus_surface_shoreward_current_m_s,ngofs2_regulargrid_v1,2026-09-30T03:00:00+00:00,False,Fairhope/Fly Creek/Pier,3.0,30.52,-87.94999999999999,0.0485545638948679,m/s,,same_grid_node_time_surface_bottom,SELF_FILE_HASH_AT_COMMIT,MODEL_DERIVED,0.0,0608f6e3348199a381118fc6f8f5b0b2d8002c3b6fb6da1686d3bce583d23afc,,
surface_minus_bottom_salinity_psu,ngofs2_regulargrid_v1,2026-09-30T03:00:00+00:00,False,Battles Wharf,0.25,30.5,-87.92999999999999,0.0013675689697265625,PSU,,same_grid_node_time_surface_bottom,SELF_FILE_HASH_AT_COMMIT,MODEL_DERIVED,0.0,0608f6e3348199a381118fc6f8f5b0b2d8002c3b6fb6da1686d3bce583d23afc,,
surface_minus_bottom_temperature_C,ngofs2_regulargrid_v1,2026-09-30T03:00:00+00:00,False,Battles Wharf,0.25,30.5,-87.92999999999999,-0.014654159545898438,degC,,same_grid_node_time_surface_bottom,SELF_FILE_HASH_AT_COMMIT,MODEL_DERIVED,0.0,0608f6e3348199a381118fc6f8f5b0b2d8002c3b6fb6da1686d3bce583d23afc,,
bottom_minus_surface_shoreward_current_m_s,ngofs2_regulargrid_v1,2026-09-30T03:00:00+00:00,False,Battles Wharf,0.25,30.5,-87.92999999999999,0.004529260098934173,m/s,,same_grid_node_time_surface_bottom,SELF_FILE_HASH_AT_COMMIT,MODEL_DERIVED,0.0,0608f6e3348199a381118fc6f8f5b0b2d8002c3b6fb6da1686d3bce583d23afc,,
surface_minus_bottom_salinity_psu,ngofs2_regulargrid_v1,2026-09-30T03:00:00+00:00,False,Battles Wharf,0.75,30.490000000000002,-87.94,0.0019207000732421875,PSU,,same_grid_node_time_surface_bottom,SELF_FILE_HASH_AT_COMMIT,MODEL_DERIVED,0.0,0608f6e3348199a381118fc6f8f5b0b2d8002c3b6fb6da1686d3bce583d23afc,,
surface_minus_bottom_temperature_C,ngofs2_regulargrid_v1,2026-09-30T03:00:00+00:00,False,Battles Wharf,0.75,30.490000000000002,-87.94,-0.013278961181640625,degC,,same_grid_node_time_surface_bottom,SELF_FILE_HASH_AT_COMMIT,MODEL_DERIVED,0.0,0608f6e3348199a381118fc6f8f5b0b2d8002c3b6fb6da1686d3bce583d23afc,,
bottom_minus_surface_shoreward_current_m_s,ngofs2_regulargrid_v1,2026-09-30T03:00:00+00:00,False,Battles Wharf,0.75,30.490000000000002,-87.94,0.0005383249372243881,m/s,,same_grid_node_time_surface_bottom,SELF_FILE_HASH_AT_COMMIT,MODEL_DERIVED,0.0,0608f6e3348199a381118fc6f8f5b0b2d8002c3b6fb6da1686d3bce583d23afc,,
surface_minus_bottom_salinity_psu,ngofs2_regulargrid_v1,2026-09-30T03:00:00+00:00,False,Battles Wharf,1.5,30.5,-87.94,-0.00848388671875,PSU,,same_grid_node_time_surface_bottom,SELF_FILE_HASH_AT_COMMIT,MODEL_DERIVED,0.0,0608f6e3348199a381118fc6f8f5b0b2d8002c3b6fb6da1686d3bce583d23afc,,
surface_minus_bottom_temperature_C,ngofs2_regulargrid_v1,2026-09-30T03:00:00+00:00,False,Battles Wharf,1.5,30.5,-87.94,-0.024061203002929688,degC,,same_grid_node_time_surface_bottom,SELF_FILE_HASH_AT_COMMIT,MODEL_DERIVED,0.0,0608f6e3348199a381118fc6f8f5b0b2d8002c3b6fb6da1686d3bce583d23afc,,
bottom_minus_surface_shoreward_current_m_s,ngofs2_regulargrid_v1,2026-09-30T03:00:00+00:00,False,Battles Wharf,1.5,30.5,-87.94,-0.00046256184577941895,m/s,,same_grid_node_time_surface_bottom,SELF_FILE_HASH_AT_COMMIT,MODEL_DERIVED,0.0,0608f6e3348199a381118fc6f8f5b0b2d8002c3b6fb6da1686d3bce583d23afc,,
surface_minus_bottom_salinity_psu,ngofs2_regulargrid_v1,2026-09-30T03:00:00+00:00,False,Battles Wharf,3.0,30.490000000000002,-87.96,-0.8618278503417969,PSU,,same_grid_node_time_surface_bottom,SELF_FILE_HASH_AT_COMMIT,MODEL_DERIVED,0.0,0608f6e3348199a381118fc6f8f5b0b2d8002c3b6fb6da1686d3bce583d23afc,,
surface_minus_bottom_temperature_C,ngofs2_regulargrid_v1,2026-09-30T03:00:00+00:00,False,Battles Wharf,3.0,30.490000000000002,-87.96,-0.4415912628173828,degC,,same_grid_node_time_surface_bottom,SELF_FILE_HASH_AT_COMMIT,MODEL_DERIVED,0.0,0608f6e3348199a381118fc6f8f5b0b2d8002c3b6fb6da1686d3bce583d23afc,,
bottom_minus_surface_shoreward_current_m_s,ngofs2_regulargrid_v1,2026-09-30T03:00:00+00:00,False,Battles Wharf,3.0,30.490000000000002,-87.96,-0.11616350058466196,m/s,,same_grid_node_time_surface_bottom,SELF_FILE_HASH_AT_COMMIT,MODEL_DERIVED,0.0,0608f6e3348199a381118fc6f8f5b0b2d8002c3b6fb6da1686d3bce583d23afc,,
surface_minus_bottom_salinity_psu,ngofs2_regulargrid_v1,2026-09-30T03:00:00+00:00,False,Point Clear/Grand Hotel,0.25,30.490000000000002,-87.94,0.0019207000732421875,PSU,,same_grid_node_time_surface_bottom,SELF_FILE_HASH_AT_COMMIT,MODEL_DERIVED,0.0,0608f6e3348199a381118fc6f8f5b0b2d8002c3b6fb6da1686d3bce583d23afc,,
surface_minus_bottom_temperature_C,ngofs2_regulargrid_v1,2026-09-30T03:00:00+00:00,False,Point Clear/Grand Hotel,0.25,30.490000000000002,-87.94,-0.013278961181640625,degC,,same_grid_node_time_surface_bottom,SELF_FILE_HASH_AT_COMMIT,MODEL_DERIVED,0.0,0608f6e3348199a381118fc6f8f5b0b2d8002c3b6fb6da1686d3bce583d23afc,,
bottom_minus_surface_shoreward_current_m_s,ngofs2_regulargrid_v1,2026-09-30T03:00:00+00:00,False,Point Clear/Grand Hotel,0.25,30.490000000000002,-87.94,0.0005383249372243881,m/s,,same_grid_node_time_surface_bottom,SELF_FILE_HASH_AT_COMMIT,MODEL_DERIVED,0.0,0608f6e3348199a381118fc6f8f5b0b2d8002c3b6fb6da1686d3bce583d23afc,,
surface_minus_bottom_salinity_psu,ngofs2_regulargrid_v1,2026-09-30T03:00:00+00:00,False,Point Clear/Grand Hotel,0.75,30.48,-87.94,0.00080108642578125,PSU,,same_grid_node_time_surface_bottom,SELF_FILE_HASH_AT_COMMIT,MODEL_DERIVED,0.0,0608f6e3348199a381118fc6f8f5b0b2d8002c3b6fb6da1686d3bce583d23afc,,
surface_minus_bottom_temperature_C,ngofs2_regulargrid_v1,2026-09-30T03:00:00+00:00,False,Point Clear/Grand Hotel,0.75,30.48,-87.94,-0.0157623291015625,degC,,same_grid_node_time_surface_bottom,SELF_FILE_HASH_AT_COMMIT,MODEL_DERIVED,0.0,0608f6e3348199a381118fc6f8f5b0b2d8002c3b6fb6da1686d3bce583d23afc,,
bottom_minus_surface_shoreward_current_m_s,ngofs2_regulargrid_v1,2026-09-30T03:00:00+00:00,False,Point Clear/Grand Hotel,0.75,30.48,-87.94,0.007600732147693634,m/s,,same_grid_node_time_surface_bottom,SELF_FILE_HASH_AT_COMMIT,MODEL_DERIVED,0.0,0608f6e3348199a381118fc6f8f5b0b2d8002c3b6fb6da1686d3bce583d23afc,,
surface_minus_bottom_salinity_psu,ngofs2_regulargrid_v1,2026-09-30T03:00:00+00:00,False,Point Clear/Grand Hotel,1.5,30.490000000000002,-87.94999999999999,-0.009977340698242188,PSU,,same_grid_node_time_surface_bottom,SELF_FILE_HASH_AT_COMMIT,MODEL_DERIVED,0.0,0608f6e3348199a381118fc6f8f5b0b2d8002c3b6fb6da1686d3bce583d23afc,,
surface_minus_bottom_temperature_C,ngofs2_regulargrid_v1,2026-09-30T03:00:00+00:00,False,Point Clear/Grand Hotel,1.5,30.490000000000002,-87.94999999999999,-0.03957939147949219,degC,,same_grid_node_time_surface_bottom,SELF_FILE_HASH_AT_COMMIT,MODEL_DERIVED,0.0,0608f6e3348199a381118fc6f8f5b0b2d8002c3b6fb6da1686d3bce583d23afc,,
bottom_minus_surface_shoreward_current_m_s,ngofs2_regulargrid_v1,2026-09-30T03:00:00+00:00,False,Point Clear/Grand Hotel,1.5,30.490000000000002,-87.94999999999999,0.004804737400263548,m/s,,same_grid_node_time_surface_bottom,SELF_FILE_HASH_AT_COMMIT,MODEL_DERIVED,0.0,0608f6e3348199a381118fc6f8f5b0b2d8002c3b6fb6da1686d3bce583d23afc,,
surface_minus_bottom_salinity_psu,ngofs2_regulargrid_v1,2026-09-30T03:00:00+00:00,False,Point Clear/Grand Hotel,3.0,30.490000000000002,-87.97,-3.0092716217041016,PSU,,same_grid_node_time_surface_bottom,SELF_FILE_HASH_AT_COMMIT,MODEL_DERIVED,0.0,0608f6e3348199a381118fc6f8f5b0b2d8002c3b6fb6da1686d3bce583d23afc,,
surface_minus_bottom_temperature_C,ngofs2_regulargrid_v1,2026-09-30T03:00:00+00:00,False,Point Clear/Grand Hotel,3.0,30.490000000000002,-87.97,-0.7014141082763672,degC,,same_grid_node_time_surface_bottom,SELF_FILE_HASH_AT_COMMIT,MODEL_DERIVED,0.0,0608f6e3348199a381118fc6f8f5b0b2d8002c3b6fb6da1686d3bce583d23afc,,
bottom_minus_surface_shoreward_current_m_s,ngofs2_regulargrid_v1,2026-09-30T03:00:00+00:00,False,Point Clear/Grand Hotel,3.0,30.490000000000002,-87.97,-0.1088542742654681,m/s,,same_grid_node_time_surface_bottom,SELF_FILE_HASH_AT_COMMIT,MODEL_DERIVED,0.0,0608f6e3348199a381118fc6f8f5b0b2d8002c3b6fb6da1686d3bce583d23afc,,
surface_minus_bottom_salinity_psu,ngofs2_regulargrid_v1,2026-09-30T03:00:00+00:00,False,Mullet Point,0.25,30.41,-87.91,0.0009288787841796875,PSU,,same_grid_node_time_surface_bottom,SELF_FILE_HASH_AT_COMMIT,MODEL_DERIVED,0.0,0608f6e3348199a381118fc6f8f5b0b2d8002c3b6fb6da1686d3bce583d23afc,,
surface_minus_bottom_temperature_C,ngofs2_regulargrid_v1,2026-09-30T03:00:00+00:00,False,Mullet Point,0.25,30.41,-87.91,-0.022989273071289062,degC,,same_grid_node_time_surface_bottom,SELF_FILE_HASH_AT_COMMIT,MODEL_DERIVED,0.0,0608f6e3348199a381118fc6f8f5b0b2d8002c3b6fb6da1686d3bce583d23afc,,
bottom_minus_surface_shoreward_current_m_s,ngofs2_regulargrid_v1,2026-09-30T03:00:00+00:00,False,Mullet Point,0.25,30.41,-87.91,0.01517553627490997,m/s,,same_grid_node_time_surface_bottom,SELF_FILE_HASH_AT_COMMIT,MODEL_DERIVED,0.0,0608f6e3348199a381118fc6f8f5b0b2d8002c3b6fb6da1686d3bce583d23afc,,
surface_minus_bottom_salinity_psu,ngofs2_regulargrid_v1,2026-09-30T03:00:00+00:00,False,Mullet Point,0.75,30.42,-87.91999999999999,0.001499176025390625,PSU,,same_grid_node_time_surface_bottom,SELF_FILE_HASH_AT_COMMIT,MODEL_DERIVED,0.0,0608f6e3348199a381118fc6f8f5b0b2d8002c3b6fb6da1686d3bce583d23afc,,
surface_minus_bottom_temperature_C,ngofs2_regulargrid_v1,2026-09-30T03:00:00+00:00,False,Mullet Point,0.75,30.42,-87.91999999999999,-0.022800445556640625,degC,,same_grid_node_time_surface_bottom,SELF_FILE_HASH_AT_COMMIT,MODEL_DERIVED,0.0,0608f6e3348199a381118fc6f8f5b0b2d8002c3b6fb6da1686d3bce583d23afc,,
bottom_minus_surface_shoreward_current_m_s,ngofs2_regulargrid_v1,2026-09-30T03:00:00+00:00,False,Mullet Point,0.75,30.42,-87.91999999999999,0.009016990661621094,m/s,,same_grid_node_time_surface_bottom,SELF_FILE_HASH_AT_COMMIT,MODEL_DERIVED,0.0,0608f6e3348199a381118fc6f8f5b0b2d8002c3b6fb6da1686d3bce583d23afc,,
surface_minus_bottom_salinity_psu,ngofs2_regulargrid_v1,2026-09-30T03:00:00+00:00,False,Mullet Point,1.5,30.42,-87.92999999999999,0.00037384033203125,PSU,,same_grid_node_time_surface_bottom,SELF_FILE_HASH_AT_COMMIT,MODEL_DERIVED,0.0,0608f6e3348199a381118fc6f8f5b0b2d8002c3b6fb6da1686d3bce583d23afc,,
surface_minus_bottom_temperature_C,ngofs2_regulargrid_v1,2026-09-30T03:00:00+00:00,False,Mullet Point,1.5,30.42,-87.92999999999999,-0.020673751831054688,degC,,same_grid_node_time_surface_bottom,SELF_FILE_HASH_AT_COMMIT,MODEL_DERIVED,0.0,0608f6e3348199a381118fc6f8f5b0b2d8002c3b6fb6da1686d3bce583d23afc,,
bottom_minus_surface_shoreward_current_m_s,ngofs2_regulargrid_v1,2026-09-30T03:00:00+00:00,False,Mullet Point,1.5,30.42,-87.92999999999999,0.00746808387339115,m/s,,same_grid_node_time_surface_bottom,SELF_FILE_HASH_AT_COMMIT,MODEL_DERIVED,0.0,0608f6e3348199a381118fc6f8f5b0b2d8002c3b6fb6da1686d3bce583d23afc,,
surface_minus_bottom_salinity_psu,ngofs2_regulargrid_v1,2026-09-30T03:00:00+00:00,False,Mullet Point,3.0,30.42,-87.94,-0.001430511474609375,PSU,,same_grid_node_time_surface_bottom,SELF_FILE_HASH_AT_COMMIT,MODEL_DERIVED,0.0,0608f6e3348199a381118fc6f8f5b0b2d8002c3b6fb6da1686d3bce583d23afc,,
surface_minus_bottom_temperature_C,ngofs2_regulargrid_v1,2026-09-30T03:00:00+00:00,False,Mullet Point,3.0,30.42,-87.94,-0.020990371704101562,degC,,same_grid_node_time_surface_bottom,SELF_FILE_HASH_AT_COMMIT,MODEL_DERIVED,0.0,0608f6e3348199a381118fc6f8f5b0b2d8002c3b6fb6da1686d3bce583d23afc,,
bottom_minus_surface_shoreward_current_m_s,ngofs2_regulargrid_v1,2026-09-30T03:00:00+00:00,False,Mullet Point,3.0,30.42,-87.94,0.006863984279334543,m/s,,same_grid_node_time_surface_bottom,SELF_FILE_HASH_AT_COMMIT,MODEL_DERIVED,0.0,0608f6e3348199a381118fc6f8f5b0b2d8002c3b6fb6da1686d3bce583d23afc,,
surface_minus_bottom_salinity_psu,ngofs2_regulargrid_v1,2026-09-30T06:00:00+00:00,False,Daphne/May Day,0.25,30.6,-87.91999999999999,-3.6736536026000977,PSU,,same_grid_node_time_surface_bottom,SELF_FILE_HASH_AT_COMMIT,MODEL_DERIVED,0.0,0608f6e3348199a381118fc6f8f5b0b2d8002c3b6fb6da1686d3bce583d23afc,,
surface_minus_bottom_temperature_C,ngofs2_regulargrid_v1,2026-09-30T06:00:00+00:00,False,Daphne/May Day,0.25,30.6,-87.91999999999999,-1.5413036346435547,degC,,same_grid_node_time_surface_bottom,SELF_FILE_HASH_AT_COMMIT,MODEL_DERIVED,0.0,0608f6e3348199a381118fc6f8f5b0b2d8002c3b6fb6da1686d3bce583d23afc,,
bottom_minus_surface_shoreward_current_m_s,ngofs2_regulargrid_v1,2026-09-30T06:00:00+00:00,False,Daphne/May Day,0.25,30.6,-87.91999999999999,0.01585411932319403,m/s,,same_grid_node_time_surface_bottom,SELF_FILE_HASH_AT_COMMIT,MODEL_DERIVED,0.0,0608f6e3348199a381118fc6f8f5b0b2d8002c3b6fb6da1686d3bce583d23afc,,
surface_minus_bottom_salinity_psu,ngofs2_regulargrid_v1,2026-09-30T06:00:00+00:00,False,Daphne/May Day,0.75,30.6,-87.92999999999999,-4.3675384521484375,PSU,,same_grid_node_time_surface_bottom,SELF_FILE_HASH_AT_COMMIT,MODEL_DERIVED,0.0,0608f6e3348199a381118fc6f8f5b0b2d8002c3b6fb6da1686d3bce583d23afc,,
surface_minus_bottom_temperature_C,ngofs2_regulargrid_v1,2026-09-30T06:00:00+00:00,False,Daphne/May Day,0.75,30.6,-87.92999999999999,-1.7077083587646484,degC,,same_grid_node_time_surface_bottom,SELF_FILE_HASH_AT_COMMIT,MODEL_DERIVED,0.0,0608f6e3348199a381118fc6f8f5b0b2d8002c3b6fb6da1686d3bce583d23afc,,
bottom_minus_surface_shoreward_current_m_s,ngofs2_regulargrid_v1,2026-09-30T06:00:00+00:00,False,Daphne/May Day,0.75,30.6,-87.92999999999999,-0.00940952636301517,m/s,,same_grid_node_time_surface_bottom,SELF_FILE_HASH_AT_COMMIT,MODEL_DERIVED,0.0,0608f6e3348199a381118fc6f8f5b0b2d8002c3b6fb6da1686d3bce583d23afc,,
surface_minus_bottom_salinity_psu,ngofs2_regulargrid_v1,2026-09-30T06:00:00+00:00,False,Daphne/May Day,1.5,30.59,-87.92999999999999,-4.387721061706543,PSU,,same_grid_node_time_surface_bottom,SELF_FILE_HASH_AT_COMMIT,MODEL_DERIVED,0.0,0608f6e3348199a381118fc6f8f5b0b2d8002c3b6fb6da1686d3bce583d23afc,,
surface_minus_bottom_temperature_C,ngofs2_regulargrid_v1,2026-09-30T06:00:00+00:00,False,Daphne/May Day,1.5,30.59,-87.92999999999999,-1.6516742706298828,degC,,same_grid_node_time_surface_bottom,SELF_FILE_HASH_AT_COMMIT,MODEL_DERIVED,0.0,0608f6e3348199a381118fc6f8f5b0b2d8002c3b6fb6da1686d3bce583d23afc,,
bottom_minus_surface_shoreward_current_m_s,ngofs2_regulargrid_v1,2026-09-30T06:00:00+00:00,False,Daphne/May Day,1.5,30.59,-87.92999999999999,-0.01631030719727277,m/s,,same_grid_node_time_surface_bottom,SELF_FILE_HASH_AT_COMMIT,MODEL_DERIVED,0.0,0608f6e3348199a381118fc6f8f5b0b2d8002c3b6fb6da1686d3bce583d23afc,,
surface_minus_bottom_salinity_psu,ngofs2_regulargrid_v1,2026-09-30T06:00:00+00:00,False,Daphne/May Day,3.0,30.6,-87.94,-4.860536575317383,PSU,,same_grid_node_time_surface_bottom,SELF_FILE_HASH_AT_COMMIT,MODEL_DERIVED,0.0,0608f6e3348199a381118fc6f8f5b0b2d8002c3b6fb6da1686d3bce583d23afc,,
surface_minus_bottom_temperature_C,ngofs2_regulargrid_v1,2026-09-30T06:00:00+00:00,False,Daphne/May Day,3.0,30.6,-87.94,-1.587850570678711,degC,,same_grid_node_time_surface_bottom,SELF_FILE_HASH_AT_COMMIT,MODEL_DERIVED,0.0,0608f6e3348199a381118fc6f8f5b0b2d8002c3b6fb6da1686d3bce583d23afc,,
bottom_minus_surface_shoreward_current_m_s,ngofs2_regulargrid_v1,2026-09-30T06:00:00+00:00,False,Daphne/May Day,3.0,30.6,-87.94,-0.03347013500751927,m/s,,same_grid_node_time_surface_bottom,SELF_FILE_HASH_AT_COMMIT,MODEL_DERIVED,0.0,0608f6e3348199a381118fc6f8f5b0b2d8002c3b6fb6da1686d3bce583d23afc,,
surface_minus_bottom_salinity_psu,ngofs2_regulargrid_v1,2026-09-30T06:00:00+00:00,False,Montrose,0.25,30.57,-87.91,-0.5316867828369141,PSU,,same_grid_node_time_surface_bottom,SELF_FILE_HASH_AT_COMMIT,MODEL_DERIVED,0.0,0608f6e3348199a381118fc6f8f5b0b2d8002c3b6fb6da1686d3bce583d23afc,,
surface_minus_bottom_temperature_C,ngofs2_regulargrid_v1,2026-09-30T06:00:00+00:00,False,Montrose,0.25,30.57,-87.91,-0.7552719116210938,degC,,same_grid_node_time_surface_bottom,SELF_FILE_HASH_AT_COMMIT,MODEL_DERIVED,0.0,0608f6e3348199a381118fc6f8f5b0b2d8002c3b6fb6da1686d3bce583d23afc,,
bottom_minus_surface_shoreward_current_m_s,ngofs2_regulargrid_v1,2026-09-30T06:00:00+00:00,False,Montrose,0.25,30.57,-87.91,-0.013490834739059206,m/s,,same_grid_node_time_surface_bottom,SELF_FILE_HASH_AT_COMMIT,MODEL_DERIVED,0.0,0608f6e3348199a381118fc6f8f5b0b2d8002c3b6fb6da1686d3bce583d23afc,,
surface_minus_bottom_salinity_psu,ngofs2_regulargrid_v1,2026-09-30T06:00:00+00:00,False,Montrose,0.75,30.560000000000002,-87.91,-1.1388139724731445,PSU,,same_grid_node_time_surface_bottom,SELF_FILE_HASH_AT_COMMIT,MODEL_DERIVED,0.0,0608f6e3348199a381118fc6f8f5b0b2d8002c3b6fb6da1686d3bce583d23afc,,
surface_minus_bottom_temperature_C,ngofs2_regulargrid_v1,2026-09-30T06:00:00+00:00,False,Montrose,0.75,30.560000000000002,-87.91,-0.9235172271728516,degC,,same_grid_node_time_surface_bottom,SELF_FILE_HASH_AT_COMMIT,MODEL_DERIVED,0.0,0608f6e3348199a381118fc6f8f5b0b2d8002c3b6fb6da1686d3bce583d23afc,,
bottom_minus_surface_shoreward_current_m_s,ngofs2_regulargrid_v1,2026-09-30T06:00:00+00:00,False,Montrose,0.75,30.560000000000002,-87.91,0.0015773121267557162,m/s,,same_grid_node_time_surface_bottom,SELF_FILE_HASH_AT_COMMIT,MODEL_DERIVED,0.0,0608f6e3348199a381118fc6f8f5b0b2d8002c3b6fb6da1686d3bce583d23afc,,
surface_minus_bottom_salinity_psu,ngofs2_regulargrid_v1,2026-09-30T06:00:00+00:00,False,Montrose,1.5,30.57,-87.91999999999999,-2.87381649017334,PSU,,same_grid_node_time_surface_bottom,SELF_FILE_HASH_AT_COMMIT,MODEL_DERIVED,0.0,0608f6e3348199a381118fc6f8f5b0b2d8002c3b6fb6da1686d3bce583d23afc,,
surface_minus_bottom_temperature_C,ngofs2_regulargrid_v1,2026-09-30T06:00:00+00:00,False,Montrose,1.5,30.57,-87.91999999999999,-1.4860687255859375,degC,,same_grid_node_time_surface_bottom,SELF_FILE_HASH_AT_COMMIT,MODEL_DERIVED,0.0,0608f6e3348199a381118fc6f8f5b0b2d8002c3b6fb6da1686d3bce583d23afc,,
bottom_minus_surface_shoreward_current_m_s,ngofs2_regulargrid_v1,2026-09-30T06:00:00+00:00,False,Montrose,1.5,30.57,-87.91999999999999,-0.035218132834415876,m/s,,same_grid_node_time_surface_bottom,SELF_FILE_HASH_AT_COMMIT,MODEL_DERIVED,0.0,0608f6e3348199a381118fc6f8f5b0b2d8002c3b6fb6da1686d3bce583d23afc,,
surface_minus_bottom_salinity_psu,ngofs2_regulargrid_v1,2026-09-30T06:00:00+00:00,False,Montrose,3.0,30.57,-87.92999999999999,-3.656989097595215,PSU,,same_grid_node_time_surface_bottom,SELF_FILE_HASH_AT_COMMIT,MODEL_DERIVED,0.0,0608f6e3348199a381118fc6f8f5b0b2d8002c3b6fb6da1686d3bce583d23afc,,
surface_minus_bottom_temperature_C,ngofs2_regulargrid_v1,2026-09-30T06:00:00+00:00,False,Montrose,3.0,30.57,-87.92999999999999,-1.3279666900634766,degC,,same_grid_node_time_surface_bottom,SELF_FILE_HASH_AT_COMMIT,MODEL_DERIVED,0.0,0608f6e3348199a381118fc6f8f5b0b2d8002c3b6fb6da1686d3bce583d23afc,,
bottom_minus_surface_shoreward_current_m_s,ngofs2_regulargrid_v1,2026-09-30T06:00:00+00:00,False,Montrose,3.0,30.57,-87.92999999999999,-0.03905315231531858,m/s,,same_grid_node_time_surface_bottom,SELF_FILE_HASH_AT_COMMIT,MODEL_DERIVED,0.0,0608f6e3348199a381118fc6f8f5b0b2d8002c3b6fb6da1686d3bce583d23afc,,
surface_minus_bottom_salinity_psu,ngofs2_regulargrid_v1,2026-09-30T06:00:00+00:00,False,Fairhope/Fly Creek/Pier,0.25,30.52,-87.91999999999999,-1.0094852447509766,PSU,,same_grid_node_time_surface_bottom,SELF_FILE_HASH_AT_COMMIT,MODEL_DERIVED,0.0,0608f6e3348199a381118fc6f8f5b0b2d8002c3b6fb6da1686d3bce583d23afc,,
surface_minus_bottom_temperature_C,ngofs2_regulargrid_v1,2026-09-30T06:00:00+00:00,False,Fairhope/Fly Creek/Pier,0.25,30.52,-87.91999999999999,-0.6897411346435547,degC,,same_grid_node_time_surface_bottom,SELF_FILE_HASH_AT_COMMIT,MODEL_DERIVED,0.0,0608f6e3348199a381118fc6f8f5b0b2d8002c3b6fb6da1686d3bce583d23afc,,
bottom_minus_surface_shoreward_current_m_s,ngofs2_regulargrid_v1,2026-09-30T06:00:00+00:00,False,Fairhope/Fly Creek/Pier,0.25,30.52,-87.91999999999999,0.048084271140396595,m/s,,same_grid_node_time_surface_bottom,SELF_FILE_HASH_AT_COMMIT,MODEL_DERIVED,0.0,0608f6e3348199a381118fc6f8f5b0b2d8002c3b6fb6da1686d3bce583d23afc,,
surface_minus_bottom_salinity_psu,ngofs2_regulargrid_v1,2026-09-30T06:00:00+00:00,False,Fairhope/Fly Creek/Pier,0.75,30.53,-87.91999999999999,-1.3711929321289062,PSU,,same_grid_node_time_surface_bottom,SELF_FILE_HASH_AT_COMMIT,MODEL_DERIVED,0.0,0608f6e3348199a381118fc6f8f5b0b2d8002c3b6fb6da1686d3bce583d23afc,,
surface_minus_bottom_temperature_C,ngofs2_regulargrid_v1,2026-09-30T06:00:00+00:00,False,Fairhope/Fly Creek/Pier,0.75,30.53,-87.91999999999999,-0.8024845123291016,degC,,same_grid_node_time_surface_bottom,SELF_FILE_HASH_AT_COMMIT,MODEL_DERIVED,0.0,0608f6e3348199a381118fc6f8f5b0b2d8002c3b6fb6da1686d3bce583d23afc,,
bottom_minus_surface_shoreward_current_m_s,ngofs2_regulargrid_v1,2026-09-30T06:00:00+00:00,False,Fairhope/Fly Creek/Pier,0.75,30.53,-87.91999999999999,0.05194192938506603,m/s,,same_grid_node_time_surface_bottom,SELF_FILE_HASH_AT_COMMIT,MODEL_DERIVED,0.0,0608f6e3348199a381118fc6f8f5b0b2d8002c3b6fb6da1686d3bce583d23afc,,
surface_minus_bottom_salinity_psu,ngofs2_regulargrid_v1,2026-09-30T06:00:00+00:00,False,Fairhope/Fly Creek/Pier,1.5,30.52,-87.92999999999999,-1.3806571960449219,PSU,,same_grid_node_time_surface_bottom,SELF_FILE_HASH_AT_COMMIT,MODEL_DERIVED,0.0,0608f6e3348199a381118fc6f8f5b0b2d8002c3b6fb6da1686d3bce583d23afc,,
surface_minus_bottom_temperature_C,ngofs2_regulargrid_v1,2026-09-30T06:00:00+00:00,False,Fairhope/Fly Creek/Pier,1.5,30.52,-87.92999999999999,-0.6853656768798828,degC,,same_grid_node_time_surface_bottom,SELF_FILE_HASH_AT_COMMIT,MODEL_DERIVED,0.0,0608f6e3348199a381118fc6f8f5b0b2d8002c3b6fb6da1686d3bce583d23afc,,
bottom_minus_surface_shoreward_current_m_s,ngofs2_regulargrid_v1,2026-09-30T06:00:00+00:00,False,Fairhope/Fly Creek/Pier,1.5,30.52,-87.92999999999999,0.11117704212665558,m/s,,same_grid_node_time_surface_bottom,SELF_FILE_HASH_AT_COMMIT,MODEL_DERIVED,0.0,0608f6e3348199a381118fc6f8f5b0b2d8002c3b6fb6da1686d3bce583d23afc,,
surface_minus_bottom_salinity_psu,ngofs2_regulargrid_v1,2026-09-30T06:00:00+00:00,False,Fairhope/Fly Creek/Pier,3.0,30.52,-87.94999999999999,-2.372964859008789,PSU,,same_grid_node_time_surface_bottom,SELF_FILE_HASH_AT_COMMIT,MODEL_DERIVED,0.0,0608f6e3348199a381118fc6f8f5b0b2d8002c3b6fb6da1686d3bce583d23afc,,
surface_minus_bottom_temperature_C,ngofs2_regulargrid_v1,2026-09-30T06:00:00+00:00,False,Fairhope/Fly Creek/Pier,3.0,30.52,-87.94999999999999,-0.9722766876220703,degC,,same_grid_node_time_surface_bottom,SELF_FILE_HASH_AT_COMMIT,MODEL_DERIVED,0.0,0608f6e3348199a381118fc6f8f5b0b2d8002c3b6fb6da1686d3bce583d23afc,,
bottom_minus_surface_shoreward_current_m_s,ngofs2_regulargrid_v1,2026-09-30T06:00:00+00:00,False,Fairhope/Fly Creek/Pier,3.0,30.52,-87.94999999999999,0.02352126408368349,m/s,,same_grid_node_time_surface_bottom,SELF_FILE_HASH_AT_COMMIT,MODEL_DERIVED,0.0,0608f6e3348199a381118fc6f8f5b0b2d8002c3b6fb6da1686d3bce583d23afc,,
surface_minus_bottom_salinity_psu,ngofs2_regulargrid_v1,2026-09-30T06:00:00+00:00,False,Battles Wharf,0.25,30.5,-87.92999999999999,-0.0600433349609375,PSU,,same_grid_node_time_surface_bottom,SELF_FILE_HASH_AT_COMMIT,MODEL_DERIVED,0.0,0608f6e3348199a381118fc6f8f5b0b2d8002c3b6fb6da1686d3bce583d23afc,,
surface_minus_bottom_temperature_C,ngofs2_regulargrid_v1,2026-09-30T06:00:00+00:00,False,Battles Wharf,0.25,30.5,-87.92999999999999,-0.05663299560546875,degC,,same_grid_node_time_surface_bottom,SELF_FILE_HASH_AT_COMMIT,MODEL_DERIVED,0.0,0608f6e3348199a381118fc6f8f5b0b2d8002c3b6fb6da1686d3bce583d23afc,,
bottom_minus_surface_shoreward_current_m_s,ngofs2_regulargrid_v1,2026-09-30T06:00:00+00:00,False,Battles Wharf,0.25,30.5,-87.92999999999999,0.030270670540630817,m/s,,same_grid_node_time_surface_bottom,SELF_FILE_HASH_AT_COMMIT,MODEL_DERIVED,0.0,0608f6e3348199a381118fc6f8f5b0b2d8002c3b6fb6da1686d3bce583d23afc,,
surface_minus_bottom_salinity_psu,ngofs2_regulargrid_v1,2026-09-30T06:00:00+00:00,False,Battles Wharf,0.75,30.490000000000002,-87.94,-0.0002593994140625,PSU,,same_grid_node_time_surface_bottom,SELF_FILE_HASH_AT_COMMIT,MODEL_DERIVED,0.0,0608f6e3348199a381118fc6f8f5b0b2d8002c3b6fb6da1686d3bce583d23afc,,
surface_minus_bottom_temperature_C,ngofs2_regulargrid_v1,2026-09-30T06:00:00+00:00,False,Battles Wharf,0.75,30.490000000000002,-87.94,-0.01000213623046875,degC,,same_grid_node_time_surface_bottom,SELF_FILE_HASH_AT_COMMIT,MODEL_DERIVED,0.0,0608f6e3348199a381118fc6f8f5b0b2d8002c3b6fb6da1686d3bce583d23afc,,
bottom_minus_surface_shoreward_current_m_s,ngofs2_regulargrid_v1,2026-09-30T06:00:00+00:00,False,Battles Wharf,0.75,30.490000000000002,-87.94,0.0020658382127294317,m/s,,same_grid_node_time_surface_bottom,SELF_FILE_HASH_AT_COMMIT,MODEL_DERIVED,0.0,0608f6e3348199a381118fc6f8f5b0b2d8002c3b6fb6da1686d3bce583d23afc,,
surface_minus_bottom_salinity_psu,ngofs2_regulargrid_v1,2026-09-30T06:00:00+00:00,False,Battles Wharf,1.5,30.5,-87.94,-0.035091400146484375,PSU,,same_grid_node_time_surface_bottom,SELF_FILE_HASH_AT_COMMIT,MODEL_DERIVED,0.0,0608f6e3348199a381118fc6f8f5b0b2d8002c3b6fb6da1686d3bce583d23afc,,
surface_minus_bottom_temperature_C,ngofs2_regulargrid_v1,2026-09-30T06:00:00+00:00,False,Battles Wharf,1.5,30.5,-87.94,-0.042194366455078125,degC,,same_grid_node_time_surface_bottom,SELF_FILE_HASH_AT_COMMIT,MODEL_DERIVED,0.0,0608f6e3348199a381118fc6f8f5b0b2d8002c3b6fb6da1686d3bce583d23afc,,
bottom_minus_surface_shoreward_current_m_s,ngofs2_regulargrid_v1,2026-09-30T06:00:00+00:00,False,Battles Wharf,1.5,30.5,-87.94,0.016629233956336975,m/s,,same_grid_node_time_surface_bottom,SELF_FILE_HASH_AT_COMMIT,MODEL_DERIVED,0.0,0608f6e3348199a381118fc6f8f5b0b2d8002c3b6fb6da1686d3bce583d23afc,,
surface_minus_bottom_salinity_psu,ngofs2_regulargrid_v1,2026-09-30T06:00:00+00:00,False,Battles Wharf,3.0,30.490000000000002,-87.96,-1.2760543823242188,PSU,,same_grid_node_time_surface_bottom,SELF_FILE_HASH_AT_COMMIT,MODEL_DERIVED,0.0,0608f6e3348199a381118fc6f8f5b0b2d8002c3b6fb6da1686d3bce583d23afc,,
surface_minus_bottom_temperature_C,ngofs2_regulargrid_v1,2026-09-30T06:00:00+00:00,False,Battles Wharf,3.0,30.490000000000002,-87.96,-0.45664405822753906,degC,,same_grid_node_time_surface_bottom,SELF_FILE_HASH_AT_COMMIT,MODEL_DERIVED,0.0,0608f6e3348199a381118fc6f8f5b0b2d8002c3b6fb6da1686d3bce583d23afc,,
bottom_minus_surface_shoreward_current_m_s,ngofs2_regulargrid_v1,2026-09-30T06:00:00+00:00,False,Battles Wharf,3.0,30.490000000000002,-87.96,-0.13292474672198296,m/s,,same_grid_node_time_surface_bottom,SELF_FILE_HASH_AT_COMMIT,MODEL_DERIVED,0.0,0608f6e3348199a381118fc6f8f5b0b2d8002c3b6fb6da1686d3bce583d23afc,,
surface_minus_bottom_salinity_psu,ngofs2_regulargrid_v1,2026-09-30T06:00:00+00:00,False,Point Clear/Grand Hotel,0.25,30.490000000000002,-87.94,-0.0002593994140625,PSU,,same_grid_node_time_surface_bottom,SELF_FILE_HASH_AT_COMMIT,MODEL_DERIVED,0.0,0608f6e3348199a381118fc6f8f5b0b2d8002c3b6fb6da1686d3bce583d23afc,,
surface_minus_bottom_temperature_C,ngofs2_regulargrid_v1,2026-09-30T06:00:00+00:00,False,Point Clear/Grand Hotel,0.25,30.490000000000002,-87.94,-0.01000213623046875,degC,,same_grid_node_time_surface_bottom,SELF_FILE_HASH_AT_COMMIT,MODEL_DERIVED,0.0,0608f6e3348199a381118fc6f8f5b0b2d8002c3b6fb6da1686d3bce583d23afc,,
bottom_minus_surface_shoreward_current_m_s,ngofs2_regulargrid_v1,2026-09-30T06:00:00+00:00,False,Point Clear/Grand Hotel,0.25,30.490000000000002,-87.94,0.0020658382127294317,m/s,,same_grid_node_time_surface_bottom,SELF_FILE_HASH_AT_COMMIT,MODEL_DERIVED,0.0,0608f6e3348199a381118fc6f8f5b0b2d8002c3b6fb6da1686d3bce583d23afc,,
surface_minus_bottom_salinity_psu,ngofs2_regulargrid_v1,2026-09-30T06:00:00+00:00,False,Point Clear/Grand Hotel,0.75,30.48,-87.94,-0.001056671142578125,PSU,,same_grid_node_time_surface_bottom,SELF_FILE_HASH_AT_COMMIT,MODEL_DERIVED,0.0,0608f6e3348199a381118fc6f8f5b0b2d8002c3b6fb6da1686d3bce583d23afc,,
surface_minus_bottom_temperature_C,ngofs2_regulargrid_v1,2026-09-30T06:00:00+00:00,False,Point Clear/Grand Hotel,0.75,30.48,-87.94,-0.01166534423828125,degC,,same_grid_node_time_surface_bottom,SELF_FILE_HASH_AT_COMMIT,MODEL_DERIVED,0.0,0608f6e3348199a381118fc6f8f5b0b2d8002c3b6fb6da1686d3bce583d23afc,,
bottom_minus_surface_shoreward_current_m_s,ngofs2_regulargrid_v1,2026-09-30T06:00:00+00:00,False,Point Clear/Grand Hotel,0.75,30.48,-87.94,0.004428907297551632,m/s,,same_grid_node_time_surface_bottom,SELF_FILE_HASH_AT_COMMIT,MODEL_DERIVED,0.0,0608f6e3348199a381118fc6f8f5b0b2d8002c3b6fb6da1686d3bce583d23afc,,
surface_minus_bottom_salinity_psu,ngofs2_regulargrid_v1,2026-09-30T06:00:00+00:00,False,Point Clear/Grand Hotel,1.5,30.490000000000002,-87.94999999999999,-0.09838104248046875,PSU,,same_grid_node_time_surface_bottom,SELF_FILE_HASH_AT_COMMIT,MODEL_DERIVED,0.0,0608f6e3348199a381118fc6f8f5b0b2d8002c3b6fb6da1686d3bce583d23afc,,
surface_minus_bottom_temperature_C,ngofs2_regulargrid_v1,2026-09-30T06:00:00+00:00,False,Point Clear/Grand Hotel,1.5,30.490000000000002,-87.94999999999999,-0.12027931213378906,degC,,same_grid_node_time_surface_bottom,SELF_FILE_HASH_AT_COMMIT,MODEL_DERIVED,0.0,0608f6e3348199a381118fc6f8f5b0b2d8002c3b6fb6da1686d3bce583d23afc,,
bottom_minus_surface_shoreward_current_m_s,ngofs2_regulargrid_v1,2026-09-30T06:00:00+00:00,False,Point Clear/Grand Hotel,1.5,30.490000000000002,-87.94999999999999,0.005098665598779917,m/s,,same_grid_node_time_surface_bottom,SELF_FILE_HASH_AT_COMMIT,MODEL_DERIVED,0.0,0608f6e3348199a381118fc6f8f5b0b2d8002c3b6fb6da1686d3bce583d23afc,,
surface_minus_bottom_salinity_psu,ngofs2_regulargrid_v1,2026-09-30T06:00:00+00:00,False,Point Clear/Grand Hotel,3.0,30.490000000000002,-87.97,-2.961332321166992,PSU,,same_grid_node_time_surface_bottom,SELF_FILE_HASH_AT_COMMIT,MODEL_DERIVED,0.0,0608f6e3348199a381118fc6f8f5b0b2d8002c3b6fb6da1686d3bce583d23afc,,
surface_minus_bottom_temperature_C,ngofs2_regulargrid_v1,2026-09-30T06:00:00+00:00,False,Point Clear/Grand Hotel,3.0,30.490000000000002,-87.97,-0.4871959686279297,degC,,same_grid_node_time_surface_bottom,SELF_FILE_HASH_AT_COMMIT,MODEL_DERIVED,0.0,0608f6e3348199a381118fc6f8f5b0b2d8002c3b6fb6da1686d3bce583d23afc,,
bottom_minus_surface_shoreward_current_m_s,ngofs2_regulargrid_v1,2026-09-30T06:00:00+00:00,False,Point Clear/Grand Hotel,3.0,30.490000000000002,-87.97,-0.1202881745994091,m/s,,same_grid_node_time_surface_bottom,SELF_FILE_HASH_AT_COMMIT,MODEL_DERIVED,0.0,0608f6e3348199a381118fc6f8f5b0b2d8002c3b6fb6da1686d3bce583d23afc,,
surface_minus_bottom_salinity_psu,ngofs2_regulargrid_v1,2026-09-30T06:00:00+00:00,False,Mullet Point,0.25,30.41,-87.91,-0.0004291534423828125,PSU,,same_grid_node_time_surface_bottom,SELF_FILE_HASH_AT_COMMIT,MODEL_DERIVED,0.0,0608f6e3348199a381118fc6f8f5b0b2d8002c3b6fb6da1686d3bce583d23afc,,
surface_minus_bottom_temperature_C,ngofs2_regulargrid_v1,2026-09-30T06:00:00+00:00,False,Mullet Point,0.25,30.41,-87.91,-0.016096115112304688,degC,,same_grid_node_time_surface_bottom,SELF_FILE_HASH_AT_COMMIT,MODEL_DERIVED,0.0,0608f6e3348199a381118fc6f8f5b0b2d8002c3b6fb6da1686d3bce583d23afc,,
bottom_minus_surface_shoreward_current_m_s,ngofs2_regulargrid_v1,2026-09-30T06:00:00+00:00,False,Mullet Point,0.25,30.41,-87.91,0.006135555915534496,m/s,,same_grid_node_time_surface_bottom,SELF_FILE_HASH_AT_COMMIT,MODEL_DERIVED,0.0,0608f6e3348199a381118fc6f8f5b0b2d8002c3b6fb6da1686d3bce583d23afc,,
surface_minus_bottom_salinity_psu,ngofs2_regulargrid_v1,2026-09-30T06:00:00+00:00,False,Mullet Point,0.75,30.42,-87.91999999999999,-0.0011615753173828125,PSU,,same_grid_node_time_surface_bottom,SELF_FILE_HASH_AT_COMMIT,MODEL_DERIVED,0.0,0608f6e3348199a381118fc6f8f5b0b2d8002c3b6fb6da1686d3bce583d23afc,,
surface_minus_bottom_temperature_C,ngofs2_regulargrid_v1,2026-09-30T06:00:00+00:00,False,Mullet Point,0.75,30.42,-87.91999999999999,-0.01708221435546875,degC,,same_grid_node_time_surface_bottom,SELF_FILE_HASH_AT_COMMIT,MODEL_DERIVED,0.0,0608f6e3348199a381118fc6f8f5b0b2d8002c3b6fb6da1686d3bce583d23afc,,
bottom_minus_surface_shoreward_current_m_s,ngofs2_regulargrid_v1,2026-09-30T06:00:00+00:00,False,Mullet Point,0.75,30.42,-87.91999999999999,0.006455111433751881,m/s,,same_grid_node_time_surface_bottom,SELF_FILE_HASH_AT_COMMIT,MODEL_DERIVED,0.0,0608f6e3348199a381118fc6f8f5b0b2d8002c3b6fb6da1686d3bce583d23afc,,
surface_minus_bottom_salinity_psu,ngofs2_regulargrid_v1,2026-09-30T06:00:00+00:00,False,Mullet Point,1.5,30.42,-87.92999999999999,-0.00063323974609375,PSU,,same_grid_node_time_surface_bottom,SELF_FILE_HASH_AT_COMMIT,MODEL_DERIVED,0.0,0608f6e3348199a381118fc6f8f5b0b2d8002c3b6fb6da1686d3bce583d23afc,,
surface_minus_bottom_temperature_C,ngofs2_regulargrid_v1,2026-09-30T06:00:00+00:00,False,Mullet Point,1.5,30.42,-87.92999999999999,-0.015010833740234375,degC,,same_grid_node_time_surface_bottom,SELF_FILE_HASH_AT_COMMIT,MODEL_DERIVED,0.0,0608f6e3348199a381118fc6f8f5b0b2d8002c3b6fb6da1686d3bce583d23afc,,
bottom_minus_surface_shoreward_current_m_s,ngofs2_regulargrid_v1,2026-09-30T06:00:00+00:00,False,Mullet Point,1.5,30.42,-87.92999999999999,0.004469817038625478,m/s,,same_grid_node_time_surface_bottom,SELF_FILE_HASH_AT_COMMIT,MODEL_DERIVED,0.0,0608f6e3348199a381118fc6f8f5b0b2d8002c3b6fb6da1686d3bce583d23afc,,
surface_minus_bottom_salinity_psu,ngofs2_regulargrid_v1,2026-09-30T06:00:00+00:00,False,Mullet Point,3.0,30.42,-87.94,-0.000885009765625,PSU,,same_grid_node_time_surface_bottom,SELF_FILE_HASH_AT_COMMIT,MODEL_DERIVED,0.0,0608f6e3348199a381118fc6f8f5b0b2d8002c3b6fb6da1686d3bce583d23afc,,
surface_minus_bottom_temperature_C,ngofs2_regulargrid_v1,2026-09-30T06:00:00+00:00,False,Mullet Point,3.0,30.42,-87.94,-0.014310836791992188,degC,,same_grid_node_time_surface_bottom,SELF_FILE_HASH_AT_COMMIT,MODEL_DERIVED,0.0,0608f6e3348199a381118fc6f8f5b0b2d8002c3b6fb6da1686d3bce583d23afc,,
bottom_minus_surface_shoreward_current_m_s,ngofs2_regulargrid_v1,2026-09-30T06:00:00+00:00,False,Mullet Point,3.0,30.42,-87.94,0.004116447642445564,m/s,,same_grid_node_time_surface_bottom,SELF_FILE_HASH_AT_COMMIT,MODEL_DERIVED,0.0,0608f6e3348199a381118fc6f8f5b0b2d8002c3b6fb6da1686d3bce583d23afc,,
surface_minus_bottom_salinity_psu,ngofs2_regulargrid_v1,2026-09-30T09:00:00+00:00,False,Daphne/May Day,0.25,30.6,-87.91999999999999,-3.903458595275879,PSU,,same_grid_node_time_surface_bottom,SELF_FILE_HASH_AT_COMMIT,MODEL_DERIVED,0.0,0608f6e3348199a381118fc6f8f5b0b2d8002c3b6fb6da1686d3bce583d23afc,,
surface_minus_bottom_temperature_C,ngofs2_regulargrid_v1,2026-09-30T09:00:00+00:00,False,Daphne/May Day,0.25,30.6,-87.91999999999999,-1.8059158325195312,degC,,same_grid_node_time_surface_bottom,SELF_FILE_HASH_AT_COMMIT,MODEL_DERIVED,0.0,0608f6e3348199a381118fc6f8f5b0b2d8002c3b6fb6da1686d3bce583d23afc,,
bottom_minus_surface_shoreward_current_m_s,ngofs2_regulargrid_v1,2026-09-30T09:00:00+00:00,False,Daphne/May Day,0.25,30.6,-87.91999999999999,0.0637729447335005,m/s,,same_grid_node_time_surface_bottom,SELF_FILE_HASH_AT_COMMIT,MODEL_DERIVED,0.0,0608f6e3348199a381118fc6f8f5b0b2d8002c3b6fb6da1686d3bce583d23afc,,
surface_minus_bottom_salinity_psu,ngofs2_regulargrid_v1,2026-09-30T09:00:00+00:00,False,Daphne/May Day,0.75,30.6,-87.92999999999999,-4.814050674438477,PSU,,same_grid_node_time_surface_bottom,SELF_FILE_HASH_AT_COMMIT,MODEL_DERIVED,0.0,0608f6e3348199a381118fc6f8f5b0b2d8002c3b6fb6da1686d3bce583d23afc,,
surface_minus_bottom_temperature_C,ngofs2_regulargrid_v1,2026-09-30T09:00:00+00:00,False,Daphne/May Day,0.75,30.6,-87.92999999999999,-1.8352222442626953,degC,,same_grid_node_time_surface_bottom,SELF_FILE_HASH_AT_COMMIT,MODEL_DERIVED,0.0,0608f6e3348199a381118fc6f8f5b0b2d8002c3b6fb6da1686d3bce583d23afc,,
bottom_minus_surface_shoreward_current_m_s,ngofs2_regulargrid_v1,2026-09-30T09:00:00+00:00,False,Daphne/May Day,0.75,30.6,-87.92999999999999,0.060618393123149886,m/s,,same_grid_node_time_surface_bottom,SELF_FILE_HASH_AT_COMMIT,MODEL_DERIVED,0.0,0608f6e3348199a381118fc6f8f5b0b2d8002c3b6fb6da1686d3bce583d23afc,,
surface_minus_bottom_salinity_psu,ngofs2_regulargrid_v1,2026-09-30T09:00:00+00:00,False,Daphne/May Day,1.5,30.59,-87.92999999999999,-5.205447196960449,PSU,,same_grid_node_time_surface_bottom,SELF_FILE_HASH_AT_COMMIT,MODEL_DERIVED,0.0,0608f6e3348199a381118fc6f8f5b0b2d8002c3b6fb6da1686d3bce583d23afc,,
surface_minus_bottom_temperature_C,ngofs2_regulargrid_v1,2026-09-30T09:00:00+00:00,False,Daphne/May Day,1.5,30.59,-87.92999999999999,-1.9602279663085938,degC,,same_grid_node_time_surface_bottom,SELF_FILE_HASH_AT_COMMIT,MODEL_DERIVED,0.0,0608f6e3348199a381118fc6f8f5b0b2d8002c3b6fb6da1686d3bce583d23afc,,
bottom_minus_surface_shoreward_current_m_s,ngofs2_regulargrid_v1,2026-09-30T09:00:00+00:00,False,Daphne/May Day,1.5,30.59,-87.92999999999999,0.06831400468945505,m/s,,same_grid_node_time_surface_bottom,SELF_FILE_HASH_AT_COMMIT,MODEL_DERIVED,0.0,0608f6e3348199a381118fc6f8f5b0b2d8002c3b6fb6da1686d3bce583d23afc,,
surface_minus_bottom_salinity_psu,ngofs2_regulargrid_v1,2026-09-30T09:00:00+00:00,False,Daphne/May Day,3.0,30.6,-87.94,-5.495343208312988,PSU,,same_grid_node_time_surface_bottom,SELF_FILE_HASH_AT_COMMIT,MODEL_DERIVED,0.0,0608f6e3348199a381118fc6f8f5b0b2d8002c3b6fb6da1686d3bce583d23afc,,
surface_minus_bottom_temperature_C,ngofs2_regulargrid_v1,2026-09-30T09:00:00+00:00,False,Daphne/May Day,3.0,30.6,-87.94,-2.002704620361328,degC,,same_grid_node_time_surface_bottom,SELF_FILE_HASH_AT_COMMIT,MODEL_DERIVED,0.0,0608f6e3348199a381118fc6f8f5b0b2d8002c3b6fb6da1686d3bce583d23afc,,
bottom_minus_surface_shoreward_current_m_s,ngofs2_regulargrid_v1,2026-09-30T09:00:00+00:00,False,Daphne/May Day,3.0,30.6,-87.94,0.03460948541760446,m/s,,same_grid_node_time_surface_bottom,SELF_FILE_HASH_AT_COMMIT,MODEL_DERIVED,0.0,0608f6e3348199a381118fc6f8f5b0b2d8002c3b6fb6da1686d3bce583d23afc,,
surface_minus_bottom_salinity_psu,ngofs2_regulargrid_v1,2026-09-30T09:00:00+00:00,False,Montrose,0.25,30.57,-87.91,-1.784773826599121,PSU,,same_grid_node_time_surface_bottom,SELF_FILE_HASH_AT_COMMIT,MODEL_DERIVED,0.0,0608f6e3348199a381118fc6f8f5b0b2d8002c3b6fb6da1686d3bce583d23afc,,
surface_minus_bottom_temperature_C,ngofs2_regulargrid_v1,2026-09-30T09:00:00+00:00,False,Montrose,0.25,30.57,-87.91,-1.1254901885986328,degC,,same_grid_node_time_surface_bottom,SELF_FILE_HASH_AT_COMMIT,MODEL_DERIVED,0.0,0608f6e3348199a381118fc6f8f5b0b2d8002c3b6fb6da1686d3bce583d23afc,,
bottom_minus_surface_shoreward_current_m_s,ngofs2_regulargrid_v1,2026-09-30T09:00:00+00:00,False,Montrose,0.25,30.57,-87.91,-0.04680026322603224,m/s,,same_grid_node_time_surface_bottom,SELF_FILE_HASH_AT_COMMIT,MODEL_DERIVED,0.0,0608f6e3348199a381118fc6f8f5b0b2d8002c3b6fb6da1686d3bce583d23afc,,
surface_minus_bottom_salinity_psu,ngofs2_regulargrid_v1,2026-09-30T09:00:00+00:00,False,Montrose,0.75,30.560000000000002,-87.91,-1.9012584686279297,PSU,,same_grid_node_time_surface_bottom,SELF_FILE_HASH_AT_COMMIT,MODEL_DERIVED,0.0,0608f6e3348199a381118fc6f8f5b0b2d8002c3b6fb6da1686d3bce583d23afc,,
surface_minus_bottom_temperature_C,ngofs2_regulargrid_v1,2026-09-30T09:00:00+00:00,False,Montrose,0.75,30.560000000000002,-87.91,-1.498992919921875,degC,,same_grid_node_time_surface_bottom,SELF_FILE_HASH_AT_COMMIT,MODEL_DERIVED,0.0,0608f6e3348199a381118fc6f8f5b0b2d8002c3b6fb6da1686d3bce583d23afc,,
bottom_minus_surface_shoreward_current_m_s,ngofs2_regulargrid_v1,2026-09-30T09:00:00+00:00,False,Montrose,0.75,30.560000000000002,-87.91,0.0034150658175349322,m/s,,same_grid_node_time_surface_bottom,SELF_FILE_HASH_AT_COMMIT,MODEL_DERIVED,0.0,0608f6e3348199a381118fc6f8f5b0b2d8002c3b6fb6da1686d3bce583d23afc,,
surface_minus_bottom_salinity_psu,ngofs2_regulargrid_v1,2026-09-30T09:00:00+00:00,False,Montrose,1.5,30.57,-87.91999999999999,-3.9574661254882812,PSU,,same_grid_node_time_surface_bottom,SELF_FILE_HASH_AT_COMMIT,MODEL_DERIVED,0.0,0608f6e3348199a381118fc6f8f5b0b2d8002c3b6fb6da1686d3bce583d23afc,,
surface_minus_bottom_temperature_C,ngofs2_regulargrid_v1,2026-09-30T09:00:00+00:00,False,Montrose,1.5,30.57,-87.91999999999999,-1.6890449523925781,degC,,same_grid_node_time_surface_bottom,SELF_FILE_HASH_AT_COMMIT,MODEL_DERIVED,0.0,0608f6e3348199a381118fc6f8f5b0b2d8002c3b6fb6da1686d3bce583d23afc,,
bottom_minus_surface_shoreward_current_m_s,ngofs2_regulargrid_v1,2026-09-30T09:00:00+00:00,False,Montrose,1.5,30.57,-87.91999999999999,0.010763967409729971,m/s,,same_grid_node_time_surface_bottom,SELF_FILE_HASH_AT_COMMIT,MODEL_DERIVED,0.0,0608f6e3348199a381118fc6f8f5b0b2d8002c3b6fb6da1686d3bce583d23afc,,
surface_minus_bottom_salinity_psu,ngofs2_regulargrid_v1,2026-09-30T09:00:00+00:00,False,Montrose,3.0,30.57,-87.92999999999999,-4.641988754272461,PSU,,same_grid_node_time_surface_bottom,SELF_FILE_HASH_AT_COMMIT,MODEL_DERIVED,0.0,0608f6e3348199a381118fc6f8f5b0b2d8002c3b6fb6da1686d3bce583d23afc,,
surface_minus_bottom_temperature_C,ngofs2_regulargrid_v1,2026-09-30T09:00:00+00:00,False,Montrose,3.0,30.57,-87.92999999999999,-1.7725028991699219,degC,,same_grid_node_time_surface_bottom,SELF_FILE_HASH_AT_COMMIT,MODEL_DERIVED,0.0,0608f6e3348199a381118fc6f8f5b0b2d8002c3b6fb6da1686d3bce583d23afc,,
bottom_minus_surface_shoreward_current_m_s,ngofs2_regulargrid_v1,2026-09-30T09:00:00+00:00,False,Montrose,3.0,30.57,-87.92999999999999,0.03245709976181389,m/s,,same_grid_node_time_surface_bottom,SELF_FILE_HASH_AT_COMMIT,MODEL_DERIVED,0.0,0608f6e3348199a381118fc6f8f5b0b2d8002c3b6fb6da1686d3bce583d23afc,,
surface_minus_bottom_salinity_psu,ngofs2_regulargrid_v1,2026-09-30T09:00:00+00:00,False,Fairhope/Fly Creek/Pier,0.25,30.52,-87.91999999999999,-1.252859115600586,PSU,,same_grid_node_time_surface_bottom,SELF_FILE_HASH_AT_COMMIT,MODEL_DERIVED,0.0,0608f6e3348199a381118fc6f8f5b0b2d8002c3b6fb6da1686d3bce583d23afc,,
surface_minus_bottom_temperature_C,ngofs2_regulargrid_v1,2026-09-30T09:00:00+00:00,False,Fairhope/Fly Creek/Pier,0.25,30.52,-87.91999999999999,-0.7699642181396484,degC,,same_grid_node_time_surface_bottom,SELF_FILE_HASH_AT_COMMIT,MODEL_DERIVED,0.0,0608f6e3348199a381118fc6f8f5b0b2d8002c3b6fb6da1686d3bce583d23afc,,
bottom_minus_surface_shoreward_current_m_s,ngofs2_regulargrid_v1,2026-09-30T09:00:00+00:00,False,Fairhope/Fly Creek/Pier,0.25,30.52,-87.91999999999999,0.10714196320623161,m/s,,same_grid_node_time_surface_bottom,SELF_FILE_HASH_AT_COMMIT,MODEL_DERIVED,0.0,0608f6e3348199a381118fc6f8f5b0b2d8002c3b6fb6da1686d3bce583d23afc,,
surface_minus_bottom_salinity_psu,ngofs2_regulargrid_v1,2026-09-30T09:00:00+00:00,False,Fairhope/Fly Creek/Pier,0.75,30.53,-87.91999999999999,-1.6176795959472656,PSU,,same_grid_node_time_surface_bottom,SELF_FILE_HASH_AT_COMMIT,MODEL_DERIVED,0.0,0608f6e3348199a381118fc6f8f5b0b2d8002c3b6fb6da1686d3bce583d23afc,,
surface_minus_bottom_temperature_C,ngofs2_regulargrid_v1,2026-09-30T09:00:00+00:00,False,Fairhope/Fly Creek/Pier,0.75,30.53,-87.91999999999999,-0.9155139923095703,degC,,same_grid_node_time_surface_bottom,SELF_FILE_HASH_AT_COMMIT,MODEL_DERIVED,0.0,0608f6e3348199a381118fc6f8f5b0b2d8002c3b6fb6da1686d3bce583d23afc,,
bottom_minus_surface_shoreward_current_m_s,ngofs2_regulargrid_v1,2026-09-30T09:00:00+00:00,False,Fairhope/Fly Creek/Pier,0.75,30.53,-87.91999999999999,0.08050934085622431,m/s,,same_grid_node_time_surface_bottom,SELF_FILE_HASH_AT_COMMIT,MODEL_DERIVED,0.0,0608f6e3348199a381118fc6f8f5b0b2d8002c3b6fb6da1686d3bce583d23afc,,
surface_minus_bottom_salinity_psu,ngofs2_regulargrid_v1,2026-09-30T09:00:00+00:00,False,Fairhope/Fly Creek/Pier,1.5,30.52,-87.92999999999999,-1.7600135803222656,PSU,,same_grid_node_time_surface_bottom,SELF_FILE_HASH_AT_COMMIT,MODEL_DERIVED,0.0,0608f6e3348199a381118fc6f8f5b0b2d8002c3b6fb6da1686d3bce583d23afc,,
surface_minus_bottom_temperature_C,ngofs2_regulargrid_v1,2026-09-30T09:00:00+00:00,False,Fairhope/Fly Creek/Pier,1.5,30.52,-87.92999999999999,-0.7320327758789062,degC,,same_grid_node_time_surface_bottom,SELF_FILE_HASH_AT_COMMIT,MODEL_DERIVED,0.0,0608f6e3348199a381118fc6f8f5b0b2d8002c3b6fb6da1686d3bce583d23afc,,
bottom_minus_surface_shoreward_current_m_s,ngofs2_regulargrid_v1,2026-09-30T09:00:00+00:00,False,Fairhope/Fly Creek/Pier,1.5,30.52,-87.92999999999999,0.1412435844540596,m/s,,same_grid_node_time_surface_bottom,SELF_FILE_HASH_AT_COMMIT,MODEL_DERIVED,0.0,0608f6e3348199a381118fc6f8f5b0b2d8002c3b6fb6da1686d3bce583d23afc,,
surface_minus_bottom_salinity_psu,ngofs2_regulargrid_v1,2026-09-30T09:00:00+00:00,False,Fairhope/Fly Creek/Pier,3.0,30.52,-87.94999999999999,-3.030170440673828,PSU,,same_grid_node_time_surface_bottom,SELF_FILE_HASH_AT_COMMIT,MODEL_DERIVED,0.0,0608f6e3348199a381118fc6f8f5b0b2d8002c3b6fb6da1686d3bce583d23afc,,
surface_minus_bottom_temperature_C,ngofs2_regulargrid_v1,2026-09-30T09:00:00+00:00,False,Fairhope/Fly Creek/Pier,3.0,30.52,-87.94999999999999,-0.6516456604003906,degC,,same_grid_node_time_surface_bottom,SELF_FILE_HASH_AT_COMMIT,MODEL_DERIVED,0.0,0608f6e3348199a381118fc6f8f5b0b2d8002c3b6fb6da1686d3bce583d23afc,,
bottom_minus_surface_shoreward_current_m_s,ngofs2_regulargrid_v1,2026-09-30T09:00:00+00:00,False,Fairhope/Fly Creek/Pier,3.0,30.52,-87.94999999999999,0.1670424770563841,m/s,,same_grid_node_time_surface_bottom,SELF_FILE_HASH_AT_COMMIT,MODEL_DERIVED,0.0,0608f6e3348199a381118fc6f8f5b0b2d8002c3b6fb6da1686d3bce583d23afc,,
surface_minus_bottom_salinity_psu,ngofs2_regulargrid_v1,2026-09-30T09:00:00+00:00,False,Battles Wharf,0.25,30.5,-87.92999999999999,-0.44463157653808594,PSU,,same_grid_node_time_surface_bottom,SELF_FILE_HASH_AT_COMMIT,MODEL_DERIVED,0.0,0608f6e3348199a381118fc6f8f5b0b2d8002c3b6fb6da1686d3bce583d23afc,,
surface_minus_bottom_temperature_C,ngofs2_regulargrid_v1,2026-09-30T09:00:00+00:00,False,Battles Wharf,0.25,30.5,-87.92999999999999,0.07332801818847656,degC,,same_grid_node_time_surface_bottom,SELF_FILE_HASH_AT_COMMIT,MODEL_DERIVED,0.0,0608f6e3348199a381118fc6f8f5b0b2d8002c3b6fb6da1686d3bce583d23afc,,
bottom_minus_surface_shoreward_current_m_s,ngofs2_regulargrid_v1,2026-09-30T09:00:00+00:00,False,Battles Wharf,0.25,30.5,-87.92999999999999,0.0694381957873702,m/s,,same_grid_node_time_surface_bottom,SELF_FILE_HASH_AT_COMMIT,MODEL_DERIVED,0.0,0608f6e3348199a381118fc6f8f5b0b2d8002c3b6fb6da1686d3bce583d23afc,,
surface_minus_bottom_salinity_psu,ngofs2_regulargrid_v1,2026-09-30T09:00:00+00:00,False,Battles Wharf,0.75,30.490000000000002,-87.94,-1.1679668426513672,PSU,,same_grid_node_time_surface_bottom,SELF_FILE_HASH_AT_COMMIT,MODEL_DERIVED,0.0,0608f6e3348199a381118fc6f8f5b0b2d8002c3b6fb6da1686d3bce583d23afc,,
surface_minus_bottom_temperature_C,ngofs2_regulargrid_v1,2026-09-30T09:00:00+00:00,False,Battles Wharf,0.75,30.490000000000002,-87.94,-0.19565963745117188,degC,,same_grid_node_time_surface_bottom,SELF_FILE_HASH_AT_COMMIT,MODEL_DERIVED,0.0,0608f6e3348199a381118fc6f8f5b0b2d8002c3b6fb6da1686d3bce583d23afc,,
bottom_minus_surface_shoreward_current_m_s,ngofs2_regulargrid_v1,2026-09-30T09:00:00+00:00,False,Battles Wharf,0.75,30.490000000000002,-87.94,0.12485467083752154,m/s,,same_grid_node_time_surface_bottom,SELF_FILE_HASH_AT_COMMIT,MODEL_DERIVED,0.0,0608f6e3348199a381118fc6f8f5b0b2d8002c3b6fb6da1686d3bce583d23afc,,
surface_minus_bottom_salinity_psu,ngofs2_regulargrid_v1,2026-09-30T09:00:00+00:00,False,Battles Wharf,1.5,30.5,-87.94,-1.8643932342529297,PSU,,same_grid_node_time_surface_bottom,SELF_FILE_HASH_AT_COMMIT,MODEL_DERIVED,0.0,0608f6e3348199a381118fc6f8f5b0b2d8002c3b6fb6da1686d3bce583d23afc,,
surface_minus_bottom_temperature_C,ngofs2_regulargrid_v1,2026-09-30T09:00:00+00:00,False,Battles Wharf,1.5,30.5,-87.94,0.14405250549316406,degC,,same_grid_node_time_surface_bottom,SELF_FILE_HASH_AT_COMMIT,MODEL_DERIVED,0.0,0608f6e3348199a381118fc6f8f5b0b2d8002c3b6fb6da1686d3bce583d23afc,,
bottom_minus_surface_shoreward_current_m_s,ngofs2_regulargrid_v1,2026-09-30T09:00:00+00:00,False,Battles Wharf,1.5,30.5,-87.94,0.15310530737042427,m/s,,same_grid_node_time_surface_bottom,SELF_FILE_HASH_AT_COMMIT,MODEL_DERIVED,0.0,0608f6e3348199a381118fc6f8f5b0b2d8002c3b6fb6da1686d3bce583d23afc,,
surface_minus_bottom_salinity_psu,ngofs2_regulargrid_v1,2026-09-30T09:00:00+00:00,False,Battles Wharf,3.0,30.490000000000002,-87.96,-4.076480865478516,PSU,,same_grid_node_time_surface_bottom,SELF_FILE_HASH_AT_COMMIT,MODEL_DERIVED,0.0,0608f6e3348199a381118fc6f8f5b0b2d8002c3b6fb6da1686d3bce583d23afc,,
surface_minus_bottom_temperature_C,ngofs2_regulargrid_v1,2026-09-30T09:00:00+00:00,False,Battles Wharf,3.0,30.490000000000002,-87.96,-0.3277873992919922,degC,,same_grid_node_time_surface_bottom,SELF_FILE_HASH_AT_COMMIT,MODEL_DERIVED,0.0,0608f6e3348199a381118fc6f8f5b0b2d8002c3b6fb6da1686d3bce583d23afc,,
bottom_minus_surface_shoreward_current_m_s,ngofs2_regulargrid_v1,2026-09-30T09:00:00+00:00,False,Battles Wharf,3.0,30.490000000000002,-87.96,-0.013350943103432645,m/s,,same_grid_node_time_surface_bottom,SELF_FILE_HASH_AT_COMMIT,MODEL_DERIVED,0.0,0608f6e3348199a381118fc6f8f5b0b2d8002c3b6fb6da1686d3bce583d23afc,,
surface_minus_bottom_salinity_psu,ngofs2_regulargrid_v1,2026-09-30T09:00:00+00:00,False,Point Clear/Grand Hotel,0.25,30.490000000000002,-87.94,-1.1679668426513672,PSU,,same_grid_node_time_surface_bottom,SELF_FILE_HASH_AT_COMMIT,MODEL_DERIVED,0.0,0608f6e3348199a381118fc6f8f5b0b2d8002c3b6fb6da1686d3bce583d23afc,,
surface_minus_bottom_temperature_C,ngofs2_regulargrid_v1,2026-09-30T09:00:00+00:00,False,Point Clear/Grand Hotel,0.25,30.490000000000002,-87.94,-0.19565963745117188,degC,,same_grid_node_time_surface_bottom,SELF_FILE_HASH_AT_COMMIT,MODEL_DERIVED,0.0,0608f6e3348199a381118fc6f8f5b0b2d8002c3b6fb6da1686d3bce583d23afc,,
bottom_minus_surface_shoreward_current_m_s,ngofs2_regulargrid_v1,2026-09-30T09:00:00+00:00,False,Point Clear/Grand Hotel,0.25,30.490000000000002,-87.94,0.12485467083752154,m/s,,same_grid_node_time_surface_bottom,SELF_FILE_HASH_AT_COMMIT,MODEL_DERIVED,0.0,0608f6e3348199a381118fc6f8f5b0b2d8002c3b6fb6da1686d3bce583d23afc,,
surface_minus_bottom_salinity_psu,ngofs2_regulargrid_v1,2026-09-30T09:00:00+00:00,False,Point Clear/Grand Hotel,0.75,30.48,-87.94,-0.10049247741699219,PSU,,same_grid_node_time_surface_bottom,SELF_FILE_HASH_AT_COMMIT,MODEL_DERIVED,0.0,0608f6e3348199a381118fc6f8f5b0b2d8002c3b6fb6da1686d3bce583d23afc,,
surface_minus_bottom_temperature_C,ngofs2_regulargrid_v1,2026-09-30T09:00:00+00:00,False,Point Clear/Grand Hotel,0.75,30.48,-87.94,-0.032108306884765625,degC,,same_grid_node_time_surface_bottom,SELF_FILE_HASH_AT_COMMIT,MODEL_DERIVED,0.0,0608f6e3348199a381118fc6f8f5b0b2d8002c3b6fb6da1686d3bce583d23afc,,
bottom_minus_surface_shoreward_current_m_s,ngofs2_regulargrid_v1,2026-09-30T09:00:00+00:00,False,Point Clear/Grand Hotel,0.75,30.48,-87.94,0.00808693841099739,m/s,,same_grid_node_time_surface_bottom,SELF_FILE_HASH_AT_COMMIT,MODEL_DERIVED,0.0,0608f6e3348199a381118fc6f8f5b0b2d8002c3b6fb6da1686d3bce583d23afc,,
surface_minus_bottom_salinity_psu,ngofs2_regulargrid_v1,2026-09-30T09:00:00+00:00,False,Point Clear/Grand Hotel,1.5,30.490000000000002,-87.94999999999999,-2.6726512908935547,PSU,,same_grid_node_time_surface_bottom,SELF_FILE_HASH_AT_COMMIT,MODEL_DERIVED,0.0,0608f6e3348199a381118fc6f8f5b0b2d8002c3b6fb6da1686d3bce583d23afc,,
surface_minus_bottom_temperature_C,ngofs2_regulargrid_v1,2026-09-30T09:00:00+00:00,False,Point Clear/Grand Hotel,1.5,30.490000000000002,-87.94999999999999,-0.6539630889892578,degC,,same_grid_node_time_surface_bottom,SELF_FILE_HASH_AT_COMMIT,MODEL_DERIVED,0.0,0608f6e3348199a381118fc6f8f5b0b2d8002c3b6fb6da1686d3bce583d23afc,,
bottom_minus_surface_shoreward_current_m_s,ngofs2_regulargrid_v1,2026-09-30T09:00:00+00:00,False,Point Clear/Grand Hotel,1.5,30.490000000000002,-87.94999999999999,-0.0053041428327560355,m/s,,same_grid_node_time_surface_bottom,SELF_FILE_HASH_AT_COMMIT,MODEL_DERIVED,0.0,0608f6e3348199a381118fc6f8f5b0b2d8002c3b6fb6da1686d3bce583d23afc,,
surface_minus_bottom_salinity_psu,ngofs2_regulargrid_v1,2026-09-30T09:00:00+00:00,False,Point Clear/Grand Hotel,3.0,30.490000000000002,-87.97,-4.813770294189453,PSU,,same_grid_node_time_surface_bottom,SELF_FILE_HASH_AT_COMMIT,MODEL_DERIVED,0.0,0608f6e3348199a381118fc6f8f5b0b2d8002c3b6fb6da1686d3bce583d23afc,,
surface_minus_bottom_temperature_C,ngofs2_regulargrid_v1,2026-09-30T09:00:00+00:00,False,Point Clear/Grand Hotel,3.0,30.490000000000002,-87.97,-0.6204051971435547,degC,,same_grid_node_time_surface_bottom,SELF_FILE_HASH_AT_COMMIT,MODEL_DERIVED,0.0,0608f6e3348199a381118fc6f8f5b0b2d8002c3b6fb6da1686d3bce583d23afc,,
bottom_minus_surface_shoreward_current_m_s,ngofs2_regulargrid_v1,2026-09-30T09:00:00+00:00,False,Point Clear/Grand Hotel,3.0,30.490000000000002,-87.97,0.02113676257431509,m/s,,same_grid_node_time_surface_bottom,SELF_FILE_HASH_AT_COMMIT,MODEL_DERIVED,0.0,0608f6e3348199a381118fc6f8f5b0b2d8002c3b6fb6da1686d3bce583d23afc,,
surface_minus_bottom_salinity_psu,ngofs2_regulargrid_v1,2026-09-30T09:00:00+00:00,False,Mullet Point,0.25,30.41,-87.91,-0.0030727386474609375,PSU,,same_grid_node_time_surface_bottom,SELF_FILE_HASH_AT_COMMIT,MODEL_DERIVED,0.0,0608f6e3348199a381118fc6f8f5b0b2d8002c3b6fb6da1686d3bce583d23afc,,
surface_minus_bottom_temperature_C,ngofs2_regulargrid_v1,2026-09-30T09:00:00+00:00,False,Mullet Point,0.25,30.41,-87.91,-0.0201873779296875,degC,,same_grid_node_time_surface_bottom,SELF_FILE_HASH_AT_COMMIT,MODEL_DERIVED,0.0,0608f6e3348199a381118fc6f8f5b0b2d8002c3b6fb6da1686d3bce583d23afc,,
bottom_minus_surface_shoreward_current_m_s,ngofs2_regulargrid_v1,2026-09-30T09:00:00+00:00,False,Mullet Point,0.25,30.41,-87.91,-0.01120435819029808,m/s,,same_grid_node_time_surface_bottom,SELF_FILE_HASH_AT_COMMIT,MODEL_DERIVED,0.0,0608f6e3348199a381118fc6f8f5b0b2d8002c3b6fb6da1686d3bce583d23afc,,
surface_minus_bottom_salinity_psu,ngofs2_regulargrid_v1,2026-09-30T09:00:00+00:00,False,Mullet Point,0.75,30.42,-87.91999999999999,-0.010013580322265625,PSU,,same_grid_node_time_surface_bottom,SELF_FILE_HASH_AT_COMMIT,MODEL_DERIVED,0.0,0608f6e3348199a381118fc6f8f5b0b2d8002c3b6fb6da1686d3bce583d23afc,,
surface_minus_bottom_temperature_C,ngofs2_regulargrid_v1,2026-09-30T09:00:00+00:00,False,Mullet Point,0.75,30.42,-87.91999999999999,-0.02623748779296875,degC,,same_grid_node_time_surface_bottom,SELF_FILE_HASH_AT_COMMIT,MODEL_DERIVED,0.0,0608f6e3348199a381118fc6f8f5b0b2d8002c3b6fb6da1686d3bce583d23afc,,
bottom_minus_surface_shoreward_current_m_s,ngofs2_regulargrid_v1,2026-09-30T09:00:00+00:00,False,Mullet Point,0.75,30.42,-87.91999999999999,0.0015860851854085922,m/s,,same_grid_node_time_surface_bottom,SELF_FILE_HASH_AT_COMMIT,MODEL_DERIVED,0.0,0608f6e3348199a381118fc6f8f5b0b2d8002c3b6fb6da1686d3bce583d23afc,,
surface_minus_bottom_salinity_psu,ngofs2_regulargrid_v1,2026-09-30T09:00:00+00:00,False,Mullet Point,1.5,30.42,-87.92999999999999,-0.0067920684814453125,PSU,,same_grid_node_time_surface_bottom,SELF_FILE_HASH_AT_COMMIT,MODEL_DERIVED,0.0,0608f6e3348199a381118fc6f8f5b0b2d8002c3b6fb6da1686d3bce583d23afc,,
surface_minus_bottom_temperature_C,ngofs2_regulargrid_v1,2026-09-30T09:00:00+00:00,False,Mullet Point,1.5,30.42,-87.92999999999999,-0.02227783203125,degC,,same_grid_node_time_surface_bottom,SELF_FILE_HASH_AT_COMMIT,MODEL_DERIVED,0.0,0608f6e3348199a381118fc6f8f5b0b2d8002c3b6fb6da1686d3bce583d23afc,,
bottom_minus_surface_shoreward_current_m_s,ngofs2_regulargrid_v1,2026-09-30T09:00:00+00:00,False,Mullet Point,1.5,30.42,-87.92999999999999,0.006735994480550291,m/s,,same_grid_node_time_surface_bottom,SELF_FILE_HASH_AT_COMMIT,MODEL_DERIVED,0.0,0608f6e3348199a381118fc6f8f5b0b2d8002c3b6fb6da1686d3bce583d23afc,,
surface_minus_bottom_salinity_psu,ngofs2_regulargrid_v1,2026-09-30T09:00:00+00:00,False,Mullet Point,3.0,30.42,-87.94,0.0005016326904296875,PSU,,same_grid_node_time_surface_bottom,SELF_FILE_HASH_AT_COMMIT,MODEL_DERIVED,0.0,0608f6e3348199a381118fc6f8f5b0b2d8002c3b6fb6da1686d3bce583d23afc,,
surface_minus_bottom_temperature_C,ngofs2_regulargrid_v1,2026-09-30T09:00:00+00:00,False,Mullet Point,3.0,30.42,-87.94,-0.012241363525390625,degC,,same_grid_node_time_surface_bottom,SELF_FILE_HASH_AT_COMMIT,MODEL_DERIVED,0.0,0608f6e3348199a381118fc6f8f5b0b2d8002c3b6fb6da1686d3bce583d23afc,,
bottom_minus_surface_shoreward_current_m_s,ngofs2_regulargrid_v1,2026-09-30T09:00:00+00:00,False,Mullet Point,3.0,30.42,-87.94,0.0051086326129734525,m/s,,same_grid_node_time_surface_bottom,SELF_FILE_HASH_AT_COMMIT,MODEL_DERIVED,0.0,0608f6e3348199a381118fc6f8f5b0b2d8002c3b6fb6da1686d3bce583d23afc,,
ngofs2_surface_shoreward_antecedent_transport_3h_m,ngofs2_regulargrid_v1,2026-09-29T21:00:00+00:00,False,Daphne/May Day,0.25,,,-128.9930691942573,m,,,,MODEL_DERIVED,0.0,0608f6e3348199a381118fc6f8f5b0b2d8002c3b6fb6da1686d3bce583d23afc,3.0,coarse
ngofs2_bottom_shoreward_antecedent_transport_3h_m,ngofs2_regulargrid_v1,2026-09-29T21:00:00+00:00,False,Daphne/May Day,0.25,,,354.34082597494125,m,,,,MODEL_DERIVED,0.0,0608f6e3348199a381118fc6f8f5b0b2d8002c3b6fb6da1686d3bce583d23afc,3.0,coarse
ngofs2_surface_shoreward_antecedent_transport_3h_m,ngofs2_regulargrid_v1,2026-09-29T21:00:00+00:00,False,Daphne/May Day,0.75,,,-90.95287118107085,m,,,,MODEL_DERIVED,0.0,0608f6e3348199a381118fc6f8f5b0b2d8002c3b6fb6da1686d3bce583d23afc,3.0,coarse
ngofs2_bottom_shoreward_antecedent_transport_3h_m,ngofs2_regulargrid_v1,2026-09-29T21:00:00+00:00,False,Daphne/May Day,0.75,,,94.93599683046342,m,,,,MODEL_DERIVED,0.0,0608f6e3348199a381118fc6f8f5b0b2d8002c3b6fb6da1686d3bce583d23afc,3.0,coarse
ngofs2_surface_shoreward_antecedent_transport_3h_m,ngofs2_regulargrid_v1,2026-09-29T21:00:00+00:00,False,Daphne/May Day,1.5,,,-364.9330638349057,m,,,,MODEL_DERIVED,0.0,0608f6e3348199a381118fc6f8f5b0b2d8002c3b6fb6da1686d3bce583d23afc,3.0,coarse
ngofs2_bottom_shoreward_antecedent_transport_3h_m,ngofs2_regulargrid_v1,2026-09-29T21:00:00+00:00,False,Daphne/May Day,1.5,,,207.6142078265548,m,,,,MODEL_DERIVED,0.0,0608f6e3348199a381118fc6f8f5b0b2d8002c3b6fb6da1686d3bce583d23afc,3.0,coarse
ngofs2_surface_shoreward_antecedent_transport_3h_m,ngofs2_regulargrid_v1,2026-09-29T21:00:00+00:00,False,Daphne/May Day,3.0,,,-385.40473915636545,m,,,,MODEL_DERIVED,0.0,0608f6e3348199a381118fc6f8f5b0b2d8002c3b6fb6da1686d3bce583d23afc,3.0,coarse
ngofs2_bottom_shoreward_antecedent_transport_3h_m,ngofs2_regulargrid_v1,2026-09-29T21:00:00+00:00,False,Daphne/May Day,3.0,,,218.44612956047058,m,,,,MODEL_DERIVED,0.0,0608f6e3348199a381118fc6f8f5b0b2d8002c3b6fb6da1686d3bce583d23afc,3.0,coarse
ngofs2_surface_shoreward_antecedent_transport_3h_m,ngofs2_regulargrid_v1,2026-09-29T21:00:00+00:00,False,Montrose,0.25,,,83.18402250297365,m,,,,MODEL_DERIVED,0.0,0608f6e3348199a381118fc6f8f5b0b2d8002c3b6fb6da1686d3bce583d23afc,3.0,coarse
ngofs2_bottom_shoreward_antecedent_transport_3h_m,ngofs2_regulargrid_v1,2026-09-29T21:00:00+00:00,False,Montrose,0.25,,,30.645376991014945,m,,,,MODEL_DERIVED,0.0,0608f6e3348199a381118fc6f8f5b0b2d8002c3b6fb6da1686d3bce583d23afc,3.0,coarse
ngofs2_surface_shoreward_antecedent_transport_3h_m,ngofs2_regulargrid_v1,2026-09-29T21:00:00+00:00,False,Montrose,0.75,,,-171.9658546149731,m,,,,MODEL_DERIVED,0.0,0608f6e3348199a381118fc6f8f5b0b2d8002c3b6fb6da1686d3bce583d23afc,3.0,coarse
ngofs2_bottom_shoreward_antecedent_transport_3h_m,ngofs2_regulargrid_v1,2026-09-29T21:00:00+00:00,False,Montrose,0.75,,,194.863960146904,m,,,,MODEL_DERIVED,0.0,0608f6e3348199a381118fc6f8f5b0b2d8002c3b6fb6da1686d3bce583d23afc,3.0,coarse
ngofs2_surface_shoreward_antecedent_transport_3h_m,ngofs2_regulargrid_v1,2026-09-29T21:00:00+00:00,False,Montrose,1.5,,,-176.75000689923772,m,,,,MODEL_DERIVED,0.0,0608f6e3348199a381118fc6f8f5b0b2d8002c3b6fb6da1686d3bce583d23afc,3.0,coarse
ngofs2_bottom_shoreward_antecedent_transport_3h_m,ngofs2_regulargrid_v1,2026-09-29T21:00:00+00:00,False,Montrose,1.5,,,20.24504144210371,m,,,,MODEL_DERIVED,0.0,0608f6e3348199a381118fc6f8f5b0b2d8002c3b6fb6da1686d3bce583d23afc,3.0,coarse
ngofs2_surface_shoreward_antecedent_transport_3h_m,ngofs2_regulargrid_v1,2026-09-29T21:00:00+00:00,False,Montrose,3.0,,,-463.09587880969053,m,,,,MODEL_DERIVED,0.0,0608f6e3348199a381118fc6f8f5b0b2d8002c3b6fb6da1686d3bce583d23afc,3.0,coarse
ngofs2_bottom_shoreward_antecedent_transport_3h_m,ngofs2_regulargrid_v1,2026-09-29T21:00:00+00:00,False,Montrose,3.0,,,432.9847969114781,m,,,,MODEL_DERIVED,0.0,0608f6e3348199a381118fc6f8f5b0b2d8002c3b6fb6da1686d3bce583d23afc,3.0,coarse
ngofs2_surface_shoreward_antecedent_transport_3h_m,ngofs2_regulargrid_v1,2026-09-29T21:00:00+00:00,False,Fairhope/Fly Creek/Pier,0.25,,,-265.89752174913883,m,,,,MODEL_DERIVED,0.0,0608f6e3348199a381118fc6f8f5b0b2d8002c3b6fb6da1686d3bce583d23afc,3.0,coarse
ngofs2_bottom_shoreward_antecedent_transport_3h_m,ngofs2_regulargrid_v1,2026-09-29T21:00:00+00:00,False,Fairhope/Fly Creek/Pier,0.25,,,108.18917630240321,m,,,,MODEL_DERIVED,0.0,0608f6e3348199a381118fc6f8f5b0b2d8002c3b6fb6da1686d3bce583d23afc,3.0,coarse
ngofs2_surface_shoreward_antecedent_transport_3h_m,ngofs2_regulargrid_v1,2026-09-29T21:00:00+00:00,False,Fairhope/Fly Creek/Pier,0.75,,,-642.3952884972095,m,,,,MODEL_DERIVED,0.0,0608f6e3348199a381118fc6f8f5b0b2d8002c3b6fb6da1686d3bce583d23afc,3.0,coarse
ngofs2_bottom_shoreward_antecedent_transport_3h_m,ngofs2_regulargrid_v1,2026-09-29T21:00:00+00:00,False,Fairhope/Fly Creek/Pier,0.75,,,558.5855439305305,m,,,,MODEL_DERIVED,0.0,0608f6e3348199a381118fc6f8f5b0b2d8002c3b6fb6da1686d3bce583d23afc,3.0,coarse
ngofs2_surface_shoreward_antecedent_transport_3h_m,ngofs2_regulargrid_v1,2026-09-29T21:00:00+00:00,False,Fairhope/Fly Creek/Pier,1.5,,,-790.5205562710762,m,,,,MODEL_DERIVED,0.0,0608f6e3348199a381118fc6f8f5b0b2d8002c3b6fb6da1686d3bce583d23afc,3.0,coarse
ngofs2_bottom_shoreward_antecedent_transport_3h_m,ngofs2_regulargrid_v1,2026-09-29T21:00:00+00:00,False,Fairhope/Fly Creek/Pier,1.5,,,643.3195643126966,m,,,,MODEL_DERIVED,0.0,0608f6e3348199a381118fc6f8f5b0b2d8002c3b6fb6da1686d3bce583d23afc,3.0,coarse
ngofs2_surface_shoreward_antecedent_transport_3h_m,ngofs2_regulargrid_v1,2026-09-29T21:00:00+00:00,False,Fairhope/Fly Creek/Pier,3.0,,,-1205.8361873030663,m,,,,MODEL_DERIVED,0.0,0608f6e3348199a381118fc6f8f5b0b2d8002c3b6fb6da1686d3bce583d23afc,3.0,coarse
ngofs2_bottom_shoreward_antecedent_transport_3h_m,ngofs2_regulargrid_v1,2026-09-29T21:00:00+00:00,False,Fairhope/Fly Creek/Pier,3.0,,,180.2326172590256,m,,,,MODEL_DERIVED,0.0,0608f6e3348199a381118fc6f8f5b0b2d8002c3b6fb6da1686d3bce583d23afc,3.0,coarse
ngofs2_surface_shoreward_antecedent_transport_3h_m,ngofs2_regulargrid_v1,2026-09-29T21:00:00+00:00,False,Battles Wharf,0.25,,,207.54635464400056,m,,,,MODEL_DERIVED,0.0,0608f6e3348199a381118fc6f8f5b0b2d8002c3b6fb6da1686d3bce583d23afc,3.0,coarse
ngofs2_bottom_shoreward_antecedent_transport_3h_m,ngofs2_regulargrid_v1,2026-09-29T21:00:00+00:00,False,Battles Wharf,0.25,,,199.21797998249534,m,,,,MODEL_DERIVED,0.0,0608f6e3348199a381118fc6f8f5b0b2d8002c3b6fb6da1686d3bce583d23afc,3.0,coarse
ngofs2_surface_shoreward_antecedent_transport_3h_m,ngofs2_regulargrid_v1,2026-09-29T21:00:00+00:00,False,Battles Wharf,0.75,,,208.90860334038743,m,,,,MODEL_DERIVED,0.0,0608f6e3348199a381118fc6f8f5b0b2d8002c3b6fb6da1686d3bce583d23afc,3.0,coarse
ngofs2_bottom_shoreward_antecedent_transport_3h_m,ngofs2_regulargrid_v1,2026-09-29T21:00:00+00:00,False,Battles Wharf,0.75,,,213.3218865841628,m,,,,MODEL_DERIVED,0.0,0608f6e3348199a381118fc6f8f5b0b2d8002c3b6fb6da1686d3bce583d23afc,3.0,coarse
ngofs2_surface_shoreward_antecedent_transport_3h_m,ngofs2_regulargrid_v1,2026-09-29T21:00:00+00:00,False,Battles Wharf,1.5,,,195.87849900126466,m,,,,MODEL_DERIVED,0.0,0608f6e3348199a381118fc6f8f5b0b2d8002c3b6fb6da1686d3bce583d23afc,3.0,coarse
ngofs2_bottom_shoreward_antecedent_transport_3h_m,ngofs2_regulargrid_v1,2026-09-29T21:00:00+00:00,False,Battles Wharf,1.5,,,236.6378735750914,m,,,,MODEL_DERIVED,0.0,0608f6e3348199a381118fc6f8f5b0b2d8002c3b6fb6da1686d3bce583d23afc,3.0,coarse
ngofs2_surface_shoreward_antecedent_transport_3h_m,ngofs2_regulargrid_v1,2026-09-29T21:00:00+00:00,False,Battles Wharf,3.0,,,-62.11020424962036,m,,,,MODEL_DERIVED,0.0,0608f6e3348199a381118fc6f8f5b0b2d8002c3b6fb6da1686d3bce583d23afc,3.0,coarse
ngofs2_bottom_shoreward_antecedent_transport_3h_m,ngofs2_regulargrid_v1,2026-09-29T21:00:00+00:00,False,Battles Wharf,3.0,,,254.66594165191066,m,,,,MODEL_DERIVED,0.0,0608f6e3348199a381118fc6f8f5b0b2d8002c3b6fb6da1686d3bce583d23afc,3.0,coarse
ngofs2_surface_shoreward_antecedent_transport_3h_m,ngofs2_regulargrid_v1,2026-09-29T21:00:00+00:00,False,Point Clear/Grand Hotel,0.25,,,208.90860334038743,m,,,,MODEL_DERIVED,0.0,0608f6e3348199a381118fc6f8f5b0b2d8002c3b6fb6da1686d3bce583d23afc,3.0,coarse
ngofs2_bottom_shoreward_antecedent_transport_3h_m,ngofs2_regulargrid_v1,2026-09-29T21:00:00+00:00,False,Point Clear/Grand Hotel,0.25,,,213.3218865841628,m,,,,MODEL_DERIVED,0.0,0608f6e3348199a381118fc6f8f5b0b2d8002c3b6fb6da1686d3bce583d23afc,3.0,coarse
ngofs2_surface_shoreward_antecedent_transport_3h_m,ngofs2_regulargrid_v1,2026-09-29T21:00:00+00:00,False,Point Clear/Grand Hotel,0.75,,,-891.3041979074477,m,,,,MODEL_DERIVED,0.0,0608f6e3348199a381118fc6f8f5b0b2d8002c3b6fb6da1686d3bce583d23afc,3.0,coarse
ngofs2_bottom_shoreward_antecedent_transport_3h_m,ngofs2_regulargrid_v1,2026-09-29T21:00:00+00:00,False,Point Clear/Grand Hotel,0.75,,,-579.33791577816,m,,,,MODEL_DERIVED,0.0,0608f6e3348199a381118fc6f8f5b0b2d8002c3b6fb6da1686d3bce583d23afc,3.0,coarse
ngofs2_surface_shoreward_antecedent_transport_3h_m,ngofs2_regulargrid_v1,2026-09-29T21:00:00+00:00,False,Point Clear/Grand Hotel,1.5,,,-234.03039677068583,m,,,,MODEL_DERIVED,0.0,0608f6e3348199a381118fc6f8f5b0b2d8002c3b6fb6da1686d3bce583d23afc,3.0,coarse
ngofs2_bottom_shoreward_antecedent_transport_3h_m,ngofs2_regulargrid_v1,2026-09-29T21:00:00+00:00,False,Point Clear/Grand Hotel,1.5,,,194.3813184276224,m,,,,MODEL_DERIVED,0.0,0608f6e3348199a381118fc6f8f5b0b2d8002c3b6fb6da1686d3bce583d23afc,3.0,coarse
ngofs2_surface_shoreward_antecedent_transport_3h_m,ngofs2_regulargrid_v1,2026-09-29T21:00:00+00:00,False,Point Clear/Grand Hotel,3.0,,,-212.70254775881767,m,,,,MODEL_DERIVED,0.0,0608f6e3348199a381118fc6f8f5b0b2d8002c3b6fb6da1686d3bce583d23afc,3.0,coarse
ngofs2_bottom_shoreward_antecedent_transport_3h_m,ngofs2_regulargrid_v1,2026-09-29T21:00:00+00:00,False,Point Clear/Grand Hotel,3.0,,,431.69144243001955,m,,,,MODEL_DERIVED,0.0,0608f6e3348199a381118fc6f8f5b0b2d8002c3b6fb6da1686d3bce583d23afc,3.0,coarse
ngofs2_surface_shoreward_antecedent_transport_3h_m,ngofs2_regulargrid_v1,2026-09-29T21:00:00+00:00,False,Mullet Point,0.25,,,-689.8955538868903,m,,,,MODEL_DERIVED,0.0,0608f6e3348199a381118fc6f8f5b0b2d8002c3b6fb6da1686d3bce583d23afc,3.0,coarse
ngofs2_bottom_shoreward_antecedent_transport_3h_m,ngofs2_regulargrid_v1,2026-09-29T21:00:00+00:00,False,Mullet Point,0.25,,,-424.84925463795656,m,,,,MODEL_DERIVED,0.0,0608f6e3348199a381118fc6f8f5b0b2d8002c3b6fb6da1686d3bce583d23afc,3.0,coarse
ngofs2_surface_shoreward_antecedent_transport_3h_m,ngofs2_regulargrid_v1,2026-09-29T21:00:00+00:00,False,Mullet Point,0.75,,,-223.23475778102866,m,,,,MODEL_DERIVED,0.0,0608f6e3348199a381118fc6f8f5b0b2d8002c3b6fb6da1686d3bce583d23afc,3.0,coarse
ngofs2_bottom_shoreward_antecedent_transport_3h_m,ngofs2_regulargrid_v1,2026-09-29T21:00:00+00:00,False,Mullet Point,0.75,,,-129.17697485536334,m,,,,MODEL_DERIVED,0.0,0608f6e3348199a381118fc6f8f5b0b2d8002c3b6fb6da1686d3bce583d23afc,3.0,coarse
ngofs2_surface_shoreward_antecedent_transport_3h_m,ngofs2_regulargrid_v1,2026-09-29T21:00:00+00:00,False,Mullet Point,1.5,,,-257.0220619440078,m,,,,MODEL_DERIVED,0.0,0608f6e3348199a381118fc6f8f5b0b2d8002c3b6fb6da1686d3bce583d23afc,3.0,coarse
ngofs2_bottom_shoreward_antecedent_transport_3h_m,ngofs2_regulargrid_v1,2026-09-29T21:00:00+00:00,False,Mullet Point,1.5,,,-105.10484632104628,m,,,,MODEL_DERIVED,0.0,0608f6e3348199a381118fc6f8f5b0b2d8002c3b6fb6da1686d3bce583d23afc,3.0,coarse
ngofs2_surface_shoreward_antecedent_transport_3h_m,ngofs2_regulargrid_v1,2026-09-29T21:00:00+00:00,False,Mullet Point,3.0,,,-185.95773205161083,m,,,,MODEL_DERIVED,0.0,0608f6e3348199a381118fc6f8f5b0b2d8002c3b6fb6da1686d3bce583d23afc,3.0,coarse
ngofs2_bottom_shoreward_antecedent_transport_3h_m,ngofs2_regulargrid_v1,2026-09-29T21:00:00+00:00,False,Mullet Point,3.0,,,-90.29983459040515,m,,,,MODEL_DERIVED,0.0,0608f6e3348199a381118fc6f8f5b0b2d8002c3b6fb6da1686d3bce583d23afc,3.0,coarse
ngofs2_surface_shoreward_forward_transport_3h_m,ngofs2_regulargrid_v1,2026-09-30T00:00:00+00:00,False,Daphne/May Day,0.25,,,-85.94822214217858,m,,,,MODEL_DERIVED,0.0,0608f6e3348199a381118fc6f8f5b0b2d8002c3b6fb6da1686d3bce583d23afc,3.0,coarse
ngofs2_surface_shoreward_forward_transport_6h_m,ngofs2_regulargrid_v1,2026-09-30T03:00:00+00:00,False,Daphne/May Day,0.25,,,19.42391206976025,m,,,,MODEL_DERIVED,0.0,0608f6e3348199a381118fc6f8f5b0b2d8002c3b6fb6da1686d3bce583d23afc,3.0,coarse
ngofs2_surface_shoreward_forward_transport_12h_m,ngofs2_regulargrid_v1,2026-09-30T09:00:00+00:00,False,Daphne/May Day,0.25,,,75.18536781426506,m,,,,MODEL_DERIVED,0.0,0608f6e3348199a381118fc6f8f5b0b2d8002c3b6fb6da1686d3bce583d23afc,3.0,coarse
ngofs2_bottom_shoreward_forward_transport_3h_m,ngofs2_regulargrid_v1,2026-09-30T00:00:00+00:00,False,Daphne/May Day,0.25,,,326.5469714999199,m,,,,MODEL_DERIVED,0.0,0608f6e3348199a381118fc6f8f5b0b2d8002c3b6fb6da1686d3bce583d23afc,3.0,coarse
ngofs2_bottom_shoreward_forward_transport_6h_m,ngofs2_regulargrid_v1,2026-09-30T03:00:00+00:00,False,Daphne/May Day,0.25,,,628.3178653568029,m,,,,MODEL_DERIVED,0.0,0608f6e3348199a381118fc6f8f5b0b2d8002c3b6fb6da1686d3bce583d23afc,3.0,coarse
ngofs2_bottom_shoreward_forward_transport_12h_m,ngofs2_regulargrid_v1,2026-09-30T09:00:00+00:00,False,Daphne/May Day,0.25,,,1234.353232383728,m,,,,MODEL_DERIVED,0.0,0608f6e3348199a381118fc6f8f5b0b2d8002c3b6fb6da1686d3bce583d23afc,3.0,coarse
ngofs2_surface_shoreward_forward_transport_3h_m,ngofs2_regulargrid_v1,2026-09-30T00:00:00+00:00,False,Daphne/May Day,0.75,,,-27.103026397526282,m,,,,MODEL_DERIVED,0.0,0608f6e3348199a381118fc6f8f5b0b2d8002c3b6fb6da1686d3bce583d23afc,3.0,coarse
ngofs2_surface_shoreward_forward_transport_6h_m,ngofs2_regulargrid_v1,2026-09-30T03:00:00+00:00,False,Daphne/May Day,0.75,,,48.68707247078416,m,,,,MODEL_DERIVED,0.0,0608f6e3348199a381118fc6f8f5b0b2d8002c3b6fb6da1686d3bce583d23afc,3.0,coarse
ngofs2_surface_shoreward_forward_transport_12h_m,ngofs2_regulargrid_v1,2026-09-30T09:00:00+00:00,False,Daphne/May Day,0.75,,,221.042826399207,m,,,,MODEL_DERIVED,0.0,0608f6e3348199a381118fc6f8f5b0b2d8002c3b6fb6da1686d3bce583d23afc,3.0,coarse
ngofs2_bottom_shoreward_forward_transport_3h_m,ngofs2_regulargrid_v1,2026-09-30T00:00:00+00:00,False,Daphne/May Day,0.75,,,107.74370245635511,m,,,,MODEL_DERIVED,0.0,0608f6e3348199a381118fc6f8f5b0b2d8002c3b6fb6da1686d3bce583d23afc,3.0,coarse
ngofs2_bottom_shoreward_forward_transport_6h_m,ngofs2_regulargrid_v1,2026-09-30T03:00:00+00:00,False,Daphne/May Day,0.75,,,246.1235191673041,m,,,,MODEL_DERIVED,0.0,0608f6e3348199a381118fc6f8f5b0b2d8002c3b6fb6da1686d3bce583d23afc,3.0,coarse
ngofs2_bottom_shoreward_forward_transport_12h_m,ngofs2_regulargrid_v1,2026-09-30T09:00:00+00:00,False,Daphne/May Day,0.75,,,618.3571921661496,m,,,,MODEL_DERIVED,0.0,0608f6e3348199a381118fc6f8f5b0b2d8002c3b6fb6da1686d3bce583d23afc,3.0,coarse
ngofs2_surface_shoreward_forward_transport_3h_m,ngofs2_regulargrid_v1,2026-09-30T00:00:00+00:00,False,Daphne/May Day,1.5,,,-175.1945813186467,m,,,,MODEL_DERIVED,0.0,0608f6e3348199a381118fc6f8f5b0b2d8002c3b6fb6da1686d3bce583d23afc,3.0,coarse
ngofs2_surface_shoreward_forward_transport_6h_m,ngofs2_regulargrid_v1,2026-09-30T03:00:00+00:00,False,Daphne/May Day,1.5,,,-58.08779094368222,m,,,,MODEL_DERIVED,0.0,0608f6e3348199a381118fc6f8f5b0b2d8002c3b6fb6da1686d3bce583d23afc,3.0,coarse
ngofs2_surface_shoreward_forward_transport_12h_m,ngofs2_regulargrid_v1,2026-09-30T09:00:00+00:00,False,Daphne/May Day,1.5,,,211.76101695746172,m,,,,MODEL_DERIVED,0.0,0608f6e3348199a381118fc6f8f5b0b2d8002c3b6fb6da1686d3bce583d23afc,3.0,coarse
ngofs2_bottom_shoreward_forward_transport_3h_m,ngofs2_regulargrid_v1,2026-09-30T00:00:00+00:00,False,Daphne/May Day,1.5,,,132.4756141752005,m,,,,MODEL_DERIVED,0.0,0608f6e3348199a381118fc6f8f5b0b2d8002c3b6fb6da1686d3bce583d23afc,3.0,coarse
ngofs2_bottom_shoreward_forward_transport_6h_m,ngofs2_regulargrid_v1,2026-09-30T03:00:00+00:00,False,Daphne/May Day,1.5,,,274.21819176524883,m,,,,MODEL_DERIVED,0.0,0608f6e3348199a381118fc6f8f5b0b2d8002c3b6fb6da1686d3bce583d23afc,3.0,coarse
ngofs2_bottom_shoreward_forward_transport_12h_m,ngofs2_regulargrid_v1,2026-09-30T09:00:00+00:00,False,Daphne/May Day,1.5,,,666.2050819024445,m,,,,MODEL_DERIVED,0.0,0608f6e3348199a381118fc6f8f5b0b2d8002c3b6fb6da1686d3bce583d23afc,3.0,coarse
ngofs2_surface_shoreward_forward_transport_3h_m,ngofs2_regulargrid_v1,2026-09-30T00:00:00+00:00,False,Daphne/May Day,3.0,,,-133.7482234463096,m,,,,MODEL_DERIVED,0.0,0608f6e3348199a381118fc6f8f5b0b2d8002c3b6fb6da1686d3bce583d23afc,3.0,coarse
ngofs2_surface_shoreward_forward_transport_6h_m,ngofs2_regulargrid_v1,2026-09-30T03:00:00+00:00,False,Daphne/May Day,3.0,,,49.136949330568285,m,,,,MODEL_DERIVED,0.0,0608f6e3348199a381118fc6f8f5b0b2d8002c3b6fb6da1686d3bce583d23afc,3.0,coarse
ngofs2_surface_shoreward_forward_transport_12h_m,ngofs2_regulargrid_v1,2026-09-30T09:00:00+00:00,False,Daphne/May Day,3.0,,,632.9209282994269,m,,,,MODEL_DERIVED,0.0,0608f6e3348199a381118fc6f8f5b0b2d8002c3b6fb6da1686d3bce583d23afc,3.0,coarse
ngofs2_bottom_shoreward_forward_transport_3h_m,ngofs2_regulargrid_v1,2026-09-30T00:00:00+00:00,False,Daphne/May Day,3.0,,,91.74381690099837,m,,,,MODEL_DERIVED,0.0,0608f6e3348199a381118fc6f8f5b0b2d8002c3b6fb6da1686d3bce583d23afc,3.0,coarse
ngofs2_bottom_shoreward_forward_transport_6h_m,ngofs2_regulargrid_v1,2026-09-30T03:00:00+00:00,False,Daphne/May Day,3.0,,,154.71974266693,m,,,,MODEL_DERIVED,0.0,0608f6e3348199a381118fc6f8f5b0b2d8002c3b6fb6da1686d3bce583d23afc,3.0,coarse
ngofs2_bottom_shoreward_forward_transport_12h_m,ngofs2_regulargrid_v1,2026-09-30T09:00:00+00:00,False,Daphne/May Day,3.0,,,418.2605475420133,m,,,,MODEL_DERIVED,0.0,0608f6e3348199a381118fc6f8f5b0b2d8002c3b6fb6da1686d3bce583d23afc,3.0,coarse
ngofs2_surface_shoreward_forward_transport_3h_m,ngofs2_regulargrid_v1,2026-09-30T00:00:00+00:00,False,Montrose,0.25,,,22.198550635948767,m,,,,MODEL_DERIVED,0.0,0608f6e3348199a381118fc6f8f5b0b2d8002c3b6fb6da1686d3bce583d23afc,3.0,coarse
ngofs2_surface_shoreward_forward_transport_6h_m,ngofs2_regulargrid_v1,2026-09-30T03:00:00+00:00,False,Montrose,0.25,,,49.991986434906714,m,,,,MODEL_DERIVED,0.0,0608f6e3348199a381118fc6f8f5b0b2d8002c3b6fb6da1686d3bce583d23afc,3.0,coarse
ngofs2_surface_shoreward_forward_transport_12h_m,ngofs2_regulargrid_v1,2026-09-30T09:00:00+00:00,False,Montrose,0.25,,,622.5281022023408,m,,,,MODEL_DERIVED,0.0,0608f6e3348199a381118fc6f8f5b0b2d8002c3b6fb6da1686d3bce583d23afc,3.0,coarse
ngofs2_bottom_shoreward_forward_transport_3h_m,ngofs2_regulargrid_v1,2026-09-30T00:00:00+00:00,False,Montrose,0.25,,,55.19030992873013,m,,,,MODEL_DERIVED,0.0,0608f6e3348199a381118fc6f8f5b0b2d8002c3b6fb6da1686d3bce583d23afc,3.0,coarse
ngofs2_bottom_shoreward_forward_transport_6h_m,ngofs2_regulargrid_v1,2026-09-30T03:00:00+00:00,False,Montrose,0.25,,,56.67667156085372,m,,,,MODEL_DERIVED,0.0,0608f6e3348199a381118fc6f8f5b0b2d8002c3b6fb6da1686d3bce583d23afc,3.0,coarse
ngofs2_bottom_shoreward_forward_transport_12h_m,ngofs2_regulargrid_v1,2026-09-30T09:00:00+00:00,False,Montrose,0.25,,,196.01960163563487,m,,,,MODEL_DERIVED,0.0,0608f6e3348199a381118fc6f8f5b0b2d8002c3b6fb6da1686d3bce583d23afc,3.0,coarse
ngofs2_surface_shoreward_forward_transport_3h_m,ngofs2_regulargrid_v1,2026-09-30T00:00:00+00:00,False,Montrose,0.75,,,-129.19191392138603,m,,,,MODEL_DERIVED,0.0,0608f6e3348199a381118fc6f8f5b0b2d8002c3b6fb6da1686d3bce583d23afc,3.0,coarse
ngofs2_surface_shoreward_forward_transport_6h_m,ngofs2_regulargrid_v1,2026-09-30T03:00:00+00:00,False,Montrose,0.75,,,-117.10037067532542,m,,,,MODEL_DERIVED,0.0,0608f6e3348199a381118fc6f8f5b0b2d8002c3b6fb6da1686d3bce583d23afc,3.0,coarse
ngofs2_surface_shoreward_forward_transport_12h_m,ngofs2_regulargrid_v1,2026-09-30T09:00:00+00:00,False,Montrose,0.75,,,93.26171502470962,m,,,,MODEL_DERIVED,0.0,0608f6e3348199a381118fc6f8f5b0b2d8002c3b6fb6da1686d3bce583d23afc,3.0,coarse
ngofs2_bottom_shoreward_forward_transport_3h_m,ngofs2_regulargrid_v1,2026-09-30T00:00:00+00:00,False,Montrose,0.75,,,181.05639070272446,m,,,,MODEL_DERIVED,0.0,0608f6e3348199a381118fc6f8f5b0b2d8002c3b6fb6da1686d3bce583d23afc,3.0,coarse
ngofs2_bottom_shoreward_forward_transport_6h_m,ngofs2_regulargrid_v1,2026-09-30T03:00:00+00:00,False,Montrose,0.75,,,359.3275420367718,m,,,,MODEL_DERIVED,0.0,0608f6e3348199a381118fc6f8f5b0b2d8002c3b6fb6da1686d3bce583d23afc,3.0,coarse
ngofs2_bottom_shoreward_forward_transport_12h_m,ngofs2_regulargrid_v1,2026-09-30T09:00:00+00:00,False,Montrose,0.75,,,664.507057517767,m,,,,MODEL_DERIVED,0.0,0608f6e3348199a381118fc6f8f5b0b2d8002c3b6fb6da1686d3bce583d23afc,3.0,coarse
ngofs2_surface_shoreward_forward_transport_3h_m,ngofs2_regulargrid_v1,2026-09-30T00:00:00+00:00,False,Montrose,1.5,,,-23.93648251891138,m,,,,MODEL_DERIVED,0.0,0608f6e3348199a381118fc6f8f5b0b2d8002c3b6fb6da1686d3bce583d23afc,3.0,coarse
ngofs2_surface_shoreward_forward_transport_6h_m,ngofs2_regulargrid_v1,2026-09-30T03:00:00+00:00,False,Montrose,1.5,,,160.06295196712014,m,,,,MODEL_DERIVED,0.0,0608f6e3348199a381118fc6f8f5b0b2d8002c3b6fb6da1686d3bce583d23afc,3.0,coarse
ngofs2_surface_shoreward_forward_transport_12h_m,ngofs2_regulargrid_v1,2026-09-30T09:00:00+00:00,False,Montrose,1.5,,,829.2998369783161,m,,,,MODEL_DERIVED,0.0,0608f6e3348199a381118fc6f8f5b0b2d8002c3b6fb6da1686d3bce583d23afc,3.0,coarse
ngofs2_bottom_shoreward_forward_transport_3h_m,ngofs2_regulargrid_v1,2026-09-30T00:00:00+00:00,False,Montrose,1.5,,,0.743400212377325,m,,,,MODEL_DERIVED,0.0,0608f6e3348199a381118fc6f8f5b0b2d8002c3b6fb6da1686d3bce583d23afc,3.0,coarse
ngofs2_bottom_shoreward_forward_transport_6h_m,ngofs2_regulargrid_v1,2026-09-30T03:00:00+00:00,False,Montrose,1.5,,,8.649288921151344,m,,,,MODEL_DERIVED,0.0,0608f6e3348199a381118fc6f8f5b0b2d8002c3b6fb6da1686d3bce583d23afc,3.0,coarse
ngofs2_bottom_shoreward_forward_transport_12h_m,ngofs2_regulargrid_v1,2026-09-30T09:00:00+00:00,False,Montrose,1.5,,,227.16576328966772,m,,,,MODEL_DERIVED,0.0,0608f6e3348199a381118fc6f8f5b0b2d8002c3b6fb6da1686d3bce583d23afc,3.0,coarse
ngofs2_surface_shoreward_forward_transport_3h_m,ngofs2_regulargrid_v1,2026-09-30T00:00:00+00:00,False,Montrose,3.0,,,-205.39025464095178,m,,,,MODEL_DERIVED,0.0,0608f6e3348199a381118fc6f8f5b0b2d8002c3b6fb6da1686d3bce583d23afc,3.0,coarse
ngofs2_surface_shoreward_forward_transport_6h_m,ngofs2_regulargrid_v1,2026-09-30T03:00:00+00:00,False,Montrose,3.0,,,-66.96373606100681,m,,,,MODEL_DERIVED,0.0,0608f6e3348199a381118fc6f8f5b0b2d8002c3b6fb6da1686d3bce583d23afc,3.0,coarse
ngofs2_surface_shoreward_forward_transport_12h_m,ngofs2_regulargrid_v1,2026-09-30T09:00:00+00:00,False,Montrose,3.0,,,421.76056187599886,m,,,,MODEL_DERIVED,0.0,0608f6e3348199a381118fc6f8f5b0b2d8002c3b6fb6da1686d3bce583d23afc,3.0,coarse
ngofs2_bottom_shoreward_forward_transport_3h_m,ngofs2_regulargrid_v1,2026-09-30T00:00:00+00:00,False,Montrose,3.0,,,224.59826879203322,m,,,,MODEL_DERIVED,0.0,0608f6e3348199a381118fc6f8f5b0b2d8002c3b6fb6da1686d3bce583d23afc,3.0,coarse
ngofs2_bottom_shoreward_forward_transport_6h_m,ngofs2_regulargrid_v1,2026-09-30T03:00:00+00:00,False,Montrose,3.0,,,270.7856113091112,m,,,,MODEL_DERIVED,0.0,0608f6e3348199a381118fc6f8f5b0b2d8002c3b6fb6da1686d3bce583d23afc,3.0,coarse
ngofs2_bottom_shoreward_forward_transport_12h_m,ngofs2_regulargrid_v1,2026-09-30T09:00:00+00:00,False,Montrose,3.0,,,336.0051076859237,m,,,,MODEL_DERIVED,0.0,0608f6e3348199a381118fc6f8f5b0b2d8002c3b6fb6da1686d3bce583d23afc,3.0,coarse
ngofs2_surface_shoreward_forward_transport_3h_m,ngofs2_regulargrid_v1,2026-09-30T00:00:00+00:00,False,Fairhope/Fly Creek/Pier,0.25,,,-185.31573191285133,m,,,,MODEL_DERIVED,0.0,0608f6e3348199a381118fc6f8f5b0b2d8002c3b6fb6da1686d3bce583d23afc,3.0,coarse
ngofs2_surface_shoreward_forward_transport_6h_m,ngofs2_regulargrid_v1,2026-09-30T03:00:00+00:00,False,Fairhope/Fly Creek/Pier,0.25,,,-323.5759053379297,m,,,,MODEL_DERIVED,0.0,0608f6e3348199a381118fc6f8f5b0b2d8002c3b6fb6da1686d3bce583d23afc,3.0,coarse
ngofs2_surface_shoreward_forward_transport_12h_m,ngofs2_regulargrid_v1,2026-09-30T09:00:00+00:00,False,Fairhope/Fly Creek/Pier,0.25,,,-1443.4893641620874,m,,,,MODEL_DERIVED,0.0,0608f6e3348199a381118fc6f8f5b0b2d8002c3b6fb6da1686d3bce583d23afc,3.0,coarse
ngofs2_bottom_shoreward_forward_transport_3h_m,ngofs2_regulargrid_v1,2026-09-30T00:00:00+00:00,False,Fairhope/Fly Creek/Pier,0.25,,,55.54441809654234,m,,,,MODEL_DERIVED,0.0,0608f6e3348199a381118fc6f8f5b0b2d8002c3b6fb6da1686d3bce583d23afc,3.0,coarse
ngofs2_bottom_shoreward_forward_transport_6h_m,ngofs2_regulargrid_v1,2026-09-30T03:00:00+00:00,False,Fairhope/Fly Creek/Pier,0.25,,,169.02720881626007,m,,,,MODEL_DERIVED,0.0,0608f6e3348199a381118fc6f8f5b0b2d8002c3b6fb6da1686d3bce583d23afc,3.0,coarse
ngofs2_bottom_shoreward_forward_transport_12h_m,ngofs2_regulargrid_v1,2026-09-30T09:00:00+00:00,False,Fairhope/Fly Creek/Pier,0.25,,,306.7989519797265,m,,,,MODEL_DERIVED,0.0,0608f6e3348199a381118fc6f8f5b0b2d8002c3b6fb6da1686d3bce583d23afc,3.0,coarse
ngofs2_surface_shoreward_forward_transport_3h_m,ngofs2_regulargrid_v1,2026-09-30T00:00:00+00:00,False,Fairhope/Fly Creek/Pier,0.75,,,-506.59205205738544,m,,,,MODEL_DERIVED,0.0,0608f6e3348199a381118fc6f8f5b0b2d8002c3b6fb6da1686d3bce583d23afc,3.0,coarse
ngofs2_surface_shoreward_forward_transport_6h_m,ngofs2_regulargrid_v1,2026-09-30T03:00:00+00:00,False,Fairhope/Fly Creek/Pier,0.75,,,-686.0278973355889,m,,,,MODEL_DERIVED,0.0,0608f6e3348199a381118fc6f8f5b0b2d8002c3b6fb6da1686d3bce583d23afc,3.0,coarse
ngofs2_surface_shoreward_forward_transport_12h_m,ngofs2_regulargrid_v1,2026-09-30T09:00:00+00:00,False,Fairhope/Fly Creek/Pier,0.75,,,-1417.9123554378748,m,,,,MODEL_DERIVED,0.0,0608f6e3348199a381118fc6f8f5b0b2d8002c3b6fb6da1686d3bce583d23afc,3.0,coarse
ngofs2_bottom_shoreward_forward_transport_3h_m,ngofs2_regulargrid_v1,2026-09-30T00:00:00+00:00,False,Fairhope/Fly Creek/Pier,0.75,,,435.06092727184296,m,,,,MODEL_DERIVED,0.0,0608f6e3348199a381118fc6f8f5b0b2d8002c3b6fb6da1686d3bce583d23afc,3.0,coarse
ngofs2_bottom_shoreward_forward_transport_6h_m,ngofs2_regulargrid_v1,2026-09-30T03:00:00+00:00,False,Fairhope/Fly Creek/Pier,0.75,,,796.2120361626148,m,,,,MODEL_DERIVED,0.0,0608f6e3348199a381118fc6f8f5b0b2d8002c3b6fb6da1686d3bce583d23afc,3.0,coarse
ngofs2_bottom_shoreward_forward_transport_12h_m,ngofs2_regulargrid_v1,2026-09-30T09:00:00+00:00,False,Fairhope/Fly Creek/Pier,0.75,,,1264.9576052092016,m,,,,MODEL_DERIVED,0.0,0608f6e3348199a381118fc6f8f5b0b2d8002c3b6fb6da1686d3bce583d23afc,3.0,coarse
ngofs2_surface_shoreward_forward_transport_3h_m,ngofs2_regulargrid_v1,2026-09-30T00:00:00+00:00,False,Fairhope/Fly Creek/Pier,1.5,,,-672.7282762527466,m,,,,MODEL_DERIVED,0.0,0608f6e3348199a381118fc6f8f5b0b2d8002c3b6fb6da1686d3bce583d23afc,3.0,coarse
ngofs2_surface_shoreward_forward_transport_6h_m,ngofs2_regulargrid_v1,2026-09-30T03:00:00+00:00,False,Fairhope/Fly Creek/Pier,1.5,,,-1074.7115515172482,m,,,,MODEL_DERIVED,0.0,0608f6e3348199a381118fc6f8f5b0b2d8002c3b6fb6da1686d3bce583d23afc,3.0,coarse
ngofs2_surface_shoreward_forward_transport_12h_m,ngofs2_regulargrid_v1,2026-09-30T09:00:00+00:00,False,Fairhope/Fly Creek/Pier,1.5,,,-2826.7979443073273,m,,,,MODEL_DERIVED,0.0,0608f6e3348199a381118fc6f8f5b0b2d8002c3b6fb6da1686d3bce583d23afc,3.0,coarse
ngofs2_bottom_shoreward_forward_transport_3h_m,ngofs2_regulargrid_v1,2026-09-30T00:00:00+00:00,False,Fairhope/Fly Creek/Pier,1.5,,,548.2982933521271,m,,,,MODEL_DERIVED,0.0,0608f6e3348199a381118fc6f8f5b0b2d8002c3b6fb6da1686d3bce583d23afc,3.0,coarse
ngofs2_bottom_shoreward_forward_transport_6h_m,ngofs2_regulargrid_v1,2026-09-30T03:00:00+00:00,False,Fairhope/Fly Creek/Pier,1.5,,,1019.5518627762794,m,,,,MODEL_DERIVED,0.0,0608f6e3348199a381118fc6f8f5b0b2d8002c3b6fb6da1686d3bce583d23afc,3.0,coarse
ngofs2_bottom_shoreward_forward_transport_12h_m,ngofs2_regulargrid_v1,2026-09-30T09:00:00+00:00,False,Fairhope/Fly Creek/Pier,1.5,,,1630.228815972805,m,,,,MODEL_DERIVED,0.0,0608f6e3348199a381118fc6f8f5b0b2d8002c3b6fb6da1686d3bce583d23afc,3.0,coarse
ngofs2_surface_shoreward_forward_transport_3h_m,ngofs2_regulargrid_v1,2026-09-30T00:00:00+00:00,False,Fairhope/Fly Creek/Pier,3.0,,,-1129.698559641838,m,,,,MODEL_DERIVED,0.0,0608f6e3348199a381118fc6f8f5b0b2d8002c3b6fb6da1686d3bce583d23afc,3.0,coarse
ngofs2_surface_shoreward_forward_transport_6h_m,ngofs2_regulargrid_v1,2026-09-30T03:00:00+00:00,False,Fairhope/Fly Creek/Pier,3.0,,,-1826.6269862651825,m,,,,MODEL_DERIVED,0.0,0608f6e3348199a381118fc6f8f5b0b2d8002c3b6fb6da1686d3bce583d23afc,3.0,coarse
ngofs2_surface_shoreward_forward_transport_12h_m,ngofs2_regulargrid_v1,2026-09-30T09:00:00+00:00,False,Fairhope/Fly Creek/Pier,3.0,,,-3039.6121188998222,m,,,,MODEL_DERIVED,0.0,0608f6e3348199a381118fc6f8f5b0b2d8002c3b6fb6da1686d3bce583d23afc,3.0,coarse
ngofs2_bottom_shoreward_forward_transport_3h_m,ngofs2_regulargrid_v1,2026-09-30T00:00:00+00:00,False,Fairhope/Fly Creek/Pier,3.0,,,104.3850051239133,m,,,,MODEL_DERIVED,0.0,0608f6e3348199a381118fc6f8f5b0b2d8002c3b6fb6da1686d3bce583d23afc,3.0,coarse
ngofs2_bottom_shoreward_forward_transport_6h_m,ngofs2_regulargrid_v1,2026-09-30T03:00:00+00:00,False,Fairhope/Fly Creek/Pier,3.0,,,217.71320253610617,m,,,,MODEL_DERIVED,0.0,0608f6e3348199a381118fc6f8f5b0b2d8002c3b6fb6da1686d3bce583d23afc,3.0,coarse
ngofs2_bottom_shoreward_forward_transport_12h_m,ngofs2_regulargrid_v1,2026-09-30T09:00:00+00:00,False,Fairhope/Fly Creek/Pier,3.0,,,422.9817431420089,m,,,,MODEL_DERIVED,0.0,0608f6e3348199a381118fc6f8f5b0b2d8002c3b6fb6da1686d3bce583d23afc,3.0,coarse
ngofs2_surface_shoreward_forward_transport_3h_m,ngofs2_regulargrid_v1,2026-09-30T00:00:00+00:00,False,Battles Wharf,0.25,,,48.32478880416604,m,,,,MODEL_DERIVED,0.0,0608f6e3348199a381118fc6f8f5b0b2d8002c3b6fb6da1686d3bce583d23afc,3.0,coarse
ngofs2_surface_shoreward_forward_transport_6h_m,ngofs2_regulargrid_v1,2026-09-30T03:00:00+00:00,False,Battles Wharf,0.25,,,96.00842236541216,m,,,,MODEL_DERIVED,0.0,0608f6e3348199a381118fc6f8f5b0b2d8002c3b6fb6da1686d3bce583d23afc,3.0,coarse
ngofs2_surface_shoreward_forward_transport_12h_m,ngofs2_regulargrid_v1,2026-09-30T09:00:00+00:00,False,Battles Wharf,0.25,,,-556.7167789209634,m,,,,MODEL_DERIVED,0.0,0608f6e3348199a381118fc6f8f5b0b2d8002c3b6fb6da1686d3bce583d23afc,3.0,coarse
ngofs2_bottom_shoreward_forward_transport_3h_m,ngofs2_regulargrid_v1,2026-09-30T00:00:00+00:00,False,Battles Wharf,0.25,,,85.43511042371394,m,,,,MODEL_DERIVED,0.0,0608f6e3348199a381118fc6f8f5b0b2d8002c3b6fb6da1686d3bce583d23afc,3.0,coarse
ngofs2_bottom_shoreward_forward_transport_6h_m,ngofs2_regulargrid_v1,2026-09-30T03:00:00+00:00,False,Battles Wharf,0.25,,,180.361956730485,m,,,,MODEL_DERIVED,0.0,0608f6e3348199a381118fc6f8f5b0b2d8002c3b6fb6da1686d3bce583d23afc,3.0,coarse
ngofs2_bottom_shoreward_forward_transport_12h_m,ngofs2_regulargrid_v1,2026-09-30T09:00:00+00:00,False,Battles Wharf,0.25,,,253.98425906896586,m,,,,MODEL_DERIVED,0.0,0608f6e3348199a381118fc6f8f5b0b2d8002c3b6fb6da1686d3bce583d23afc,3.0,coarse
ngofs2_surface_shoreward_forward_transport_3h_m,ngofs2_regulargrid_v1,2026-09-30T00:00:00+00:00,False,Battles Wharf,0.75,,,113.79869878292088,m,,,,MODEL_DERIVED,0.0,0608f6e3348199a381118fc6f8f5b0b2d8002c3b6fb6da1686d3bce583d23afc,3.0,coarse
ngofs2_surface_shoreward_forward_transport_6h_m,ngofs2_regulargrid_v1,2026-09-30T03:00:00+00:00,False,Battles Wharf,0.75,,,277.32836902141577,m,,,,MODEL_DERIVED,0.0,0608f6e3348199a381118fc6f8f5b0b2d8002c3b6fb6da1686d3bce583d23afc,3.0,coarse
ngofs2_surface_shoreward_forward_transport_12h_m,ngofs2_regulargrid_v1,2026-09-30T09:00:00+00:00,False,Battles Wharf,0.75,,,-411.6156096104532,m,,,,MODEL_DERIVED,0.0,0608f6e3348199a381118fc6f8f5b0b2d8002c3b6fb6da1686d3bce583d23afc,3.0,coarse
ngofs2_bottom_shoreward_forward_transport_3h_m,ngofs2_regulargrid_v1,2026-09-30T00:00:00+00:00,False,Battles Wharf,0.75,,,114.83965571969752,m,,,,MODEL_DERIVED,0.0,0608f6e3348199a381118fc6f8f5b0b2d8002c3b6fb6da1686d3bce583d23afc,3.0,coarse
ngofs2_bottom_shoreward_forward_transport_6h_m,ngofs2_regulargrid_v1,2026-09-30T03:00:00+00:00,False,Battles Wharf,0.75,,,283.6843695491553,m,,,,MODEL_DERIVED,0.0,0608f6e3348199a381118fc6f8f5b0b2d8002c3b6fb6da1686d3bce583d23afc,3.0,coarse
ngofs2_bottom_shoreward_forward_transport_12h_m,ngofs2_regulargrid_v1,2026-09-30T09:00:00+00:00,False,Battles Wharf,0.75,,,294.1736207983922,m,,,,MODEL_DERIVED,0.0,0608f6e3348199a381118fc6f8f5b0b2d8002c3b6fb6da1686d3bce583d23afc,3.0,coarse
ngofs2_surface_shoreward_forward_transport_3h_m,ngofs2_regulargrid_v1,2026-09-30T00:00:00+00:00,False,Battles Wharf,1.5,,,152.10606493055823,m,,,,MODEL_DERIVED,0.0,0608f6e3348199a381118fc6f8f5b0b2d8002c3b6fb6da1686d3bce583d23afc,3.0,coarse
ngofs2_surface_shoreward_forward_transport_6h_m,ngofs2_regulargrid_v1,2026-09-30T03:00:00+00:00,False,Battles Wharf,1.5,,,302.75512710213667,m,,,,MODEL_DERIVED,0.0,0608f6e3348199a381118fc6f8f5b0b2d8002c3b6fb6da1686d3bce583d23afc,3.0,coarse
ngofs2_surface_shoreward_forward_transport_12h_m,ngofs2_regulargrid_v1,2026-09-30T09:00:00+00:00,False,Battles Wharf,1.5,,,-437.28027753531927,m,,,,MODEL_DERIVED,0.0,0608f6e3348199a381118fc6f8f5b0b2d8002c3b6fb6da1686d3bce583d23afc,3.0,coarse
ngofs2_bottom_shoreward_forward_transport_3h_m,ngofs2_regulargrid_v1,2026-09-30T00:00:00+00:00,False,Battles Wharf,1.5,,,147.45172988623384,m,,,,MODEL_DERIVED,0.0,0608f6e3348199a381118fc6f8f5b0b2d8002c3b6fb6da1686d3bce583d23afc,3.0,coarse
ngofs2_bottom_shoreward_forward_transport_6h_m,ngofs2_regulargrid_v1,2026-09-30T03:00:00+00:00,False,Battles Wharf,1.5,,,308.6935177445412,m,,,,MODEL_DERIVED,0.0,0608f6e3348199a381118fc6f8f5b0b2d8002c3b6fb6da1686d3bce583d23afc,3.0,coarse
ngofs2_bottom_shoreward_forward_transport_12h_m,ngofs2_regulargrid_v1,2026-09-30T09:00:00+00:00,False,Battles Wharf,1.5,,,572.5246656686069,m,,,,MODEL_DERIVED,0.0,0608f6e3348199a381118fc6f8f5b0b2d8002c3b6fb6da1686d3bce583d23afc,3.0,coarse
ngofs2_surface_shoreward_forward_transport_3h_m,ngofs2_regulargrid_v1,2026-09-30T00:00:00+00:00,False,Battles Wharf,3.0,,,792.7377440035344,m,,,,MODEL_DERIVED,0.0,0608f6e3348199a381118fc6f8f5b0b2d8002c3b6fb6da1686d3bce583d23afc,3.0,coarse
ngofs2_surface_shoreward_forward_transport_6h_m,ngofs2_regulargrid_v1,2026-09-30T03:00:00+00:00,False,Battles Wharf,3.0,,,1881.4504466950898,m,,,,MODEL_DERIVED,0.0,0608f6e3348199a381118fc6f8f5b0b2d8002c3b6fb6da1686d3bce583d23afc,3.0,coarse
ngofs2_surface_shoreward_forward_transport_12h_m,ngofs2_regulargrid_v1,2026-09-30T09:00:00+00:00,False,Battles Wharf,3.0,,,3385.3006381541495,m,,,,MODEL_DERIVED,0.0,0608f6e3348199a381118fc6f8f5b0b2d8002c3b6fb6da1686d3bce583d23afc,3.0,coarse
ngofs2_bottom_shoreward_forward_transport_3h_m,ngofs2_regulargrid_v1,2026-09-30T00:00:00+00:00,False,Battles Wharf,3.0,,,-105.60476565733545,m,,,,MODEL_DERIVED,0.0,0608f6e3348199a381118fc6f8f5b0b2d8002c3b6fb6da1686d3bce583d23afc,3.0,coarse
ngofs2_bottom_shoreward_forward_transport_6h_m,ngofs2_regulargrid_v1,2026-09-30T03:00:00+00:00,False,Battles Wharf,3.0,,,-250.65298816189153,m,,,,MODEL_DERIVED,0.0,0608f6e3348199a381118fc6f8f5b0b2d8002c3b6fb6da1686d3bce583d23afc,3.0,coarse
ngofs2_bottom_shoreward_forward_transport_12h_m,ngofs2_regulargrid_v1,2026-09-30T09:00:00+00:00,False,Battles Wharf,3.0,,,-881.7680572159586,m,,,,MODEL_DERIVED,0.0,0608f6e3348199a381118fc6f8f5b0b2d8002c3b6fb6da1686d3bce583d23afc,3.0,coarse
ngofs2_surface_shoreward_forward_transport_3h_m,ngofs2_regulargrid_v1,2026-09-30T00:00:00+00:00,False,Point Clear/Grand Hotel,0.25,,,113.79869878292088,m,,,,MODEL_DERIVED,0.0,0608f6e3348199a381118fc6f8f5b0b2d8002c3b6fb6da1686d3bce583d23afc,3.0,coarse
ngofs2_surface_shoreward_forward_transport_6h_m,ngofs2_regulargrid_v1,2026-09-30T03:00:00+00:00,False,Point Clear/Grand Hotel,0.25,,,277.32836902141577,m,,,,MODEL_DERIVED,0.0,0608f6e3348199a381118fc6f8f5b0b2d8002c3b6fb6da1686d3bce583d23afc,3.0,coarse
ngofs2_surface_shoreward_forward_transport_12h_m,ngofs2_regulargrid_v1,2026-09-30T09:00:00+00:00,False,Point Clear/Grand Hotel,0.25,,,-411.6156096104532,m,,,,MODEL_DERIVED,0.0,0608f6e3348199a381118fc6f8f5b0b2d8002c3b6fb6da1686d3bce583d23afc,3.0,coarse
ngofs2_bottom_shoreward_forward_transport_3h_m,ngofs2_regulargrid_v1,2026-09-30T00:00:00+00:00,False,Point Clear/Grand Hotel,0.25,,,114.83965571969752,m,,,,MODEL_DERIVED,0.0,0608f6e3348199a381118fc6f8f5b0b2d8002c3b6fb6da1686d3bce583d23afc,3.0,coarse
ngofs2_bottom_shoreward_forward_transport_6h_m,ngofs2_regulargrid_v1,2026-09-30T03:00:00+00:00,False,Point Clear/Grand Hotel,0.25,,,283.6843695491553,m,,,,MODEL_DERIVED,0.0,0608f6e3348199a381118fc6f8f5b0b2d8002c3b6fb6da1686d3bce583d23afc,3.0,coarse
ngofs2_bottom_shoreward_forward_transport_12h_m,ngofs2_regulargrid_v1,2026-09-30T09:00:00+00:00,False,Point Clear/Grand Hotel,0.25,,,294.1736207983922,m,,,,MODEL_DERIVED,0.0,0608f6e3348199a381118fc6f8f5b0b2d8002c3b6fb6da1686d3bce583d23afc,3.0,coarse
ngofs2_surface_shoreward_forward_transport_3h_m,ngofs2_regulargrid_v1,2026-09-30T00:00:00+00:00,False,Point Clear/Grand Hotel,0.75,,,-519.5623196661471,m,,,,MODEL_DERIVED,0.0,0608f6e3348199a381118fc6f8f5b0b2d8002c3b6fb6da1686d3bce583d23afc,3.0,coarse
ngofs2_surface_shoreward_forward_transport_6h_m,ngofs2_regulargrid_v1,2026-09-30T03:00:00+00:00,False,Point Clear/Grand Hotel,0.75,,,-979.8822730779646,m,,,,MODEL_DERIVED,0.0,0608f6e3348199a381118fc6f8f5b0b2d8002c3b6fb6da1686d3bce583d23afc,3.0,coarse
ngofs2_surface_shoreward_forward_transport_12h_m,ngofs2_regulargrid_v1,2026-09-30T09:00:00+00:00,False,Point Clear/Grand Hotel,0.75,,,-1090.7262504100797,m,,,,MODEL_DERIVED,0.0,0608f6e3348199a381118fc6f8f5b0b2d8002c3b6fb6da1686d3bce583d23afc,3.0,coarse
ngofs2_bottom_shoreward_forward_transport_3h_m,ngofs2_regulargrid_v1,2026-09-30T00:00:00+00:00,False,Point Clear/Grand Hotel,0.75,,,-409.0379543602466,m,,,,MODEL_DERIVED,0.0,0608f6e3348199a381118fc6f8f5b0b2d8002c3b6fb6da1686d3bce583d23afc,3.0,coarse
ngofs2_bottom_shoreward_forward_transport_6h_m,ngofs2_regulargrid_v1,2026-09-30T03:00:00+00:00,False,Point Clear/Grand Hotel,0.75,,,-803.5331189632415,m,,,,MODEL_DERIVED,0.0,0608f6e3348199a381118fc6f8f5b0b2d8002c3b6fb6da1686d3bce583d23afc,3.0,coarse
ngofs2_bottom_shoreward_forward_transport_12h_m,ngofs2_regulargrid_v1,2026-09-30T09:00:00+00:00,False,Point Clear/Grand Hotel,0.75,,,-781.8314764648674,m,,,,MODEL_DERIVED,0.0,0608f6e3348199a381118fc6f8f5b0b2d8002c3b6fb6da1686d3bce583d23afc,3.0,coarse
ngofs2_surface_shoreward_forward_transport_3h_m,ngofs2_regulargrid_v1,2026-09-30T00:00:00+00:00,False,Point Clear/Grand Hotel,1.5,,,-25.99082286469632,m,,,,MODEL_DERIVED,0.0,0608f6e3348199a381118fc6f8f5b0b2d8002c3b6fb6da1686d3bce583d23afc,3.0,coarse
ngofs2_surface_shoreward_forward_transport_6h_m,ngofs2_regulargrid_v1,2026-09-30T03:00:00+00:00,False,Point Clear/Grand Hotel,1.5,,,11.764105875045182,m,,,,MODEL_DERIVED,0.0,0608f6e3348199a381118fc6f8f5b0b2d8002c3b6fb6da1686d3bce583d23afc,3.0,coarse
ngofs2_surface_shoreward_forward_transport_12h_m,ngofs2_regulargrid_v1,2026-09-30T09:00:00+00:00,False,Point Clear/Grand Hotel,1.5,,,-170.86376594379539,m,,,,MODEL_DERIVED,0.0,0608f6e3348199a381118fc6f8f5b0b2d8002c3b6fb6da1686d3bce583d23afc,3.0,coarse
ngofs2_bottom_shoreward_forward_transport_3h_m,ngofs2_regulargrid_v1,2026-09-30T00:00:00+00:00,False,Point Clear/Grand Hotel,1.5,,,63.74120777472859,m,,,,MODEL_DERIVED,0.0,0608f6e3348199a381118fc6f8f5b0b2d8002c3b6fb6da1686d3bce583d23afc,3.0,coarse
ngofs2_bottom_shoreward_forward_transport_6h_m,ngofs2_regulargrid_v1,2026-09-30T03:00:00+00:00,False,Point Clear/Grand Hotel,1.5,,,154.0071861818434,m,,,,MODEL_DERIVED,0.0,0608f6e3348199a381118fc6f8f5b0b2d8002c3b6fb6da1686d3bce583d23afc,3.0,coarse
ngofs2_bottom_shoreward_forward_transport_12h_m,ngofs2_regulargrid_v1,2026-09-30T09:00:00+00:00,False,Point Clear/Grand Hotel,1.5,,,23.74811349436655,m,,,,MODEL_DERIVED,0.0,0608f6e3348199a381118fc6f8f5b0b2d8002c3b6fb6da1686d3bce583d23afc,3.0,coarse
ngofs2_surface_shoreward_forward_transport_3h_m,ngofs2_regulargrid_v1,2026-09-30T00:00:00+00:00,False,Point Clear/Grand Hotel,3.0,,,728.7501610815525,m,,,,MODEL_DERIVED,0.0,0608f6e3348199a381118fc6f8f5b0b2d8002c3b6fb6da1686d3bce583d23afc,3.0,coarse
ngofs2_surface_shoreward_forward_transport_6h_m,ngofs2_regulargrid_v1,2026-09-30T03:00:00+00:00,False,Point Clear/Grand Hotel,3.0,,,1739.6390654146671,m,,,,MODEL_DERIVED,0.0,0608f6e3348199a381118fc6f8f5b0b2d8002c3b6fb6da1686d3bce583d23afc,3.0,coarse
ngofs2_surface_shoreward_forward_transport_12h_m,ngofs2_regulargrid_v1,2026-09-30T09:00:00+00:00,False,Point Clear/Grand Hotel,3.0,,,2861.017694324255,m,,,,MODEL_DERIVED,0.0,0608f6e3348199a381118fc6f8f5b0b2d8002c3b6fb6da1686d3bce583d23afc,3.0,coarse
ngofs2_bottom_shoreward_forward_transport_3h_m,ngofs2_regulargrid_v1,2026-09-30T00:00:00+00:00,False,Point Clear/Grand Hotel,3.0,,,114.94029387831701,m,,,,MODEL_DERIVED,0.0,0608f6e3348199a381118fc6f8f5b0b2d8002c3b6fb6da1686d3bce583d23afc,3.0,coarse
ngofs2_bottom_shoreward_forward_transport_6h_m,ngofs2_regulargrid_v1,2026-09-30T03:00:00+00:00,False,Point Clear/Grand Hotel,3.0,,,-14.938115514814612,m,,,,MODEL_DERIVED,0.0,0608f6e3348199a381118fc6f8f5b0b2d8002c3b6fb6da1686d3bce583d23afc,3.0,coarse
ngofs2_bottom_shoreward_forward_transport_12h_m,ngofs2_regulargrid_v1,2026-09-30T09:00:00+00:00,False,Point Clear/Grand Hotel,3.0,,,-666.3463354110714,m,,,,MODEL_DERIVED,0.0,0608f6e3348199a381118fc6f8f5b0b2d8002c3b6fb6da1686d3bce583d23afc,3.0,coarse
ngofs2_surface_shoreward_forward_transport_3h_m,ngofs2_regulargrid_v1,2026-09-30T00:00:00+00:00,False,Mullet Point,0.25,,,-561.5081191062926,m,,,,MODEL_DERIVED,0.0,0608f6e3348199a381118fc6f8f5b0b2d8002c3b6fb6da1686d3bce583d23afc,3.0,coarse
ngofs2_surface_shoreward_forward_transport_6h_m,ngofs2_regulargrid_v1,2026-09-30T03:00:00+00:00,False,Mullet Point,0.25,,,-1043.6535425484178,m,,,,MODEL_DERIVED,0.0,0608f6e3348199a381118fc6f8f5b0b2d8002c3b6fb6da1686d3bce583d23afc,3.0,coarse
ngofs2_surface_shoreward_forward_transport_12h_m,ngofs2_regulargrid_v1,2026-09-30T09:00:00+00:00,False,Mullet Point,0.25,,,-1147.7801252156494,m,,,,MODEL_DERIVED,0.0,0608f6e3348199a381118fc6f8f5b0b2d8002c3b6fb6da1686d3bce583d23afc,3.0,coarse
ngofs2_bottom_shoreward_forward_transport_3h_m,ngofs2_regulargrid_v1,2026-09-30T00:00:00+00:00,False,Mullet Point,0.25,,,-351.12228579819197,m,,,,MODEL_DERIVED,0.0,0608f6e3348199a381118fc6f8f5b0b2d8002c3b6fb6da1686d3bce583d23afc,3.0,coarse
ngofs2_bottom_shoreward_forward_transport_6h_m,ngofs2_regulargrid_v1,2026-09-30T03:00:00+00:00,False,Mullet Point,0.25,,,-683.5942201316356,m,,,,MODEL_DERIVED,0.0,0608f6e3348199a381118fc6f8f5b0b2d8002c3b6fb6da1686d3bce583d23afc,3.0,coarse
ngofs2_bottom_shoreward_forward_transport_12h_m,ngofs2_regulargrid_v1,2026-09-30T09:00:00+00:00,False,Mullet Point,0.25,,,-700.0124372541903,m,,,,MODEL_DERIVED,0.0,0608f6e3348199a381118fc6f8f5b0b2d8002c3b6fb6da1686d3bce583d23afc,3.0,coarse
ngofs2_surface_shoreward_forward_transport_3h_m,ngofs2_regulargrid_v1,2026-09-30T00:00:00+00:00,False,Mullet Point,0.75,,,-183.0843821167945,m,,,,MODEL_DERIVED,0.0,0608f6e3348199a381118fc6f8f5b0b2d8002c3b6fb6da1686d3bce583d23afc,3.0,coarse
ngofs2_surface_shoreward_forward_transport_6h_m,ngofs2_regulargrid_v1,2026-09-30T03:00:00+00:00,False,Mullet Point,0.75,,,-357.3268186300992,m,,,,MODEL_DERIVED,0.0,0608f6e3348199a381118fc6f8f5b0b2d8002c3b6fb6da1686d3bce583d23afc,3.0,coarse
ngofs2_surface_shoreward_forward_transport_12h_m,ngofs2_regulargrid_v1,2026-09-30T09:00:00+00:00,False,Mullet Point,0.75,,,-423.00587296485895,m,,,,MODEL_DERIVED,0.0,0608f6e3348199a381118fc6f8f5b0b2d8002c3b6fb6da1686d3bce583d23afc,3.0,coarse
ngofs2_bottom_shoreward_forward_transport_3h_m,ngofs2_regulargrid_v1,2026-09-30T00:00:00+00:00,False,Mullet Point,0.75,,,-107.61840641498561,m,,,,MODEL_DERIVED,0.0,0608f6e3348199a381118fc6f8f5b0b2d8002c3b6fb6da1686d3bce583d23afc,3.0,coarse
ngofs2_bottom_shoreward_forward_transport_6h_m,ngofs2_regulargrid_v1,2026-09-30T03:00:00+00:00,False,Mullet Point,0.75,,,-196.66812457144252,m,,,,MODEL_DERIVED,0.0,0608f6e3348199a381118fc6f8f5b0b2d8002c3b6fb6da1686d3bce583d23afc,3.0,coarse
ngofs2_bottom_shoreward_forward_transport_12h_m,ngofs2_regulargrid_v1,2026-09-30T09:00:00+00:00,False,Mullet Point,0.75,,,-135.37536584772164,m,,,,MODEL_DERIVED,0.0,0608f6e3348199a381118fc6f8f5b0b2d8002c3b6fb6da1686d3bce583d23afc,3.0,coarse
ngofs2_surface_shoreward_forward_transport_3h_m,ngofs2_regulargrid_v1,2026-09-30T00:00:00+00:00,False,Mullet Point,1.5,,,-197.67126739025107,m,,,,MODEL_DERIVED,0.0,0608f6e3348199a381118fc6f8f5b0b2d8002c3b6fb6da1686d3bce583d23afc,3.0,coarse
ngofs2_surface_shoreward_forward_transport_6h_m,ngofs2_regulargrid_v1,2026-09-30T03:00:00+00:00,False,Mullet Point,1.5,,,-379.29013743996603,m,,,,MODEL_DERIVED,0.0,0608f6e3348199a381118fc6f8f5b0b2d8002c3b6fb6da1686d3bce583d23afc,3.0,coarse
ngofs2_surface_shoreward_forward_transport_12h_m,ngofs2_regulargrid_v1,2026-09-30T09:00:00+00:00,False,Mullet Point,1.5,,,-520.6093618646262,m,,,,MODEL_DERIVED,0.0,0608f6e3348199a381118fc6f8f5b0b2d8002c3b6fb6da1686d3bce583d23afc,3.0,coarse
ngofs2_bottom_shoreward_forward_transport_3h_m,ngofs2_regulargrid_v1,2026-09-30T00:00:00+00:00,False,Mullet Point,1.5,,,-116.14361666142936,m,,,,MODEL_DERIVED,0.0,0608f6e3348199a381118fc6f8f5b0b2d8002c3b6fb6da1686d3bce583d23afc,3.0,coarse
ngofs2_bottom_shoreward_forward_transport_6h_m,ngofs2_regulargrid_v1,2026-09-30T03:00:00+00:00,False,Mullet Point,1.5,,,-221.11114729195825,m,,,,MODEL_DERIVED,0.0,0608f6e3348199a381118fc6f8f5b0b2d8002c3b6fb6da1686d3bce583d23afc,3.0,coarse
ngofs2_bottom_shoreward_forward_transport_12h_m,ngofs2_regulargrid_v1,2026-09-30T09:00:00+00:00,False,Mullet Point,1.5,,,-237.45432458817953,m,,,,MODEL_DERIVED,0.0,0608f6e3348199a381118fc6f8f5b0b2d8002c3b6fb6da1686d3bce583d23afc,3.0,coarse
ngofs2_surface_shoreward_forward_transport_3h_m,ngofs2_regulargrid_v1,2026-09-30T00:00:00+00:00,False,Mullet Point,3.0,,,-181.0884565114974,m,,,,MODEL_DERIVED,0.0,0608f6e3348199a381118fc6f8f5b0b2d8002c3b6fb6da1686d3bce583d23afc,3.0,coarse
ngofs2_surface_shoreward_forward_transport_6h_m,ngofs2_regulargrid_v1,2026-09-30T03:00:00+00:00,False,Mullet Point,3.0,,,-364.87285494804365,m,,,,MODEL_DERIVED,0.0,0608f6e3348199a381118fc6f8f5b0b2d8002c3b6fb6da1686d3bce583d23afc,3.0,coarse
ngofs2_surface_shoreward_forward_transport_12h_m,ngofs2_regulargrid_v1,2026-09-30T09:00:00+00:00,False,Mullet Point,3.0,,,-582.3366296477614,m,,,,MODEL_DERIVED,0.0,0608f6e3348199a381118fc6f8f5b0b2d8002c3b6fb6da1686d3bce583d23afc,3.0,coarse
ngofs2_bottom_shoreward_forward_transport_3h_m,ngofs2_regulargrid_v1,2026-09-30T00:00:00+00:00,False,Mullet Point,3.0,,,-118.21535155177109,m,,,,MODEL_DERIVED,0.0,0608f6e3348199a381118fc6f8f5b0b2d8002c3b6fb6da1686d3bce583d23afc,3.0,coarse
ngofs2_bottom_shoreward_forward_transport_6h_m,ngofs2_regulargrid_v1,2026-09-30T03:00:00+00:00,False,Mullet Point,3.0,,,-232.0372899994253,m,,,,MODEL_DERIVED,0.0,0608f6e3348199a381118fc6f8f5b0b2d8002c3b6fb6da1686d3bce583d23afc,3.0,coarse
ngofs2_bottom_shoreward_forward_transport_12h_m,ngofs2_regulargrid_v1,2026-09-30T09:00:00+00:00,False,Mullet Point,3.0,,,-340.3912989422677,m,,,,MODEL_DERIVED,0.0,0608f6e3348199a381118fc6f8f5b0b2d8002c3b6fb6da1686d3bce583d23afc,3.0,coarse
