source_id,source_class,station_or_camera_id,independence_group,shoreline_cell,requested_offshore_offset_km,grid_lat,grid_lon,bathymetry_m,variable_or_evidence_type,value_or_status,units,vertical_role,depth,vertical_reference,datum,qc_status,observed_at,valid_at,available_at,ingested_at,timezone,model_initialized_at,cast,lead_hour,source_url,production_weight,source_hash,normalizer_version
noaa_ngofs2_mobile_bay_regulargrid,MODEL,ngofs2_grid_883_996,noaa_ngofs2_mobile_bay_model,Daphne/May Day,0.25,30.6,-87.91999999999999,2.2672366437253064,eastward_current,-0.01440349593758583,m/s,surface,0.0,standard_depth_positive_down,model_grid_or_not_applicable,MODEL_WET_GRID_NODE,,2026-10-06T18:00:00+00:00,2026-10-07T06:31:11.819952+00:00,2026-10-07T06:31:11.819952+00:00,UTC,2026-10-06T21:00:00+00:00,nowcast,3,https://opendap.co-ops.nos.noaa.gov/thredds/dodsC/NOAA/NGOFS2/MODELS/2026/10/06/ngofs2.t21z.20261006.regulargrid.n003.nc,0.0,a35efafd89c8c60821aa7c6740a638843fb330aba7b5d73879f8854f4678c3d5,ngofs2_regulargrid_v1
noaa_ngofs2_mobile_bay_regulargrid,MODEL,ngofs2_grid_883_996,noaa_ngofs2_mobile_bay_model,Daphne/May Day,0.25,30.6,-87.91999999999999,2.2672366437253064,northward_current,-0.09132356196641922,m/s,surface,0.0,standard_depth_positive_down,model_grid_or_not_applicable,MODEL_WET_GRID_NODE,,2026-10-06T18:00:00+00:00,2026-10-07T06:31:11.819952+00:00,2026-10-07T06:31:11.819952+00:00,UTC,2026-10-06T21:00:00+00:00,nowcast,3,https://opendap.co-ops.nos.noaa.gov/thredds/dodsC/NOAA/NGOFS2/MODELS/2026/10/06/ngofs2.t21z.20261006.regulargrid.n003.nc,0.0,a35efafd89c8c60821aa7c6740a638843fb330aba7b5d73879f8854f4678c3d5,ngofs2_regulargrid_v1
noaa_ngofs2_mobile_bay_regulargrid,MODEL,ngofs2_grid_883_996,noaa_ngofs2_mobile_bay_model,Daphne/May Day,0.25,30.6,-87.91999999999999,2.2672366437253064,shoreward_current,-0.014403495937585836,m/s,surface,0.0,standard_depth_positive_down,model_grid_or_not_applicable,MODEL_WET_GRID_NODE,,2026-10-06T18:00:00+00:00,2026-10-07T06:31:11.819952+00:00,2026-10-07T06:31:11.819952+00:00,UTC,2026-10-06T21:00:00+00:00,nowcast,3,https://opendap.co-ops.nos.noaa.gov/thredds/dodsC/NOAA/NGOFS2/MODELS/2026/10/06/ngofs2.t21z.20261006.regulargrid.n003.nc,0.0,a35efafd89c8c60821aa7c6740a638843fb330aba7b5d73879f8854f4678c3d5,ngofs2_regulargrid_v1
noaa_ngofs2_mobile_bay_regulargrid,MODEL,ngofs2_grid_883_996,noaa_ngofs2_mobile_bay_model,Daphne/May Day,0.25,30.6,-87.91999999999999,2.2672366437253064,water_temperature,29.10120391845703,degC,surface,0.0,standard_depth_positive_down,model_grid_or_not_applicable,MODEL_WET_GRID_NODE,,2026-10-06T18:00:00+00:00,2026-10-07T06:31:11.819952+00:00,2026-10-07T06:31:11.819952+00:00,UTC,2026-10-06T21:00:00+00:00,nowcast,3,https://opendap.co-ops.nos.noaa.gov/thredds/dodsC/NOAA/NGOFS2/MODELS/2026/10/06/ngofs2.t21z.20261006.regulargrid.n003.nc,0.0,a35efafd89c8c60821aa7c6740a638843fb330aba7b5d73879f8854f4678c3d5,ngofs2_regulargrid_v1
noaa_ngofs2_mobile_bay_regulargrid,MODEL,ngofs2_grid_883_996,noaa_ngofs2_mobile_bay_model,Daphne/May Day,0.25,30.6,-87.91999999999999,2.2672366437253064,salinity,9.449864387512207,PSU,surface,0.0,standard_depth_positive_down,model_grid_or_not_applicable,MODEL_WET_GRID_NODE,,2026-10-06T18:00:00+00:00,2026-10-07T06:31:11.819952+00:00,2026-10-07T06:31:11.819952+00:00,UTC,2026-10-06T21:00:00+00:00,nowcast,3,https://opendap.co-ops.nos.noaa.gov/thredds/dodsC/NOAA/NGOFS2/MODELS/2026/10/06/ngofs2.t21z.20261006.regulargrid.n003.nc,0.0,a35efafd89c8c60821aa7c6740a638843fb330aba7b5d73879f8854f4678c3d5,ngofs2_regulargrid_v1
noaa_ngofs2_mobile_bay_regulargrid,MODEL,ngofs2_grid_883_996,noaa_ngofs2_mobile_bay_model,Daphne/May Day,0.25,30.6,-87.91999999999999,2.2672366437253064,eastward_current,0.037650611251592636,m/s,bottom,2.0,standard_depth_positive_down,model_grid_or_not_applicable,MODEL_WET_GRID_NODE,,2026-10-06T18:00:00+00:00,2026-10-07T06:31:11.819952+00:00,2026-10-07T06:31:11.819952+00:00,UTC,2026-10-06T21:00:00+00:00,nowcast,3,https://opendap.co-ops.nos.noaa.gov/thredds/dodsC/NOAA/NGOFS2/MODELS/2026/10/06/ngofs2.t21z.20261006.regulargrid.n003.nc,0.0,a35efafd89c8c60821aa7c6740a638843fb330aba7b5d73879f8854f4678c3d5,ngofs2_regulargrid_v1
noaa_ngofs2_mobile_bay_regulargrid,MODEL,ngofs2_grid_883_996,noaa_ngofs2_mobile_bay_model,Daphne/May Day,0.25,30.6,-87.91999999999999,2.2672366437253064,northward_current,0.021879732608795166,m/s,bottom,2.0,standard_depth_positive_down,model_grid_or_not_applicable,MODEL_WET_GRID_NODE,,2026-10-06T18:00:00+00:00,2026-10-07T06:31:11.819952+00:00,2026-10-07T06:31:11.819952+00:00,UTC,2026-10-06T21:00:00+00:00,nowcast,3,https://opendap.co-ops.nos.noaa.gov/thredds/dodsC/NOAA/NGOFS2/MODELS/2026/10/06/ngofs2.t21z.20261006.regulargrid.n003.nc,0.0,a35efafd89c8c60821aa7c6740a638843fb330aba7b5d73879f8854f4678c3d5,ngofs2_regulargrid_v1
noaa_ngofs2_mobile_bay_regulargrid,MODEL,ngofs2_grid_883_996,noaa_ngofs2_mobile_bay_model,Daphne/May Day,0.25,30.6,-87.91999999999999,2.2672366437253064,shoreward_current,0.037650611251592636,m/s,bottom,2.0,standard_depth_positive_down,model_grid_or_not_applicable,MODEL_WET_GRID_NODE,,2026-10-06T18:00:00+00:00,2026-10-07T06:31:11.819952+00:00,2026-10-07T06:31:11.819952+00:00,UTC,2026-10-06T21:00:00+00:00,nowcast,3,https://opendap.co-ops.nos.noaa.gov/thredds/dodsC/NOAA/NGOFS2/MODELS/2026/10/06/ngofs2.t21z.20261006.regulargrid.n003.nc,0.0,a35efafd89c8c60821aa7c6740a638843fb330aba7b5d73879f8854f4678c3d5,ngofs2_regulargrid_v1
noaa_ngofs2_mobile_bay_regulargrid,MODEL,ngofs2_grid_883_996,noaa_ngofs2_mobile_bay_model,Daphne/May Day,0.25,30.6,-87.91999999999999,2.2672366437253064,water_temperature,29.77998161315918,degC,bottom,2.0,standard_depth_positive_down,model_grid_or_not_applicable,MODEL_WET_GRID_NODE,,2026-10-06T18:00:00+00:00,2026-10-07T06:31:11.819952+00:00,2026-10-07T06:31:11.819952+00:00,UTC,2026-10-06T21:00:00+00:00,nowcast,3,https://opendap.co-ops.nos.noaa.gov/thredds/dodsC/NOAA/NGOFS2/MODELS/2026/10/06/ngofs2.t21z.20261006.regulargrid.n003.nc,0.0,a35efafd89c8c60821aa7c6740a638843fb330aba7b5d73879f8854f4678c3d5,ngofs2_regulargrid_v1
noaa_ngofs2_mobile_bay_regulargrid,MODEL,ngofs2_grid_883_996,noaa_ngofs2_mobile_bay_model,Daphne/May Day,0.25,30.6,-87.91999999999999,2.2672366437253064,salinity,11.615078926086426,PSU,bottom,2.0,standard_depth_positive_down,model_grid_or_not_applicable,MODEL_WET_GRID_NODE,,2026-10-06T18:00:00+00:00,2026-10-07T06:31:11.819952+00:00,2026-10-07T06:31:11.819952+00:00,UTC,2026-10-06T21:00:00+00:00,nowcast,3,https://opendap.co-ops.nos.noaa.gov/thredds/dodsC/NOAA/NGOFS2/MODELS/2026/10/06/ngofs2.t21z.20261006.regulargrid.n003.nc,0.0,a35efafd89c8c60821aa7c6740a638843fb330aba7b5d73879f8854f4678c3d5,ngofs2_regulargrid_v1
noaa_ngofs2_mobile_bay_regulargrid,MODEL,ngofs2_grid_883_996,noaa_ngofs2_mobile_bay_model,Daphne/May Day,0.25,30.6,-87.91999999999999,2.2672366437253064,water_surface_elevation,0.2458806335926056,m,surface,0.0,surface,model_mean_sea_level,MODEL_WET_GRID_NODE,,2026-10-06T18:00:00+00:00,2026-10-07T06:31:11.819952+00:00,2026-10-07T06:31:11.819952+00:00,UTC,2026-10-06T21:00:00+00:00,nowcast,3,https://opendap.co-ops.nos.noaa.gov/thredds/dodsC/NOAA/NGOFS2/MODELS/2026/10/06/ngofs2.t21z.20261006.regulargrid.n003.nc,0.0,a35efafd89c8c60821aa7c6740a638843fb330aba7b5d73879f8854f4678c3d5,ngofs2_regulargrid_v1
noaa_ngofs2_mobile_bay_regulargrid,MODEL,ngofs2_grid_883_995,noaa_ngofs2_mobile_bay_model,Daphne/May Day,0.75,30.6,-87.92999999999999,2.3878223836243047,eastward_current,-0.028985770419239998,m/s,surface,0.0,standard_depth_positive_down,model_grid_or_not_applicable,MODEL_WET_GRID_NODE,,2026-10-06T18:00:00+00:00,2026-10-07T06:31:11.819952+00:00,2026-10-07T06:31:11.819952+00:00,UTC,2026-10-06T21:00:00+00:00,nowcast,3,https://opendap.co-ops.nos.noaa.gov/thredds/dodsC/NOAA/NGOFS2/MODELS/2026/10/06/ngofs2.t21z.20261006.regulargrid.n003.nc,0.0,a35efafd89c8c60821aa7c6740a638843fb330aba7b5d73879f8854f4678c3d5,ngofs2_regulargrid_v1
noaa_ngofs2_mobile_bay_regulargrid,MODEL,ngofs2_grid_883_995,noaa_ngofs2_mobile_bay_model,Daphne/May Day,0.75,30.6,-87.92999999999999,2.3878223836243047,northward_current,-0.16035176813602448,m/s,surface,0.0,standard_depth_positive_down,model_grid_or_not_applicable,MODEL_WET_GRID_NODE,,2026-10-06T18:00:00+00:00,2026-10-07T06:31:11.819952+00:00,2026-10-07T06:31:11.819952+00:00,UTC,2026-10-06T21:00:00+00:00,nowcast,3,https://opendap.co-ops.nos.noaa.gov/thredds/dodsC/NOAA/NGOFS2/MODELS/2026/10/06/ngofs2.t21z.20261006.regulargrid.n003.nc,0.0,a35efafd89c8c60821aa7c6740a638843fb330aba7b5d73879f8854f4678c3d5,ngofs2_regulargrid_v1
noaa_ngofs2_mobile_bay_regulargrid,MODEL,ngofs2_grid_883_995,noaa_ngofs2_mobile_bay_model,Daphne/May Day,0.75,30.6,-87.92999999999999,2.3878223836243047,shoreward_current,-0.02898577041924001,m/s,surface,0.0,standard_depth_positive_down,model_grid_or_not_applicable,MODEL_WET_GRID_NODE,,2026-10-06T18:00:00+00:00,2026-10-07T06:31:11.819952+00:00,2026-10-07T06:31:11.819952+00:00,UTC,2026-10-06T21:00:00+00:00,nowcast,3,https://opendap.co-ops.nos.noaa.gov/thredds/dodsC/NOAA/NGOFS2/MODELS/2026/10/06/ngofs2.t21z.20261006.regulargrid.n003.nc,0.0,a35efafd89c8c60821aa7c6740a638843fb330aba7b5d73879f8854f4678c3d5,ngofs2_regulargrid_v1
noaa_ngofs2_mobile_bay_regulargrid,MODEL,ngofs2_grid_883_995,noaa_ngofs2_mobile_bay_model,Daphne/May Day,0.75,30.6,-87.92999999999999,2.3878223836243047,water_temperature,28.9417667388916,degC,surface,0.0,standard_depth_positive_down,model_grid_or_not_applicable,MODEL_WET_GRID_NODE,,2026-10-06T18:00:00+00:00,2026-10-07T06:31:11.819952+00:00,2026-10-07T06:31:11.819952+00:00,UTC,2026-10-06T21:00:00+00:00,nowcast,3,https://opendap.co-ops.nos.noaa.gov/thredds/dodsC/NOAA/NGOFS2/MODELS/2026/10/06/ngofs2.t21z.20261006.regulargrid.n003.nc,0.0,a35efafd89c8c60821aa7c6740a638843fb330aba7b5d73879f8854f4678c3d5,ngofs2_regulargrid_v1
noaa_ngofs2_mobile_bay_regulargrid,MODEL,ngofs2_grid_883_995,noaa_ngofs2_mobile_bay_model,Daphne/May Day,0.75,30.6,-87.92999999999999,2.3878223836243047,salinity,8.383406639099121,PSU,surface,0.0,standard_depth_positive_down,model_grid_or_not_applicable,MODEL_WET_GRID_NODE,,2026-10-06T18:00:00+00:00,2026-10-07T06:31:11.819952+00:00,2026-10-07T06:31:11.819952+00:00,UTC,2026-10-06T21:00:00+00:00,nowcast,3,https://opendap.co-ops.nos.noaa.gov/thredds/dodsC/NOAA/NGOFS2/MODELS/2026/10/06/ngofs2.t21z.20261006.regulargrid.n003.nc,0.0,a35efafd89c8c60821aa7c6740a638843fb330aba7b5d73879f8854f4678c3d5,ngofs2_regulargrid_v1
noaa_ngofs2_mobile_bay_regulargrid,MODEL,ngofs2_grid_883_995,noaa_ngofs2_mobile_bay_model,Daphne/May Day,0.75,30.6,-87.92999999999999,2.3878223836243047,eastward_current,0.04249702766537666,m/s,bottom,2.0,standard_depth_positive_down,model_grid_or_not_applicable,MODEL_WET_GRID_NODE,,2026-10-06T18:00:00+00:00,2026-10-07T06:31:11.819952+00:00,2026-10-07T06:31:11.819952+00:00,UTC,2026-10-06T21:00:00+00:00,nowcast,3,https://opendap.co-ops.nos.noaa.gov/thredds/dodsC/NOAA/NGOFS2/MODELS/2026/10/06/ngofs2.t21z.20261006.regulargrid.n003.nc,0.0,a35efafd89c8c60821aa7c6740a638843fb330aba7b5d73879f8854f4678c3d5,ngofs2_regulargrid_v1
noaa_ngofs2_mobile_bay_regulargrid,MODEL,ngofs2_grid_883_995,noaa_ngofs2_mobile_bay_model,Daphne/May Day,0.75,30.6,-87.92999999999999,2.3878223836243047,northward_current,0.017918027937412262,m/s,bottom,2.0,standard_depth_positive_down,model_grid_or_not_applicable,MODEL_WET_GRID_NODE,,2026-10-06T18:00:00+00:00,2026-10-07T06:31:11.819952+00:00,2026-10-07T06:31:11.819952+00:00,UTC,2026-10-06T21:00:00+00:00,nowcast,3,https://opendap.co-ops.nos.noaa.gov/thredds/dodsC/NOAA/NGOFS2/MODELS/2026/10/06/ngofs2.t21z.20261006.regulargrid.n003.nc,0.0,a35efafd89c8c60821aa7c6740a638843fb330aba7b5d73879f8854f4678c3d5,ngofs2_regulargrid_v1
noaa_ngofs2_mobile_bay_regulargrid,MODEL,ngofs2_grid_883_995,noaa_ngofs2_mobile_bay_model,Daphne/May Day,0.75,30.6,-87.92999999999999,2.3878223836243047,shoreward_current,0.04249702766537666,m/s,bottom,2.0,standard_depth_positive_down,model_grid_or_not_applicable,MODEL_WET_GRID_NODE,,2026-10-06T18:00:00+00:00,2026-10-07T06:31:11.819952+00:00,2026-10-07T06:31:11.819952+00:00,UTC,2026-10-06T21:00:00+00:00,nowcast,3,https://opendap.co-ops.nos.noaa.gov/thredds/dodsC/NOAA/NGOFS2/MODELS/2026/10/06/ngofs2.t21z.20261006.regulargrid.n003.nc,0.0,a35efafd89c8c60821aa7c6740a638843fb330aba7b5d73879f8854f4678c3d5,ngofs2_regulargrid_v1
noaa_ngofs2_mobile_bay_regulargrid,MODEL,ngofs2_grid_883_995,noaa_ngofs2_mobile_bay_model,Daphne/May Day,0.75,30.6,-87.92999999999999,2.3878223836243047,water_temperature,29.603322982788086,degC,bottom,2.0,standard_depth_positive_down,model_grid_or_not_applicable,MODEL_WET_GRID_NODE,,2026-10-06T18:00:00+00:00,2026-10-07T06:31:11.819952+00:00,2026-10-07T06:31:11.819952+00:00,UTC,2026-10-06T21:00:00+00:00,nowcast,3,https://opendap.co-ops.nos.noaa.gov/thredds/dodsC/NOAA/NGOFS2/MODELS/2026/10/06/ngofs2.t21z.20261006.regulargrid.n003.nc,0.0,a35efafd89c8c60821aa7c6740a638843fb330aba7b5d73879f8854f4678c3d5,ngofs2_regulargrid_v1
noaa_ngofs2_mobile_bay_regulargrid,MODEL,ngofs2_grid_883_995,noaa_ngofs2_mobile_bay_model,Daphne/May Day,0.75,30.6,-87.92999999999999,2.3878223836243047,salinity,11.36246109008789,PSU,bottom,2.0,standard_depth_positive_down,model_grid_or_not_applicable,MODEL_WET_GRID_NODE,,2026-10-06T18:00:00+00:00,2026-10-07T06:31:11.819952+00:00,2026-10-07T06:31:11.819952+00:00,UTC,2026-10-06T21:00:00+00:00,nowcast,3,https://opendap.co-ops.nos.noaa.gov/thredds/dodsC/NOAA/NGOFS2/MODELS/2026/10/06/ngofs2.t21z.20261006.regulargrid.n003.nc,0.0,a35efafd89c8c60821aa7c6740a638843fb330aba7b5d73879f8854f4678c3d5,ngofs2_regulargrid_v1
noaa_ngofs2_mobile_bay_regulargrid,MODEL,ngofs2_grid_883_995,noaa_ngofs2_mobile_bay_model,Daphne/May Day,0.75,30.6,-87.92999999999999,2.3878223836243047,water_surface_elevation,0.24707040190696716,m,surface,0.0,surface,model_mean_sea_level,MODEL_WET_GRID_NODE,,2026-10-06T18:00:00+00:00,2026-10-07T06:31:11.819952+00:00,2026-10-07T06:31:11.819952+00:00,UTC,2026-10-06T21:00:00+00:00,nowcast,3,https://opendap.co-ops.nos.noaa.gov/thredds/dodsC/NOAA/NGOFS2/MODELS/2026/10/06/ngofs2.t21z.20261006.regulargrid.n003.nc,0.0,a35efafd89c8c60821aa7c6740a638843fb330aba7b5d73879f8854f4678c3d5,ngofs2_regulargrid_v1
noaa_ngofs2_mobile_bay_regulargrid,MODEL,ngofs2_grid_882_995,noaa_ngofs2_mobile_bay_model,Daphne/May Day,1.5,30.59,-87.92999999999999,2.7600579039603113,eastward_current,-0.029234569519758224,m/s,surface,0.0,standard_depth_positive_down,model_grid_or_not_applicable,MODEL_WET_GRID_NODE,,2026-10-06T18:00:00+00:00,2026-10-07T06:31:11.819952+00:00,2026-10-07T06:31:11.819952+00:00,UTC,2026-10-06T21:00:00+00:00,nowcast,3,https://opendap.co-ops.nos.noaa.gov/thredds/dodsC/NOAA/NGOFS2/MODELS/2026/10/06/ngofs2.t21z.20261006.regulargrid.n003.nc,0.0,a35efafd89c8c60821aa7c6740a638843fb330aba7b5d73879f8854f4678c3d5,ngofs2_regulargrid_v1
noaa_ngofs2_mobile_bay_regulargrid,MODEL,ngofs2_grid_882_995,noaa_ngofs2_mobile_bay_model,Daphne/May Day,1.5,30.59,-87.92999999999999,2.7600579039603113,northward_current,-0.16622695326805115,m/s,surface,0.0,standard_depth_positive_down,model_grid_or_not_applicable,MODEL_WET_GRID_NODE,,2026-10-06T18:00:00+00:00,2026-10-07T06:31:11.819952+00:00,2026-10-07T06:31:11.819952+00:00,UTC,2026-10-06T21:00:00+00:00,nowcast,3,https://opendap.co-ops.nos.noaa.gov/thredds/dodsC/NOAA/NGOFS2/MODELS/2026/10/06/ngofs2.t21z.20261006.regulargrid.n003.nc,0.0,a35efafd89c8c60821aa7c6740a638843fb330aba7b5d73879f8854f4678c3d5,ngofs2_regulargrid_v1
noaa_ngofs2_mobile_bay_regulargrid,MODEL,ngofs2_grid_882_995,noaa_ngofs2_mobile_bay_model,Daphne/May Day,1.5,30.59,-87.92999999999999,2.7600579039603113,shoreward_current,-0.029234569519758235,m/s,surface,0.0,standard_depth_positive_down,model_grid_or_not_applicable,MODEL_WET_GRID_NODE,,2026-10-06T18:00:00+00:00,2026-10-07T06:31:11.819952+00:00,2026-10-07T06:31:11.819952+00:00,UTC,2026-10-06T21:00:00+00:00,nowcast,3,https://opendap.co-ops.nos.noaa.gov/thredds/dodsC/NOAA/NGOFS2/MODELS/2026/10/06/ngofs2.t21z.20261006.regulargrid.n003.nc,0.0,a35efafd89c8c60821aa7c6740a638843fb330aba7b5d73879f8854f4678c3d5,ngofs2_regulargrid_v1
noaa_ngofs2_mobile_bay_regulargrid,MODEL,ngofs2_grid_882_995,noaa_ngofs2_mobile_bay_model,Daphne/May Day,1.5,30.59,-87.92999999999999,2.7600579039603113,water_temperature,29.041202545166016,degC,surface,0.0,standard_depth_positive_down,model_grid_or_not_applicable,MODEL_WET_GRID_NODE,,2026-10-06T18:00:00+00:00,2026-10-07T06:31:11.819952+00:00,2026-10-07T06:31:11.819952+00:00,UTC,2026-10-06T21:00:00+00:00,nowcast,3,https://opendap.co-ops.nos.noaa.gov/thredds/dodsC/NOAA/NGOFS2/MODELS/2026/10/06/ngofs2.t21z.20261006.regulargrid.n003.nc,0.0,a35efafd89c8c60821aa7c6740a638843fb330aba7b5d73879f8854f4678c3d5,ngofs2_regulargrid_v1
noaa_ngofs2_mobile_bay_regulargrid,MODEL,ngofs2_grid_882_995,noaa_ngofs2_mobile_bay_model,Daphne/May Day,1.5,30.59,-87.92999999999999,2.7600579039603113,salinity,9.24631404876709,PSU,surface,0.0,standard_depth_positive_down,model_grid_or_not_applicable,MODEL_WET_GRID_NODE,,2026-10-06T18:00:00+00:00,2026-10-07T06:31:11.819952+00:00,2026-10-07T06:31:11.819952+00:00,UTC,2026-10-06T21:00:00+00:00,nowcast,3,https://opendap.co-ops.nos.noaa.gov/thredds/dodsC/NOAA/NGOFS2/MODELS/2026/10/06/ngofs2.t21z.20261006.regulargrid.n003.nc,0.0,a35efafd89c8c60821aa7c6740a638843fb330aba7b5d73879f8854f4678c3d5,ngofs2_regulargrid_v1
noaa_ngofs2_mobile_bay_regulargrid,MODEL,ngofs2_grid_882_995,noaa_ngofs2_mobile_bay_model,Daphne/May Day,1.5,30.59,-87.92999999999999,2.7600579039603113,eastward_current,0.08986543864011765,m/s,bottom,2.0,standard_depth_positive_down,model_grid_or_not_applicable,MODEL_WET_GRID_NODE,,2026-10-06T18:00:00+00:00,2026-10-07T06:31:11.819952+00:00,2026-10-07T06:31:11.819952+00:00,UTC,2026-10-06T21:00:00+00:00,nowcast,3,https://opendap.co-ops.nos.noaa.gov/thredds/dodsC/NOAA/NGOFS2/MODELS/2026/10/06/ngofs2.t21z.20261006.regulargrid.n003.nc,0.0,a35efafd89c8c60821aa7c6740a638843fb330aba7b5d73879f8854f4678c3d5,ngofs2_regulargrid_v1
noaa_ngofs2_mobile_bay_regulargrid,MODEL,ngofs2_grid_882_995,noaa_ngofs2_mobile_bay_model,Daphne/May Day,1.5,30.59,-87.92999999999999,2.7600579039603113,northward_current,0.012195419520139694,m/s,bottom,2.0,standard_depth_positive_down,model_grid_or_not_applicable,MODEL_WET_GRID_NODE,,2026-10-06T18:00:00+00:00,2026-10-07T06:31:11.819952+00:00,2026-10-07T06:31:11.819952+00:00,UTC,2026-10-06T21:00:00+00:00,nowcast,3,https://opendap.co-ops.nos.noaa.gov/thredds/dodsC/NOAA/NGOFS2/MODELS/2026/10/06/ngofs2.t21z.20261006.regulargrid.n003.nc,0.0,a35efafd89c8c60821aa7c6740a638843fb330aba7b5d73879f8854f4678c3d5,ngofs2_regulargrid_v1
noaa_ngofs2_mobile_bay_regulargrid,MODEL,ngofs2_grid_882_995,noaa_ngofs2_mobile_bay_model,Daphne/May Day,1.5,30.59,-87.92999999999999,2.7600579039603113,shoreward_current,0.08986543864011765,m/s,bottom,2.0,standard_depth_positive_down,model_grid_or_not_applicable,MODEL_WET_GRID_NODE,,2026-10-06T18:00:00+00:00,2026-10-07T06:31:11.819952+00:00,2026-10-07T06:31:11.819952+00:00,UTC,2026-10-06T21:00:00+00:00,nowcast,3,https://opendap.co-ops.nos.noaa.gov/thredds/dodsC/NOAA/NGOFS2/MODELS/2026/10/06/ngofs2.t21z.20261006.regulargrid.n003.nc,0.0,a35efafd89c8c60821aa7c6740a638843fb330aba7b5d73879f8854f4678c3d5,ngofs2_regulargrid_v1
noaa_ngofs2_mobile_bay_regulargrid,MODEL,ngofs2_grid_882_995,noaa_ngofs2_mobile_bay_model,Daphne/May Day,1.5,30.59,-87.92999999999999,2.7600579039603113,water_temperature,29.5850887298584,degC,bottom,2.0,standard_depth_positive_down,model_grid_or_not_applicable,MODEL_WET_GRID_NODE,,2026-10-06T18:00:00+00:00,2026-10-07T06:31:11.819952+00:00,2026-10-07T06:31:11.819952+00:00,UTC,2026-10-06T21:00:00+00:00,nowcast,3,https://opendap.co-ops.nos.noaa.gov/thredds/dodsC/NOAA/NGOFS2/MODELS/2026/10/06/ngofs2.t21z.20261006.regulargrid.n003.nc,0.0,a35efafd89c8c60821aa7c6740a638843fb330aba7b5d73879f8854f4678c3d5,ngofs2_regulargrid_v1
noaa_ngofs2_mobile_bay_regulargrid,MODEL,ngofs2_grid_882_995,noaa_ngofs2_mobile_bay_model,Daphne/May Day,1.5,30.59,-87.92999999999999,2.7600579039603113,salinity,12.170027732849121,PSU,bottom,2.0,standard_depth_positive_down,model_grid_or_not_applicable,MODEL_WET_GRID_NODE,,2026-10-06T18:00:00+00:00,2026-10-07T06:31:11.819952+00:00,2026-10-07T06:31:11.819952+00:00,UTC,2026-10-06T21:00:00+00:00,nowcast,3,https://opendap.co-ops.nos.noaa.gov/thredds/dodsC/NOAA/NGOFS2/MODELS/2026/10/06/ngofs2.t21z.20261006.regulargrid.n003.nc,0.0,a35efafd89c8c60821aa7c6740a638843fb330aba7b5d73879f8854f4678c3d5,ngofs2_regulargrid_v1
noaa_ngofs2_mobile_bay_regulargrid,MODEL,ngofs2_grid_882_995,noaa_ngofs2_mobile_bay_model,Daphne/May Day,1.5,30.59,-87.92999999999999,2.7600579039603113,water_surface_elevation,0.2467034012079239,m,surface,0.0,surface,model_mean_sea_level,MODEL_WET_GRID_NODE,,2026-10-06T18:00:00+00:00,2026-10-07T06:31:11.819952+00:00,2026-10-07T06:31:11.819952+00:00,UTC,2026-10-06T21:00:00+00:00,nowcast,3,https://opendap.co-ops.nos.noaa.gov/thredds/dodsC/NOAA/NGOFS2/MODELS/2026/10/06/ngofs2.t21z.20261006.regulargrid.n003.nc,0.0,a35efafd89c8c60821aa7c6740a638843fb330aba7b5d73879f8854f4678c3d5,ngofs2_regulargrid_v1
noaa_ngofs2_mobile_bay_regulargrid,MODEL,ngofs2_grid_883_994,noaa_ngofs2_mobile_bay_model,Daphne/May Day,3.0,30.6,-87.94,2.3371018155435084,eastward_current,-0.017613837495446205,m/s,surface,0.0,standard_depth_positive_down,model_grid_or_not_applicable,MODEL_WET_GRID_NODE,,2026-10-06T18:00:00+00:00,2026-10-07T06:31:11.819952+00:00,2026-10-07T06:31:11.819952+00:00,UTC,2026-10-06T21:00:00+00:00,nowcast,3,https://opendap.co-ops.nos.noaa.gov/thredds/dodsC/NOAA/NGOFS2/MODELS/2026/10/06/ngofs2.t21z.20261006.regulargrid.n003.nc,0.0,a35efafd89c8c60821aa7c6740a638843fb330aba7b5d73879f8854f4678c3d5,ngofs2_regulargrid_v1
noaa_ngofs2_mobile_bay_regulargrid,MODEL,ngofs2_grid_883_994,noaa_ngofs2_mobile_bay_model,Daphne/May Day,3.0,30.6,-87.94,2.3371018155435084,northward_current,-0.21112269163131714,m/s,surface,0.0,standard_depth_positive_down,model_grid_or_not_applicable,MODEL_WET_GRID_NODE,,2026-10-06T18:00:00+00:00,2026-10-07T06:31:11.819952+00:00,2026-10-07T06:31:11.819952+00:00,UTC,2026-10-06T21:00:00+00:00,nowcast,3,https://opendap.co-ops.nos.noaa.gov/thredds/dodsC/NOAA/NGOFS2/MODELS/2026/10/06/ngofs2.t21z.20261006.regulargrid.n003.nc,0.0,a35efafd89c8c60821aa7c6740a638843fb330aba7b5d73879f8854f4678c3d5,ngofs2_regulargrid_v1
noaa_ngofs2_mobile_bay_regulargrid,MODEL,ngofs2_grid_883_994,noaa_ngofs2_mobile_bay_model,Daphne/May Day,3.0,30.6,-87.94,2.3371018155435084,shoreward_current,-0.01761383749544622,m/s,surface,0.0,standard_depth_positive_down,model_grid_or_not_applicable,MODEL_WET_GRID_NODE,,2026-10-06T18:00:00+00:00,2026-10-07T06:31:11.819952+00:00,2026-10-07T06:31:11.819952+00:00,UTC,2026-10-06T21:00:00+00:00,nowcast,3,https://opendap.co-ops.nos.noaa.gov/thredds/dodsC/NOAA/NGOFS2/MODELS/2026/10/06/ngofs2.t21z.20261006.regulargrid.n003.nc,0.0,a35efafd89c8c60821aa7c6740a638843fb330aba7b5d73879f8854f4678c3d5,ngofs2_regulargrid_v1
noaa_ngofs2_mobile_bay_regulargrid,MODEL,ngofs2_grid_883_994,noaa_ngofs2_mobile_bay_model,Daphne/May Day,3.0,30.6,-87.94,2.3371018155435084,water_temperature,28.93999671936035,degC,surface,0.0,standard_depth_positive_down,model_grid_or_not_applicable,MODEL_WET_GRID_NODE,,2026-10-06T18:00:00+00:00,2026-10-07T06:31:11.819952+00:00,2026-10-07T06:31:11.819952+00:00,UTC,2026-10-06T21:00:00+00:00,nowcast,3,https://opendap.co-ops.nos.noaa.gov/thredds/dodsC/NOAA/NGOFS2/MODELS/2026/10/06/ngofs2.t21z.20261006.regulargrid.n003.nc,0.0,a35efafd89c8c60821aa7c6740a638843fb330aba7b5d73879f8854f4678c3d5,ngofs2_regulargrid_v1
noaa_ngofs2_mobile_bay_regulargrid,MODEL,ngofs2_grid_883_994,noaa_ngofs2_mobile_bay_model,Daphne/May Day,3.0,30.6,-87.94,2.3371018155435084,salinity,8.602351188659668,PSU,surface,0.0,standard_depth_positive_down,model_grid_or_not_applicable,MODEL_WET_GRID_NODE,,2026-10-06T18:00:00+00:00,2026-10-07T06:31:11.819952+00:00,2026-10-07T06:31:11.819952+00:00,UTC,2026-10-06T21:00:00+00:00,nowcast,3,https://opendap.co-ops.nos.noaa.gov/thredds/dodsC/NOAA/NGOFS2/MODELS/2026/10/06/ngofs2.t21z.20261006.regulargrid.n003.nc,0.0,a35efafd89c8c60821aa7c6740a638843fb330aba7b5d73879f8854f4678c3d5,ngofs2_regulargrid_v1
noaa_ngofs2_mobile_bay_regulargrid,MODEL,ngofs2_grid_883_994,noaa_ngofs2_mobile_bay_model,Daphne/May Day,3.0,30.6,-87.94,2.3371018155435084,eastward_current,0.06196872889995575,m/s,bottom,2.0,standard_depth_positive_down,model_grid_or_not_applicable,MODEL_WET_GRID_NODE,,2026-10-06T18:00:00+00:00,2026-10-07T06:31:11.819952+00:00,2026-10-07T06:31:11.819952+00:00,UTC,2026-10-06T21:00:00+00:00,nowcast,3,https://opendap.co-ops.nos.noaa.gov/thredds/dodsC/NOAA/NGOFS2/MODELS/2026/10/06/ngofs2.t21z.20261006.regulargrid.n003.nc,0.0,a35efafd89c8c60821aa7c6740a638843fb330aba7b5d73879f8854f4678c3d5,ngofs2_regulargrid_v1
noaa_ngofs2_mobile_bay_regulargrid,MODEL,ngofs2_grid_883_994,noaa_ngofs2_mobile_bay_model,Daphne/May Day,3.0,30.6,-87.94,2.3371018155435084,northward_current,-0.004087033681571484,m/s,bottom,2.0,standard_depth_positive_down,model_grid_or_not_applicable,MODEL_WET_GRID_NODE,,2026-10-06T18:00:00+00:00,2026-10-07T06:31:11.819952+00:00,2026-10-07T06:31:11.819952+00:00,UTC,2026-10-06T21:00:00+00:00,nowcast,3,https://opendap.co-ops.nos.noaa.gov/thredds/dodsC/NOAA/NGOFS2/MODELS/2026/10/06/ngofs2.t21z.20261006.regulargrid.n003.nc,0.0,a35efafd89c8c60821aa7c6740a638843fb330aba7b5d73879f8854f4678c3d5,ngofs2_regulargrid_v1
noaa_ngofs2_mobile_bay_regulargrid,MODEL,ngofs2_grid_883_994,noaa_ngofs2_mobile_bay_model,Daphne/May Day,3.0,30.6,-87.94,2.3371018155435084,shoreward_current,0.06196872889995575,m/s,bottom,2.0,standard_depth_positive_down,model_grid_or_not_applicable,MODEL_WET_GRID_NODE,,2026-10-06T18:00:00+00:00,2026-10-07T06:31:11.819952+00:00,2026-10-07T06:31:11.819952+00:00,UTC,2026-10-06T21:00:00+00:00,nowcast,3,https://opendap.co-ops.nos.noaa.gov/thredds/dodsC/NOAA/NGOFS2/MODELS/2026/10/06/ngofs2.t21z.20261006.regulargrid.n003.nc,0.0,a35efafd89c8c60821aa7c6740a638843fb330aba7b5d73879f8854f4678c3d5,ngofs2_regulargrid_v1
noaa_ngofs2_mobile_bay_regulargrid,MODEL,ngofs2_grid_883_994,noaa_ngofs2_mobile_bay_model,Daphne/May Day,3.0,30.6,-87.94,2.3371018155435084,water_temperature,29.519908905029297,degC,bottom,2.0,standard_depth_positive_down,model_grid_or_not_applicable,MODEL_WET_GRID_NODE,,2026-10-06T18:00:00+00:00,2026-10-07T06:31:11.819952+00:00,2026-10-07T06:31:11.819952+00:00,UTC,2026-10-06T21:00:00+00:00,nowcast,3,https://opendap.co-ops.nos.noaa.gov/thredds/dodsC/NOAA/NGOFS2/MODELS/2026/10/06/ngofs2.t21z.20261006.regulargrid.n003.nc,0.0,a35efafd89c8c60821aa7c6740a638843fb330aba7b5d73879f8854f4678c3d5,ngofs2_regulargrid_v1
noaa_ngofs2_mobile_bay_regulargrid,MODEL,ngofs2_grid_883_994,noaa_ngofs2_mobile_bay_model,Daphne/May Day,3.0,30.6,-87.94,2.3371018155435084,salinity,11.556937217712402,PSU,bottom,2.0,standard_depth_positive_down,model_grid_or_not_applicable,MODEL_WET_GRID_NODE,,2026-10-06T18:00:00+00:00,2026-10-07T06:31:11.819952+00:00,2026-10-07T06:31:11.819952+00:00,UTC,2026-10-06T21:00:00+00:00,nowcast,3,https://opendap.co-ops.nos.noaa.gov/thredds/dodsC/NOAA/NGOFS2/MODELS/2026/10/06/ngofs2.t21z.20261006.regulargrid.n003.nc,0.0,a35efafd89c8c60821aa7c6740a638843fb330aba7b5d73879f8854f4678c3d5,ngofs2_regulargrid_v1
noaa_ngofs2_mobile_bay_regulargrid,MODEL,ngofs2_grid_883_994,noaa_ngofs2_mobile_bay_model,Daphne/May Day,3.0,30.6,-87.94,2.3371018155435084,water_surface_elevation,0.24811436235904694,m,surface,0.0,surface,model_mean_sea_level,MODEL_WET_GRID_NODE,,2026-10-06T18:00:00+00:00,2026-10-07T06:31:11.819952+00:00,2026-10-07T06:31:11.819952+00:00,UTC,2026-10-06T21:00:00+00:00,nowcast,3,https://opendap.co-ops.nos.noaa.gov/thredds/dodsC/NOAA/NGOFS2/MODELS/2026/10/06/ngofs2.t21z.20261006.regulargrid.n003.nc,0.0,a35efafd89c8c60821aa7c6740a638843fb330aba7b5d73879f8854f4678c3d5,ngofs2_regulargrid_v1
noaa_ngofs2_mobile_bay_regulargrid,MODEL,ngofs2_grid_880_997,noaa_ngofs2_mobile_bay_model,Montrose,0.25,30.57,-87.91,1.790073012681098,eastward_current,0.035771068185567856,m/s,surface,0.0,standard_depth_positive_down,model_grid_or_not_applicable,MODEL_WET_GRID_NODE,,2026-10-06T18:00:00+00:00,2026-10-07T06:31:11.819952+00:00,2026-10-07T06:31:11.819952+00:00,UTC,2026-10-06T21:00:00+00:00,nowcast,3,https://opendap.co-ops.nos.noaa.gov/thredds/dodsC/NOAA/NGOFS2/MODELS/2026/10/06/ngofs2.t21z.20261006.regulargrid.n003.nc,0.0,a35efafd89c8c60821aa7c6740a638843fb330aba7b5d73879f8854f4678c3d5,ngofs2_regulargrid_v1
noaa_ngofs2_mobile_bay_regulargrid,MODEL,ngofs2_grid_880_997,noaa_ngofs2_mobile_bay_model,Montrose,0.25,30.57,-87.91,1.790073012681098,northward_current,-0.117085762321949,m/s,surface,0.0,standard_depth_positive_down,model_grid_or_not_applicable,MODEL_WET_GRID_NODE,,2026-10-06T18:00:00+00:00,2026-10-07T06:31:11.819952+00:00,2026-10-07T06:31:11.819952+00:00,UTC,2026-10-06T21:00:00+00:00,nowcast,3,https://opendap.co-ops.nos.noaa.gov/thredds/dodsC/NOAA/NGOFS2/MODELS/2026/10/06/ngofs2.t21z.20261006.regulargrid.n003.nc,0.0,a35efafd89c8c60821aa7c6740a638843fb330aba7b5d73879f8854f4678c3d5,ngofs2_regulargrid_v1
noaa_ngofs2_mobile_bay_regulargrid,MODEL,ngofs2_grid_880_997,noaa_ngofs2_mobile_bay_model,Montrose,0.25,30.57,-87.91,1.790073012681098,shoreward_current,0.03577106818556785,m/s,surface,0.0,standard_depth_positive_down,model_grid_or_not_applicable,MODEL_WET_GRID_NODE,,2026-10-06T18:00:00+00:00,2026-10-07T06:31:11.819952+00:00,2026-10-07T06:31:11.819952+00:00,UTC,2026-10-06T21:00:00+00:00,nowcast,3,https://opendap.co-ops.nos.noaa.gov/thredds/dodsC/NOAA/NGOFS2/MODELS/2026/10/06/ngofs2.t21z.20261006.regulargrid.n003.nc,0.0,a35efafd89c8c60821aa7c6740a638843fb330aba7b5d73879f8854f4678c3d5,ngofs2_regulargrid_v1
noaa_ngofs2_mobile_bay_regulargrid,MODEL,ngofs2_grid_880_997,noaa_ngofs2_mobile_bay_model,Montrose,0.25,30.57,-87.91,1.790073012681098,water_temperature,29.371219635009766,degC,surface,0.0,standard_depth_positive_down,model_grid_or_not_applicable,MODEL_WET_GRID_NODE,,2026-10-06T18:00:00+00:00,2026-10-07T06:31:11.819952+00:00,2026-10-07T06:31:11.819952+00:00,UTC,2026-10-06T21:00:00+00:00,nowcast,3,https://opendap.co-ops.nos.noaa.gov/thredds/dodsC/NOAA/NGOFS2/MODELS/2026/10/06/ngofs2.t21z.20261006.regulargrid.n003.nc,0.0,a35efafd89c8c60821aa7c6740a638843fb330aba7b5d73879f8854f4678c3d5,ngofs2_regulargrid_v1
noaa_ngofs2_mobile_bay_regulargrid,MODEL,ngofs2_grid_880_997,noaa_ngofs2_mobile_bay_model,Montrose,0.25,30.57,-87.91,1.790073012681098,salinity,11.912704467773438,PSU,surface,0.0,standard_depth_positive_down,model_grid_or_not_applicable,MODEL_WET_GRID_NODE,,2026-10-06T18:00:00+00:00,2026-10-07T06:31:11.819952+00:00,2026-10-07T06:31:11.819952+00:00,UTC,2026-10-06T21:00:00+00:00,nowcast,3,https://opendap.co-ops.nos.noaa.gov/thredds/dodsC/NOAA/NGOFS2/MODELS/2026/10/06/ngofs2.t21z.20261006.regulargrid.n003.nc,0.0,a35efafd89c8c60821aa7c6740a638843fb330aba7b5d73879f8854f4678c3d5,ngofs2_regulargrid_v1
noaa_ngofs2_mobile_bay_regulargrid,MODEL,ngofs2_grid_880_997,noaa_ngofs2_mobile_bay_model,Montrose,0.25,30.57,-87.91,1.790073012681098,eastward_current,0.040443308651447296,m/s,bottom,1.0,standard_depth_positive_down,model_grid_or_not_applicable,MODEL_WET_GRID_NODE,,2026-10-06T18:00:00+00:00,2026-10-07T06:31:11.819952+00:00,2026-10-07T06:31:11.819952+00:00,UTC,2026-10-06T21:00:00+00:00,nowcast,3,https://opendap.co-ops.nos.noaa.gov/thredds/dodsC/NOAA/NGOFS2/MODELS/2026/10/06/ngofs2.t21z.20261006.regulargrid.n003.nc,0.0,a35efafd89c8c60821aa7c6740a638843fb330aba7b5d73879f8854f4678c3d5,ngofs2_regulargrid_v1
noaa_ngofs2_mobile_bay_regulargrid,MODEL,ngofs2_grid_880_997,noaa_ngofs2_mobile_bay_model,Montrose,0.25,30.57,-87.91,1.790073012681098,northward_current,-0.05796561762690544,m/s,bottom,1.0,standard_depth_positive_down,model_grid_or_not_applicable,MODEL_WET_GRID_NODE,,2026-10-06T18:00:00+00:00,2026-10-07T06:31:11.819952+00:00,2026-10-07T06:31:11.819952+00:00,UTC,2026-10-06T21:00:00+00:00,nowcast,3,https://opendap.co-ops.nos.noaa.gov/thredds/dodsC/NOAA/NGOFS2/MODELS/2026/10/06/ngofs2.t21z.20261006.regulargrid.n003.nc,0.0,a35efafd89c8c60821aa7c6740a638843fb330aba7b5d73879f8854f4678c3d5,ngofs2_regulargrid_v1
noaa_ngofs2_mobile_bay_regulargrid,MODEL,ngofs2_grid_880_997,noaa_ngofs2_mobile_bay_model,Montrose,0.25,30.57,-87.91,1.790073012681098,shoreward_current,0.04044330865144729,m/s,bottom,1.0,standard_depth_positive_down,model_grid_or_not_applicable,MODEL_WET_GRID_NODE,,2026-10-06T18:00:00+00:00,2026-10-07T06:31:11.819952+00:00,2026-10-07T06:31:11.819952+00:00,UTC,2026-10-06T21:00:00+00:00,nowcast,3,https://opendap.co-ops.nos.noaa.gov/thredds/dodsC/NOAA/NGOFS2/MODELS/2026/10/06/ngofs2.t21z.20261006.regulargrid.n003.nc,0.0,a35efafd89c8c60821aa7c6740a638843fb330aba7b5d73879f8854f4678c3d5,ngofs2_regulargrid_v1
noaa_ngofs2_mobile_bay_regulargrid,MODEL,ngofs2_grid_880_997,noaa_ngofs2_mobile_bay_model,Montrose,0.25,30.57,-87.91,1.790073012681098,water_temperature,29.72551155090332,degC,bottom,1.0,standard_depth_positive_down,model_grid_or_not_applicable,MODEL_WET_GRID_NODE,,2026-10-06T18:00:00+00:00,2026-10-07T06:31:11.819952+00:00,2026-10-07T06:31:11.819952+00:00,UTC,2026-10-06T21:00:00+00:00,nowcast,3,https://opendap.co-ops.nos.noaa.gov/thredds/dodsC/NOAA/NGOFS2/MODELS/2026/10/06/ngofs2.t21z.20261006.regulargrid.n003.nc,0.0,a35efafd89c8c60821aa7c6740a638843fb330aba7b5d73879f8854f4678c3d5,ngofs2_regulargrid_v1
noaa_ngofs2_mobile_bay_regulargrid,MODEL,ngofs2_grid_880_997,noaa_ngofs2_mobile_bay_model,Montrose,0.25,30.57,-87.91,1.790073012681098,salinity,12.601567268371582,PSU,bottom,1.0,standard_depth_positive_down,model_grid_or_not_applicable,MODEL_WET_GRID_NODE,,2026-10-06T18:00:00+00:00,2026-10-07T06:31:11.819952+00:00,2026-10-07T06:31:11.819952+00:00,UTC,2026-10-06T21:00:00+00:00,nowcast,3,https://opendap.co-ops.nos.noaa.gov/thredds/dodsC/NOAA/NGOFS2/MODELS/2026/10/06/ngofs2.t21z.20261006.regulargrid.n003.nc,0.0,a35efafd89c8c60821aa7c6740a638843fb330aba7b5d73879f8854f4678c3d5,ngofs2_regulargrid_v1
noaa_ngofs2_mobile_bay_regulargrid,MODEL,ngofs2_grid_880_997,noaa_ngofs2_mobile_bay_model,Montrose,0.25,30.57,-87.91,1.790073012681098,water_surface_elevation,0.24265536665916443,m,surface,0.0,surface,model_mean_sea_level,MODEL_WET_GRID_NODE,,2026-10-06T18:00:00+00:00,2026-10-07T06:31:11.819952+00:00,2026-10-07T06:31:11.819952+00:00,UTC,2026-10-06T21:00:00+00:00,nowcast,3,https://opendap.co-ops.nos.noaa.gov/thredds/dodsC/NOAA/NGOFS2/MODELS/2026/10/06/ngofs2.t21z.20261006.regulargrid.n003.nc,0.0,a35efafd89c8c60821aa7c6740a638843fb330aba7b5d73879f8854f4678c3d5,ngofs2_regulargrid_v1
noaa_ngofs2_mobile_bay_regulargrid,MODEL,ngofs2_grid_879_997,noaa_ngofs2_mobile_bay_model,Montrose,0.75,30.560000000000002,-87.91,2.558887792657144,eastward_current,-0.016158999875187874,m/s,surface,0.0,standard_depth_positive_down,model_grid_or_not_applicable,MODEL_WET_GRID_NODE,,2026-10-06T18:00:00+00:00,2026-10-07T06:31:11.819952+00:00,2026-10-07T06:31:11.819952+00:00,UTC,2026-10-06T21:00:00+00:00,nowcast,3,https://opendap.co-ops.nos.noaa.gov/thredds/dodsC/NOAA/NGOFS2/MODELS/2026/10/06/ngofs2.t21z.20261006.regulargrid.n003.nc,0.0,a35efafd89c8c60821aa7c6740a638843fb330aba7b5d73879f8854f4678c3d5,ngofs2_regulargrid_v1
noaa_ngofs2_mobile_bay_regulargrid,MODEL,ngofs2_grid_879_997,noaa_ngofs2_mobile_bay_model,Montrose,0.75,30.560000000000002,-87.91,2.558887792657144,northward_current,-0.12158122658729553,m/s,surface,0.0,standard_depth_positive_down,model_grid_or_not_applicable,MODEL_WET_GRID_NODE,,2026-10-06T18:00:00+00:00,2026-10-07T06:31:11.819952+00:00,2026-10-07T06:31:11.819952+00:00,UTC,2026-10-06T21:00:00+00:00,nowcast,3,https://opendap.co-ops.nos.noaa.gov/thredds/dodsC/NOAA/NGOFS2/MODELS/2026/10/06/ngofs2.t21z.20261006.regulargrid.n003.nc,0.0,a35efafd89c8c60821aa7c6740a638843fb330aba7b5d73879f8854f4678c3d5,ngofs2_regulargrid_v1
noaa_ngofs2_mobile_bay_regulargrid,MODEL,ngofs2_grid_879_997,noaa_ngofs2_mobile_bay_model,Montrose,0.75,30.560000000000002,-87.91,2.558887792657144,shoreward_current,-0.01615899987518788,m/s,surface,0.0,standard_depth_positive_down,model_grid_or_not_applicable,MODEL_WET_GRID_NODE,,2026-10-06T18:00:00+00:00,2026-10-07T06:31:11.819952+00:00,2026-10-07T06:31:11.819952+00:00,UTC,2026-10-06T21:00:00+00:00,nowcast,3,https://opendap.co-ops.nos.noaa.gov/thredds/dodsC/NOAA/NGOFS2/MODELS/2026/10/06/ngofs2.t21z.20261006.regulargrid.n003.nc,0.0,a35efafd89c8c60821aa7c6740a638843fb330aba7b5d73879f8854f4678c3d5,ngofs2_regulargrid_v1
noaa_ngofs2_mobile_bay_regulargrid,MODEL,ngofs2_grid_879_997,noaa_ngofs2_mobile_bay_model,Montrose,0.75,30.560000000000002,-87.91,2.558887792657144,water_temperature,29.53133201599121,degC,surface,0.0,standard_depth_positive_down,model_grid_or_not_applicable,MODEL_WET_GRID_NODE,,2026-10-06T18:00:00+00:00,2026-10-07T06:31:11.819952+00:00,2026-10-07T06:31:11.819952+00:00,UTC,2026-10-06T21:00:00+00:00,nowcast,3,https://opendap.co-ops.nos.noaa.gov/thredds/dodsC/NOAA/NGOFS2/MODELS/2026/10/06/ngofs2.t21z.20261006.regulargrid.n003.nc,0.0,a35efafd89c8c60821aa7c6740a638843fb330aba7b5d73879f8854f4678c3d5,ngofs2_regulargrid_v1
noaa_ngofs2_mobile_bay_regulargrid,MODEL,ngofs2_grid_879_997,noaa_ngofs2_mobile_bay_model,Montrose,0.75,30.560000000000002,-87.91,2.558887792657144,salinity,12.878833770751953,PSU,surface,0.0,standard_depth_positive_down,model_grid_or_not_applicable,MODEL_WET_GRID_NODE,,2026-10-06T18:00:00+00:00,2026-10-07T06:31:11.819952+00:00,2026-10-07T06:31:11.819952+00:00,UTC,2026-10-06T21:00:00+00:00,nowcast,3,https://opendap.co-ops.nos.noaa.gov/thredds/dodsC/NOAA/NGOFS2/MODELS/2026/10/06/ngofs2.t21z.20261006.regulargrid.n003.nc,0.0,a35efafd89c8c60821aa7c6740a638843fb330aba7b5d73879f8854f4678c3d5,ngofs2_regulargrid_v1
noaa_ngofs2_mobile_bay_regulargrid,MODEL,ngofs2_grid_879_997,noaa_ngofs2_mobile_bay_model,Montrose,0.75,30.560000000000002,-87.91,2.558887792657144,eastward_current,0.03337069973349571,m/s,bottom,2.0,standard_depth_positive_down,model_grid_or_not_applicable,MODEL_WET_GRID_NODE,,2026-10-06T18:00:00+00:00,2026-10-07T06:31:11.819952+00:00,2026-10-07T06:31:11.819952+00:00,UTC,2026-10-06T21:00:00+00:00,nowcast,3,https://opendap.co-ops.nos.noaa.gov/thredds/dodsC/NOAA/NGOFS2/MODELS/2026/10/06/ngofs2.t21z.20261006.regulargrid.n003.nc,0.0,a35efafd89c8c60821aa7c6740a638843fb330aba7b5d73879f8854f4678c3d5,ngofs2_regulargrid_v1
noaa_ngofs2_mobile_bay_regulargrid,MODEL,ngofs2_grid_879_997,noaa_ngofs2_mobile_bay_model,Montrose,0.75,30.560000000000002,-87.91,2.558887792657144,northward_current,-0.02087372913956642,m/s,bottom,2.0,standard_depth_positive_down,model_grid_or_not_applicable,MODEL_WET_GRID_NODE,,2026-10-06T18:00:00+00:00,2026-10-07T06:31:11.819952+00:00,2026-10-07T06:31:11.819952+00:00,UTC,2026-10-06T21:00:00+00:00,nowcast,3,https://opendap.co-ops.nos.noaa.gov/thredds/dodsC/NOAA/NGOFS2/MODELS/2026/10/06/ngofs2.t21z.20261006.regulargrid.n003.nc,0.0,a35efafd89c8c60821aa7c6740a638843fb330aba7b5d73879f8854f4678c3d5,ngofs2_regulargrid_v1
noaa_ngofs2_mobile_bay_regulargrid,MODEL,ngofs2_grid_879_997,noaa_ngofs2_mobile_bay_model,Montrose,0.75,30.560000000000002,-87.91,2.558887792657144,shoreward_current,0.03337069973349571,m/s,bottom,2.0,standard_depth_positive_down,model_grid_or_not_applicable,MODEL_WET_GRID_NODE,,2026-10-06T18:00:00+00:00,2026-10-07T06:31:11.819952+00:00,2026-10-07T06:31:11.819952+00:00,UTC,2026-10-06T21:00:00+00:00,nowcast,3,https://opendap.co-ops.nos.noaa.gov/thredds/dodsC/NOAA/NGOFS2/MODELS/2026/10/06/ngofs2.t21z.20261006.regulargrid.n003.nc,0.0,a35efafd89c8c60821aa7c6740a638843fb330aba7b5d73879f8854f4678c3d5,ngofs2_regulargrid_v1
noaa_ngofs2_mobile_bay_regulargrid,MODEL,ngofs2_grid_879_997,noaa_ngofs2_mobile_bay_model,Montrose,0.75,30.560000000000002,-87.91,2.558887792657144,water_temperature,29.804763793945312,degC,bottom,2.0,standard_depth_positive_down,model_grid_or_not_applicable,MODEL_WET_GRID_NODE,,2026-10-06T18:00:00+00:00,2026-10-07T06:31:11.819952+00:00,2026-10-07T06:31:11.819952+00:00,UTC,2026-10-06T21:00:00+00:00,nowcast,3,https://opendap.co-ops.nos.noaa.gov/thredds/dodsC/NOAA/NGOFS2/MODELS/2026/10/06/ngofs2.t21z.20261006.regulargrid.n003.nc,0.0,a35efafd89c8c60821aa7c6740a638843fb330aba7b5d73879f8854f4678c3d5,ngofs2_regulargrid_v1
noaa_ngofs2_mobile_bay_regulargrid,MODEL,ngofs2_grid_879_997,noaa_ngofs2_mobile_bay_model,Montrose,0.75,30.560000000000002,-87.91,2.558887792657144,salinity,13.61166000366211,PSU,bottom,2.0,standard_depth_positive_down,model_grid_or_not_applicable,MODEL_WET_GRID_NODE,,2026-10-06T18:00:00+00:00,2026-10-07T06:31:11.819952+00:00,2026-10-07T06:31:11.819952+00:00,UTC,2026-10-06T21:00:00+00:00,nowcast,3,https://opendap.co-ops.nos.noaa.gov/thredds/dodsC/NOAA/NGOFS2/MODELS/2026/10/06/ngofs2.t21z.20261006.regulargrid.n003.nc,0.0,a35efafd89c8c60821aa7c6740a638843fb330aba7b5d73879f8854f4678c3d5,ngofs2_regulargrid_v1
noaa_ngofs2_mobile_bay_regulargrid,MODEL,ngofs2_grid_879_997,noaa_ngofs2_mobile_bay_model,Montrose,0.75,30.560000000000002,-87.91,2.558887792657144,water_surface_elevation,0.24254480004310608,m,surface,0.0,surface,model_mean_sea_level,MODEL_WET_GRID_NODE,,2026-10-06T18:00:00+00:00,2026-10-07T06:31:11.819952+00:00,2026-10-07T06:31:11.819952+00:00,UTC,2026-10-06T21:00:00+00:00,nowcast,3,https://opendap.co-ops.nos.noaa.gov/thredds/dodsC/NOAA/NGOFS2/MODELS/2026/10/06/ngofs2.t21z.20261006.regulargrid.n003.nc,0.0,a35efafd89c8c60821aa7c6740a638843fb330aba7b5d73879f8854f4678c3d5,ngofs2_regulargrid_v1
noaa_ngofs2_mobile_bay_regulargrid,MODEL,ngofs2_grid_880_996,noaa_ngofs2_mobile_bay_model,Montrose,1.5,30.57,-87.91999999999999,2.8518318470436084,eastward_current,-0.010113161988556385,m/s,surface,0.0,standard_depth_positive_down,model_grid_or_not_applicable,MODEL_WET_GRID_NODE,,2026-10-06T18:00:00+00:00,2026-10-07T06:31:11.819952+00:00,2026-10-07T06:31:11.819952+00:00,UTC,2026-10-06T21:00:00+00:00,nowcast,3,https://opendap.co-ops.nos.noaa.gov/thredds/dodsC/NOAA/NGOFS2/MODELS/2026/10/06/ngofs2.t21z.20261006.regulargrid.n003.nc,0.0,a35efafd89c8c60821aa7c6740a638843fb330aba7b5d73879f8854f4678c3d5,ngofs2_regulargrid_v1
noaa_ngofs2_mobile_bay_regulargrid,MODEL,ngofs2_grid_880_996,noaa_ngofs2_mobile_bay_model,Montrose,1.5,30.57,-87.91999999999999,2.8518318470436084,northward_current,-0.1680944412946701,m/s,surface,0.0,standard_depth_positive_down,model_grid_or_not_applicable,MODEL_WET_GRID_NODE,,2026-10-06T18:00:00+00:00,2026-10-07T06:31:11.819952+00:00,2026-10-07T06:31:11.819952+00:00,UTC,2026-10-06T21:00:00+00:00,nowcast,3,https://opendap.co-ops.nos.noaa.gov/thredds/dodsC/NOAA/NGOFS2/MODELS/2026/10/06/ngofs2.t21z.20261006.regulargrid.n003.nc,0.0,a35efafd89c8c60821aa7c6740a638843fb330aba7b5d73879f8854f4678c3d5,ngofs2_regulargrid_v1
noaa_ngofs2_mobile_bay_regulargrid,MODEL,ngofs2_grid_880_996,noaa_ngofs2_mobile_bay_model,Montrose,1.5,30.57,-87.91999999999999,2.8518318470436084,shoreward_current,-0.010113161988556395,m/s,surface,0.0,standard_depth_positive_down,model_grid_or_not_applicable,MODEL_WET_GRID_NODE,,2026-10-06T18:00:00+00:00,2026-10-07T06:31:11.819952+00:00,2026-10-07T06:31:11.819952+00:00,UTC,2026-10-06T21:00:00+00:00,nowcast,3,https://opendap.co-ops.nos.noaa.gov/thredds/dodsC/NOAA/NGOFS2/MODELS/2026/10/06/ngofs2.t21z.20261006.regulargrid.n003.nc,0.0,a35efafd89c8c60821aa7c6740a638843fb330aba7b5d73879f8854f4678c3d5,ngofs2_regulargrid_v1
noaa_ngofs2_mobile_bay_regulargrid,MODEL,ngofs2_grid_880_996,noaa_ngofs2_mobile_bay_model,Montrose,1.5,30.57,-87.91999999999999,2.8518318470436084,water_temperature,29.255531311035156,degC,surface,0.0,standard_depth_positive_down,model_grid_or_not_applicable,MODEL_WET_GRID_NODE,,2026-10-06T18:00:00+00:00,2026-10-07T06:31:11.819952+00:00,2026-10-07T06:31:11.819952+00:00,UTC,2026-10-06T21:00:00+00:00,nowcast,3,https://opendap.co-ops.nos.noaa.gov/thredds/dodsC/NOAA/NGOFS2/MODELS/2026/10/06/ngofs2.t21z.20261006.regulargrid.n003.nc,0.0,a35efafd89c8c60821aa7c6740a638843fb330aba7b5d73879f8854f4678c3d5,ngofs2_regulargrid_v1
noaa_ngofs2_mobile_bay_regulargrid,MODEL,ngofs2_grid_880_996,noaa_ngofs2_mobile_bay_model,Montrose,1.5,30.57,-87.91999999999999,2.8518318470436084,salinity,11.383548736572266,PSU,surface,0.0,standard_depth_positive_down,model_grid_or_not_applicable,MODEL_WET_GRID_NODE,,2026-10-06T18:00:00+00:00,2026-10-07T06:31:11.819952+00:00,2026-10-07T06:31:11.819952+00:00,UTC,2026-10-06T21:00:00+00:00,nowcast,3,https://opendap.co-ops.nos.noaa.gov/thredds/dodsC/NOAA/NGOFS2/MODELS/2026/10/06/ngofs2.t21z.20261006.regulargrid.n003.nc,0.0,a35efafd89c8c60821aa7c6740a638843fb330aba7b5d73879f8854f4678c3d5,ngofs2_regulargrid_v1
noaa_ngofs2_mobile_bay_regulargrid,MODEL,ngofs2_grid_880_996,noaa_ngofs2_mobile_bay_model,Montrose,1.5,30.57,-87.91999999999999,2.8518318470436084,eastward_current,0.06298841536045074,m/s,bottom,2.0,standard_depth_positive_down,model_grid_or_not_applicable,MODEL_WET_GRID_NODE,,2026-10-06T18:00:00+00:00,2026-10-07T06:31:11.819952+00:00,2026-10-07T06:31:11.819952+00:00,UTC,2026-10-06T21:00:00+00:00,nowcast,3,https://opendap.co-ops.nos.noaa.gov/thredds/dodsC/NOAA/NGOFS2/MODELS/2026/10/06/ngofs2.t21z.20261006.regulargrid.n003.nc,0.0,a35efafd89c8c60821aa7c6740a638843fb330aba7b5d73879f8854f4678c3d5,ngofs2_regulargrid_v1
noaa_ngofs2_mobile_bay_regulargrid,MODEL,ngofs2_grid_880_996,noaa_ngofs2_mobile_bay_model,Montrose,1.5,30.57,-87.91999999999999,2.8518318470436084,northward_current,0.0006831950740888715,m/s,bottom,2.0,standard_depth_positive_down,model_grid_or_not_applicable,MODEL_WET_GRID_NODE,,2026-10-06T18:00:00+00:00,2026-10-07T06:31:11.819952+00:00,2026-10-07T06:31:11.819952+00:00,UTC,2026-10-06T21:00:00+00:00,nowcast,3,https://opendap.co-ops.nos.noaa.gov/thredds/dodsC/NOAA/NGOFS2/MODELS/2026/10/06/ngofs2.t21z.20261006.regulargrid.n003.nc,0.0,a35efafd89c8c60821aa7c6740a638843fb330aba7b5d73879f8854f4678c3d5,ngofs2_regulargrid_v1
noaa_ngofs2_mobile_bay_regulargrid,MODEL,ngofs2_grid_880_996,noaa_ngofs2_mobile_bay_model,Montrose,1.5,30.57,-87.91999999999999,2.8518318470436084,shoreward_current,0.06298841536045074,m/s,bottom,2.0,standard_depth_positive_down,model_grid_or_not_applicable,MODEL_WET_GRID_NODE,,2026-10-06T18:00:00+00:00,2026-10-07T06:31:11.819952+00:00,2026-10-07T06:31:11.819952+00:00,UTC,2026-10-06T21:00:00+00:00,nowcast,3,https://opendap.co-ops.nos.noaa.gov/thredds/dodsC/NOAA/NGOFS2/MODELS/2026/10/06/ngofs2.t21z.20261006.regulargrid.n003.nc,0.0,a35efafd89c8c60821aa7c6740a638843fb330aba7b5d73879f8854f4678c3d5,ngofs2_regulargrid_v1
noaa_ngofs2_mobile_bay_regulargrid,MODEL,ngofs2_grid_880_996,noaa_ngofs2_mobile_bay_model,Montrose,1.5,30.57,-87.91999999999999,2.8518318470436084,water_temperature,29.78761863708496,degC,bottom,2.0,standard_depth_positive_down,model_grid_or_not_applicable,MODEL_WET_GRID_NODE,,2026-10-06T18:00:00+00:00,2026-10-07T06:31:11.819952+00:00,2026-10-07T06:31:11.819952+00:00,UTC,2026-10-06T21:00:00+00:00,nowcast,3,https://opendap.co-ops.nos.noaa.gov/thredds/dodsC/NOAA/NGOFS2/MODELS/2026/10/06/ngofs2.t21z.20261006.regulargrid.n003.nc,0.0,a35efafd89c8c60821aa7c6740a638843fb330aba7b5d73879f8854f4678c3d5,ngofs2_regulargrid_v1
noaa_ngofs2_mobile_bay_regulargrid,MODEL,ngofs2_grid_880_996,noaa_ngofs2_mobile_bay_model,Montrose,1.5,30.57,-87.91999999999999,2.8518318470436084,salinity,13.552863121032715,PSU,bottom,2.0,standard_depth_positive_down,model_grid_or_not_applicable,MODEL_WET_GRID_NODE,,2026-10-06T18:00:00+00:00,2026-10-07T06:31:11.819952+00:00,2026-10-07T06:31:11.819952+00:00,UTC,2026-10-06T21:00:00+00:00,nowcast,3,https://opendap.co-ops.nos.noaa.gov/thredds/dodsC/NOAA/NGOFS2/MODELS/2026/10/06/ngofs2.t21z.20261006.regulargrid.n003.nc,0.0,a35efafd89c8c60821aa7c6740a638843fb330aba7b5d73879f8854f4678c3d5,ngofs2_regulargrid_v1
noaa_ngofs2_mobile_bay_regulargrid,MODEL,ngofs2_grid_880_996,noaa_ngofs2_mobile_bay_model,Montrose,1.5,30.57,-87.91999999999999,2.8518318470436084,water_surface_elevation,0.2439499795436859,m,surface,0.0,surface,model_mean_sea_level,MODEL_WET_GRID_NODE,,2026-10-06T18:00:00+00:00,2026-10-07T06:31:11.819952+00:00,2026-10-07T06:31:11.819952+00:00,UTC,2026-10-06T21:00:00+00:00,nowcast,3,https://opendap.co-ops.nos.noaa.gov/thredds/dodsC/NOAA/NGOFS2/MODELS/2026/10/06/ngofs2.t21z.20261006.regulargrid.n003.nc,0.0,a35efafd89c8c60821aa7c6740a638843fb330aba7b5d73879f8854f4678c3d5,ngofs2_regulargrid_v1
noaa_ngofs2_mobile_bay_regulargrid,MODEL,ngofs2_grid_880_995,noaa_ngofs2_mobile_bay_model,Montrose,3.0,30.57,-87.92999999999999,3.1854552996525065,eastward_current,-0.045088399201631546,m/s,surface,0.0,standard_depth_positive_down,model_grid_or_not_applicable,MODEL_WET_GRID_NODE,,2026-10-06T18:00:00+00:00,2026-10-07T06:31:11.819952+00:00,2026-10-07T06:31:11.819952+00:00,UTC,2026-10-06T21:00:00+00:00,nowcast,3,https://opendap.co-ops.nos.noaa.gov/thredds/dodsC/NOAA/NGOFS2/MODELS/2026/10/06/ngofs2.t21z.20261006.regulargrid.n003.nc,0.0,a35efafd89c8c60821aa7c6740a638843fb330aba7b5d73879f8854f4678c3d5,ngofs2_regulargrid_v1
noaa_ngofs2_mobile_bay_regulargrid,MODEL,ngofs2_grid_880_995,noaa_ngofs2_mobile_bay_model,Montrose,3.0,30.57,-87.92999999999999,3.1854552996525065,northward_current,-0.1869034320116043,m/s,surface,0.0,standard_depth_positive_down,model_grid_or_not_applicable,MODEL_WET_GRID_NODE,,2026-10-06T18:00:00+00:00,2026-10-07T06:31:11.819952+00:00,2026-10-07T06:31:11.819952+00:00,UTC,2026-10-06T21:00:00+00:00,nowcast,3,https://opendap.co-ops.nos.noaa.gov/thredds/dodsC/NOAA/NGOFS2/MODELS/2026/10/06/ngofs2.t21z.20261006.regulargrid.n003.nc,0.0,a35efafd89c8c60821aa7c6740a638843fb330aba7b5d73879f8854f4678c3d5,ngofs2_regulargrid_v1
noaa_ngofs2_mobile_bay_regulargrid,MODEL,ngofs2_grid_880_995,noaa_ngofs2_mobile_bay_model,Montrose,3.0,30.57,-87.92999999999999,3.1854552996525065,shoreward_current,-0.04508839920163156,m/s,surface,0.0,standard_depth_positive_down,model_grid_or_not_applicable,MODEL_WET_GRID_NODE,,2026-10-06T18:00:00+00:00,2026-10-07T06:31:11.819952+00:00,2026-10-07T06:31:11.819952+00:00,UTC,2026-10-06T21:00:00+00:00,nowcast,3,https://opendap.co-ops.nos.noaa.gov/thredds/dodsC/NOAA/NGOFS2/MODELS/2026/10/06/ngofs2.t21z.20261006.regulargrid.n003.nc,0.0,a35efafd89c8c60821aa7c6740a638843fb330aba7b5d73879f8854f4678c3d5,ngofs2_regulargrid_v1
noaa_ngofs2_mobile_bay_regulargrid,MODEL,ngofs2_grid_880_995,noaa_ngofs2_mobile_bay_model,Montrose,3.0,30.57,-87.92999999999999,3.1854552996525065,water_temperature,29.095983505249023,degC,surface,0.0,standard_depth_positive_down,model_grid_or_not_applicable,MODEL_WET_GRID_NODE,,2026-10-06T18:00:00+00:00,2026-10-07T06:31:11.819952+00:00,2026-10-07T06:31:11.819952+00:00,UTC,2026-10-06T21:00:00+00:00,nowcast,3,https://opendap.co-ops.nos.noaa.gov/thredds/dodsC/NOAA/NGOFS2/MODELS/2026/10/06/ngofs2.t21z.20261006.regulargrid.n003.nc,0.0,a35efafd89c8c60821aa7c6740a638843fb330aba7b5d73879f8854f4678c3d5,ngofs2_regulargrid_v1
noaa_ngofs2_mobile_bay_regulargrid,MODEL,ngofs2_grid_880_995,noaa_ngofs2_mobile_bay_model,Montrose,3.0,30.57,-87.92999999999999,3.1854552996525065,salinity,10.789346694946289,PSU,surface,0.0,standard_depth_positive_down,model_grid_or_not_applicable,MODEL_WET_GRID_NODE,,2026-10-06T18:00:00+00:00,2026-10-07T06:31:11.819952+00:00,2026-10-07T06:31:11.819952+00:00,UTC,2026-10-06T21:00:00+00:00,nowcast,3,https://opendap.co-ops.nos.noaa.gov/thredds/dodsC/NOAA/NGOFS2/MODELS/2026/10/06/ngofs2.t21z.20261006.regulargrid.n003.nc,0.0,a35efafd89c8c60821aa7c6740a638843fb330aba7b5d73879f8854f4678c3d5,ngofs2_regulargrid_v1
noaa_ngofs2_mobile_bay_regulargrid,MODEL,ngofs2_grid_880_995,noaa_ngofs2_mobile_bay_model,Montrose,3.0,30.57,-87.92999999999999,3.1854552996525065,eastward_current,0.10236167907714844,m/s,bottom,2.0,standard_depth_positive_down,model_grid_or_not_applicable,MODEL_WET_GRID_NODE,,2026-10-06T18:00:00+00:00,2026-10-07T06:31:11.819952+00:00,2026-10-07T06:31:11.819952+00:00,UTC,2026-10-06T21:00:00+00:00,nowcast,3,https://opendap.co-ops.nos.noaa.gov/thredds/dodsC/NOAA/NGOFS2/MODELS/2026/10/06/ngofs2.t21z.20261006.regulargrid.n003.nc,0.0,a35efafd89c8c60821aa7c6740a638843fb330aba7b5d73879f8854f4678c3d5,ngofs2_regulargrid_v1
noaa_ngofs2_mobile_bay_regulargrid,MODEL,ngofs2_grid_880_995,noaa_ngofs2_mobile_bay_model,Montrose,3.0,30.57,-87.92999999999999,3.1854552996525065,northward_current,-0.03154740855097771,m/s,bottom,2.0,standard_depth_positive_down,model_grid_or_not_applicable,MODEL_WET_GRID_NODE,,2026-10-06T18:00:00+00:00,2026-10-07T06:31:11.819952+00:00,2026-10-07T06:31:11.819952+00:00,UTC,2026-10-06T21:00:00+00:00,nowcast,3,https://opendap.co-ops.nos.noaa.gov/thredds/dodsC/NOAA/NGOFS2/MODELS/2026/10/06/ngofs2.t21z.20261006.regulargrid.n003.nc,0.0,a35efafd89c8c60821aa7c6740a638843fb330aba7b5d73879f8854f4678c3d5,ngofs2_regulargrid_v1
noaa_ngofs2_mobile_bay_regulargrid,MODEL,ngofs2_grid_880_995,noaa_ngofs2_mobile_bay_model,Montrose,3.0,30.57,-87.92999999999999,3.1854552996525065,shoreward_current,0.10236167907714844,m/s,bottom,2.0,standard_depth_positive_down,model_grid_or_not_applicable,MODEL_WET_GRID_NODE,,2026-10-06T18:00:00+00:00,2026-10-07T06:31:11.819952+00:00,2026-10-07T06:31:11.819952+00:00,UTC,2026-10-06T21:00:00+00:00,nowcast,3,https://opendap.co-ops.nos.noaa.gov/thredds/dodsC/NOAA/NGOFS2/MODELS/2026/10/06/ngofs2.t21z.20261006.regulargrid.n003.nc,0.0,a35efafd89c8c60821aa7c6740a638843fb330aba7b5d73879f8854f4678c3d5,ngofs2_regulargrid_v1
noaa_ngofs2_mobile_bay_regulargrid,MODEL,ngofs2_grid_880_995,noaa_ngofs2_mobile_bay_model,Montrose,3.0,30.57,-87.92999999999999,3.1854552996525065,water_temperature,29.551227569580078,degC,bottom,2.0,standard_depth_positive_down,model_grid_or_not_applicable,MODEL_WET_GRID_NODE,,2026-10-06T18:00:00+00:00,2026-10-07T06:31:11.819952+00:00,2026-10-07T06:31:11.819952+00:00,UTC,2026-10-06T21:00:00+00:00,nowcast,3,https://opendap.co-ops.nos.noaa.gov/thredds/dodsC/NOAA/NGOFS2/MODELS/2026/10/06/ngofs2.t21z.20261006.regulargrid.n003.nc,0.0,a35efafd89c8c60821aa7c6740a638843fb330aba7b5d73879f8854f4678c3d5,ngofs2_regulargrid_v1
noaa_ngofs2_mobile_bay_regulargrid,MODEL,ngofs2_grid_880_995,noaa_ngofs2_mobile_bay_model,Montrose,3.0,30.57,-87.92999999999999,3.1854552996525065,salinity,12.97270679473877,PSU,bottom,2.0,standard_depth_positive_down,model_grid_or_not_applicable,MODEL_WET_GRID_NODE,,2026-10-06T18:00:00+00:00,2026-10-07T06:31:11.819952+00:00,2026-10-07T06:31:11.819952+00:00,UTC,2026-10-06T21:00:00+00:00,nowcast,3,https://opendap.co-ops.nos.noaa.gov/thredds/dodsC/NOAA/NGOFS2/MODELS/2026/10/06/ngofs2.t21z.20261006.regulargrid.n003.nc,0.0,a35efafd89c8c60821aa7c6740a638843fb330aba7b5d73879f8854f4678c3d5,ngofs2_regulargrid_v1
noaa_ngofs2_mobile_bay_regulargrid,MODEL,ngofs2_grid_880_995,noaa_ngofs2_mobile_bay_model,Montrose,3.0,30.57,-87.92999999999999,3.1854552996525065,water_surface_elevation,0.24547980725765228,m,surface,0.0,surface,model_mean_sea_level,MODEL_WET_GRID_NODE,,2026-10-06T18:00:00+00:00,2026-10-07T06:31:11.819952+00:00,2026-10-07T06:31:11.819952+00:00,UTC,2026-10-06T21:00:00+00:00,nowcast,3,https://opendap.co-ops.nos.noaa.gov/thredds/dodsC/NOAA/NGOFS2/MODELS/2026/10/06/ngofs2.t21z.20261006.regulargrid.n003.nc,0.0,a35efafd89c8c60821aa7c6740a638843fb330aba7b5d73879f8854f4678c3d5,ngofs2_regulargrid_v1
noaa_ngofs2_mobile_bay_regulargrid,MODEL,ngofs2_grid_875_996,noaa_ngofs2_mobile_bay_model,Fairhope/Fly Creek/Pier,0.25,30.52,-87.91999999999999,2.218344355235801,eastward_current,-0.07532943785190582,m/s,surface,0.0,standard_depth_positive_down,model_grid_or_not_applicable,MODEL_WET_GRID_NODE,,2026-10-06T18:00:00+00:00,2026-10-07T06:31:11.819952+00:00,2026-10-07T06:31:11.819952+00:00,UTC,2026-10-06T21:00:00+00:00,nowcast,3,https://opendap.co-ops.nos.noaa.gov/thredds/dodsC/NOAA/NGOFS2/MODELS/2026/10/06/ngofs2.t21z.20261006.regulargrid.n003.nc,0.0,a35efafd89c8c60821aa7c6740a638843fb330aba7b5d73879f8854f4678c3d5,ngofs2_regulargrid_v1
noaa_ngofs2_mobile_bay_regulargrid,MODEL,ngofs2_grid_875_996,noaa_ngofs2_mobile_bay_model,Fairhope/Fly Creek/Pier,0.25,30.52,-87.91999999999999,2.218344355235801,northward_current,-0.12141277641057968,m/s,surface,0.0,standard_depth_positive_down,model_grid_or_not_applicable,MODEL_WET_GRID_NODE,,2026-10-06T18:00:00+00:00,2026-10-07T06:31:11.819952+00:00,2026-10-07T06:31:11.819952+00:00,UTC,2026-10-06T21:00:00+00:00,nowcast,3,https://opendap.co-ops.nos.noaa.gov/thredds/dodsC/NOAA/NGOFS2/MODELS/2026/10/06/ngofs2.t21z.20261006.regulargrid.n003.nc,0.0,a35efafd89c8c60821aa7c6740a638843fb330aba7b5d73879f8854f4678c3d5,ngofs2_regulargrid_v1
noaa_ngofs2_mobile_bay_regulargrid,MODEL,ngofs2_grid_875_996,noaa_ngofs2_mobile_bay_model,Fairhope/Fly Creek/Pier,0.25,30.52,-87.91999999999999,2.218344355235801,shoreward_current,-0.07532943785190584,m/s,surface,0.0,standard_depth_positive_down,model_grid_or_not_applicable,MODEL_WET_GRID_NODE,,2026-10-06T18:00:00+00:00,2026-10-07T06:31:11.819952+00:00,2026-10-07T06:31:11.819952+00:00,UTC,2026-10-06T21:00:00+00:00,nowcast,3,https://opendap.co-ops.nos.noaa.gov/thredds/dodsC/NOAA/NGOFS2/MODELS/2026/10/06/ngofs2.t21z.20261006.regulargrid.n003.nc,0.0,a35efafd89c8c60821aa7c6740a638843fb330aba7b5d73879f8854f4678c3d5,ngofs2_regulargrid_v1
noaa_ngofs2_mobile_bay_regulargrid,MODEL,ngofs2_grid_875_996,noaa_ngofs2_mobile_bay_model,Fairhope/Fly Creek/Pier,0.25,30.52,-87.91999999999999,2.218344355235801,water_temperature,29.42188835144043,degC,surface,0.0,standard_depth_positive_down,model_grid_or_not_applicable,MODEL_WET_GRID_NODE,,2026-10-06T18:00:00+00:00,2026-10-07T06:31:11.819952+00:00,2026-10-07T06:31:11.819952+00:00,UTC,2026-10-06T21:00:00+00:00,nowcast,3,https://opendap.co-ops.nos.noaa.gov/thredds/dodsC/NOAA/NGOFS2/MODELS/2026/10/06/ngofs2.t21z.20261006.regulargrid.n003.nc,0.0,a35efafd89c8c60821aa7c6740a638843fb330aba7b5d73879f8854f4678c3d5,ngofs2_regulargrid_v1
noaa_ngofs2_mobile_bay_regulargrid,MODEL,ngofs2_grid_875_996,noaa_ngofs2_mobile_bay_model,Fairhope/Fly Creek/Pier,0.25,30.52,-87.91999999999999,2.218344355235801,salinity,13.924181938171387,PSU,surface,0.0,standard_depth_positive_down,model_grid_or_not_applicable,MODEL_WET_GRID_NODE,,2026-10-06T18:00:00+00:00,2026-10-07T06:31:11.819952+00:00,2026-10-07T06:31:11.819952+00:00,UTC,2026-10-06T21:00:00+00:00,nowcast,3,https://opendap.co-ops.nos.noaa.gov/thredds/dodsC/NOAA/NGOFS2/MODELS/2026/10/06/ngofs2.t21z.20261006.regulargrid.n003.nc,0.0,a35efafd89c8c60821aa7c6740a638843fb330aba7b5d73879f8854f4678c3d5,ngofs2_regulargrid_v1
noaa_ngofs2_mobile_bay_regulargrid,MODEL,ngofs2_grid_875_996,noaa_ngofs2_mobile_bay_model,Fairhope/Fly Creek/Pier,0.25,30.52,-87.91999999999999,2.218344355235801,eastward_current,-0.01369015034288168,m/s,bottom,2.0,standard_depth_positive_down,model_grid_or_not_applicable,MODEL_WET_GRID_NODE,,2026-10-06T18:00:00+00:00,2026-10-07T06:31:11.819952+00:00,2026-10-07T06:31:11.819952+00:00,UTC,2026-10-06T21:00:00+00:00,nowcast,3,https://opendap.co-ops.nos.noaa.gov/thredds/dodsC/NOAA/NGOFS2/MODELS/2026/10/06/ngofs2.t21z.20261006.regulargrid.n003.nc,0.0,a35efafd89c8c60821aa7c6740a638843fb330aba7b5d73879f8854f4678c3d5,ngofs2_regulargrid_v1
noaa_ngofs2_mobile_bay_regulargrid,MODEL,ngofs2_grid_875_996,noaa_ngofs2_mobile_bay_model,Fairhope/Fly Creek/Pier,0.25,30.52,-87.91999999999999,2.218344355235801,northward_current,-0.05077734589576721,m/s,bottom,2.0,standard_depth_positive_down,model_grid_or_not_applicable,MODEL_WET_GRID_NODE,,2026-10-06T18:00:00+00:00,2026-10-07T06:31:11.819952+00:00,2026-10-07T06:31:11.819952+00:00,UTC,2026-10-06T21:00:00+00:00,nowcast,3,https://opendap.co-ops.nos.noaa.gov/thredds/dodsC/NOAA/NGOFS2/MODELS/2026/10/06/ngofs2.t21z.20261006.regulargrid.n003.nc,0.0,a35efafd89c8c60821aa7c6740a638843fb330aba7b5d73879f8854f4678c3d5,ngofs2_regulargrid_v1
noaa_ngofs2_mobile_bay_regulargrid,MODEL,ngofs2_grid_875_996,noaa_ngofs2_mobile_bay_model,Fairhope/Fly Creek/Pier,0.25,30.52,-87.91999999999999,2.218344355235801,shoreward_current,-0.013690150342881683,m/s,bottom,2.0,standard_depth_positive_down,model_grid_or_not_applicable,MODEL_WET_GRID_NODE,,2026-10-06T18:00:00+00:00,2026-10-07T06:31:11.819952+00:00,2026-10-07T06:31:11.819952+00:00,UTC,2026-10-06T21:00:00+00:00,nowcast,3,https://opendap.co-ops.nos.noaa.gov/thredds/dodsC/NOAA/NGOFS2/MODELS/2026/10/06/ngofs2.t21z.20261006.regulargrid.n003.nc,0.0,a35efafd89c8c60821aa7c6740a638843fb330aba7b5d73879f8854f4678c3d5,ngofs2_regulargrid_v1
noaa_ngofs2_mobile_bay_regulargrid,MODEL,ngofs2_grid_875_996,noaa_ngofs2_mobile_bay_model,Fairhope/Fly Creek/Pier,0.25,30.52,-87.91999999999999,2.218344355235801,water_temperature,29.597036361694336,degC,bottom,2.0,standard_depth_positive_down,model_grid_or_not_applicable,MODEL_WET_GRID_NODE,,2026-10-06T18:00:00+00:00,2026-10-07T06:31:11.819952+00:00,2026-10-07T06:31:11.819952+00:00,UTC,2026-10-06T21:00:00+00:00,nowcast,3,https://opendap.co-ops.nos.noaa.gov/thredds/dodsC/NOAA/NGOFS2/MODELS/2026/10/06/ngofs2.t21z.20261006.regulargrid.n003.nc,0.0,a35efafd89c8c60821aa7c6740a638843fb330aba7b5d73879f8854f4678c3d5,ngofs2_regulargrid_v1
noaa_ngofs2_mobile_bay_regulargrid,MODEL,ngofs2_grid_875_996,noaa_ngofs2_mobile_bay_model,Fairhope/Fly Creek/Pier,0.25,30.52,-87.91999999999999,2.218344355235801,salinity,14.412296295166016,PSU,bottom,2.0,standard_depth_positive_down,model_grid_or_not_applicable,MODEL_WET_GRID_NODE,,2026-10-06T18:00:00+00:00,2026-10-07T06:31:11.819952+00:00,2026-10-07T06:31:11.819952+00:00,UTC,2026-10-06T21:00:00+00:00,nowcast,3,https://opendap.co-ops.nos.noaa.gov/thredds/dodsC/NOAA/NGOFS2/MODELS/2026/10/06/ngofs2.t21z.20261006.regulargrid.n003.nc,0.0,a35efafd89c8c60821aa7c6740a638843fb330aba7b5d73879f8854f4678c3d5,ngofs2_regulargrid_v1
noaa_ngofs2_mobile_bay_regulargrid,MODEL,ngofs2_grid_875_996,noaa_ngofs2_mobile_bay_model,Fairhope/Fly Creek/Pier,0.25,30.52,-87.91999999999999,2.218344355235801,water_surface_elevation,0.24148894846439362,m,surface,0.0,surface,model_mean_sea_level,MODEL_WET_GRID_NODE,,2026-10-06T18:00:00+00:00,2026-10-07T06:31:11.819952+00:00,2026-10-07T06:31:11.819952+00:00,UTC,2026-10-06T21:00:00+00:00,nowcast,3,https://opendap.co-ops.nos.noaa.gov/thredds/dodsC/NOAA/NGOFS2/MODELS/2026/10/06/ngofs2.t21z.20261006.regulargrid.n003.nc,0.0,a35efafd89c8c60821aa7c6740a638843fb330aba7b5d73879f8854f4678c3d5,ngofs2_regulargrid_v1
noaa_ngofs2_mobile_bay_regulargrid,MODEL,ngofs2_grid_876_996,noaa_ngofs2_mobile_bay_model,Fairhope/Fly Creek/Pier,0.75,30.53,-87.91999999999999,3.0932896910937813,eastward_current,-0.08184929937124252,m/s,surface,0.0,standard_depth_positive_down,model_grid_or_not_applicable,MODEL_WET_GRID_NODE,,2026-10-06T18:00:00+00:00,2026-10-07T06:31:11.819952+00:00,2026-10-07T06:31:11.819952+00:00,UTC,2026-10-06T21:00:00+00:00,nowcast,3,https://opendap.co-ops.nos.noaa.gov/thredds/dodsC/NOAA/NGOFS2/MODELS/2026/10/06/ngofs2.t21z.20261006.regulargrid.n003.nc,0.0,a35efafd89c8c60821aa7c6740a638843fb330aba7b5d73879f8854f4678c3d5,ngofs2_regulargrid_v1
noaa_ngofs2_mobile_bay_regulargrid,MODEL,ngofs2_grid_876_996,noaa_ngofs2_mobile_bay_model,Fairhope/Fly Creek/Pier,0.75,30.53,-87.91999999999999,3.0932896910937813,northward_current,-0.13098905980587006,m/s,surface,0.0,standard_depth_positive_down,model_grid_or_not_applicable,MODEL_WET_GRID_NODE,,2026-10-06T18:00:00+00:00,2026-10-07T06:31:11.819952+00:00,2026-10-07T06:31:11.819952+00:00,UTC,2026-10-06T21:00:00+00:00,nowcast,3,https://opendap.co-ops.nos.noaa.gov/thredds/dodsC/NOAA/NGOFS2/MODELS/2026/10/06/ngofs2.t21z.20261006.regulargrid.n003.nc,0.0,a35efafd89c8c60821aa7c6740a638843fb330aba7b5d73879f8854f4678c3d5,ngofs2_regulargrid_v1
noaa_ngofs2_mobile_bay_regulargrid,MODEL,ngofs2_grid_876_996,noaa_ngofs2_mobile_bay_model,Fairhope/Fly Creek/Pier,0.75,30.53,-87.91999999999999,3.0932896910937813,shoreward_current,-0.08184929937124254,m/s,surface,0.0,standard_depth_positive_down,model_grid_or_not_applicable,MODEL_WET_GRID_NODE,,2026-10-06T18:00:00+00:00,2026-10-07T06:31:11.819952+00:00,2026-10-07T06:31:11.819952+00:00,UTC,2026-10-06T21:00:00+00:00,nowcast,3,https://opendap.co-ops.nos.noaa.gov/thredds/dodsC/NOAA/NGOFS2/MODELS/2026/10/06/ngofs2.t21z.20261006.regulargrid.n003.nc,0.0,a35efafd89c8c60821aa7c6740a638843fb330aba7b5d73879f8854f4678c3d5,ngofs2_regulargrid_v1
noaa_ngofs2_mobile_bay_regulargrid,MODEL,ngofs2_grid_876_996,noaa_ngofs2_mobile_bay_model,Fairhope/Fly Creek/Pier,0.75,30.53,-87.91999999999999,3.0932896910937813,water_temperature,29.54903793334961,degC,surface,0.0,standard_depth_positive_down,model_grid_or_not_applicable,MODEL_WET_GRID_NODE,,2026-10-06T18:00:00+00:00,2026-10-07T06:31:11.819952+00:00,2026-10-07T06:31:11.819952+00:00,UTC,2026-10-06T21:00:00+00:00,nowcast,3,https://opendap.co-ops.nos.noaa.gov/thredds/dodsC/NOAA/NGOFS2/MODELS/2026/10/06/ngofs2.t21z.20261006.regulargrid.n003.nc,0.0,a35efafd89c8c60821aa7c6740a638843fb330aba7b5d73879f8854f4678c3d5,ngofs2_regulargrid_v1
noaa_ngofs2_mobile_bay_regulargrid,MODEL,ngofs2_grid_876_996,noaa_ngofs2_mobile_bay_model,Fairhope/Fly Creek/Pier,0.75,30.53,-87.91999999999999,3.0932896910937813,salinity,14.023307800292969,PSU,surface,0.0,standard_depth_positive_down,model_grid_or_not_applicable,MODEL_WET_GRID_NODE,,2026-10-06T18:00:00+00:00,2026-10-07T06:31:11.819952+00:00,2026-10-07T06:31:11.819952+00:00,UTC,2026-10-06T21:00:00+00:00,nowcast,3,https://opendap.co-ops.nos.noaa.gov/thredds/dodsC/NOAA/NGOFS2/MODELS/2026/10/06/ngofs2.t21z.20261006.regulargrid.n003.nc,0.0,a35efafd89c8c60821aa7c6740a638843fb330aba7b5d73879f8854f4678c3d5,ngofs2_regulargrid_v1
noaa_ngofs2_mobile_bay_regulargrid,MODEL,ngofs2_grid_876_996,noaa_ngofs2_mobile_bay_model,Fairhope/Fly Creek/Pier,0.75,30.53,-87.91999999999999,3.0932896910937813,eastward_current,-0.004114557057619095,m/s,bottom,2.0,standard_depth_positive_down,model_grid_or_not_applicable,MODEL_WET_GRID_NODE,,2026-10-06T18:00:00+00:00,2026-10-07T06:31:11.819952+00:00,2026-10-07T06:31:11.819952+00:00,UTC,2026-10-06T21:00:00+00:00,nowcast,3,https://opendap.co-ops.nos.noaa.gov/thredds/dodsC/NOAA/NGOFS2/MODELS/2026/10/06/ngofs2.t21z.20261006.regulargrid.n003.nc,0.0,a35efafd89c8c60821aa7c6740a638843fb330aba7b5d73879f8854f4678c3d5,ngofs2_regulargrid_v1
noaa_ngofs2_mobile_bay_regulargrid,MODEL,ngofs2_grid_876_996,noaa_ngofs2_mobile_bay_model,Fairhope/Fly Creek/Pier,0.75,30.53,-87.91999999999999,3.0932896910937813,northward_current,-0.06724231690168381,m/s,bottom,2.0,standard_depth_positive_down,model_grid_or_not_applicable,MODEL_WET_GRID_NODE,,2026-10-06T18:00:00+00:00,2026-10-07T06:31:11.819952+00:00,2026-10-07T06:31:11.819952+00:00,UTC,2026-10-06T21:00:00+00:00,nowcast,3,https://opendap.co-ops.nos.noaa.gov/thredds/dodsC/NOAA/NGOFS2/MODELS/2026/10/06/ngofs2.t21z.20261006.regulargrid.n003.nc,0.0,a35efafd89c8c60821aa7c6740a638843fb330aba7b5d73879f8854f4678c3d5,ngofs2_regulargrid_v1
noaa_ngofs2_mobile_bay_regulargrid,MODEL,ngofs2_grid_876_996,noaa_ngofs2_mobile_bay_model,Fairhope/Fly Creek/Pier,0.75,30.53,-87.91999999999999,3.0932896910937813,shoreward_current,-0.004114557057619099,m/s,bottom,2.0,standard_depth_positive_down,model_grid_or_not_applicable,MODEL_WET_GRID_NODE,,2026-10-06T18:00:00+00:00,2026-10-07T06:31:11.819952+00:00,2026-10-07T06:31:11.819952+00:00,UTC,2026-10-06T21:00:00+00:00,nowcast,3,https://opendap.co-ops.nos.noaa.gov/thredds/dodsC/NOAA/NGOFS2/MODELS/2026/10/06/ngofs2.t21z.20261006.regulargrid.n003.nc,0.0,a35efafd89c8c60821aa7c6740a638843fb330aba7b5d73879f8854f4678c3d5,ngofs2_regulargrid_v1
noaa_ngofs2_mobile_bay_regulargrid,MODEL,ngofs2_grid_876_996,noaa_ngofs2_mobile_bay_model,Fairhope/Fly Creek/Pier,0.75,30.53,-87.91999999999999,3.0932896910937813,water_temperature,29.701688766479492,degC,bottom,2.0,standard_depth_positive_down,model_grid_or_not_applicable,MODEL_WET_GRID_NODE,,2026-10-06T18:00:00+00:00,2026-10-07T06:31:11.819952+00:00,2026-10-07T06:31:11.819952+00:00,UTC,2026-10-06T21:00:00+00:00,nowcast,3,https://opendap.co-ops.nos.noaa.gov/thredds/dodsC/NOAA/NGOFS2/MODELS/2026/10/06/ngofs2.t21z.20261006.regulargrid.n003.nc,0.0,a35efafd89c8c60821aa7c6740a638843fb330aba7b5d73879f8854f4678c3d5,ngofs2_regulargrid_v1
noaa_ngofs2_mobile_bay_regulargrid,MODEL,ngofs2_grid_876_996,noaa_ngofs2_mobile_bay_model,Fairhope/Fly Creek/Pier,0.75,30.53,-87.91999999999999,3.0932896910937813,salinity,14.655434608459473,PSU,bottom,2.0,standard_depth_positive_down,model_grid_or_not_applicable,MODEL_WET_GRID_NODE,,2026-10-06T18:00:00+00:00,2026-10-07T06:31:11.819952+00:00,2026-10-07T06:31:11.819952+00:00,UTC,2026-10-06T21:00:00+00:00,nowcast,3,https://opendap.co-ops.nos.noaa.gov/thredds/dodsC/NOAA/NGOFS2/MODELS/2026/10/06/ngofs2.t21z.20261006.regulargrid.n003.nc,0.0,a35efafd89c8c60821aa7c6740a638843fb330aba7b5d73879f8854f4678c3d5,ngofs2_regulargrid_v1
noaa_ngofs2_mobile_bay_regulargrid,MODEL,ngofs2_grid_876_996,noaa_ngofs2_mobile_bay_model,Fairhope/Fly Creek/Pier,0.75,30.53,-87.91999999999999,3.0932896910937813,water_surface_elevation,0.2418738305568695,m,surface,0.0,surface,model_mean_sea_level,MODEL_WET_GRID_NODE,,2026-10-06T18:00:00+00:00,2026-10-07T06:31:11.819952+00:00,2026-10-07T06:31:11.819952+00:00,UTC,2026-10-06T21:00:00+00:00,nowcast,3,https://opendap.co-ops.nos.noaa.gov/thredds/dodsC/NOAA/NGOFS2/MODELS/2026/10/06/ngofs2.t21z.20261006.regulargrid.n003.nc,0.0,a35efafd89c8c60821aa7c6740a638843fb330aba7b5d73879f8854f4678c3d5,ngofs2_regulargrid_v1
noaa_ngofs2_mobile_bay_regulargrid,MODEL,ngofs2_grid_875_995,noaa_ngofs2_mobile_bay_model,Fairhope/Fly Creek/Pier,1.5,30.52,-87.92999999999999,3.361578206118958,eastward_current,-0.13610011339187622,m/s,surface,0.0,standard_depth_positive_down,model_grid_or_not_applicable,MODEL_WET_GRID_NODE,,2026-10-06T18:00:00+00:00,2026-10-07T06:31:11.819952+00:00,2026-10-07T06:31:11.819952+00:00,UTC,2026-10-06T21:00:00+00:00,nowcast,3,https://opendap.co-ops.nos.noaa.gov/thredds/dodsC/NOAA/NGOFS2/MODELS/2026/10/06/ngofs2.t21z.20261006.regulargrid.n003.nc,0.0,a35efafd89c8c60821aa7c6740a638843fb330aba7b5d73879f8854f4678c3d5,ngofs2_regulargrid_v1
noaa_ngofs2_mobile_bay_regulargrid,MODEL,ngofs2_grid_875_995,noaa_ngofs2_mobile_bay_model,Fairhope/Fly Creek/Pier,1.5,30.52,-87.92999999999999,3.361578206118958,northward_current,-0.14974668622016907,m/s,surface,0.0,standard_depth_positive_down,model_grid_or_not_applicable,MODEL_WET_GRID_NODE,,2026-10-06T18:00:00+00:00,2026-10-07T06:31:11.819952+00:00,2026-10-07T06:31:11.819952+00:00,UTC,2026-10-06T21:00:00+00:00,nowcast,3,https://opendap.co-ops.nos.noaa.gov/thredds/dodsC/NOAA/NGOFS2/MODELS/2026/10/06/ngofs2.t21z.20261006.regulargrid.n003.nc,0.0,a35efafd89c8c60821aa7c6740a638843fb330aba7b5d73879f8854f4678c3d5,ngofs2_regulargrid_v1
noaa_ngofs2_mobile_bay_regulargrid,MODEL,ngofs2_grid_875_995,noaa_ngofs2_mobile_bay_model,Fairhope/Fly Creek/Pier,1.5,30.52,-87.92999999999999,3.361578206118958,shoreward_current,-0.13610011339187622,m/s,surface,0.0,standard_depth_positive_down,model_grid_or_not_applicable,MODEL_WET_GRID_NODE,,2026-10-06T18:00:00+00:00,2026-10-07T06:31:11.819952+00:00,2026-10-07T06:31:11.819952+00:00,UTC,2026-10-06T21:00:00+00:00,nowcast,3,https://opendap.co-ops.nos.noaa.gov/thredds/dodsC/NOAA/NGOFS2/MODELS/2026/10/06/ngofs2.t21z.20261006.regulargrid.n003.nc,0.0,a35efafd89c8c60821aa7c6740a638843fb330aba7b5d73879f8854f4678c3d5,ngofs2_regulargrid_v1
noaa_ngofs2_mobile_bay_regulargrid,MODEL,ngofs2_grid_875_995,noaa_ngofs2_mobile_bay_model,Fairhope/Fly Creek/Pier,1.5,30.52,-87.92999999999999,3.361578206118958,water_temperature,29.478219985961914,degC,surface,0.0,standard_depth_positive_down,model_grid_or_not_applicable,MODEL_WET_GRID_NODE,,2026-10-06T18:00:00+00:00,2026-10-07T06:31:11.819952+00:00,2026-10-07T06:31:11.819952+00:00,UTC,2026-10-06T21:00:00+00:00,nowcast,3,https://opendap.co-ops.nos.noaa.gov/thredds/dodsC/NOAA/NGOFS2/MODELS/2026/10/06/ngofs2.t21z.20261006.regulargrid.n003.nc,0.0,a35efafd89c8c60821aa7c6740a638843fb330aba7b5d73879f8854f4678c3d5,ngofs2_regulargrid_v1
noaa_ngofs2_mobile_bay_regulargrid,MODEL,ngofs2_grid_875_995,noaa_ngofs2_mobile_bay_model,Fairhope/Fly Creek/Pier,1.5,30.52,-87.92999999999999,3.361578206118958,salinity,14.243340492248535,PSU,surface,0.0,standard_depth_positive_down,model_grid_or_not_applicable,MODEL_WET_GRID_NODE,,2026-10-06T18:00:00+00:00,2026-10-07T06:31:11.819952+00:00,2026-10-07T06:31:11.819952+00:00,UTC,2026-10-06T21:00:00+00:00,nowcast,3,https://opendap.co-ops.nos.noaa.gov/thredds/dodsC/NOAA/NGOFS2/MODELS/2026/10/06/ngofs2.t21z.20261006.regulargrid.n003.nc,0.0,a35efafd89c8c60821aa7c6740a638843fb330aba7b5d73879f8854f4678c3d5,ngofs2_regulargrid_v1
noaa_ngofs2_mobile_bay_regulargrid,MODEL,ngofs2_grid_875_995,noaa_ngofs2_mobile_bay_model,Fairhope/Fly Creek/Pier,1.5,30.52,-87.92999999999999,3.361578206118958,eastward_current,-0.0030259289778769016,m/s,bottom,2.0,standard_depth_positive_down,model_grid_or_not_applicable,MODEL_WET_GRID_NODE,,2026-10-06T18:00:00+00:00,2026-10-07T06:31:11.819952+00:00,2026-10-07T06:31:11.819952+00:00,UTC,2026-10-06T21:00:00+00:00,nowcast,3,https://opendap.co-ops.nos.noaa.gov/thredds/dodsC/NOAA/NGOFS2/MODELS/2026/10/06/ngofs2.t21z.20261006.regulargrid.n003.nc,0.0,a35efafd89c8c60821aa7c6740a638843fb330aba7b5d73879f8854f4678c3d5,ngofs2_regulargrid_v1
noaa_ngofs2_mobile_bay_regulargrid,MODEL,ngofs2_grid_875_995,noaa_ngofs2_mobile_bay_model,Fairhope/Fly Creek/Pier,1.5,30.52,-87.92999999999999,3.361578206118958,northward_current,-0.06929677724838257,m/s,bottom,2.0,standard_depth_positive_down,model_grid_or_not_applicable,MODEL_WET_GRID_NODE,,2026-10-06T18:00:00+00:00,2026-10-07T06:31:11.819952+00:00,2026-10-07T06:31:11.819952+00:00,UTC,2026-10-06T21:00:00+00:00,nowcast,3,https://opendap.co-ops.nos.noaa.gov/thredds/dodsC/NOAA/NGOFS2/MODELS/2026/10/06/ngofs2.t21z.20261006.regulargrid.n003.nc,0.0,a35efafd89c8c60821aa7c6740a638843fb330aba7b5d73879f8854f4678c3d5,ngofs2_regulargrid_v1
noaa_ngofs2_mobile_bay_regulargrid,MODEL,ngofs2_grid_875_995,noaa_ngofs2_mobile_bay_model,Fairhope/Fly Creek/Pier,1.5,30.52,-87.92999999999999,3.361578206118958,shoreward_current,-0.003025928977876906,m/s,bottom,2.0,standard_depth_positive_down,model_grid_or_not_applicable,MODEL_WET_GRID_NODE,,2026-10-06T18:00:00+00:00,2026-10-07T06:31:11.819952+00:00,2026-10-07T06:31:11.819952+00:00,UTC,2026-10-06T21:00:00+00:00,nowcast,3,https://opendap.co-ops.nos.noaa.gov/thredds/dodsC/NOAA/NGOFS2/MODELS/2026/10/06/ngofs2.t21z.20261006.regulargrid.n003.nc,0.0,a35efafd89c8c60821aa7c6740a638843fb330aba7b5d73879f8854f4678c3d5,ngofs2_regulargrid_v1
noaa_ngofs2_mobile_bay_regulargrid,MODEL,ngofs2_grid_875_995,noaa_ngofs2_mobile_bay_model,Fairhope/Fly Creek/Pier,1.5,30.52,-87.92999999999999,3.361578206118958,water_temperature,29.614185333251953,degC,bottom,2.0,standard_depth_positive_down,model_grid_or_not_applicable,MODEL_WET_GRID_NODE,,2026-10-06T18:00:00+00:00,2026-10-07T06:31:11.819952+00:00,2026-10-07T06:31:11.819952+00:00,UTC,2026-10-06T21:00:00+00:00,nowcast,3,https://opendap.co-ops.nos.noaa.gov/thredds/dodsC/NOAA/NGOFS2/MODELS/2026/10/06/ngofs2.t21z.20261006.regulargrid.n003.nc,0.0,a35efafd89c8c60821aa7c6740a638843fb330aba7b5d73879f8854f4678c3d5,ngofs2_regulargrid_v1
noaa_ngofs2_mobile_bay_regulargrid,MODEL,ngofs2_grid_875_995,noaa_ngofs2_mobile_bay_model,Fairhope/Fly Creek/Pier,1.5,30.52,-87.92999999999999,3.361578206118958,salinity,15.284485816955566,PSU,bottom,2.0,standard_depth_positive_down,model_grid_or_not_applicable,MODEL_WET_GRID_NODE,,2026-10-06T18:00:00+00:00,2026-10-07T06:31:11.819952+00:00,2026-10-07T06:31:11.819952+00:00,UTC,2026-10-06T21:00:00+00:00,nowcast,3,https://opendap.co-ops.nos.noaa.gov/thredds/dodsC/NOAA/NGOFS2/MODELS/2026/10/06/ngofs2.t21z.20261006.regulargrid.n003.nc,0.0,a35efafd89c8c60821aa7c6740a638843fb330aba7b5d73879f8854f4678c3d5,ngofs2_regulargrid_v1
noaa_ngofs2_mobile_bay_regulargrid,MODEL,ngofs2_grid_875_995,noaa_ngofs2_mobile_bay_model,Fairhope/Fly Creek/Pier,1.5,30.52,-87.92999999999999,3.361578206118958,water_surface_elevation,0.2416951060295105,m,surface,0.0,surface,model_mean_sea_level,MODEL_WET_GRID_NODE,,2026-10-06T18:00:00+00:00,2026-10-07T06:31:11.819952+00:00,2026-10-07T06:31:11.819952+00:00,UTC,2026-10-06T21:00:00+00:00,nowcast,3,https://opendap.co-ops.nos.noaa.gov/thredds/dodsC/NOAA/NGOFS2/MODELS/2026/10/06/ngofs2.t21z.20261006.regulargrid.n003.nc,0.0,a35efafd89c8c60821aa7c6740a638843fb330aba7b5d73879f8854f4678c3d5,ngofs2_regulargrid_v1
noaa_ngofs2_mobile_bay_regulargrid,MODEL,ngofs2_grid_875_993,noaa_ngofs2_mobile_bay_model,Fairhope/Fly Creek/Pier,3.0,30.52,-87.94999999999999,4.08614297131185,eastward_current,-0.1518992781639099,m/s,surface,0.0,standard_depth_positive_down,model_grid_or_not_applicable,MODEL_WET_GRID_NODE,,2026-10-06T18:00:00+00:00,2026-10-07T06:31:11.819952+00:00,2026-10-07T06:31:11.819952+00:00,UTC,2026-10-06T21:00:00+00:00,nowcast,3,https://opendap.co-ops.nos.noaa.gov/thredds/dodsC/NOAA/NGOFS2/MODELS/2026/10/06/ngofs2.t21z.20261006.regulargrid.n003.nc,0.0,a35efafd89c8c60821aa7c6740a638843fb330aba7b5d73879f8854f4678c3d5,ngofs2_regulargrid_v1
noaa_ngofs2_mobile_bay_regulargrid,MODEL,ngofs2_grid_875_993,noaa_ngofs2_mobile_bay_model,Fairhope/Fly Creek/Pier,3.0,30.52,-87.94999999999999,4.08614297131185,northward_current,-0.1691635698080063,m/s,surface,0.0,standard_depth_positive_down,model_grid_or_not_applicable,MODEL_WET_GRID_NODE,,2026-10-06T18:00:00+00:00,2026-10-07T06:31:11.819952+00:00,2026-10-07T06:31:11.819952+00:00,UTC,2026-10-06T21:00:00+00:00,nowcast,3,https://opendap.co-ops.nos.noaa.gov/thredds/dodsC/NOAA/NGOFS2/MODELS/2026/10/06/ngofs2.t21z.20261006.regulargrid.n003.nc,0.0,a35efafd89c8c60821aa7c6740a638843fb330aba7b5d73879f8854f4678c3d5,ngofs2_regulargrid_v1
noaa_ngofs2_mobile_bay_regulargrid,MODEL,ngofs2_grid_875_993,noaa_ngofs2_mobile_bay_model,Fairhope/Fly Creek/Pier,3.0,30.52,-87.94999999999999,4.08614297131185,shoreward_current,-0.1518992781639099,m/s,surface,0.0,standard_depth_positive_down,model_grid_or_not_applicable,MODEL_WET_GRID_NODE,,2026-10-06T18:00:00+00:00,2026-10-07T06:31:11.819952+00:00,2026-10-07T06:31:11.819952+00:00,UTC,2026-10-06T21:00:00+00:00,nowcast,3,https://opendap.co-ops.nos.noaa.gov/thredds/dodsC/NOAA/NGOFS2/MODELS/2026/10/06/ngofs2.t21z.20261006.regulargrid.n003.nc,0.0,a35efafd89c8c60821aa7c6740a638843fb330aba7b5d73879f8854f4678c3d5,ngofs2_regulargrid_v1
noaa_ngofs2_mobile_bay_regulargrid,MODEL,ngofs2_grid_875_993,noaa_ngofs2_mobile_bay_model,Fairhope/Fly Creek/Pier,3.0,30.52,-87.94999999999999,4.08614297131185,water_temperature,29.2020206451416,degC,surface,0.0,standard_depth_positive_down,model_grid_or_not_applicable,MODEL_WET_GRID_NODE,,2026-10-06T18:00:00+00:00,2026-10-07T06:31:11.819952+00:00,2026-10-07T06:31:11.819952+00:00,UTC,2026-10-06T21:00:00+00:00,nowcast,3,https://opendap.co-ops.nos.noaa.gov/thredds/dodsC/NOAA/NGOFS2/MODELS/2026/10/06/ngofs2.t21z.20261006.regulargrid.n003.nc,0.0,a35efafd89c8c60821aa7c6740a638843fb330aba7b5d73879f8854f4678c3d5,ngofs2_regulargrid_v1
noaa_ngofs2_mobile_bay_regulargrid,MODEL,ngofs2_grid_875_993,noaa_ngofs2_mobile_bay_model,Fairhope/Fly Creek/Pier,3.0,30.52,-87.94999999999999,4.08614297131185,salinity,13.878399848937988,PSU,surface,0.0,standard_depth_positive_down,model_grid_or_not_applicable,MODEL_WET_GRID_NODE,,2026-10-06T18:00:00+00:00,2026-10-07T06:31:11.819952+00:00,2026-10-07T06:31:11.819952+00:00,UTC,2026-10-06T21:00:00+00:00,nowcast,3,https://opendap.co-ops.nos.noaa.gov/thredds/dodsC/NOAA/NGOFS2/MODELS/2026/10/06/ngofs2.t21z.20261006.regulargrid.n003.nc,0.0,a35efafd89c8c60821aa7c6740a638843fb330aba7b5d73879f8854f4678c3d5,ngofs2_regulargrid_v1
noaa_ngofs2_mobile_bay_regulargrid,MODEL,ngofs2_grid_875_993,noaa_ngofs2_mobile_bay_model,Fairhope/Fly Creek/Pier,3.0,30.52,-87.94999999999999,4.08614297131185,eastward_current,0.03396657854318619,m/s,bottom,4.0,standard_depth_positive_down,model_grid_or_not_applicable,MODEL_WET_GRID_NODE,,2026-10-06T18:00:00+00:00,2026-10-07T06:31:11.819952+00:00,2026-10-07T06:31:11.819952+00:00,UTC,2026-10-06T21:00:00+00:00,nowcast,3,https://opendap.co-ops.nos.noaa.gov/thredds/dodsC/NOAA/NGOFS2/MODELS/2026/10/06/ngofs2.t21z.20261006.regulargrid.n003.nc,0.0,a35efafd89c8c60821aa7c6740a638843fb330aba7b5d73879f8854f4678c3d5,ngofs2_regulargrid_v1
noaa_ngofs2_mobile_bay_regulargrid,MODEL,ngofs2_grid_875_993,noaa_ngofs2_mobile_bay_model,Fairhope/Fly Creek/Pier,3.0,30.52,-87.94999999999999,4.08614297131185,northward_current,0.012602129019796848,m/s,bottom,4.0,standard_depth_positive_down,model_grid_or_not_applicable,MODEL_WET_GRID_NODE,,2026-10-06T18:00:00+00:00,2026-10-07T06:31:11.819952+00:00,2026-10-07T06:31:11.819952+00:00,UTC,2026-10-06T21:00:00+00:00,nowcast,3,https://opendap.co-ops.nos.noaa.gov/thredds/dodsC/NOAA/NGOFS2/MODELS/2026/10/06/ngofs2.t21z.20261006.regulargrid.n003.nc,0.0,a35efafd89c8c60821aa7c6740a638843fb330aba7b5d73879f8854f4678c3d5,ngofs2_regulargrid_v1
noaa_ngofs2_mobile_bay_regulargrid,MODEL,ngofs2_grid_875_993,noaa_ngofs2_mobile_bay_model,Fairhope/Fly Creek/Pier,3.0,30.52,-87.94999999999999,4.08614297131185,shoreward_current,0.03396657854318619,m/s,bottom,4.0,standard_depth_positive_down,model_grid_or_not_applicable,MODEL_WET_GRID_NODE,,2026-10-06T18:00:00+00:00,2026-10-07T06:31:11.819952+00:00,2026-10-07T06:31:11.819952+00:00,UTC,2026-10-06T21:00:00+00:00,nowcast,3,https://opendap.co-ops.nos.noaa.gov/thredds/dodsC/NOAA/NGOFS2/MODELS/2026/10/06/ngofs2.t21z.20261006.regulargrid.n003.nc,0.0,a35efafd89c8c60821aa7c6740a638843fb330aba7b5d73879f8854f4678c3d5,ngofs2_regulargrid_v1
noaa_ngofs2_mobile_bay_regulargrid,MODEL,ngofs2_grid_875_993,noaa_ngofs2_mobile_bay_model,Fairhope/Fly Creek/Pier,3.0,30.52,-87.94999999999999,4.08614297131185,water_temperature,29.47052764892578,degC,bottom,4.0,standard_depth_positive_down,model_grid_or_not_applicable,MODEL_WET_GRID_NODE,,2026-10-06T18:00:00+00:00,2026-10-07T06:31:11.819952+00:00,2026-10-07T06:31:11.819952+00:00,UTC,2026-10-06T21:00:00+00:00,nowcast,3,https://opendap.co-ops.nos.noaa.gov/thredds/dodsC/NOAA/NGOFS2/MODELS/2026/10/06/ngofs2.t21z.20261006.regulargrid.n003.nc,0.0,a35efafd89c8c60821aa7c6740a638843fb330aba7b5d73879f8854f4678c3d5,ngofs2_regulargrid_v1
noaa_ngofs2_mobile_bay_regulargrid,MODEL,ngofs2_grid_875_993,noaa_ngofs2_mobile_bay_model,Fairhope/Fly Creek/Pier,3.0,30.52,-87.94999999999999,4.08614297131185,salinity,18.802976608276367,PSU,bottom,4.0,standard_depth_positive_down,model_grid_or_not_applicable,MODEL_WET_GRID_NODE,,2026-10-06T18:00:00+00:00,2026-10-07T06:31:11.819952+00:00,2026-10-07T06:31:11.819952+00:00,UTC,2026-10-06T21:00:00+00:00,nowcast,3,https://opendap.co-ops.nos.noaa.gov/thredds/dodsC/NOAA/NGOFS2/MODELS/2026/10/06/ngofs2.t21z.20261006.regulargrid.n003.nc,0.0,a35efafd89c8c60821aa7c6740a638843fb330aba7b5d73879f8854f4678c3d5,ngofs2_regulargrid_v1
noaa_ngofs2_mobile_bay_regulargrid,MODEL,ngofs2_grid_875_993,noaa_ngofs2_mobile_bay_model,Fairhope/Fly Creek/Pier,3.0,30.52,-87.94999999999999,4.08614297131185,water_surface_elevation,0.2433653324842453,m,surface,0.0,surface,model_mean_sea_level,MODEL_WET_GRID_NODE,,2026-10-06T18:00:00+00:00,2026-10-07T06:31:11.819952+00:00,2026-10-07T06:31:11.819952+00:00,UTC,2026-10-06T21:00:00+00:00,nowcast,3,https://opendap.co-ops.nos.noaa.gov/thredds/dodsC/NOAA/NGOFS2/MODELS/2026/10/06/ngofs2.t21z.20261006.regulargrid.n003.nc,0.0,a35efafd89c8c60821aa7c6740a638843fb330aba7b5d73879f8854f4678c3d5,ngofs2_regulargrid_v1
noaa_ngofs2_mobile_bay_regulargrid,MODEL,ngofs2_grid_873_995,noaa_ngofs2_mobile_bay_model,Battles Wharf,0.25,30.5,-87.92999999999999,1.5247603851571427,eastward_current,-0.05539070442318916,m/s,surface,0.0,standard_depth_positive_down,model_grid_or_not_applicable,MODEL_WET_GRID_NODE,,2026-10-06T18:00:00+00:00,2026-10-07T06:31:11.819952+00:00,2026-10-07T06:31:11.819952+00:00,UTC,2026-10-06T21:00:00+00:00,nowcast,3,https://opendap.co-ops.nos.noaa.gov/thredds/dodsC/NOAA/NGOFS2/MODELS/2026/10/06/ngofs2.t21z.20261006.regulargrid.n003.nc,0.0,a35efafd89c8c60821aa7c6740a638843fb330aba7b5d73879f8854f4678c3d5,ngofs2_regulargrid_v1
noaa_ngofs2_mobile_bay_regulargrid,MODEL,ngofs2_grid_873_995,noaa_ngofs2_mobile_bay_model,Battles Wharf,0.25,30.5,-87.92999999999999,1.5247603851571427,northward_current,-0.15814761817455292,m/s,surface,0.0,standard_depth_positive_down,model_grid_or_not_applicable,MODEL_WET_GRID_NODE,,2026-10-06T18:00:00+00:00,2026-10-07T06:31:11.819952+00:00,2026-10-07T06:31:11.819952+00:00,UTC,2026-10-06T21:00:00+00:00,nowcast,3,https://opendap.co-ops.nos.noaa.gov/thredds/dodsC/NOAA/NGOFS2/MODELS/2026/10/06/ngofs2.t21z.20261006.regulargrid.n003.nc,0.0,a35efafd89c8c60821aa7c6740a638843fb330aba7b5d73879f8854f4678c3d5,ngofs2_regulargrid_v1
noaa_ngofs2_mobile_bay_regulargrid,MODEL,ngofs2_grid_873_995,noaa_ngofs2_mobile_bay_model,Battles Wharf,0.25,30.5,-87.92999999999999,1.5247603851571427,shoreward_current,-0.05539070442318917,m/s,surface,0.0,standard_depth_positive_down,model_grid_or_not_applicable,MODEL_WET_GRID_NODE,,2026-10-06T18:00:00+00:00,2026-10-07T06:31:11.819952+00:00,2026-10-07T06:31:11.819952+00:00,UTC,2026-10-06T21:00:00+00:00,nowcast,3,https://opendap.co-ops.nos.noaa.gov/thredds/dodsC/NOAA/NGOFS2/MODELS/2026/10/06/ngofs2.t21z.20261006.regulargrid.n003.nc,0.0,a35efafd89c8c60821aa7c6740a638843fb330aba7b5d73879f8854f4678c3d5,ngofs2_regulargrid_v1
noaa_ngofs2_mobile_bay_regulargrid,MODEL,ngofs2_grid_873_995,noaa_ngofs2_mobile_bay_model,Battles Wharf,0.25,30.5,-87.92999999999999,1.5247603851571427,water_temperature,29.32747459411621,degC,surface,0.0,standard_depth_positive_down,model_grid_or_not_applicable,MODEL_WET_GRID_NODE,,2026-10-06T18:00:00+00:00,2026-10-07T06:31:11.819952+00:00,2026-10-07T06:31:11.819952+00:00,UTC,2026-10-06T21:00:00+00:00,nowcast,3,https://opendap.co-ops.nos.noaa.gov/thredds/dodsC/NOAA/NGOFS2/MODELS/2026/10/06/ngofs2.t21z.20261006.regulargrid.n003.nc,0.0,a35efafd89c8c60821aa7c6740a638843fb330aba7b5d73879f8854f4678c3d5,ngofs2_regulargrid_v1
noaa_ngofs2_mobile_bay_regulargrid,MODEL,ngofs2_grid_873_995,noaa_ngofs2_mobile_bay_model,Battles Wharf,0.25,30.5,-87.92999999999999,1.5247603851571427,salinity,14.082918167114258,PSU,surface,0.0,standard_depth_positive_down,model_grid_or_not_applicable,MODEL_WET_GRID_NODE,,2026-10-06T18:00:00+00:00,2026-10-07T06:31:11.819952+00:00,2026-10-07T06:31:11.819952+00:00,UTC,2026-10-06T21:00:00+00:00,nowcast,3,https://opendap.co-ops.nos.noaa.gov/thredds/dodsC/NOAA/NGOFS2/MODELS/2026/10/06/ngofs2.t21z.20261006.regulargrid.n003.nc,0.0,a35efafd89c8c60821aa7c6740a638843fb330aba7b5d73879f8854f4678c3d5,ngofs2_regulargrid_v1
noaa_ngofs2_mobile_bay_regulargrid,MODEL,ngofs2_grid_873_995,noaa_ngofs2_mobile_bay_model,Battles Wharf,0.25,30.5,-87.92999999999999,1.5247603851571427,eastward_current,-0.03857334330677986,m/s,bottom,1.0,standard_depth_positive_down,model_grid_or_not_applicable,MODEL_WET_GRID_NODE,,2026-10-06T18:00:00+00:00,2026-10-07T06:31:11.819952+00:00,2026-10-07T06:31:11.819952+00:00,UTC,2026-10-06T21:00:00+00:00,nowcast,3,https://opendap.co-ops.nos.noaa.gov/thredds/dodsC/NOAA/NGOFS2/MODELS/2026/10/06/ngofs2.t21z.20261006.regulargrid.n003.nc,0.0,a35efafd89c8c60821aa7c6740a638843fb330aba7b5d73879f8854f4678c3d5,ngofs2_regulargrid_v1
noaa_ngofs2_mobile_bay_regulargrid,MODEL,ngofs2_grid_873_995,noaa_ngofs2_mobile_bay_model,Battles Wharf,0.25,30.5,-87.92999999999999,1.5247603851571427,northward_current,-0.12740293145179749,m/s,bottom,1.0,standard_depth_positive_down,model_grid_or_not_applicable,MODEL_WET_GRID_NODE,,2026-10-06T18:00:00+00:00,2026-10-07T06:31:11.819952+00:00,2026-10-07T06:31:11.819952+00:00,UTC,2026-10-06T21:00:00+00:00,nowcast,3,https://opendap.co-ops.nos.noaa.gov/thredds/dodsC/NOAA/NGOFS2/MODELS/2026/10/06/ngofs2.t21z.20261006.regulargrid.n003.nc,0.0,a35efafd89c8c60821aa7c6740a638843fb330aba7b5d73879f8854f4678c3d5,ngofs2_regulargrid_v1
noaa_ngofs2_mobile_bay_regulargrid,MODEL,ngofs2_grid_873_995,noaa_ngofs2_mobile_bay_model,Battles Wharf,0.25,30.5,-87.92999999999999,1.5247603851571427,shoreward_current,-0.03857334330677987,m/s,bottom,1.0,standard_depth_positive_down,model_grid_or_not_applicable,MODEL_WET_GRID_NODE,,2026-10-06T18:00:00+00:00,2026-10-07T06:31:11.819952+00:00,2026-10-07T06:31:11.819952+00:00,UTC,2026-10-06T21:00:00+00:00,nowcast,3,https://opendap.co-ops.nos.noaa.gov/thredds/dodsC/NOAA/NGOFS2/MODELS/2026/10/06/ngofs2.t21z.20261006.regulargrid.n003.nc,0.0,a35efafd89c8c60821aa7c6740a638843fb330aba7b5d73879f8854f4678c3d5,ngofs2_regulargrid_v1
noaa_ngofs2_mobile_bay_regulargrid,MODEL,ngofs2_grid_873_995,noaa_ngofs2_mobile_bay_model,Battles Wharf,0.25,30.5,-87.92999999999999,1.5247603851571427,water_temperature,29.330652236938477,degC,bottom,1.0,standard_depth_positive_down,model_grid_or_not_applicable,MODEL_WET_GRID_NODE,,2026-10-06T18:00:00+00:00,2026-10-07T06:31:11.819952+00:00,2026-10-07T06:31:11.819952+00:00,UTC,2026-10-06T21:00:00+00:00,nowcast,3,https://opendap.co-ops.nos.noaa.gov/thredds/dodsC/NOAA/NGOFS2/MODELS/2026/10/06/ngofs2.t21z.20261006.regulargrid.n003.nc,0.0,a35efafd89c8c60821aa7c6740a638843fb330aba7b5d73879f8854f4678c3d5,ngofs2_regulargrid_v1
noaa_ngofs2_mobile_bay_regulargrid,MODEL,ngofs2_grid_873_995,noaa_ngofs2_mobile_bay_model,Battles Wharf,0.25,30.5,-87.92999999999999,1.5247603851571427,salinity,14.081748962402344,PSU,bottom,1.0,standard_depth_positive_down,model_grid_or_not_applicable,MODEL_WET_GRID_NODE,,2026-10-06T18:00:00+00:00,2026-10-07T06:31:11.819952+00:00,2026-10-07T06:31:11.819952+00:00,UTC,2026-10-06T21:00:00+00:00,nowcast,3,https://opendap.co-ops.nos.noaa.gov/thredds/dodsC/NOAA/NGOFS2/MODELS/2026/10/06/ngofs2.t21z.20261006.regulargrid.n003.nc,0.0,a35efafd89c8c60821aa7c6740a638843fb330aba7b5d73879f8854f4678c3d5,ngofs2_regulargrid_v1
noaa_ngofs2_mobile_bay_regulargrid,MODEL,ngofs2_grid_873_995,noaa_ngofs2_mobile_bay_model,Battles Wharf,0.25,30.5,-87.92999999999999,1.5247603851571427,water_surface_elevation,0.23864871263504028,m,surface,0.0,surface,model_mean_sea_level,MODEL_WET_GRID_NODE,,2026-10-06T18:00:00+00:00,2026-10-07T06:31:11.819952+00:00,2026-10-07T06:31:11.819952+00:00,UTC,2026-10-06T21:00:00+00:00,nowcast,3,https://opendap.co-ops.nos.noaa.gov/thredds/dodsC/NOAA/NGOFS2/MODELS/2026/10/06/ngofs2.t21z.20261006.regulargrid.n003.nc,0.0,a35efafd89c8c60821aa7c6740a638843fb330aba7b5d73879f8854f4678c3d5,ngofs2_regulargrid_v1
noaa_ngofs2_mobile_bay_regulargrid,MODEL,ngofs2_grid_872_994,noaa_ngofs2_mobile_bay_model,Battles Wharf,0.75,30.490000000000002,-87.94,1.9933871290190823,eastward_current,-0.07532743364572525,m/s,surface,0.0,standard_depth_positive_down,model_grid_or_not_applicable,MODEL_WET_GRID_NODE,,2026-10-06T18:00:00+00:00,2026-10-07T06:31:11.819952+00:00,2026-10-07T06:31:11.819952+00:00,UTC,2026-10-06T21:00:00+00:00,nowcast,3,https://opendap.co-ops.nos.noaa.gov/thredds/dodsC/NOAA/NGOFS2/MODELS/2026/10/06/ngofs2.t21z.20261006.regulargrid.n003.nc,0.0,a35efafd89c8c60821aa7c6740a638843fb330aba7b5d73879f8854f4678c3d5,ngofs2_regulargrid_v1
noaa_ngofs2_mobile_bay_regulargrid,MODEL,ngofs2_grid_872_994,noaa_ngofs2_mobile_bay_model,Battles Wharf,0.75,30.490000000000002,-87.94,1.9933871290190823,northward_current,-0.18681953847408295,m/s,surface,0.0,standard_depth_positive_down,model_grid_or_not_applicable,MODEL_WET_GRID_NODE,,2026-10-06T18:00:00+00:00,2026-10-07T06:31:11.819952+00:00,2026-10-07T06:31:11.819952+00:00,UTC,2026-10-06T21:00:00+00:00,nowcast,3,https://opendap.co-ops.nos.noaa.gov/thredds/dodsC/NOAA/NGOFS2/MODELS/2026/10/06/ngofs2.t21z.20261006.regulargrid.n003.nc,0.0,a35efafd89c8c60821aa7c6740a638843fb330aba7b5d73879f8854f4678c3d5,ngofs2_regulargrid_v1
noaa_ngofs2_mobile_bay_regulargrid,MODEL,ngofs2_grid_872_994,noaa_ngofs2_mobile_bay_model,Battles Wharf,0.75,30.490000000000002,-87.94,1.9933871290190823,shoreward_current,-0.07532743364572526,m/s,surface,0.0,standard_depth_positive_down,model_grid_or_not_applicable,MODEL_WET_GRID_NODE,,2026-10-06T18:00:00+00:00,2026-10-07T06:31:11.819952+00:00,2026-10-07T06:31:11.819952+00:00,UTC,2026-10-06T21:00:00+00:00,nowcast,3,https://opendap.co-ops.nos.noaa.gov/thredds/dodsC/NOAA/NGOFS2/MODELS/2026/10/06/ngofs2.t21z.20261006.regulargrid.n003.nc,0.0,a35efafd89c8c60821aa7c6740a638843fb330aba7b5d73879f8854f4678c3d5,ngofs2_regulargrid_v1
noaa_ngofs2_mobile_bay_regulargrid,MODEL,ngofs2_grid_872_994,noaa_ngofs2_mobile_bay_model,Battles Wharf,0.75,30.490000000000002,-87.94,1.9933871290190823,water_temperature,29.32884979248047,degC,surface,0.0,standard_depth_positive_down,model_grid_or_not_applicable,MODEL_WET_GRID_NODE,,2026-10-06T18:00:00+00:00,2026-10-07T06:31:11.819952+00:00,2026-10-07T06:31:11.819952+00:00,UTC,2026-10-06T21:00:00+00:00,nowcast,3,https://opendap.co-ops.nos.noaa.gov/thredds/dodsC/NOAA/NGOFS2/MODELS/2026/10/06/ngofs2.t21z.20261006.regulargrid.n003.nc,0.0,a35efafd89c8c60821aa7c6740a638843fb330aba7b5d73879f8854f4678c3d5,ngofs2_regulargrid_v1
noaa_ngofs2_mobile_bay_regulargrid,MODEL,ngofs2_grid_872_994,noaa_ngofs2_mobile_bay_model,Battles Wharf,0.75,30.490000000000002,-87.94,1.9933871290190823,salinity,14.67635440826416,PSU,surface,0.0,standard_depth_positive_down,model_grid_or_not_applicable,MODEL_WET_GRID_NODE,,2026-10-06T18:00:00+00:00,2026-10-07T06:31:11.819952+00:00,2026-10-07T06:31:11.819952+00:00,UTC,2026-10-06T21:00:00+00:00,nowcast,3,https://opendap.co-ops.nos.noaa.gov/thredds/dodsC/NOAA/NGOFS2/MODELS/2026/10/06/ngofs2.t21z.20261006.regulargrid.n003.nc,0.0,a35efafd89c8c60821aa7c6740a638843fb330aba7b5d73879f8854f4678c3d5,ngofs2_regulargrid_v1
noaa_ngofs2_mobile_bay_regulargrid,MODEL,ngofs2_grid_872_994,noaa_ngofs2_mobile_bay_model,Battles Wharf,0.75,30.490000000000002,-87.94,1.9933871290190823,eastward_current,-0.04407808184623718,m/s,bottom,1.0,standard_depth_positive_down,model_grid_or_not_applicable,MODEL_WET_GRID_NODE,,2026-10-06T18:00:00+00:00,2026-10-07T06:31:11.819952+00:00,2026-10-07T06:31:11.819952+00:00,UTC,2026-10-06T21:00:00+00:00,nowcast,3,https://opendap.co-ops.nos.noaa.gov/thredds/dodsC/NOAA/NGOFS2/MODELS/2026/10/06/ngofs2.t21z.20261006.regulargrid.n003.nc,0.0,a35efafd89c8c60821aa7c6740a638843fb330aba7b5d73879f8854f4678c3d5,ngofs2_regulargrid_v1
noaa_ngofs2_mobile_bay_regulargrid,MODEL,ngofs2_grid_872_994,noaa_ngofs2_mobile_bay_model,Battles Wharf,0.75,30.490000000000002,-87.94,1.9933871290190823,northward_current,-0.1515234410762787,m/s,bottom,1.0,standard_depth_positive_down,model_grid_or_not_applicable,MODEL_WET_GRID_NODE,,2026-10-06T18:00:00+00:00,2026-10-07T06:31:11.819952+00:00,2026-10-07T06:31:11.819952+00:00,UTC,2026-10-06T21:00:00+00:00,nowcast,3,https://opendap.co-ops.nos.noaa.gov/thredds/dodsC/NOAA/NGOFS2/MODELS/2026/10/06/ngofs2.t21z.20261006.regulargrid.n003.nc,0.0,a35efafd89c8c60821aa7c6740a638843fb330aba7b5d73879f8854f4678c3d5,ngofs2_regulargrid_v1
noaa_ngofs2_mobile_bay_regulargrid,MODEL,ngofs2_grid_872_994,noaa_ngofs2_mobile_bay_model,Battles Wharf,0.75,30.490000000000002,-87.94,1.9933871290190823,shoreward_current,-0.04407808184623719,m/s,bottom,1.0,standard_depth_positive_down,model_grid_or_not_applicable,MODEL_WET_GRID_NODE,,2026-10-06T18:00:00+00:00,2026-10-07T06:31:11.819952+00:00,2026-10-07T06:31:11.819952+00:00,UTC,2026-10-06T21:00:00+00:00,nowcast,3,https://opendap.co-ops.nos.noaa.gov/thredds/dodsC/NOAA/NGOFS2/MODELS/2026/10/06/ngofs2.t21z.20261006.regulargrid.n003.nc,0.0,a35efafd89c8c60821aa7c6740a638843fb330aba7b5d73879f8854f4678c3d5,ngofs2_regulargrid_v1
noaa_ngofs2_mobile_bay_regulargrid,MODEL,ngofs2_grid_872_994,noaa_ngofs2_mobile_bay_model,Battles Wharf,0.75,30.490000000000002,-87.94,1.9933871290190823,water_temperature,29.351770401000977,degC,bottom,1.0,standard_depth_positive_down,model_grid_or_not_applicable,MODEL_WET_GRID_NODE,,2026-10-06T18:00:00+00:00,2026-10-07T06:31:11.819952+00:00,2026-10-07T06:31:11.819952+00:00,UTC,2026-10-06T21:00:00+00:00,nowcast,3,https://opendap.co-ops.nos.noaa.gov/thredds/dodsC/NOAA/NGOFS2/MODELS/2026/10/06/ngofs2.t21z.20261006.regulargrid.n003.nc,0.0,a35efafd89c8c60821aa7c6740a638843fb330aba7b5d73879f8854f4678c3d5,ngofs2_regulargrid_v1
noaa_ngofs2_mobile_bay_regulargrid,MODEL,ngofs2_grid_872_994,noaa_ngofs2_mobile_bay_model,Battles Wharf,0.75,30.490000000000002,-87.94,1.9933871290190823,salinity,14.940898895263672,PSU,bottom,1.0,standard_depth_positive_down,model_grid_or_not_applicable,MODEL_WET_GRID_NODE,,2026-10-06T18:00:00+00:00,2026-10-07T06:31:11.819952+00:00,2026-10-07T06:31:11.819952+00:00,UTC,2026-10-06T21:00:00+00:00,nowcast,3,https://opendap.co-ops.nos.noaa.gov/thredds/dodsC/NOAA/NGOFS2/MODELS/2026/10/06/ngofs2.t21z.20261006.regulargrid.n003.nc,0.0,a35efafd89c8c60821aa7c6740a638843fb330aba7b5d73879f8854f4678c3d5,ngofs2_regulargrid_v1
noaa_ngofs2_mobile_bay_regulargrid,MODEL,ngofs2_grid_872_994,noaa_ngofs2_mobile_bay_model,Battles Wharf,0.75,30.490000000000002,-87.94,1.9933871290190823,water_surface_elevation,0.23769067227840424,m,surface,0.0,surface,model_mean_sea_level,MODEL_WET_GRID_NODE,,2026-10-06T18:00:00+00:00,2026-10-07T06:31:11.819952+00:00,2026-10-07T06:31:11.819952+00:00,UTC,2026-10-06T21:00:00+00:00,nowcast,3,https://opendap.co-ops.nos.noaa.gov/thredds/dodsC/NOAA/NGOFS2/MODELS/2026/10/06/ngofs2.t21z.20261006.regulargrid.n003.nc,0.0,a35efafd89c8c60821aa7c6740a638843fb330aba7b5d73879f8854f4678c3d5,ngofs2_regulargrid_v1
noaa_ngofs2_mobile_bay_regulargrid,MODEL,ngofs2_grid_873_994,noaa_ngofs2_mobile_bay_model,Battles Wharf,1.5,30.5,-87.94,2.0816017084332157,eastward_current,-0.08855557441711426,m/s,surface,0.0,standard_depth_positive_down,model_grid_or_not_applicable,MODEL_WET_GRID_NODE,,2026-10-06T18:00:00+00:00,2026-10-07T06:31:11.819952+00:00,2026-10-07T06:31:11.819952+00:00,UTC,2026-10-06T21:00:00+00:00,nowcast,3,https://opendap.co-ops.nos.noaa.gov/thredds/dodsC/NOAA/NGOFS2/MODELS/2026/10/06/ngofs2.t21z.20261006.regulargrid.n003.nc,0.0,a35efafd89c8c60821aa7c6740a638843fb330aba7b5d73879f8854f4678c3d5,ngofs2_regulargrid_v1
noaa_ngofs2_mobile_bay_regulargrid,MODEL,ngofs2_grid_873_994,noaa_ngofs2_mobile_bay_model,Battles Wharf,1.5,30.5,-87.94,2.0816017084332157,northward_current,-0.1872442066669464,m/s,surface,0.0,standard_depth_positive_down,model_grid_or_not_applicable,MODEL_WET_GRID_NODE,,2026-10-06T18:00:00+00:00,2026-10-07T06:31:11.819952+00:00,2026-10-07T06:31:11.819952+00:00,UTC,2026-10-06T21:00:00+00:00,nowcast,3,https://opendap.co-ops.nos.noaa.gov/thredds/dodsC/NOAA/NGOFS2/MODELS/2026/10/06/ngofs2.t21z.20261006.regulargrid.n003.nc,0.0,a35efafd89c8c60821aa7c6740a638843fb330aba7b5d73879f8854f4678c3d5,ngofs2_regulargrid_v1
noaa_ngofs2_mobile_bay_regulargrid,MODEL,ngofs2_grid_873_994,noaa_ngofs2_mobile_bay_model,Battles Wharf,1.5,30.5,-87.94,2.0816017084332157,shoreward_current,-0.08855557441711427,m/s,surface,0.0,standard_depth_positive_down,model_grid_or_not_applicable,MODEL_WET_GRID_NODE,,2026-10-06T18:00:00+00:00,2026-10-07T06:31:11.819952+00:00,2026-10-07T06:31:11.819952+00:00,UTC,2026-10-06T21:00:00+00:00,nowcast,3,https://opendap.co-ops.nos.noaa.gov/thredds/dodsC/NOAA/NGOFS2/MODELS/2026/10/06/ngofs2.t21z.20261006.regulargrid.n003.nc,0.0,a35efafd89c8c60821aa7c6740a638843fb330aba7b5d73879f8854f4678c3d5,ngofs2_regulargrid_v1
noaa_ngofs2_mobile_bay_regulargrid,MODEL,ngofs2_grid_873_994,noaa_ngofs2_mobile_bay_model,Battles Wharf,1.5,30.5,-87.94,2.0816017084332157,water_temperature,29.461559295654297,degC,surface,0.0,standard_depth_positive_down,model_grid_or_not_applicable,MODEL_WET_GRID_NODE,,2026-10-06T18:00:00+00:00,2026-10-07T06:31:11.819952+00:00,2026-10-07T06:31:11.819952+00:00,UTC,2026-10-06T21:00:00+00:00,nowcast,3,https://opendap.co-ops.nos.noaa.gov/thredds/dodsC/NOAA/NGOFS2/MODELS/2026/10/06/ngofs2.t21z.20261006.regulargrid.n003.nc,0.0,a35efafd89c8c60821aa7c6740a638843fb330aba7b5d73879f8854f4678c3d5,ngofs2_regulargrid_v1
noaa_ngofs2_mobile_bay_regulargrid,MODEL,ngofs2_grid_873_994,noaa_ngofs2_mobile_bay_model,Battles Wharf,1.5,30.5,-87.94,2.0816017084332157,salinity,14.959819793701172,PSU,surface,0.0,standard_depth_positive_down,model_grid_or_not_applicable,MODEL_WET_GRID_NODE,,2026-10-06T18:00:00+00:00,2026-10-07T06:31:11.819952+00:00,2026-10-07T06:31:11.819952+00:00,UTC,2026-10-06T21:00:00+00:00,nowcast,3,https://opendap.co-ops.nos.noaa.gov/thredds/dodsC/NOAA/NGOFS2/MODELS/2026/10/06/ngofs2.t21z.20261006.regulargrid.n003.nc,0.0,a35efafd89c8c60821aa7c6740a638843fb330aba7b5d73879f8854f4678c3d5,ngofs2_regulargrid_v1
noaa_ngofs2_mobile_bay_regulargrid,MODEL,ngofs2_grid_873_994,noaa_ngofs2_mobile_bay_model,Battles Wharf,1.5,30.5,-87.94,2.0816017084332157,eastward_current,-0.01795877330005169,m/s,bottom,2.0,standard_depth_positive_down,model_grid_or_not_applicable,MODEL_WET_GRID_NODE,,2026-10-06T18:00:00+00:00,2026-10-07T06:31:11.819952+00:00,2026-10-07T06:31:11.819952+00:00,UTC,2026-10-06T21:00:00+00:00,nowcast,3,https://opendap.co-ops.nos.noaa.gov/thredds/dodsC/NOAA/NGOFS2/MODELS/2026/10/06/ngofs2.t21z.20261006.regulargrid.n003.nc,0.0,a35efafd89c8c60821aa7c6740a638843fb330aba7b5d73879f8854f4678c3d5,ngofs2_regulargrid_v1
noaa_ngofs2_mobile_bay_regulargrid,MODEL,ngofs2_grid_873_994,noaa_ngofs2_mobile_bay_model,Battles Wharf,1.5,30.5,-87.94,2.0816017084332157,northward_current,-0.07371357828378677,m/s,bottom,2.0,standard_depth_positive_down,model_grid_or_not_applicable,MODEL_WET_GRID_NODE,,2026-10-06T18:00:00+00:00,2026-10-07T06:31:11.819952+00:00,2026-10-07T06:31:11.819952+00:00,UTC,2026-10-06T21:00:00+00:00,nowcast,3,https://opendap.co-ops.nos.noaa.gov/thredds/dodsC/NOAA/NGOFS2/MODELS/2026/10/06/ngofs2.t21z.20261006.regulargrid.n003.nc,0.0,a35efafd89c8c60821aa7c6740a638843fb330aba7b5d73879f8854f4678c3d5,ngofs2_regulargrid_v1
noaa_ngofs2_mobile_bay_regulargrid,MODEL,ngofs2_grid_873_994,noaa_ngofs2_mobile_bay_model,Battles Wharf,1.5,30.5,-87.94,2.0816017084332157,shoreward_current,-0.017958773300051693,m/s,bottom,2.0,standard_depth_positive_down,model_grid_or_not_applicable,MODEL_WET_GRID_NODE,,2026-10-06T18:00:00+00:00,2026-10-07T06:31:11.819952+00:00,2026-10-07T06:31:11.819952+00:00,UTC,2026-10-06T21:00:00+00:00,nowcast,3,https://opendap.co-ops.nos.noaa.gov/thredds/dodsC/NOAA/NGOFS2/MODELS/2026/10/06/ngofs2.t21z.20261006.regulargrid.n003.nc,0.0,a35efafd89c8c60821aa7c6740a638843fb330aba7b5d73879f8854f4678c3d5,ngofs2_regulargrid_v1
noaa_ngofs2_mobile_bay_regulargrid,MODEL,ngofs2_grid_873_994,noaa_ngofs2_mobile_bay_model,Battles Wharf,1.5,30.5,-87.94,2.0816017084332157,water_temperature,29.506793975830078,degC,bottom,2.0,standard_depth_positive_down,model_grid_or_not_applicable,MODEL_WET_GRID_NODE,,2026-10-06T18:00:00+00:00,2026-10-07T06:31:11.819952+00:00,2026-10-07T06:31:11.819952+00:00,UTC,2026-10-06T21:00:00+00:00,nowcast,3,https://opendap.co-ops.nos.noaa.gov/thredds/dodsC/NOAA/NGOFS2/MODELS/2026/10/06/ngofs2.t21z.20261006.regulargrid.n003.nc,0.0,a35efafd89c8c60821aa7c6740a638843fb330aba7b5d73879f8854f4678c3d5,ngofs2_regulargrid_v1
noaa_ngofs2_mobile_bay_regulargrid,MODEL,ngofs2_grid_873_994,noaa_ngofs2_mobile_bay_model,Battles Wharf,1.5,30.5,-87.94,2.0816017084332157,salinity,15.359832763671875,PSU,bottom,2.0,standard_depth_positive_down,model_grid_or_not_applicable,MODEL_WET_GRID_NODE,,2026-10-06T18:00:00+00:00,2026-10-07T06:31:11.819952+00:00,2026-10-07T06:31:11.819952+00:00,UTC,2026-10-06T21:00:00+00:00,nowcast,3,https://opendap.co-ops.nos.noaa.gov/thredds/dodsC/NOAA/NGOFS2/MODELS/2026/10/06/ngofs2.t21z.20261006.regulargrid.n003.nc,0.0,a35efafd89c8c60821aa7c6740a638843fb330aba7b5d73879f8854f4678c3d5,ngofs2_regulargrid_v1
noaa_ngofs2_mobile_bay_regulargrid,MODEL,ngofs2_grid_873_994,noaa_ngofs2_mobile_bay_model,Battles Wharf,1.5,30.5,-87.94,2.0816017084332157,water_surface_elevation,0.23915228247642517,m,surface,0.0,surface,model_mean_sea_level,MODEL_WET_GRID_NODE,,2026-10-06T18:00:00+00:00,2026-10-07T06:31:11.819952+00:00,2026-10-07T06:31:11.819952+00:00,UTC,2026-10-06T21:00:00+00:00,nowcast,3,https://opendap.co-ops.nos.noaa.gov/thredds/dodsC/NOAA/NGOFS2/MODELS/2026/10/06/ngofs2.t21z.20261006.regulargrid.n003.nc,0.0,a35efafd89c8c60821aa7c6740a638843fb330aba7b5d73879f8854f4678c3d5,ngofs2_regulargrid_v1
noaa_ngofs2_mobile_bay_regulargrid,MODEL,ngofs2_grid_872_992,noaa_ngofs2_mobile_bay_model,Battles Wharf,3.0,30.490000000000002,-87.96,3.4602185355355095,eastward_current,-0.11667855829000473,m/s,surface,0.0,standard_depth_positive_down,model_grid_or_not_applicable,MODEL_WET_GRID_NODE,,2026-10-06T18:00:00+00:00,2026-10-07T06:31:11.819952+00:00,2026-10-07T06:31:11.819952+00:00,UTC,2026-10-06T21:00:00+00:00,nowcast,3,https://opendap.co-ops.nos.noaa.gov/thredds/dodsC/NOAA/NGOFS2/MODELS/2026/10/06/ngofs2.t21z.20261006.regulargrid.n003.nc,0.0,a35efafd89c8c60821aa7c6740a638843fb330aba7b5d73879f8854f4678c3d5,ngofs2_regulargrid_v1
noaa_ngofs2_mobile_bay_regulargrid,MODEL,ngofs2_grid_872_992,noaa_ngofs2_mobile_bay_model,Battles Wharf,3.0,30.490000000000002,-87.96,3.4602185355355095,northward_current,-0.27960947155952454,m/s,surface,0.0,standard_depth_positive_down,model_grid_or_not_applicable,MODEL_WET_GRID_NODE,,2026-10-06T18:00:00+00:00,2026-10-07T06:31:11.819952+00:00,2026-10-07T06:31:11.819952+00:00,UTC,2026-10-06T21:00:00+00:00,nowcast,3,https://opendap.co-ops.nos.noaa.gov/thredds/dodsC/NOAA/NGOFS2/MODELS/2026/10/06/ngofs2.t21z.20261006.regulargrid.n003.nc,0.0,a35efafd89c8c60821aa7c6740a638843fb330aba7b5d73879f8854f4678c3d5,ngofs2_regulargrid_v1
noaa_ngofs2_mobile_bay_regulargrid,MODEL,ngofs2_grid_872_992,noaa_ngofs2_mobile_bay_model,Battles Wharf,3.0,30.490000000000002,-87.96,3.4602185355355095,shoreward_current,-0.11667855829000474,m/s,surface,0.0,standard_depth_positive_down,model_grid_or_not_applicable,MODEL_WET_GRID_NODE,,2026-10-06T18:00:00+00:00,2026-10-07T06:31:11.819952+00:00,2026-10-07T06:31:11.819952+00:00,UTC,2026-10-06T21:00:00+00:00,nowcast,3,https://opendap.co-ops.nos.noaa.gov/thredds/dodsC/NOAA/NGOFS2/MODELS/2026/10/06/ngofs2.t21z.20261006.regulargrid.n003.nc,0.0,a35efafd89c8c60821aa7c6740a638843fb330aba7b5d73879f8854f4678c3d5,ngofs2_regulargrid_v1
noaa_ngofs2_mobile_bay_regulargrid,MODEL,ngofs2_grid_872_992,noaa_ngofs2_mobile_bay_model,Battles Wharf,3.0,30.490000000000002,-87.96,3.4602185355355095,water_temperature,29.144969940185547,degC,surface,0.0,standard_depth_positive_down,model_grid_or_not_applicable,MODEL_WET_GRID_NODE,,2026-10-06T18:00:00+00:00,2026-10-07T06:31:11.819952+00:00,2026-10-07T06:31:11.819952+00:00,UTC,2026-10-06T21:00:00+00:00,nowcast,3,https://opendap.co-ops.nos.noaa.gov/thredds/dodsC/NOAA/NGOFS2/MODELS/2026/10/06/ngofs2.t21z.20261006.regulargrid.n003.nc,0.0,a35efafd89c8c60821aa7c6740a638843fb330aba7b5d73879f8854f4678c3d5,ngofs2_regulargrid_v1
noaa_ngofs2_mobile_bay_regulargrid,MODEL,ngofs2_grid_872_992,noaa_ngofs2_mobile_bay_model,Battles Wharf,3.0,30.490000000000002,-87.96,3.4602185355355095,salinity,15.196889877319336,PSU,surface,0.0,standard_depth_positive_down,model_grid_or_not_applicable,MODEL_WET_GRID_NODE,,2026-10-06T18:00:00+00:00,2026-10-07T06:31:11.819952+00:00,2026-10-07T06:31:11.819952+00:00,UTC,2026-10-06T21:00:00+00:00,nowcast,3,https://opendap.co-ops.nos.noaa.gov/thredds/dodsC/NOAA/NGOFS2/MODELS/2026/10/06/ngofs2.t21z.20261006.regulargrid.n003.nc,0.0,a35efafd89c8c60821aa7c6740a638843fb330aba7b5d73879f8854f4678c3d5,ngofs2_regulargrid_v1
noaa_ngofs2_mobile_bay_regulargrid,MODEL,ngofs2_grid_872_992,noaa_ngofs2_mobile_bay_model,Battles Wharf,3.0,30.490000000000002,-87.96,3.4602185355355095,eastward_current,0.058865588158369064,m/s,bottom,2.0,standard_depth_positive_down,model_grid_or_not_applicable,MODEL_WET_GRID_NODE,,2026-10-06T18:00:00+00:00,2026-10-07T06:31:11.819952+00:00,2026-10-07T06:31:11.819952+00:00,UTC,2026-10-06T21:00:00+00:00,nowcast,3,https://opendap.co-ops.nos.noaa.gov/thredds/dodsC/NOAA/NGOFS2/MODELS/2026/10/06/ngofs2.t21z.20261006.regulargrid.n003.nc,0.0,a35efafd89c8c60821aa7c6740a638843fb330aba7b5d73879f8854f4678c3d5,ngofs2_regulargrid_v1
noaa_ngofs2_mobile_bay_regulargrid,MODEL,ngofs2_grid_872_992,noaa_ngofs2_mobile_bay_model,Battles Wharf,3.0,30.490000000000002,-87.96,3.4602185355355095,northward_current,-0.15420134365558624,m/s,bottom,2.0,standard_depth_positive_down,model_grid_or_not_applicable,MODEL_WET_GRID_NODE,,2026-10-06T18:00:00+00:00,2026-10-07T06:31:11.819952+00:00,2026-10-07T06:31:11.819952+00:00,UTC,2026-10-06T21:00:00+00:00,nowcast,3,https://opendap.co-ops.nos.noaa.gov/thredds/dodsC/NOAA/NGOFS2/MODELS/2026/10/06/ngofs2.t21z.20261006.regulargrid.n003.nc,0.0,a35efafd89c8c60821aa7c6740a638843fb330aba7b5d73879f8854f4678c3d5,ngofs2_regulargrid_v1
noaa_ngofs2_mobile_bay_regulargrid,MODEL,ngofs2_grid_872_992,noaa_ngofs2_mobile_bay_model,Battles Wharf,3.0,30.490000000000002,-87.96,3.4602185355355095,shoreward_current,0.05886558815836906,m/s,bottom,2.0,standard_depth_positive_down,model_grid_or_not_applicable,MODEL_WET_GRID_NODE,,2026-10-06T18:00:00+00:00,2026-10-07T06:31:11.819952+00:00,2026-10-07T06:31:11.819952+00:00,UTC,2026-10-06T21:00:00+00:00,nowcast,3,https://opendap.co-ops.nos.noaa.gov/thredds/dodsC/NOAA/NGOFS2/MODELS/2026/10/06/ngofs2.t21z.20261006.regulargrid.n003.nc,0.0,a35efafd89c8c60821aa7c6740a638843fb330aba7b5d73879f8854f4678c3d5,ngofs2_regulargrid_v1
noaa_ngofs2_mobile_bay_regulargrid,MODEL,ngofs2_grid_872_992,noaa_ngofs2_mobile_bay_model,Battles Wharf,3.0,30.490000000000002,-87.96,3.4602185355355095,water_temperature,29.12102699279785,degC,bottom,2.0,standard_depth_positive_down,model_grid_or_not_applicable,MODEL_WET_GRID_NODE,,2026-10-06T18:00:00+00:00,2026-10-07T06:31:11.819952+00:00,2026-10-07T06:31:11.819952+00:00,UTC,2026-10-06T21:00:00+00:00,nowcast,3,https://opendap.co-ops.nos.noaa.gov/thredds/dodsC/NOAA/NGOFS2/MODELS/2026/10/06/ngofs2.t21z.20261006.regulargrid.n003.nc,0.0,a35efafd89c8c60821aa7c6740a638843fb330aba7b5d73879f8854f4678c3d5,ngofs2_regulargrid_v1
noaa_ngofs2_mobile_bay_regulargrid,MODEL,ngofs2_grid_872_992,noaa_ngofs2_mobile_bay_model,Battles Wharf,3.0,30.490000000000002,-87.96,3.4602185355355095,salinity,17.08332061767578,PSU,bottom,2.0,standard_depth_positive_down,model_grid_or_not_applicable,MODEL_WET_GRID_NODE,,2026-10-06T18:00:00+00:00,2026-10-07T06:31:11.819952+00:00,2026-10-07T06:31:11.819952+00:00,UTC,2026-10-06T21:00:00+00:00,nowcast,3,https://opendap.co-ops.nos.noaa.gov/thredds/dodsC/NOAA/NGOFS2/MODELS/2026/10/06/ngofs2.t21z.20261006.regulargrid.n003.nc,0.0,a35efafd89c8c60821aa7c6740a638843fb330aba7b5d73879f8854f4678c3d5,ngofs2_regulargrid_v1
noaa_ngofs2_mobile_bay_regulargrid,MODEL,ngofs2_grid_872_992,noaa_ngofs2_mobile_bay_model,Battles Wharf,3.0,30.490000000000002,-87.96,3.4602185355355095,water_surface_elevation,0.24152177572250366,m,surface,0.0,surface,model_mean_sea_level,MODEL_WET_GRID_NODE,,2026-10-06T18:00:00+00:00,2026-10-07T06:31:11.819952+00:00,2026-10-07T06:31:11.819952+00:00,UTC,2026-10-06T21:00:00+00:00,nowcast,3,https://opendap.co-ops.nos.noaa.gov/thredds/dodsC/NOAA/NGOFS2/MODELS/2026/10/06/ngofs2.t21z.20261006.regulargrid.n003.nc,0.0,a35efafd89c8c60821aa7c6740a638843fb330aba7b5d73879f8854f4678c3d5,ngofs2_regulargrid_v1
noaa_ngofs2_mobile_bay_regulargrid,MODEL,ngofs2_grid_872_994,noaa_ngofs2_mobile_bay_model,Point Clear/Grand Hotel,0.25,30.490000000000002,-87.94,1.9933871290190823,eastward_current,-0.07532743364572525,m/s,surface,0.0,standard_depth_positive_down,model_grid_or_not_applicable,MODEL_WET_GRID_NODE,,2026-10-06T18:00:00+00:00,2026-10-07T06:31:11.819952+00:00,2026-10-07T06:31:11.819952+00:00,UTC,2026-10-06T21:00:00+00:00,nowcast,3,https://opendap.co-ops.nos.noaa.gov/thredds/dodsC/NOAA/NGOFS2/MODELS/2026/10/06/ngofs2.t21z.20261006.regulargrid.n003.nc,0.0,a35efafd89c8c60821aa7c6740a638843fb330aba7b5d73879f8854f4678c3d5,ngofs2_regulargrid_v1
noaa_ngofs2_mobile_bay_regulargrid,MODEL,ngofs2_grid_872_994,noaa_ngofs2_mobile_bay_model,Point Clear/Grand Hotel,0.25,30.490000000000002,-87.94,1.9933871290190823,northward_current,-0.18681953847408295,m/s,surface,0.0,standard_depth_positive_down,model_grid_or_not_applicable,MODEL_WET_GRID_NODE,,2026-10-06T18:00:00+00:00,2026-10-07T06:31:11.819952+00:00,2026-10-07T06:31:11.819952+00:00,UTC,2026-10-06T21:00:00+00:00,nowcast,3,https://opendap.co-ops.nos.noaa.gov/thredds/dodsC/NOAA/NGOFS2/MODELS/2026/10/06/ngofs2.t21z.20261006.regulargrid.n003.nc,0.0,a35efafd89c8c60821aa7c6740a638843fb330aba7b5d73879f8854f4678c3d5,ngofs2_regulargrid_v1
noaa_ngofs2_mobile_bay_regulargrid,MODEL,ngofs2_grid_872_994,noaa_ngofs2_mobile_bay_model,Point Clear/Grand Hotel,0.25,30.490000000000002,-87.94,1.9933871290190823,shoreward_current,-0.07532743364572526,m/s,surface,0.0,standard_depth_positive_down,model_grid_or_not_applicable,MODEL_WET_GRID_NODE,,2026-10-06T18:00:00+00:00,2026-10-07T06:31:11.819952+00:00,2026-10-07T06:31:11.819952+00:00,UTC,2026-10-06T21:00:00+00:00,nowcast,3,https://opendap.co-ops.nos.noaa.gov/thredds/dodsC/NOAA/NGOFS2/MODELS/2026/10/06/ngofs2.t21z.20261006.regulargrid.n003.nc,0.0,a35efafd89c8c60821aa7c6740a638843fb330aba7b5d73879f8854f4678c3d5,ngofs2_regulargrid_v1
noaa_ngofs2_mobile_bay_regulargrid,MODEL,ngofs2_grid_872_994,noaa_ngofs2_mobile_bay_model,Point Clear/Grand Hotel,0.25,30.490000000000002,-87.94,1.9933871290190823,water_temperature,29.32884979248047,degC,surface,0.0,standard_depth_positive_down,model_grid_or_not_applicable,MODEL_WET_GRID_NODE,,2026-10-06T18:00:00+00:00,2026-10-07T06:31:11.819952+00:00,2026-10-07T06:31:11.819952+00:00,UTC,2026-10-06T21:00:00+00:00,nowcast,3,https://opendap.co-ops.nos.noaa.gov/thredds/dodsC/NOAA/NGOFS2/MODELS/2026/10/06/ngofs2.t21z.20261006.regulargrid.n003.nc,0.0,a35efafd89c8c60821aa7c6740a638843fb330aba7b5d73879f8854f4678c3d5,ngofs2_regulargrid_v1
noaa_ngofs2_mobile_bay_regulargrid,MODEL,ngofs2_grid_872_994,noaa_ngofs2_mobile_bay_model,Point Clear/Grand Hotel,0.25,30.490000000000002,-87.94,1.9933871290190823,salinity,14.67635440826416,PSU,surface,0.0,standard_depth_positive_down,model_grid_or_not_applicable,MODEL_WET_GRID_NODE,,2026-10-06T18:00:00+00:00,2026-10-07T06:31:11.819952+00:00,2026-10-07T06:31:11.819952+00:00,UTC,2026-10-06T21:00:00+00:00,nowcast,3,https://opendap.co-ops.nos.noaa.gov/thredds/dodsC/NOAA/NGOFS2/MODELS/2026/10/06/ngofs2.t21z.20261006.regulargrid.n003.nc,0.0,a35efafd89c8c60821aa7c6740a638843fb330aba7b5d73879f8854f4678c3d5,ngofs2_regulargrid_v1
noaa_ngofs2_mobile_bay_regulargrid,MODEL,ngofs2_grid_872_994,noaa_ngofs2_mobile_bay_model,Point Clear/Grand Hotel,0.25,30.490000000000002,-87.94,1.9933871290190823,eastward_current,-0.04407808184623718,m/s,bottom,1.0,standard_depth_positive_down,model_grid_or_not_applicable,MODEL_WET_GRID_NODE,,2026-10-06T18:00:00+00:00,2026-10-07T06:31:11.819952+00:00,2026-10-07T06:31:11.819952+00:00,UTC,2026-10-06T21:00:00+00:00,nowcast,3,https://opendap.co-ops.nos.noaa.gov/thredds/dodsC/NOAA/NGOFS2/MODELS/2026/10/06/ngofs2.t21z.20261006.regulargrid.n003.nc,0.0,a35efafd89c8c60821aa7c6740a638843fb330aba7b5d73879f8854f4678c3d5,ngofs2_regulargrid_v1
noaa_ngofs2_mobile_bay_regulargrid,MODEL,ngofs2_grid_872_994,noaa_ngofs2_mobile_bay_model,Point Clear/Grand Hotel,0.25,30.490000000000002,-87.94,1.9933871290190823,northward_current,-0.1515234410762787,m/s,bottom,1.0,standard_depth_positive_down,model_grid_or_not_applicable,MODEL_WET_GRID_NODE,,2026-10-06T18:00:00+00:00,2026-10-07T06:31:11.819952+00:00,2026-10-07T06:31:11.819952+00:00,UTC,2026-10-06T21:00:00+00:00,nowcast,3,https://opendap.co-ops.nos.noaa.gov/thredds/dodsC/NOAA/NGOFS2/MODELS/2026/10/06/ngofs2.t21z.20261006.regulargrid.n003.nc,0.0,a35efafd89c8c60821aa7c6740a638843fb330aba7b5d73879f8854f4678c3d5,ngofs2_regulargrid_v1
noaa_ngofs2_mobile_bay_regulargrid,MODEL,ngofs2_grid_872_994,noaa_ngofs2_mobile_bay_model,Point Clear/Grand Hotel,0.25,30.490000000000002,-87.94,1.9933871290190823,shoreward_current,-0.04407808184623719,m/s,bottom,1.0,standard_depth_positive_down,model_grid_or_not_applicable,MODEL_WET_GRID_NODE,,2026-10-06T18:00:00+00:00,2026-10-07T06:31:11.819952+00:00,2026-10-07T06:31:11.819952+00:00,UTC,2026-10-06T21:00:00+00:00,nowcast,3,https://opendap.co-ops.nos.noaa.gov/thredds/dodsC/NOAA/NGOFS2/MODELS/2026/10/06/ngofs2.t21z.20261006.regulargrid.n003.nc,0.0,a35efafd89c8c60821aa7c6740a638843fb330aba7b5d73879f8854f4678c3d5,ngofs2_regulargrid_v1
noaa_ngofs2_mobile_bay_regulargrid,MODEL,ngofs2_grid_872_994,noaa_ngofs2_mobile_bay_model,Point Clear/Grand Hotel,0.25,30.490000000000002,-87.94,1.9933871290190823,water_temperature,29.351770401000977,degC,bottom,1.0,standard_depth_positive_down,model_grid_or_not_applicable,MODEL_WET_GRID_NODE,,2026-10-06T18:00:00+00:00,2026-10-07T06:31:11.819952+00:00,2026-10-07T06:31:11.819952+00:00,UTC,2026-10-06T21:00:00+00:00,nowcast,3,https://opendap.co-ops.nos.noaa.gov/thredds/dodsC/NOAA/NGOFS2/MODELS/2026/10/06/ngofs2.t21z.20261006.regulargrid.n003.nc,0.0,a35efafd89c8c60821aa7c6740a638843fb330aba7b5d73879f8854f4678c3d5,ngofs2_regulargrid_v1
noaa_ngofs2_mobile_bay_regulargrid,MODEL,ngofs2_grid_872_994,noaa_ngofs2_mobile_bay_model,Point Clear/Grand Hotel,0.25,30.490000000000002,-87.94,1.9933871290190823,salinity,14.940898895263672,PSU,bottom,1.0,standard_depth_positive_down,model_grid_or_not_applicable,MODEL_WET_GRID_NODE,,2026-10-06T18:00:00+00:00,2026-10-07T06:31:11.819952+00:00,2026-10-07T06:31:11.819952+00:00,UTC,2026-10-06T21:00:00+00:00,nowcast,3,https://opendap.co-ops.nos.noaa.gov/thredds/dodsC/NOAA/NGOFS2/MODELS/2026/10/06/ngofs2.t21z.20261006.regulargrid.n003.nc,0.0,a35efafd89c8c60821aa7c6740a638843fb330aba7b5d73879f8854f4678c3d5,ngofs2_regulargrid_v1
noaa_ngofs2_mobile_bay_regulargrid,MODEL,ngofs2_grid_872_994,noaa_ngofs2_mobile_bay_model,Point Clear/Grand Hotel,0.25,30.490000000000002,-87.94,1.9933871290190823,water_surface_elevation,0.23769067227840424,m,surface,0.0,surface,model_mean_sea_level,MODEL_WET_GRID_NODE,,2026-10-06T18:00:00+00:00,2026-10-07T06:31:11.819952+00:00,2026-10-07T06:31:11.819952+00:00,UTC,2026-10-06T21:00:00+00:00,nowcast,3,https://opendap.co-ops.nos.noaa.gov/thredds/dodsC/NOAA/NGOFS2/MODELS/2026/10/06/ngofs2.t21z.20261006.regulargrid.n003.nc,0.0,a35efafd89c8c60821aa7c6740a638843fb330aba7b5d73879f8854f4678c3d5,ngofs2_regulargrid_v1
noaa_ngofs2_mobile_bay_regulargrid,MODEL,ngofs2_grid_871_994,noaa_ngofs2_mobile_bay_model,Point Clear/Grand Hotel,0.75,30.48,-87.94,1.9644354040917433,eastward_current,0.04645925760269165,m/s,surface,0.0,standard_depth_positive_down,model_grid_or_not_applicable,MODEL_WET_GRID_NODE,,2026-10-06T18:00:00+00:00,2026-10-07T06:31:11.819952+00:00,2026-10-07T06:31:11.819952+00:00,UTC,2026-10-06T21:00:00+00:00,nowcast,3,https://opendap.co-ops.nos.noaa.gov/thredds/dodsC/NOAA/NGOFS2/MODELS/2026/10/06/ngofs2.t21z.20261006.regulargrid.n003.nc,0.0,a35efafd89c8c60821aa7c6740a638843fb330aba7b5d73879f8854f4678c3d5,ngofs2_regulargrid_v1
noaa_ngofs2_mobile_bay_regulargrid,MODEL,ngofs2_grid_871_994,noaa_ngofs2_mobile_bay_model,Point Clear/Grand Hotel,0.75,30.48,-87.94,1.9644354040917433,northward_current,-0.22992798686027527,m/s,surface,0.0,standard_depth_positive_down,model_grid_or_not_applicable,MODEL_WET_GRID_NODE,,2026-10-06T18:00:00+00:00,2026-10-07T06:31:11.819952+00:00,2026-10-07T06:31:11.819952+00:00,UTC,2026-10-06T21:00:00+00:00,nowcast,3,https://opendap.co-ops.nos.noaa.gov/thredds/dodsC/NOAA/NGOFS2/MODELS/2026/10/06/ngofs2.t21z.20261006.regulargrid.n003.nc,0.0,a35efafd89c8c60821aa7c6740a638843fb330aba7b5d73879f8854f4678c3d5,ngofs2_regulargrid_v1
noaa_ngofs2_mobile_bay_regulargrid,MODEL,ngofs2_grid_871_994,noaa_ngofs2_mobile_bay_model,Point Clear/Grand Hotel,0.75,30.48,-87.94,1.9644354040917433,shoreward_current,0.046459257602691637,m/s,surface,0.0,standard_depth_positive_down,model_grid_or_not_applicable,MODEL_WET_GRID_NODE,,2026-10-06T18:00:00+00:00,2026-10-07T06:31:11.819952+00:00,2026-10-07T06:31:11.819952+00:00,UTC,2026-10-06T21:00:00+00:00,nowcast,3,https://opendap.co-ops.nos.noaa.gov/thredds/dodsC/NOAA/NGOFS2/MODELS/2026/10/06/ngofs2.t21z.20261006.regulargrid.n003.nc,0.0,a35efafd89c8c60821aa7c6740a638843fb330aba7b5d73879f8854f4678c3d5,ngofs2_regulargrid_v1
noaa_ngofs2_mobile_bay_regulargrid,MODEL,ngofs2_grid_871_994,noaa_ngofs2_mobile_bay_model,Point Clear/Grand Hotel,0.75,30.48,-87.94,1.9644354040917433,water_temperature,29.221467971801758,degC,surface,0.0,standard_depth_positive_down,model_grid_or_not_applicable,MODEL_WET_GRID_NODE,,2026-10-06T18:00:00+00:00,2026-10-07T06:31:11.819952+00:00,2026-10-07T06:31:11.819952+00:00,UTC,2026-10-06T21:00:00+00:00,nowcast,3,https://opendap.co-ops.nos.noaa.gov/thredds/dodsC/NOAA/NGOFS2/MODELS/2026/10/06/ngofs2.t21z.20261006.regulargrid.n003.nc,0.0,a35efafd89c8c60821aa7c6740a638843fb330aba7b5d73879f8854f4678c3d5,ngofs2_regulargrid_v1
noaa_ngofs2_mobile_bay_regulargrid,MODEL,ngofs2_grid_871_994,noaa_ngofs2_mobile_bay_model,Point Clear/Grand Hotel,0.75,30.48,-87.94,1.9644354040917433,salinity,14.994892120361328,PSU,surface,0.0,standard_depth_positive_down,model_grid_or_not_applicable,MODEL_WET_GRID_NODE,,2026-10-06T18:00:00+00:00,2026-10-07T06:31:11.819952+00:00,2026-10-07T06:31:11.819952+00:00,UTC,2026-10-06T21:00:00+00:00,nowcast,3,https://opendap.co-ops.nos.noaa.gov/thredds/dodsC/NOAA/NGOFS2/MODELS/2026/10/06/ngofs2.t21z.20261006.regulargrid.n003.nc,0.0,a35efafd89c8c60821aa7c6740a638843fb330aba7b5d73879f8854f4678c3d5,ngofs2_regulargrid_v1
noaa_ngofs2_mobile_bay_regulargrid,MODEL,ngofs2_grid_871_994,noaa_ngofs2_mobile_bay_model,Point Clear/Grand Hotel,0.75,30.48,-87.94,1.9644354040917433,eastward_current,0.056452568620443344,m/s,bottom,1.0,standard_depth_positive_down,model_grid_or_not_applicable,MODEL_WET_GRID_NODE,,2026-10-06T18:00:00+00:00,2026-10-07T06:31:11.819952+00:00,2026-10-07T06:31:11.819952+00:00,UTC,2026-10-06T21:00:00+00:00,nowcast,3,https://opendap.co-ops.nos.noaa.gov/thredds/dodsC/NOAA/NGOFS2/MODELS/2026/10/06/ngofs2.t21z.20261006.regulargrid.n003.nc,0.0,a35efafd89c8c60821aa7c6740a638843fb330aba7b5d73879f8854f4678c3d5,ngofs2_regulargrid_v1
noaa_ngofs2_mobile_bay_regulargrid,MODEL,ngofs2_grid_871_994,noaa_ngofs2_mobile_bay_model,Point Clear/Grand Hotel,0.75,30.48,-87.94,1.9644354040917433,northward_current,-0.17588123679161072,m/s,bottom,1.0,standard_depth_positive_down,model_grid_or_not_applicable,MODEL_WET_GRID_NODE,,2026-10-06T18:00:00+00:00,2026-10-07T06:31:11.819952+00:00,2026-10-07T06:31:11.819952+00:00,UTC,2026-10-06T21:00:00+00:00,nowcast,3,https://opendap.co-ops.nos.noaa.gov/thredds/dodsC/NOAA/NGOFS2/MODELS/2026/10/06/ngofs2.t21z.20261006.regulargrid.n003.nc,0.0,a35efafd89c8c60821aa7c6740a638843fb330aba7b5d73879f8854f4678c3d5,ngofs2_regulargrid_v1
noaa_ngofs2_mobile_bay_regulargrid,MODEL,ngofs2_grid_871_994,noaa_ngofs2_mobile_bay_model,Point Clear/Grand Hotel,0.75,30.48,-87.94,1.9644354040917433,shoreward_current,0.05645256862044333,m/s,bottom,1.0,standard_depth_positive_down,model_grid_or_not_applicable,MODEL_WET_GRID_NODE,,2026-10-06T18:00:00+00:00,2026-10-07T06:31:11.819952+00:00,2026-10-07T06:31:11.819952+00:00,UTC,2026-10-06T21:00:00+00:00,nowcast,3,https://opendap.co-ops.nos.noaa.gov/thredds/dodsC/NOAA/NGOFS2/MODELS/2026/10/06/ngofs2.t21z.20261006.regulargrid.n003.nc,0.0,a35efafd89c8c60821aa7c6740a638843fb330aba7b5d73879f8854f4678c3d5,ngofs2_regulargrid_v1
noaa_ngofs2_mobile_bay_regulargrid,MODEL,ngofs2_grid_871_994,noaa_ngofs2_mobile_bay_model,Point Clear/Grand Hotel,0.75,30.48,-87.94,1.9644354040917433,water_temperature,29.238208770751953,degC,bottom,1.0,standard_depth_positive_down,model_grid_or_not_applicable,MODEL_WET_GRID_NODE,,2026-10-06T18:00:00+00:00,2026-10-07T06:31:11.819952+00:00,2026-10-07T06:31:11.819952+00:00,UTC,2026-10-06T21:00:00+00:00,nowcast,3,https://opendap.co-ops.nos.noaa.gov/thredds/dodsC/NOAA/NGOFS2/MODELS/2026/10/06/ngofs2.t21z.20261006.regulargrid.n003.nc,0.0,a35efafd89c8c60821aa7c6740a638843fb330aba7b5d73879f8854f4678c3d5,ngofs2_regulargrid_v1
noaa_ngofs2_mobile_bay_regulargrid,MODEL,ngofs2_grid_871_994,noaa_ngofs2_mobile_bay_model,Point Clear/Grand Hotel,0.75,30.48,-87.94,1.9644354040917433,salinity,15.10926628112793,PSU,bottom,1.0,standard_depth_positive_down,model_grid_or_not_applicable,MODEL_WET_GRID_NODE,,2026-10-06T18:00:00+00:00,2026-10-07T06:31:11.819952+00:00,2026-10-07T06:31:11.819952+00:00,UTC,2026-10-06T21:00:00+00:00,nowcast,3,https://opendap.co-ops.nos.noaa.gov/thredds/dodsC/NOAA/NGOFS2/MODELS/2026/10/06/ngofs2.t21z.20261006.regulargrid.n003.nc,0.0,a35efafd89c8c60821aa7c6740a638843fb330aba7b5d73879f8854f4678c3d5,ngofs2_regulargrid_v1
noaa_ngofs2_mobile_bay_regulargrid,MODEL,ngofs2_grid_871_994,noaa_ngofs2_mobile_bay_model,Point Clear/Grand Hotel,0.75,30.48,-87.94,1.9644354040917433,water_surface_elevation,0.2334153950214386,m,surface,0.0,surface,model_mean_sea_level,MODEL_WET_GRID_NODE,,2026-10-06T18:00:00+00:00,2026-10-07T06:31:11.819952+00:00,2026-10-07T06:31:11.819952+00:00,UTC,2026-10-06T21:00:00+00:00,nowcast,3,https://opendap.co-ops.nos.noaa.gov/thredds/dodsC/NOAA/NGOFS2/MODELS/2026/10/06/ngofs2.t21z.20261006.regulargrid.n003.nc,0.0,a35efafd89c8c60821aa7c6740a638843fb330aba7b5d73879f8854f4678c3d5,ngofs2_regulargrid_v1
noaa_ngofs2_mobile_bay_regulargrid,MODEL,ngofs2_grid_872_993,noaa_ngofs2_mobile_bay_model,Point Clear/Grand Hotel,1.5,30.490000000000002,-87.94999999999999,2.9992221163113646,eastward_current,-0.14009010791778564,m/s,surface,0.0,standard_depth_positive_down,model_grid_or_not_applicable,MODEL_WET_GRID_NODE,,2026-10-06T18:00:00+00:00,2026-10-07T06:31:11.819952+00:00,2026-10-07T06:31:11.819952+00:00,UTC,2026-10-06T21:00:00+00:00,nowcast,3,https://opendap.co-ops.nos.noaa.gov/thredds/dodsC/NOAA/NGOFS2/MODELS/2026/10/06/ngofs2.t21z.20261006.regulargrid.n003.nc,0.0,a35efafd89c8c60821aa7c6740a638843fb330aba7b5d73879f8854f4678c3d5,ngofs2_regulargrid_v1
noaa_ngofs2_mobile_bay_regulargrid,MODEL,ngofs2_grid_872_993,noaa_ngofs2_mobile_bay_model,Point Clear/Grand Hotel,1.5,30.490000000000002,-87.94999999999999,2.9992221163113646,northward_current,-0.28496912121772766,m/s,surface,0.0,standard_depth_positive_down,model_grid_or_not_applicable,MODEL_WET_GRID_NODE,,2026-10-06T18:00:00+00:00,2026-10-07T06:31:11.819952+00:00,2026-10-07T06:31:11.819952+00:00,UTC,2026-10-06T21:00:00+00:00,nowcast,3,https://opendap.co-ops.nos.noaa.gov/thredds/dodsC/NOAA/NGOFS2/MODELS/2026/10/06/ngofs2.t21z.20261006.regulargrid.n003.nc,0.0,a35efafd89c8c60821aa7c6740a638843fb330aba7b5d73879f8854f4678c3d5,ngofs2_regulargrid_v1
noaa_ngofs2_mobile_bay_regulargrid,MODEL,ngofs2_grid_872_993,noaa_ngofs2_mobile_bay_model,Point Clear/Grand Hotel,1.5,30.490000000000002,-87.94999999999999,2.9992221163113646,shoreward_current,-0.14009010791778567,m/s,surface,0.0,standard_depth_positive_down,model_grid_or_not_applicable,MODEL_WET_GRID_NODE,,2026-10-06T18:00:00+00:00,2026-10-07T06:31:11.819952+00:00,2026-10-07T06:31:11.819952+00:00,UTC,2026-10-06T21:00:00+00:00,nowcast,3,https://opendap.co-ops.nos.noaa.gov/thredds/dodsC/NOAA/NGOFS2/MODELS/2026/10/06/ngofs2.t21z.20261006.regulargrid.n003.nc,0.0,a35efafd89c8c60821aa7c6740a638843fb330aba7b5d73879f8854f4678c3d5,ngofs2_regulargrid_v1
noaa_ngofs2_mobile_bay_regulargrid,MODEL,ngofs2_grid_872_993,noaa_ngofs2_mobile_bay_model,Point Clear/Grand Hotel,1.5,30.490000000000002,-87.94999999999999,2.9992221163113646,water_temperature,29.3448543548584,degC,surface,0.0,standard_depth_positive_down,model_grid_or_not_applicable,MODEL_WET_GRID_NODE,,2026-10-06T18:00:00+00:00,2026-10-07T06:31:11.819952+00:00,2026-10-07T06:31:11.819952+00:00,UTC,2026-10-06T21:00:00+00:00,nowcast,3,https://opendap.co-ops.nos.noaa.gov/thredds/dodsC/NOAA/NGOFS2/MODELS/2026/10/06/ngofs2.t21z.20261006.regulargrid.n003.nc,0.0,a35efafd89c8c60821aa7c6740a638843fb330aba7b5d73879f8854f4678c3d5,ngofs2_regulargrid_v1
noaa_ngofs2_mobile_bay_regulargrid,MODEL,ngofs2_grid_872_993,noaa_ngofs2_mobile_bay_model,Point Clear/Grand Hotel,1.5,30.490000000000002,-87.94999999999999,2.9992221163113646,salinity,15.442784309387207,PSU,surface,0.0,standard_depth_positive_down,model_grid_or_not_applicable,MODEL_WET_GRID_NODE,,2026-10-06T18:00:00+00:00,2026-10-07T06:31:11.819952+00:00,2026-10-07T06:31:11.819952+00:00,UTC,2026-10-06T21:00:00+00:00,nowcast,3,https://opendap.co-ops.nos.noaa.gov/thredds/dodsC/NOAA/NGOFS2/MODELS/2026/10/06/ngofs2.t21z.20261006.regulargrid.n003.nc,0.0,a35efafd89c8c60821aa7c6740a638843fb330aba7b5d73879f8854f4678c3d5,ngofs2_regulargrid_v1
noaa_ngofs2_mobile_bay_regulargrid,MODEL,ngofs2_grid_872_993,noaa_ngofs2_mobile_bay_model,Point Clear/Grand Hotel,1.5,30.490000000000002,-87.94999999999999,2.9992221163113646,eastward_current,0.07338385283946991,m/s,bottom,2.0,standard_depth_positive_down,model_grid_or_not_applicable,MODEL_WET_GRID_NODE,,2026-10-06T18:00:00+00:00,2026-10-07T06:31:11.819952+00:00,2026-10-07T06:31:11.819952+00:00,UTC,2026-10-06T21:00:00+00:00,nowcast,3,https://opendap.co-ops.nos.noaa.gov/thredds/dodsC/NOAA/NGOFS2/MODELS/2026/10/06/ngofs2.t21z.20261006.regulargrid.n003.nc,0.0,a35efafd89c8c60821aa7c6740a638843fb330aba7b5d73879f8854f4678c3d5,ngofs2_regulargrid_v1
noaa_ngofs2_mobile_bay_regulargrid,MODEL,ngofs2_grid_872_993,noaa_ngofs2_mobile_bay_model,Point Clear/Grand Hotel,1.5,30.490000000000002,-87.94999999999999,2.9992221163113646,northward_current,-0.13157600164413452,m/s,bottom,2.0,standard_depth_positive_down,model_grid_or_not_applicable,MODEL_WET_GRID_NODE,,2026-10-06T18:00:00+00:00,2026-10-07T06:31:11.819952+00:00,2026-10-07T06:31:11.819952+00:00,UTC,2026-10-06T21:00:00+00:00,nowcast,3,https://opendap.co-ops.nos.noaa.gov/thredds/dodsC/NOAA/NGOFS2/MODELS/2026/10/06/ngofs2.t21z.20261006.regulargrid.n003.nc,0.0,a35efafd89c8c60821aa7c6740a638843fb330aba7b5d73879f8854f4678c3d5,ngofs2_regulargrid_v1
noaa_ngofs2_mobile_bay_regulargrid,MODEL,ngofs2_grid_872_993,noaa_ngofs2_mobile_bay_model,Point Clear/Grand Hotel,1.5,30.490000000000002,-87.94999999999999,2.9992221163113646,shoreward_current,0.0733838528394699,m/s,bottom,2.0,standard_depth_positive_down,model_grid_or_not_applicable,MODEL_WET_GRID_NODE,,2026-10-06T18:00:00+00:00,2026-10-07T06:31:11.819952+00:00,2026-10-07T06:31:11.819952+00:00,UTC,2026-10-06T21:00:00+00:00,nowcast,3,https://opendap.co-ops.nos.noaa.gov/thredds/dodsC/NOAA/NGOFS2/MODELS/2026/10/06/ngofs2.t21z.20261006.regulargrid.n003.nc,0.0,a35efafd89c8c60821aa7c6740a638843fb330aba7b5d73879f8854f4678c3d5,ngofs2_regulargrid_v1
noaa_ngofs2_mobile_bay_regulargrid,MODEL,ngofs2_grid_872_993,noaa_ngofs2_mobile_bay_model,Point Clear/Grand Hotel,1.5,30.490000000000002,-87.94999999999999,2.9992221163113646,water_temperature,29.35967445373535,degC,bottom,2.0,standard_depth_positive_down,model_grid_or_not_applicable,MODEL_WET_GRID_NODE,,2026-10-06T18:00:00+00:00,2026-10-07T06:31:11.819952+00:00,2026-10-07T06:31:11.819952+00:00,UTC,2026-10-06T21:00:00+00:00,nowcast,3,https://opendap.co-ops.nos.noaa.gov/thredds/dodsC/NOAA/NGOFS2/MODELS/2026/10/06/ngofs2.t21z.20261006.regulargrid.n003.nc,0.0,a35efafd89c8c60821aa7c6740a638843fb330aba7b5d73879f8854f4678c3d5,ngofs2_regulargrid_v1
noaa_ngofs2_mobile_bay_regulargrid,MODEL,ngofs2_grid_872_993,noaa_ngofs2_mobile_bay_model,Point Clear/Grand Hotel,1.5,30.490000000000002,-87.94999999999999,2.9992221163113646,salinity,18.18543243408203,PSU,bottom,2.0,standard_depth_positive_down,model_grid_or_not_applicable,MODEL_WET_GRID_NODE,,2026-10-06T18:00:00+00:00,2026-10-07T06:31:11.819952+00:00,2026-10-07T06:31:11.819952+00:00,UTC,2026-10-06T21:00:00+00:00,nowcast,3,https://opendap.co-ops.nos.noaa.gov/thredds/dodsC/NOAA/NGOFS2/MODELS/2026/10/06/ngofs2.t21z.20261006.regulargrid.n003.nc,0.0,a35efafd89c8c60821aa7c6740a638843fb330aba7b5d73879f8854f4678c3d5,ngofs2_regulargrid_v1
noaa_ngofs2_mobile_bay_regulargrid,MODEL,ngofs2_grid_872_993,noaa_ngofs2_mobile_bay_model,Point Clear/Grand Hotel,1.5,30.490000000000002,-87.94999999999999,2.9992221163113646,water_surface_elevation,0.2389051914215088,m,surface,0.0,surface,model_mean_sea_level,MODEL_WET_GRID_NODE,,2026-10-06T18:00:00+00:00,2026-10-07T06:31:11.819952+00:00,2026-10-07T06:31:11.819952+00:00,UTC,2026-10-06T21:00:00+00:00,nowcast,3,https://opendap.co-ops.nos.noaa.gov/thredds/dodsC/NOAA/NGOFS2/MODELS/2026/10/06/ngofs2.t21z.20261006.regulargrid.n003.nc,0.0,a35efafd89c8c60821aa7c6740a638843fb330aba7b5d73879f8854f4678c3d5,ngofs2_regulargrid_v1
noaa_ngofs2_mobile_bay_regulargrid,MODEL,ngofs2_grid_872_991,noaa_ngofs2_mobile_bay_model,Point Clear/Grand Hotel,3.0,30.490000000000002,-87.97,3.969153288834054,eastward_current,-0.10270772129297256,m/s,surface,0.0,standard_depth_positive_down,model_grid_or_not_applicable,MODEL_WET_GRID_NODE,,2026-10-06T18:00:00+00:00,2026-10-07T06:31:11.819952+00:00,2026-10-07T06:31:11.819952+00:00,UTC,2026-10-06T21:00:00+00:00,nowcast,3,https://opendap.co-ops.nos.noaa.gov/thredds/dodsC/NOAA/NGOFS2/MODELS/2026/10/06/ngofs2.t21z.20261006.regulargrid.n003.nc,0.0,a35efafd89c8c60821aa7c6740a638843fb330aba7b5d73879f8854f4678c3d5,ngofs2_regulargrid_v1
noaa_ngofs2_mobile_bay_regulargrid,MODEL,ngofs2_grid_872_991,noaa_ngofs2_mobile_bay_model,Point Clear/Grand Hotel,3.0,30.490000000000002,-87.97,3.969153288834054,northward_current,-0.21719078719615936,m/s,surface,0.0,standard_depth_positive_down,model_grid_or_not_applicable,MODEL_WET_GRID_NODE,,2026-10-06T18:00:00+00:00,2026-10-07T06:31:11.819952+00:00,2026-10-07T06:31:11.819952+00:00,UTC,2026-10-06T21:00:00+00:00,nowcast,3,https://opendap.co-ops.nos.noaa.gov/thredds/dodsC/NOAA/NGOFS2/MODELS/2026/10/06/ngofs2.t21z.20261006.regulargrid.n003.nc,0.0,a35efafd89c8c60821aa7c6740a638843fb330aba7b5d73879f8854f4678c3d5,ngofs2_regulargrid_v1
noaa_ngofs2_mobile_bay_regulargrid,MODEL,ngofs2_grid_872_991,noaa_ngofs2_mobile_bay_model,Point Clear/Grand Hotel,3.0,30.490000000000002,-87.97,3.969153288834054,shoreward_current,-0.10270772129297258,m/s,surface,0.0,standard_depth_positive_down,model_grid_or_not_applicable,MODEL_WET_GRID_NODE,,2026-10-06T18:00:00+00:00,2026-10-07T06:31:11.819952+00:00,2026-10-07T06:31:11.819952+00:00,UTC,2026-10-06T21:00:00+00:00,nowcast,3,https://opendap.co-ops.nos.noaa.gov/thredds/dodsC/NOAA/NGOFS2/MODELS/2026/10/06/ngofs2.t21z.20261006.regulargrid.n003.nc,0.0,a35efafd89c8c60821aa7c6740a638843fb330aba7b5d73879f8854f4678c3d5,ngofs2_regulargrid_v1
noaa_ngofs2_mobile_bay_regulargrid,MODEL,ngofs2_grid_872_991,noaa_ngofs2_mobile_bay_model,Point Clear/Grand Hotel,3.0,30.490000000000002,-87.97,3.969153288834054,water_temperature,28.940332412719727,degC,surface,0.0,standard_depth_positive_down,model_grid_or_not_applicable,MODEL_WET_GRID_NODE,,2026-10-06T18:00:00+00:00,2026-10-07T06:31:11.819952+00:00,2026-10-07T06:31:11.819952+00:00,UTC,2026-10-06T21:00:00+00:00,nowcast,3,https://opendap.co-ops.nos.noaa.gov/thredds/dodsC/NOAA/NGOFS2/MODELS/2026/10/06/ngofs2.t21z.20261006.regulargrid.n003.nc,0.0,a35efafd89c8c60821aa7c6740a638843fb330aba7b5d73879f8854f4678c3d5,ngofs2_regulargrid_v1
noaa_ngofs2_mobile_bay_regulargrid,MODEL,ngofs2_grid_872_991,noaa_ngofs2_mobile_bay_model,Point Clear/Grand Hotel,3.0,30.490000000000002,-87.97,3.969153288834054,salinity,15.271233558654785,PSU,surface,0.0,standard_depth_positive_down,model_grid_or_not_applicable,MODEL_WET_GRID_NODE,,2026-10-06T18:00:00+00:00,2026-10-07T06:31:11.819952+00:00,2026-10-07T06:31:11.819952+00:00,UTC,2026-10-06T21:00:00+00:00,nowcast,3,https://opendap.co-ops.nos.noaa.gov/thredds/dodsC/NOAA/NGOFS2/MODELS/2026/10/06/ngofs2.t21z.20261006.regulargrid.n003.nc,0.0,a35efafd89c8c60821aa7c6740a638843fb330aba7b5d73879f8854f4678c3d5,ngofs2_regulargrid_v1
noaa_ngofs2_mobile_bay_regulargrid,MODEL,ngofs2_grid_872_991,noaa_ngofs2_mobile_bay_model,Point Clear/Grand Hotel,3.0,30.490000000000002,-87.97,3.969153288834054,eastward_current,0.02657296508550644,m/s,bottom,2.0,standard_depth_positive_down,model_grid_or_not_applicable,MODEL_WET_GRID_NODE,,2026-10-06T18:00:00+00:00,2026-10-07T06:31:11.819952+00:00,2026-10-07T06:31:11.819952+00:00,UTC,2026-10-06T21:00:00+00:00,nowcast,3,https://opendap.co-ops.nos.noaa.gov/thredds/dodsC/NOAA/NGOFS2/MODELS/2026/10/06/ngofs2.t21z.20261006.regulargrid.n003.nc,0.0,a35efafd89c8c60821aa7c6740a638843fb330aba7b5d73879f8854f4678c3d5,ngofs2_regulargrid_v1
noaa_ngofs2_mobile_bay_regulargrid,MODEL,ngofs2_grid_872_991,noaa_ngofs2_mobile_bay_model,Point Clear/Grand Hotel,3.0,30.490000000000002,-87.97,3.969153288834054,northward_current,-0.12778152525424957,m/s,bottom,2.0,standard_depth_positive_down,model_grid_or_not_applicable,MODEL_WET_GRID_NODE,,2026-10-06T18:00:00+00:00,2026-10-07T06:31:11.819952+00:00,2026-10-07T06:31:11.819952+00:00,UTC,2026-10-06T21:00:00+00:00,nowcast,3,https://opendap.co-ops.nos.noaa.gov/thredds/dodsC/NOAA/NGOFS2/MODELS/2026/10/06/ngofs2.t21z.20261006.regulargrid.n003.nc,0.0,a35efafd89c8c60821aa7c6740a638843fb330aba7b5d73879f8854f4678c3d5,ngofs2_regulargrid_v1
noaa_ngofs2_mobile_bay_regulargrid,MODEL,ngofs2_grid_872_991,noaa_ngofs2_mobile_bay_model,Point Clear/Grand Hotel,3.0,30.490000000000002,-87.97,3.969153288834054,shoreward_current,0.026572965085506432,m/s,bottom,2.0,standard_depth_positive_down,model_grid_or_not_applicable,MODEL_WET_GRID_NODE,,2026-10-06T18:00:00+00:00,2026-10-07T06:31:11.819952+00:00,2026-10-07T06:31:11.819952+00:00,UTC,2026-10-06T21:00:00+00:00,nowcast,3,https://opendap.co-ops.nos.noaa.gov/thredds/dodsC/NOAA/NGOFS2/MODELS/2026/10/06/ngofs2.t21z.20261006.regulargrid.n003.nc,0.0,a35efafd89c8c60821aa7c6740a638843fb330aba7b5d73879f8854f4678c3d5,ngofs2_regulargrid_v1
noaa_ngofs2_mobile_bay_regulargrid,MODEL,ngofs2_grid_872_991,noaa_ngofs2_mobile_bay_model,Point Clear/Grand Hotel,3.0,30.490000000000002,-87.97,3.969153288834054,water_temperature,28.912792205810547,degC,bottom,2.0,standard_depth_positive_down,model_grid_or_not_applicable,MODEL_WET_GRID_NODE,,2026-10-06T18:00:00+00:00,2026-10-07T06:31:11.819952+00:00,2026-10-07T06:31:11.819952+00:00,UTC,2026-10-06T21:00:00+00:00,nowcast,3,https://opendap.co-ops.nos.noaa.gov/thredds/dodsC/NOAA/NGOFS2/MODELS/2026/10/06/ngofs2.t21z.20261006.regulargrid.n003.nc,0.0,a35efafd89c8c60821aa7c6740a638843fb330aba7b5d73879f8854f4678c3d5,ngofs2_regulargrid_v1
noaa_ngofs2_mobile_bay_regulargrid,MODEL,ngofs2_grid_872_991,noaa_ngofs2_mobile_bay_model,Point Clear/Grand Hotel,3.0,30.490000000000002,-87.97,3.969153288834054,salinity,16.238187789916992,PSU,bottom,2.0,standard_depth_positive_down,model_grid_or_not_applicable,MODEL_WET_GRID_NODE,,2026-10-06T18:00:00+00:00,2026-10-07T06:31:11.819952+00:00,2026-10-07T06:31:11.819952+00:00,UTC,2026-10-06T21:00:00+00:00,nowcast,3,https://opendap.co-ops.nos.noaa.gov/thredds/dodsC/NOAA/NGOFS2/MODELS/2026/10/06/ngofs2.t21z.20261006.regulargrid.n003.nc,0.0,a35efafd89c8c60821aa7c6740a638843fb330aba7b5d73879f8854f4678c3d5,ngofs2_regulargrid_v1
noaa_ngofs2_mobile_bay_regulargrid,MODEL,ngofs2_grid_872_991,noaa_ngofs2_mobile_bay_model,Point Clear/Grand Hotel,3.0,30.490000000000002,-87.97,3.969153288834054,water_surface_elevation,0.24298131465911865,m,surface,0.0,surface,model_mean_sea_level,MODEL_WET_GRID_NODE,,2026-10-06T18:00:00+00:00,2026-10-07T06:31:11.819952+00:00,2026-10-07T06:31:11.819952+00:00,UTC,2026-10-06T21:00:00+00:00,nowcast,3,https://opendap.co-ops.nos.noaa.gov/thredds/dodsC/NOAA/NGOFS2/MODELS/2026/10/06/ngofs2.t21z.20261006.regulargrid.n003.nc,0.0,a35efafd89c8c60821aa7c6740a638843fb330aba7b5d73879f8854f4678c3d5,ngofs2_regulargrid_v1
noaa_ngofs2_mobile_bay_regulargrid,MODEL,ngofs2_grid_864_997,noaa_ngofs2_mobile_bay_model,Mullet Point,0.25,30.41,-87.91,2.502617325949256,eastward_current,0.05934388190507889,m/s,surface,0.0,standard_depth_positive_down,model_grid_or_not_applicable,MODEL_WET_GRID_NODE,,2026-10-06T18:00:00+00:00,2026-10-07T06:31:11.819952+00:00,2026-10-07T06:31:11.819952+00:00,UTC,2026-10-06T21:00:00+00:00,nowcast,3,https://opendap.co-ops.nos.noaa.gov/thredds/dodsC/NOAA/NGOFS2/MODELS/2026/10/06/ngofs2.t21z.20261006.regulargrid.n003.nc,0.0,a35efafd89c8c60821aa7c6740a638843fb330aba7b5d73879f8854f4678c3d5,ngofs2_regulargrid_v1
noaa_ngofs2_mobile_bay_regulargrid,MODEL,ngofs2_grid_864_997,noaa_ngofs2_mobile_bay_model,Mullet Point,0.25,30.41,-87.91,2.502617325949256,northward_current,-0.21555747091770172,m/s,surface,0.0,standard_depth_positive_down,model_grid_or_not_applicable,MODEL_WET_GRID_NODE,,2026-10-06T18:00:00+00:00,2026-10-07T06:31:11.819952+00:00,2026-10-07T06:31:11.819952+00:00,UTC,2026-10-06T21:00:00+00:00,nowcast,3,https://opendap.co-ops.nos.noaa.gov/thredds/dodsC/NOAA/NGOFS2/MODELS/2026/10/06/ngofs2.t21z.20261006.regulargrid.n003.nc,0.0,a35efafd89c8c60821aa7c6740a638843fb330aba7b5d73879f8854f4678c3d5,ngofs2_regulargrid_v1
noaa_ngofs2_mobile_bay_regulargrid,MODEL,ngofs2_grid_864_997,noaa_ngofs2_mobile_bay_model,Mullet Point,0.25,30.41,-87.91,2.502617325949256,shoreward_current,0.059343881905078874,m/s,surface,0.0,standard_depth_positive_down,model_grid_or_not_applicable,MODEL_WET_GRID_NODE,,2026-10-06T18:00:00+00:00,2026-10-07T06:31:11.819952+00:00,2026-10-07T06:31:11.819952+00:00,UTC,2026-10-06T21:00:00+00:00,nowcast,3,https://opendap.co-ops.nos.noaa.gov/thredds/dodsC/NOAA/NGOFS2/MODELS/2026/10/06/ngofs2.t21z.20261006.regulargrid.n003.nc,0.0,a35efafd89c8c60821aa7c6740a638843fb330aba7b5d73879f8854f4678c3d5,ngofs2_regulargrid_v1
noaa_ngofs2_mobile_bay_regulargrid,MODEL,ngofs2_grid_864_997,noaa_ngofs2_mobile_bay_model,Mullet Point,0.25,30.41,-87.91,2.502617325949256,water_temperature,29.105836868286133,degC,surface,0.0,standard_depth_positive_down,model_grid_or_not_applicable,MODEL_WET_GRID_NODE,,2026-10-06T18:00:00+00:00,2026-10-07T06:31:11.819952+00:00,2026-10-07T06:31:11.819952+00:00,UTC,2026-10-06T21:00:00+00:00,nowcast,3,https://opendap.co-ops.nos.noaa.gov/thredds/dodsC/NOAA/NGOFS2/MODELS/2026/10/06/ngofs2.t21z.20261006.regulargrid.n003.nc,0.0,a35efafd89c8c60821aa7c6740a638843fb330aba7b5d73879f8854f4678c3d5,ngofs2_regulargrid_v1
noaa_ngofs2_mobile_bay_regulargrid,MODEL,ngofs2_grid_864_997,noaa_ngofs2_mobile_bay_model,Mullet Point,0.25,30.41,-87.91,2.502617325949256,salinity,20.99242401123047,PSU,surface,0.0,standard_depth_positive_down,model_grid_or_not_applicable,MODEL_WET_GRID_NODE,,2026-10-06T18:00:00+00:00,2026-10-07T06:31:11.819952+00:00,2026-10-07T06:31:11.819952+00:00,UTC,2026-10-06T21:00:00+00:00,nowcast,3,https://opendap.co-ops.nos.noaa.gov/thredds/dodsC/NOAA/NGOFS2/MODELS/2026/10/06/ngofs2.t21z.20261006.regulargrid.n003.nc,0.0,a35efafd89c8c60821aa7c6740a638843fb330aba7b5d73879f8854f4678c3d5,ngofs2_regulargrid_v1
noaa_ngofs2_mobile_bay_regulargrid,MODEL,ngofs2_grid_864_997,noaa_ngofs2_mobile_bay_model,Mullet Point,0.25,30.41,-87.91,2.502617325949256,eastward_current,0.05624014884233475,m/s,bottom,2.0,standard_depth_positive_down,model_grid_or_not_applicable,MODEL_WET_GRID_NODE,,2026-10-06T18:00:00+00:00,2026-10-07T06:31:11.819952+00:00,2026-10-07T06:31:11.819952+00:00,UTC,2026-10-06T21:00:00+00:00,nowcast,3,https://opendap.co-ops.nos.noaa.gov/thredds/dodsC/NOAA/NGOFS2/MODELS/2026/10/06/ngofs2.t21z.20261006.regulargrid.n003.nc,0.0,a35efafd89c8c60821aa7c6740a638843fb330aba7b5d73879f8854f4678c3d5,ngofs2_regulargrid_v1
noaa_ngofs2_mobile_bay_regulargrid,MODEL,ngofs2_grid_864_997,noaa_ngofs2_mobile_bay_model,Mullet Point,0.25,30.41,-87.91,2.502617325949256,northward_current,-0.0875464379787445,m/s,bottom,2.0,standard_depth_positive_down,model_grid_or_not_applicable,MODEL_WET_GRID_NODE,,2026-10-06T18:00:00+00:00,2026-10-07T06:31:11.819952+00:00,2026-10-07T06:31:11.819952+00:00,UTC,2026-10-06T21:00:00+00:00,nowcast,3,https://opendap.co-ops.nos.noaa.gov/thredds/dodsC/NOAA/NGOFS2/MODELS/2026/10/06/ngofs2.t21z.20261006.regulargrid.n003.nc,0.0,a35efafd89c8c60821aa7c6740a638843fb330aba7b5d73879f8854f4678c3d5,ngofs2_regulargrid_v1
noaa_ngofs2_mobile_bay_regulargrid,MODEL,ngofs2_grid_864_997,noaa_ngofs2_mobile_bay_model,Mullet Point,0.25,30.41,-87.91,2.502617325949256,shoreward_current,0.05624014884233474,m/s,bottom,2.0,standard_depth_positive_down,model_grid_or_not_applicable,MODEL_WET_GRID_NODE,,2026-10-06T18:00:00+00:00,2026-10-07T06:31:11.819952+00:00,2026-10-07T06:31:11.819952+00:00,UTC,2026-10-06T21:00:00+00:00,nowcast,3,https://opendap.co-ops.nos.noaa.gov/thredds/dodsC/NOAA/NGOFS2/MODELS/2026/10/06/ngofs2.t21z.20261006.regulargrid.n003.nc,0.0,a35efafd89c8c60821aa7c6740a638843fb330aba7b5d73879f8854f4678c3d5,ngofs2_regulargrid_v1
noaa_ngofs2_mobile_bay_regulargrid,MODEL,ngofs2_grid_864_997,noaa_ngofs2_mobile_bay_model,Mullet Point,0.25,30.41,-87.91,2.502617325949256,water_temperature,29.235736846923828,degC,bottom,2.0,standard_depth_positive_down,model_grid_or_not_applicable,MODEL_WET_GRID_NODE,,2026-10-06T18:00:00+00:00,2026-10-07T06:31:11.819952+00:00,2026-10-07T06:31:11.819952+00:00,UTC,2026-10-06T21:00:00+00:00,nowcast,3,https://opendap.co-ops.nos.noaa.gov/thredds/dodsC/NOAA/NGOFS2/MODELS/2026/10/06/ngofs2.t21z.20261006.regulargrid.n003.nc,0.0,a35efafd89c8c60821aa7c6740a638843fb330aba7b5d73879f8854f4678c3d5,ngofs2_regulargrid_v1
noaa_ngofs2_mobile_bay_regulargrid,MODEL,ngofs2_grid_864_997,noaa_ngofs2_mobile_bay_model,Mullet Point,0.25,30.41,-87.91,2.502617325949256,salinity,21.900407791137695,PSU,bottom,2.0,standard_depth_positive_down,model_grid_or_not_applicable,MODEL_WET_GRID_NODE,,2026-10-06T18:00:00+00:00,2026-10-07T06:31:11.819952+00:00,2026-10-07T06:31:11.819952+00:00,UTC,2026-10-06T21:00:00+00:00,nowcast,3,https://opendap.co-ops.nos.noaa.gov/thredds/dodsC/NOAA/NGOFS2/MODELS/2026/10/06/ngofs2.t21z.20261006.regulargrid.n003.nc,0.0,a35efafd89c8c60821aa7c6740a638843fb330aba7b5d73879f8854f4678c3d5,ngofs2_regulargrid_v1
noaa_ngofs2_mobile_bay_regulargrid,MODEL,ngofs2_grid_864_997,noaa_ngofs2_mobile_bay_model,Mullet Point,0.25,30.41,-87.91,2.502617325949256,water_surface_elevation,0.2232271432876587,m,surface,0.0,surface,model_mean_sea_level,MODEL_WET_GRID_NODE,,2026-10-06T18:00:00+00:00,2026-10-07T06:31:11.819952+00:00,2026-10-07T06:31:11.819952+00:00,UTC,2026-10-06T21:00:00+00:00,nowcast,3,https://opendap.co-ops.nos.noaa.gov/thredds/dodsC/NOAA/NGOFS2/MODELS/2026/10/06/ngofs2.t21z.20261006.regulargrid.n003.nc,0.0,a35efafd89c8c60821aa7c6740a638843fb330aba7b5d73879f8854f4678c3d5,ngofs2_regulargrid_v1
noaa_ngofs2_mobile_bay_regulargrid,MODEL,ngofs2_grid_865_996,noaa_ngofs2_mobile_bay_model,Mullet Point,0.75,30.42,-87.91999999999999,2.4181508833466974,eastward_current,0.015194435603916645,m/s,surface,0.0,standard_depth_positive_down,model_grid_or_not_applicable,MODEL_WET_GRID_NODE,,2026-10-06T18:00:00+00:00,2026-10-07T06:31:11.819952+00:00,2026-10-07T06:31:11.819952+00:00,UTC,2026-10-06T21:00:00+00:00,nowcast,3,https://opendap.co-ops.nos.noaa.gov/thredds/dodsC/NOAA/NGOFS2/MODELS/2026/10/06/ngofs2.t21z.20261006.regulargrid.n003.nc,0.0,a35efafd89c8c60821aa7c6740a638843fb330aba7b5d73879f8854f4678c3d5,ngofs2_regulargrid_v1
noaa_ngofs2_mobile_bay_regulargrid,MODEL,ngofs2_grid_865_996,noaa_ngofs2_mobile_bay_model,Mullet Point,0.75,30.42,-87.91999999999999,2.4181508833466974,northward_current,-0.2032344937324524,m/s,surface,0.0,standard_depth_positive_down,model_grid_or_not_applicable,MODEL_WET_GRID_NODE,,2026-10-06T18:00:00+00:00,2026-10-07T06:31:11.819952+00:00,2026-10-07T06:31:11.819952+00:00,UTC,2026-10-06T21:00:00+00:00,nowcast,3,https://opendap.co-ops.nos.noaa.gov/thredds/dodsC/NOAA/NGOFS2/MODELS/2026/10/06/ngofs2.t21z.20261006.regulargrid.n003.nc,0.0,a35efafd89c8c60821aa7c6740a638843fb330aba7b5d73879f8854f4678c3d5,ngofs2_regulargrid_v1
noaa_ngofs2_mobile_bay_regulargrid,MODEL,ngofs2_grid_865_996,noaa_ngofs2_mobile_bay_model,Mullet Point,0.75,30.42,-87.91999999999999,2.4181508833466974,shoreward_current,0.015194435603916633,m/s,surface,0.0,standard_depth_positive_down,model_grid_or_not_applicable,MODEL_WET_GRID_NODE,,2026-10-06T18:00:00+00:00,2026-10-07T06:31:11.819952+00:00,2026-10-07T06:31:11.819952+00:00,UTC,2026-10-06T21:00:00+00:00,nowcast,3,https://opendap.co-ops.nos.noaa.gov/thredds/dodsC/NOAA/NGOFS2/MODELS/2026/10/06/ngofs2.t21z.20261006.regulargrid.n003.nc,0.0,a35efafd89c8c60821aa7c6740a638843fb330aba7b5d73879f8854f4678c3d5,ngofs2_regulargrid_v1
noaa_ngofs2_mobile_bay_regulargrid,MODEL,ngofs2_grid_865_996,noaa_ngofs2_mobile_bay_model,Mullet Point,0.75,30.42,-87.91999999999999,2.4181508833466974,water_temperature,29.134611129760742,degC,surface,0.0,standard_depth_positive_down,model_grid_or_not_applicable,MODEL_WET_GRID_NODE,,2026-10-06T18:00:00+00:00,2026-10-07T06:31:11.819952+00:00,2026-10-07T06:31:11.819952+00:00,UTC,2026-10-06T21:00:00+00:00,nowcast,3,https://opendap.co-ops.nos.noaa.gov/thredds/dodsC/NOAA/NGOFS2/MODELS/2026/10/06/ngofs2.t21z.20261006.regulargrid.n003.nc,0.0,a35efafd89c8c60821aa7c6740a638843fb330aba7b5d73879f8854f4678c3d5,ngofs2_regulargrid_v1
noaa_ngofs2_mobile_bay_regulargrid,MODEL,ngofs2_grid_865_996,noaa_ngofs2_mobile_bay_model,Mullet Point,0.75,30.42,-87.91999999999999,2.4181508833466974,salinity,20.82044792175293,PSU,surface,0.0,standard_depth_positive_down,model_grid_or_not_applicable,MODEL_WET_GRID_NODE,,2026-10-06T18:00:00+00:00,2026-10-07T06:31:11.819952+00:00,2026-10-07T06:31:11.819952+00:00,UTC,2026-10-06T21:00:00+00:00,nowcast,3,https://opendap.co-ops.nos.noaa.gov/thredds/dodsC/NOAA/NGOFS2/MODELS/2026/10/06/ngofs2.t21z.20261006.regulargrid.n003.nc,0.0,a35efafd89c8c60821aa7c6740a638843fb330aba7b5d73879f8854f4678c3d5,ngofs2_regulargrid_v1
noaa_ngofs2_mobile_bay_regulargrid,MODEL,ngofs2_grid_865_996,noaa_ngofs2_mobile_bay_model,Mullet Point,0.75,30.42,-87.91999999999999,2.4181508833466974,eastward_current,0.04912784323096275,m/s,bottom,2.0,standard_depth_positive_down,model_grid_or_not_applicable,MODEL_WET_GRID_NODE,,2026-10-06T18:00:00+00:00,2026-10-07T06:31:11.819952+00:00,2026-10-07T06:31:11.819952+00:00,UTC,2026-10-06T21:00:00+00:00,nowcast,3,https://opendap.co-ops.nos.noaa.gov/thredds/dodsC/NOAA/NGOFS2/MODELS/2026/10/06/ngofs2.t21z.20261006.regulargrid.n003.nc,0.0,a35efafd89c8c60821aa7c6740a638843fb330aba7b5d73879f8854f4678c3d5,ngofs2_regulargrid_v1
noaa_ngofs2_mobile_bay_regulargrid,MODEL,ngofs2_grid_865_996,noaa_ngofs2_mobile_bay_model,Mullet Point,0.75,30.42,-87.91999999999999,2.4181508833466974,northward_current,-0.07954326272010803,m/s,bottom,2.0,standard_depth_positive_down,model_grid_or_not_applicable,MODEL_WET_GRID_NODE,,2026-10-06T18:00:00+00:00,2026-10-07T06:31:11.819952+00:00,2026-10-07T06:31:11.819952+00:00,UTC,2026-10-06T21:00:00+00:00,nowcast,3,https://opendap.co-ops.nos.noaa.gov/thredds/dodsC/NOAA/NGOFS2/MODELS/2026/10/06/ngofs2.t21z.20261006.regulargrid.n003.nc,0.0,a35efafd89c8c60821aa7c6740a638843fb330aba7b5d73879f8854f4678c3d5,ngofs2_regulargrid_v1
noaa_ngofs2_mobile_bay_regulargrid,MODEL,ngofs2_grid_865_996,noaa_ngofs2_mobile_bay_model,Mullet Point,0.75,30.42,-87.91999999999999,2.4181508833466974,shoreward_current,0.049127843230962746,m/s,bottom,2.0,standard_depth_positive_down,model_grid_or_not_applicable,MODEL_WET_GRID_NODE,,2026-10-06T18:00:00+00:00,2026-10-07T06:31:11.819952+00:00,2026-10-07T06:31:11.819952+00:00,UTC,2026-10-06T21:00:00+00:00,nowcast,3,https://opendap.co-ops.nos.noaa.gov/thredds/dodsC/NOAA/NGOFS2/MODELS/2026/10/06/ngofs2.t21z.20261006.regulargrid.n003.nc,0.0,a35efafd89c8c60821aa7c6740a638843fb330aba7b5d73879f8854f4678c3d5,ngofs2_regulargrid_v1
noaa_ngofs2_mobile_bay_regulargrid,MODEL,ngofs2_grid_865_996,noaa_ngofs2_mobile_bay_model,Mullet Point,0.75,30.42,-87.91999999999999,2.4181508833466974,water_temperature,29.293760299682617,degC,bottom,2.0,standard_depth_positive_down,model_grid_or_not_applicable,MODEL_WET_GRID_NODE,,2026-10-06T18:00:00+00:00,2026-10-07T06:31:11.819952+00:00,2026-10-07T06:31:11.819952+00:00,UTC,2026-10-06T21:00:00+00:00,nowcast,3,https://opendap.co-ops.nos.noaa.gov/thredds/dodsC/NOAA/NGOFS2/MODELS/2026/10/06/ngofs2.t21z.20261006.regulargrid.n003.nc,0.0,a35efafd89c8c60821aa7c6740a638843fb330aba7b5d73879f8854f4678c3d5,ngofs2_regulargrid_v1
noaa_ngofs2_mobile_bay_regulargrid,MODEL,ngofs2_grid_865_996,noaa_ngofs2_mobile_bay_model,Mullet Point,0.75,30.42,-87.91999999999999,2.4181508833466974,salinity,21.97752571105957,PSU,bottom,2.0,standard_depth_positive_down,model_grid_or_not_applicable,MODEL_WET_GRID_NODE,,2026-10-06T18:00:00+00:00,2026-10-07T06:31:11.819952+00:00,2026-10-07T06:31:11.819952+00:00,UTC,2026-10-06T21:00:00+00:00,nowcast,3,https://opendap.co-ops.nos.noaa.gov/thredds/dodsC/NOAA/NGOFS2/MODELS/2026/10/06/ngofs2.t21z.20261006.regulargrid.n003.nc,0.0,a35efafd89c8c60821aa7c6740a638843fb330aba7b5d73879f8854f4678c3d5,ngofs2_regulargrid_v1
noaa_ngofs2_mobile_bay_regulargrid,MODEL,ngofs2_grid_865_996,noaa_ngofs2_mobile_bay_model,Mullet Point,0.75,30.42,-87.91999999999999,2.4181508833466974,water_surface_elevation,0.2276419848203659,m,surface,0.0,surface,model_mean_sea_level,MODEL_WET_GRID_NODE,,2026-10-06T18:00:00+00:00,2026-10-07T06:31:11.819952+00:00,2026-10-07T06:31:11.819952+00:00,UTC,2026-10-06T21:00:00+00:00,nowcast,3,https://opendap.co-ops.nos.noaa.gov/thredds/dodsC/NOAA/NGOFS2/MODELS/2026/10/06/ngofs2.t21z.20261006.regulargrid.n003.nc,0.0,a35efafd89c8c60821aa7c6740a638843fb330aba7b5d73879f8854f4678c3d5,ngofs2_regulargrid_v1
noaa_ngofs2_mobile_bay_regulargrid,MODEL,ngofs2_grid_865_995,noaa_ngofs2_mobile_bay_model,Mullet Point,1.5,30.42,-87.92999999999999,3.100659617984664,eastward_current,-0.022534949705004692,m/s,surface,0.0,standard_depth_positive_down,model_grid_or_not_applicable,MODEL_WET_GRID_NODE,,2026-10-06T18:00:00+00:00,2026-10-07T06:31:11.819952+00:00,2026-10-07T06:31:11.819952+00:00,UTC,2026-10-06T21:00:00+00:00,nowcast,3,https://opendap.co-ops.nos.noaa.gov/thredds/dodsC/NOAA/NGOFS2/MODELS/2026/10/06/ngofs2.t21z.20261006.regulargrid.n003.nc,0.0,a35efafd89c8c60821aa7c6740a638843fb330aba7b5d73879f8854f4678c3d5,ngofs2_regulargrid_v1
noaa_ngofs2_mobile_bay_regulargrid,MODEL,ngofs2_grid_865_995,noaa_ngofs2_mobile_bay_model,Mullet Point,1.5,30.42,-87.92999999999999,3.100659617984664,northward_current,-0.23553349077701569,m/s,surface,0.0,standard_depth_positive_down,model_grid_or_not_applicable,MODEL_WET_GRID_NODE,,2026-10-06T18:00:00+00:00,2026-10-07T06:31:11.819952+00:00,2026-10-07T06:31:11.819952+00:00,UTC,2026-10-06T21:00:00+00:00,nowcast,3,https://opendap.co-ops.nos.noaa.gov/thredds/dodsC/NOAA/NGOFS2/MODELS/2026/10/06/ngofs2.t21z.20261006.regulargrid.n003.nc,0.0,a35efafd89c8c60821aa7c6740a638843fb330aba7b5d73879f8854f4678c3d5,ngofs2_regulargrid_v1
noaa_ngofs2_mobile_bay_regulargrid,MODEL,ngofs2_grid_865_995,noaa_ngofs2_mobile_bay_model,Mullet Point,1.5,30.42,-87.92999999999999,3.100659617984664,shoreward_current,-0.022534949705004706,m/s,surface,0.0,standard_depth_positive_down,model_grid_or_not_applicable,MODEL_WET_GRID_NODE,,2026-10-06T18:00:00+00:00,2026-10-07T06:31:11.819952+00:00,2026-10-07T06:31:11.819952+00:00,UTC,2026-10-06T21:00:00+00:00,nowcast,3,https://opendap.co-ops.nos.noaa.gov/thredds/dodsC/NOAA/NGOFS2/MODELS/2026/10/06/ngofs2.t21z.20261006.regulargrid.n003.nc,0.0,a35efafd89c8c60821aa7c6740a638843fb330aba7b5d73879f8854f4678c3d5,ngofs2_regulargrid_v1
noaa_ngofs2_mobile_bay_regulargrid,MODEL,ngofs2_grid_865_995,noaa_ngofs2_mobile_bay_model,Mullet Point,1.5,30.42,-87.92999999999999,3.100659617984664,water_temperature,29.06658363342285,degC,surface,0.0,standard_depth_positive_down,model_grid_or_not_applicable,MODEL_WET_GRID_NODE,,2026-10-06T18:00:00+00:00,2026-10-07T06:31:11.819952+00:00,2026-10-07T06:31:11.819952+00:00,UTC,2026-10-06T21:00:00+00:00,nowcast,3,https://opendap.co-ops.nos.noaa.gov/thredds/dodsC/NOAA/NGOFS2/MODELS/2026/10/06/ngofs2.t21z.20261006.regulargrid.n003.nc,0.0,a35efafd89c8c60821aa7c6740a638843fb330aba7b5d73879f8854f4678c3d5,ngofs2_regulargrid_v1
noaa_ngofs2_mobile_bay_regulargrid,MODEL,ngofs2_grid_865_995,noaa_ngofs2_mobile_bay_model,Mullet Point,1.5,30.42,-87.92999999999999,3.100659617984664,salinity,21.24375343322754,PSU,surface,0.0,standard_depth_positive_down,model_grid_or_not_applicable,MODEL_WET_GRID_NODE,,2026-10-06T18:00:00+00:00,2026-10-07T06:31:11.819952+00:00,2026-10-07T06:31:11.819952+00:00,UTC,2026-10-06T21:00:00+00:00,nowcast,3,https://opendap.co-ops.nos.noaa.gov/thredds/dodsC/NOAA/NGOFS2/MODELS/2026/10/06/ngofs2.t21z.20261006.regulargrid.n003.nc,0.0,a35efafd89c8c60821aa7c6740a638843fb330aba7b5d73879f8854f4678c3d5,ngofs2_regulargrid_v1
noaa_ngofs2_mobile_bay_regulargrid,MODEL,ngofs2_grid_865_995,noaa_ngofs2_mobile_bay_model,Mullet Point,1.5,30.42,-87.92999999999999,3.100659617984664,eastward_current,0.10246433317661285,m/s,bottom,2.0,standard_depth_positive_down,model_grid_or_not_applicable,MODEL_WET_GRID_NODE,,2026-10-06T18:00:00+00:00,2026-10-07T06:31:11.819952+00:00,2026-10-07T06:31:11.819952+00:00,UTC,2026-10-06T21:00:00+00:00,nowcast,3,https://opendap.co-ops.nos.noaa.gov/thredds/dodsC/NOAA/NGOFS2/MODELS/2026/10/06/ngofs2.t21z.20261006.regulargrid.n003.nc,0.0,a35efafd89c8c60821aa7c6740a638843fb330aba7b5d73879f8854f4678c3d5,ngofs2_regulargrid_v1
noaa_ngofs2_mobile_bay_regulargrid,MODEL,ngofs2_grid_865_995,noaa_ngofs2_mobile_bay_model,Mullet Point,1.5,30.42,-87.92999999999999,3.100659617984664,northward_current,-0.08956123888492584,m/s,bottom,2.0,standard_depth_positive_down,model_grid_or_not_applicable,MODEL_WET_GRID_NODE,,2026-10-06T18:00:00+00:00,2026-10-07T06:31:11.819952+00:00,2026-10-07T06:31:11.819952+00:00,UTC,2026-10-06T21:00:00+00:00,nowcast,3,https://opendap.co-ops.nos.noaa.gov/thredds/dodsC/NOAA/NGOFS2/MODELS/2026/10/06/ngofs2.t21z.20261006.regulargrid.n003.nc,0.0,a35efafd89c8c60821aa7c6740a638843fb330aba7b5d73879f8854f4678c3d5,ngofs2_regulargrid_v1
noaa_ngofs2_mobile_bay_regulargrid,MODEL,ngofs2_grid_865_995,noaa_ngofs2_mobile_bay_model,Mullet Point,1.5,30.42,-87.92999999999999,3.100659617984664,shoreward_current,0.10246433317661285,m/s,bottom,2.0,standard_depth_positive_down,model_grid_or_not_applicable,MODEL_WET_GRID_NODE,,2026-10-06T18:00:00+00:00,2026-10-07T06:31:11.819952+00:00,2026-10-07T06:31:11.819952+00:00,UTC,2026-10-06T21:00:00+00:00,nowcast,3,https://opendap.co-ops.nos.noaa.gov/thredds/dodsC/NOAA/NGOFS2/MODELS/2026/10/06/ngofs2.t21z.20261006.regulargrid.n003.nc,0.0,a35efafd89c8c60821aa7c6740a638843fb330aba7b5d73879f8854f4678c3d5,ngofs2_regulargrid_v1
noaa_ngofs2_mobile_bay_regulargrid,MODEL,ngofs2_grid_865_995,noaa_ngofs2_mobile_bay_model,Mullet Point,1.5,30.42,-87.92999999999999,3.100659617984664,water_temperature,29.185150146484375,degC,bottom,2.0,standard_depth_positive_down,model_grid_or_not_applicable,MODEL_WET_GRID_NODE,,2026-10-06T18:00:00+00:00,2026-10-07T06:31:11.819952+00:00,2026-10-07T06:31:11.819952+00:00,UTC,2026-10-06T21:00:00+00:00,nowcast,3,https://opendap.co-ops.nos.noaa.gov/thredds/dodsC/NOAA/NGOFS2/MODELS/2026/10/06/ngofs2.t21z.20261006.regulargrid.n003.nc,0.0,a35efafd89c8c60821aa7c6740a638843fb330aba7b5d73879f8854f4678c3d5,ngofs2_regulargrid_v1
noaa_ngofs2_mobile_bay_regulargrid,MODEL,ngofs2_grid_865_995,noaa_ngofs2_mobile_bay_model,Mullet Point,1.5,30.42,-87.92999999999999,3.100659617984664,salinity,22.821504592895508,PSU,bottom,2.0,standard_depth_positive_down,model_grid_or_not_applicable,MODEL_WET_GRID_NODE,,2026-10-06T18:00:00+00:00,2026-10-07T06:31:11.819952+00:00,2026-10-07T06:31:11.819952+00:00,UTC,2026-10-06T21:00:00+00:00,nowcast,3,https://opendap.co-ops.nos.noaa.gov/thredds/dodsC/NOAA/NGOFS2/MODELS/2026/10/06/ngofs2.t21z.20261006.regulargrid.n003.nc,0.0,a35efafd89c8c60821aa7c6740a638843fb330aba7b5d73879f8854f4678c3d5,ngofs2_regulargrid_v1
noaa_ngofs2_mobile_bay_regulargrid,MODEL,ngofs2_grid_865_995,noaa_ngofs2_mobile_bay_model,Mullet Point,1.5,30.42,-87.92999999999999,3.100659617984664,water_surface_elevation,0.22929997742176056,m,surface,0.0,surface,model_mean_sea_level,MODEL_WET_GRID_NODE,,2026-10-06T18:00:00+00:00,2026-10-07T06:31:11.819952+00:00,2026-10-07T06:31:11.819952+00:00,UTC,2026-10-06T21:00:00+00:00,nowcast,3,https://opendap.co-ops.nos.noaa.gov/thredds/dodsC/NOAA/NGOFS2/MODELS/2026/10/06/ngofs2.t21z.20261006.regulargrid.n003.nc,0.0,a35efafd89c8c60821aa7c6740a638843fb330aba7b5d73879f8854f4678c3d5,ngofs2_regulargrid_v1
noaa_ngofs2_mobile_bay_regulargrid,MODEL,ngofs2_grid_865_994,noaa_ngofs2_mobile_bay_model,Mullet Point,3.0,30.42,-87.94,3.6294734668212425,eastward_current,-0.021381065249443054,m/s,surface,0.0,standard_depth_positive_down,model_grid_or_not_applicable,MODEL_WET_GRID_NODE,,2026-10-06T18:00:00+00:00,2026-10-07T06:31:11.819952+00:00,2026-10-07T06:31:11.819952+00:00,UTC,2026-10-06T21:00:00+00:00,nowcast,3,https://opendap.co-ops.nos.noaa.gov/thredds/dodsC/NOAA/NGOFS2/MODELS/2026/10/06/ngofs2.t21z.20261006.regulargrid.n003.nc,0.0,a35efafd89c8c60821aa7c6740a638843fb330aba7b5d73879f8854f4678c3d5,ngofs2_regulargrid_v1
noaa_ngofs2_mobile_bay_regulargrid,MODEL,ngofs2_grid_865_994,noaa_ngofs2_mobile_bay_model,Mullet Point,3.0,30.42,-87.94,3.6294734668212425,northward_current,-0.2006533145904541,m/s,surface,0.0,standard_depth_positive_down,model_grid_or_not_applicable,MODEL_WET_GRID_NODE,,2026-10-06T18:00:00+00:00,2026-10-07T06:31:11.819952+00:00,2026-10-07T06:31:11.819952+00:00,UTC,2026-10-06T21:00:00+00:00,nowcast,3,https://opendap.co-ops.nos.noaa.gov/thredds/dodsC/NOAA/NGOFS2/MODELS/2026/10/06/ngofs2.t21z.20261006.regulargrid.n003.nc,0.0,a35efafd89c8c60821aa7c6740a638843fb330aba7b5d73879f8854f4678c3d5,ngofs2_regulargrid_v1
noaa_ngofs2_mobile_bay_regulargrid,MODEL,ngofs2_grid_865_994,noaa_ngofs2_mobile_bay_model,Mullet Point,3.0,30.42,-87.94,3.6294734668212425,shoreward_current,-0.021381065249443068,m/s,surface,0.0,standard_depth_positive_down,model_grid_or_not_applicable,MODEL_WET_GRID_NODE,,2026-10-06T18:00:00+00:00,2026-10-07T06:31:11.819952+00:00,2026-10-07T06:31:11.819952+00:00,UTC,2026-10-06T21:00:00+00:00,nowcast,3,https://opendap.co-ops.nos.noaa.gov/thredds/dodsC/NOAA/NGOFS2/MODELS/2026/10/06/ngofs2.t21z.20261006.regulargrid.n003.nc,0.0,a35efafd89c8c60821aa7c6740a638843fb330aba7b5d73879f8854f4678c3d5,ngofs2_regulargrid_v1
noaa_ngofs2_mobile_bay_regulargrid,MODEL,ngofs2_grid_865_994,noaa_ngofs2_mobile_bay_model,Mullet Point,3.0,30.42,-87.94,3.6294734668212425,water_temperature,28.939807891845703,degC,surface,0.0,standard_depth_positive_down,model_grid_or_not_applicable,MODEL_WET_GRID_NODE,,2026-10-06T18:00:00+00:00,2026-10-07T06:31:11.819952+00:00,2026-10-07T06:31:11.819952+00:00,UTC,2026-10-06T21:00:00+00:00,nowcast,3,https://opendap.co-ops.nos.noaa.gov/thredds/dodsC/NOAA/NGOFS2/MODELS/2026/10/06/ngofs2.t21z.20261006.regulargrid.n003.nc,0.0,a35efafd89c8c60821aa7c6740a638843fb330aba7b5d73879f8854f4678c3d5,ngofs2_regulargrid_v1
noaa_ngofs2_mobile_bay_regulargrid,MODEL,ngofs2_grid_865_994,noaa_ngofs2_mobile_bay_model,Mullet Point,3.0,30.42,-87.94,3.6294734668212425,salinity,21.197813034057617,PSU,surface,0.0,standard_depth_positive_down,model_grid_or_not_applicable,MODEL_WET_GRID_NODE,,2026-10-06T18:00:00+00:00,2026-10-07T06:31:11.819952+00:00,2026-10-07T06:31:11.819952+00:00,UTC,2026-10-06T21:00:00+00:00,nowcast,3,https://opendap.co-ops.nos.noaa.gov/thredds/dodsC/NOAA/NGOFS2/MODELS/2026/10/06/ngofs2.t21z.20261006.regulargrid.n003.nc,0.0,a35efafd89c8c60821aa7c6740a638843fb330aba7b5d73879f8854f4678c3d5,ngofs2_regulargrid_v1
noaa_ngofs2_mobile_bay_regulargrid,MODEL,ngofs2_grid_865_994,noaa_ngofs2_mobile_bay_model,Mullet Point,3.0,30.42,-87.94,3.6294734668212425,eastward_current,0.04528815299272537,m/s,bottom,2.0,standard_depth_positive_down,model_grid_or_not_applicable,MODEL_WET_GRID_NODE,,2026-10-06T18:00:00+00:00,2026-10-07T06:31:11.819952+00:00,2026-10-07T06:31:11.819952+00:00,UTC,2026-10-06T21:00:00+00:00,nowcast,3,https://opendap.co-ops.nos.noaa.gov/thredds/dodsC/NOAA/NGOFS2/MODELS/2026/10/06/ngofs2.t21z.20261006.regulargrid.n003.nc,0.0,a35efafd89c8c60821aa7c6740a638843fb330aba7b5d73879f8854f4678c3d5,ngofs2_regulargrid_v1
noaa_ngofs2_mobile_bay_regulargrid,MODEL,ngofs2_grid_865_994,noaa_ngofs2_mobile_bay_model,Mullet Point,3.0,30.42,-87.94,3.6294734668212425,northward_current,-0.1368122696876526,m/s,bottom,2.0,standard_depth_positive_down,model_grid_or_not_applicable,MODEL_WET_GRID_NODE,,2026-10-06T18:00:00+00:00,2026-10-07T06:31:11.819952+00:00,2026-10-07T06:31:11.819952+00:00,UTC,2026-10-06T21:00:00+00:00,nowcast,3,https://opendap.co-ops.nos.noaa.gov/thredds/dodsC/NOAA/NGOFS2/MODELS/2026/10/06/ngofs2.t21z.20261006.regulargrid.n003.nc,0.0,a35efafd89c8c60821aa7c6740a638843fb330aba7b5d73879f8854f4678c3d5,ngofs2_regulargrid_v1
noaa_ngofs2_mobile_bay_regulargrid,MODEL,ngofs2_grid_865_994,noaa_ngofs2_mobile_bay_model,Mullet Point,3.0,30.42,-87.94,3.6294734668212425,shoreward_current,0.045288152992725365,m/s,bottom,2.0,standard_depth_positive_down,model_grid_or_not_applicable,MODEL_WET_GRID_NODE,,2026-10-06T18:00:00+00:00,2026-10-07T06:31:11.819952+00:00,2026-10-07T06:31:11.819952+00:00,UTC,2026-10-06T21:00:00+00:00,nowcast,3,https://opendap.co-ops.nos.noaa.gov/thredds/dodsC/NOAA/NGOFS2/MODELS/2026/10/06/ngofs2.t21z.20261006.regulargrid.n003.nc,0.0,a35efafd89c8c60821aa7c6740a638843fb330aba7b5d73879f8854f4678c3d5,ngofs2_regulargrid_v1
noaa_ngofs2_mobile_bay_regulargrid,MODEL,ngofs2_grid_865_994,noaa_ngofs2_mobile_bay_model,Mullet Point,3.0,30.42,-87.94,3.6294734668212425,water_temperature,28.940845489501953,degC,bottom,2.0,standard_depth_positive_down,model_grid_or_not_applicable,MODEL_WET_GRID_NODE,,2026-10-06T18:00:00+00:00,2026-10-07T06:31:11.819952+00:00,2026-10-07T06:31:11.819952+00:00,UTC,2026-10-06T21:00:00+00:00,nowcast,3,https://opendap.co-ops.nos.noaa.gov/thredds/dodsC/NOAA/NGOFS2/MODELS/2026/10/06/ngofs2.t21z.20261006.regulargrid.n003.nc,0.0,a35efafd89c8c60821aa7c6740a638843fb330aba7b5d73879f8854f4678c3d5,ngofs2_regulargrid_v1
noaa_ngofs2_mobile_bay_regulargrid,MODEL,ngofs2_grid_865_994,noaa_ngofs2_mobile_bay_model,Mullet Point,3.0,30.42,-87.94,3.6294734668212425,salinity,21.568655014038086,PSU,bottom,2.0,standard_depth_positive_down,model_grid_or_not_applicable,MODEL_WET_GRID_NODE,,2026-10-06T18:00:00+00:00,2026-10-07T06:31:11.819952+00:00,2026-10-07T06:31:11.819952+00:00,UTC,2026-10-06T21:00:00+00:00,nowcast,3,https://opendap.co-ops.nos.noaa.gov/thredds/dodsC/NOAA/NGOFS2/MODELS/2026/10/06/ngofs2.t21z.20261006.regulargrid.n003.nc,0.0,a35efafd89c8c60821aa7c6740a638843fb330aba7b5d73879f8854f4678c3d5,ngofs2_regulargrid_v1
noaa_ngofs2_mobile_bay_regulargrid,MODEL,ngofs2_grid_865_994,noaa_ngofs2_mobile_bay_model,Mullet Point,3.0,30.42,-87.94,3.6294734668212425,water_surface_elevation,0.2318723052740097,m,surface,0.0,surface,model_mean_sea_level,MODEL_WET_GRID_NODE,,2026-10-06T18:00:00+00:00,2026-10-07T06:31:11.819952+00:00,2026-10-07T06:31:11.819952+00:00,UTC,2026-10-06T21:00:00+00:00,nowcast,3,https://opendap.co-ops.nos.noaa.gov/thredds/dodsC/NOAA/NGOFS2/MODELS/2026/10/06/ngofs2.t21z.20261006.regulargrid.n003.nc,0.0,a35efafd89c8c60821aa7c6740a638843fb330aba7b5d73879f8854f4678c3d5,ngofs2_regulargrid_v1
noaa_ngofs2_mobile_bay_regulargrid,MODEL,ngofs2_grid_883_996,noaa_ngofs2_mobile_bay_model,Daphne/May Day,0.25,30.6,-87.91999999999999,2.2672366437253064,eastward_current,-0.011279194615781307,m/s,surface,0.0,standard_depth_positive_down,model_grid_or_not_applicable,MODEL_WET_GRID_NODE,,2026-10-06T21:00:00+00:00,2026-10-07T06:31:11.819952+00:00,2026-10-07T06:31:11.819952+00:00,UTC,2026-10-06T21:00:00+00:00,nowcast,6,https://opendap.co-ops.nos.noaa.gov/thredds/dodsC/NOAA/NGOFS2/MODELS/2026/10/06/ngofs2.t21z.20261006.regulargrid.n006.nc,0.0,a35efafd89c8c60821aa7c6740a638843fb330aba7b5d73879f8854f4678c3d5,ngofs2_regulargrid_v1
noaa_ngofs2_mobile_bay_regulargrid,MODEL,ngofs2_grid_883_996,noaa_ngofs2_mobile_bay_model,Daphne/May Day,0.25,30.6,-87.91999999999999,2.2672366437253064,northward_current,-0.058102648705244064,m/s,surface,0.0,standard_depth_positive_down,model_grid_or_not_applicable,MODEL_WET_GRID_NODE,,2026-10-06T21:00:00+00:00,2026-10-07T06:31:11.819952+00:00,2026-10-07T06:31:11.819952+00:00,UTC,2026-10-06T21:00:00+00:00,nowcast,6,https://opendap.co-ops.nos.noaa.gov/thredds/dodsC/NOAA/NGOFS2/MODELS/2026/10/06/ngofs2.t21z.20261006.regulargrid.n006.nc,0.0,a35efafd89c8c60821aa7c6740a638843fb330aba7b5d73879f8854f4678c3d5,ngofs2_regulargrid_v1
noaa_ngofs2_mobile_bay_regulargrid,MODEL,ngofs2_grid_883_996,noaa_ngofs2_mobile_bay_model,Daphne/May Day,0.25,30.6,-87.91999999999999,2.2672366437253064,shoreward_current,-0.01127919461578131,m/s,surface,0.0,standard_depth_positive_down,model_grid_or_not_applicable,MODEL_WET_GRID_NODE,,2026-10-06T21:00:00+00:00,2026-10-07T06:31:11.819952+00:00,2026-10-07T06:31:11.819952+00:00,UTC,2026-10-06T21:00:00+00:00,nowcast,6,https://opendap.co-ops.nos.noaa.gov/thredds/dodsC/NOAA/NGOFS2/MODELS/2026/10/06/ngofs2.t21z.20261006.regulargrid.n006.nc,0.0,a35efafd89c8c60821aa7c6740a638843fb330aba7b5d73879f8854f4678c3d5,ngofs2_regulargrid_v1
noaa_ngofs2_mobile_bay_regulargrid,MODEL,ngofs2_grid_883_996,noaa_ngofs2_mobile_bay_model,Daphne/May Day,0.25,30.6,-87.91999999999999,2.2672366437253064,water_temperature,29.426912307739258,degC,surface,0.0,standard_depth_positive_down,model_grid_or_not_applicable,MODEL_WET_GRID_NODE,,2026-10-06T21:00:00+00:00,2026-10-07T06:31:11.819952+00:00,2026-10-07T06:31:11.819952+00:00,UTC,2026-10-06T21:00:00+00:00,nowcast,6,https://opendap.co-ops.nos.noaa.gov/thredds/dodsC/NOAA/NGOFS2/MODELS/2026/10/06/ngofs2.t21z.20261006.regulargrid.n006.nc,0.0,a35efafd89c8c60821aa7c6740a638843fb330aba7b5d73879f8854f4678c3d5,ngofs2_regulargrid_v1
noaa_ngofs2_mobile_bay_regulargrid,MODEL,ngofs2_grid_883_996,noaa_ngofs2_mobile_bay_model,Daphne/May Day,0.25,30.6,-87.91999999999999,2.2672366437253064,salinity,9.6442232131958,PSU,surface,0.0,standard_depth_positive_down,model_grid_or_not_applicable,MODEL_WET_GRID_NODE,,2026-10-06T21:00:00+00:00,2026-10-07T06:31:11.819952+00:00,2026-10-07T06:31:11.819952+00:00,UTC,2026-10-06T21:00:00+00:00,nowcast,6,https://opendap.co-ops.nos.noaa.gov/thredds/dodsC/NOAA/NGOFS2/MODELS/2026/10/06/ngofs2.t21z.20261006.regulargrid.n006.nc,0.0,a35efafd89c8c60821aa7c6740a638843fb330aba7b5d73879f8854f4678c3d5,ngofs2_regulargrid_v1
noaa_ngofs2_mobile_bay_regulargrid,MODEL,ngofs2_grid_883_996,noaa_ngofs2_mobile_bay_model,Daphne/May Day,0.25,30.6,-87.91999999999999,2.2672366437253064,eastward_current,0.04188878461718559,m/s,bottom,2.0,standard_depth_positive_down,model_grid_or_not_applicable,MODEL_WET_GRID_NODE,,2026-10-06T21:00:00+00:00,2026-10-07T06:31:11.819952+00:00,2026-10-07T06:31:11.819952+00:00,UTC,2026-10-06T21:00:00+00:00,nowcast,6,https://opendap.co-ops.nos.noaa.gov/thredds/dodsC/NOAA/NGOFS2/MODELS/2026/10/06/ngofs2.t21z.20261006.regulargrid.n006.nc,0.0,a35efafd89c8c60821aa7c6740a638843fb330aba7b5d73879f8854f4678c3d5,ngofs2_regulargrid_v1
noaa_ngofs2_mobile_bay_regulargrid,MODEL,ngofs2_grid_883_996,noaa_ngofs2_mobile_bay_model,Daphne/May Day,0.25,30.6,-87.91999999999999,2.2672366437253064,northward_current,0.022204920649528503,m/s,bottom,2.0,standard_depth_positive_down,model_grid_or_not_applicable,MODEL_WET_GRID_NODE,,2026-10-06T21:00:00+00:00,2026-10-07T06:31:11.819952+00:00,2026-10-07T06:31:11.819952+00:00,UTC,2026-10-06T21:00:00+00:00,nowcast,6,https://opendap.co-ops.nos.noaa.gov/thredds/dodsC/NOAA/NGOFS2/MODELS/2026/10/06/ngofs2.t21z.20261006.regulargrid.n006.nc,0.0,a35efafd89c8c60821aa7c6740a638843fb330aba7b5d73879f8854f4678c3d5,ngofs2_regulargrid_v1
noaa_ngofs2_mobile_bay_regulargrid,MODEL,ngofs2_grid_883_996,noaa_ngofs2_mobile_bay_model,Daphne/May Day,0.25,30.6,-87.91999999999999,2.2672366437253064,shoreward_current,0.04188878461718559,m/s,bottom,2.0,standard_depth_positive_down,model_grid_or_not_applicable,MODEL_WET_GRID_NODE,,2026-10-06T21:00:00+00:00,2026-10-07T06:31:11.819952+00:00,2026-10-07T06:31:11.819952+00:00,UTC,2026-10-06T21:00:00+00:00,nowcast,6,https://opendap.co-ops.nos.noaa.gov/thredds/dodsC/NOAA/NGOFS2/MODELS/2026/10/06/ngofs2.t21z.20261006.regulargrid.n006.nc,0.0,a35efafd89c8c60821aa7c6740a638843fb330aba7b5d73879f8854f4678c3d5,ngofs2_regulargrid_v1
noaa_ngofs2_mobile_bay_regulargrid,MODEL,ngofs2_grid_883_996,noaa_ngofs2_mobile_bay_model,Daphne/May Day,0.25,30.6,-87.91999999999999,2.2672366437253064,water_temperature,29.780366897583008,degC,bottom,2.0,standard_depth_positive_down,model_grid_or_not_applicable,MODEL_WET_GRID_NODE,,2026-10-06T21:00:00+00:00,2026-10-07T06:31:11.819952+00:00,2026-10-07T06:31:11.819952+00:00,UTC,2026-10-06T21:00:00+00:00,nowcast,6,https://opendap.co-ops.nos.noaa.gov/thredds/dodsC/NOAA/NGOFS2/MODELS/2026/10/06/ngofs2.t21z.20261006.regulargrid.n006.nc,0.0,a35efafd89c8c60821aa7c6740a638843fb330aba7b5d73879f8854f4678c3d5,ngofs2_regulargrid_v1
noaa_ngofs2_mobile_bay_regulargrid,MODEL,ngofs2_grid_883_996,noaa_ngofs2_mobile_bay_model,Daphne/May Day,0.25,30.6,-87.91999999999999,2.2672366437253064,salinity,10.821693420410156,PSU,bottom,2.0,standard_depth_positive_down,model_grid_or_not_applicable,MODEL_WET_GRID_NODE,,2026-10-06T21:00:00+00:00,2026-10-07T06:31:11.819952+00:00,2026-10-07T06:31:11.819952+00:00,UTC,2026-10-06T21:00:00+00:00,nowcast,6,https://opendap.co-ops.nos.noaa.gov/thredds/dodsC/NOAA/NGOFS2/MODELS/2026/10/06/ngofs2.t21z.20261006.regulargrid.n006.nc,0.0,a35efafd89c8c60821aa7c6740a638843fb330aba7b5d73879f8854f4678c3d5,ngofs2_regulargrid_v1
noaa_ngofs2_mobile_bay_regulargrid,MODEL,ngofs2_grid_883_996,noaa_ngofs2_mobile_bay_model,Daphne/May Day,0.25,30.6,-87.91999999999999,2.2672366437253064,water_surface_elevation,0.08374986052513123,m,surface,0.0,surface,model_mean_sea_level,MODEL_WET_GRID_NODE,,2026-10-06T21:00:00+00:00,2026-10-07T06:31:11.819952+00:00,2026-10-07T06:31:11.819952+00:00,UTC,2026-10-06T21:00:00+00:00,nowcast,6,https://opendap.co-ops.nos.noaa.gov/thredds/dodsC/NOAA/NGOFS2/MODELS/2026/10/06/ngofs2.t21z.20261006.regulargrid.n006.nc,0.0,a35efafd89c8c60821aa7c6740a638843fb330aba7b5d73879f8854f4678c3d5,ngofs2_regulargrid_v1
noaa_ngofs2_mobile_bay_regulargrid,MODEL,ngofs2_grid_883_995,noaa_ngofs2_mobile_bay_model,Daphne/May Day,0.75,30.6,-87.92999999999999,2.3878223836243047,eastward_current,-0.023314790800213814,m/s,surface,0.0,standard_depth_positive_down,model_grid_or_not_applicable,MODEL_WET_GRID_NODE,,2026-10-06T21:00:00+00:00,2026-10-07T06:31:11.819952+00:00,2026-10-07T06:31:11.819952+00:00,UTC,2026-10-06T21:00:00+00:00,nowcast,6,https://opendap.co-ops.nos.noaa.gov/thredds/dodsC/NOAA/NGOFS2/MODELS/2026/10/06/ngofs2.t21z.20261006.regulargrid.n006.nc,0.0,a35efafd89c8c60821aa7c6740a638843fb330aba7b5d73879f8854f4678c3d5,ngofs2_regulargrid_v1
noaa_ngofs2_mobile_bay_regulargrid,MODEL,ngofs2_grid_883_995,noaa_ngofs2_mobile_bay_model,Daphne/May Day,0.75,30.6,-87.92999999999999,2.3878223836243047,northward_current,-0.09851937741041183,m/s,surface,0.0,standard_depth_positive_down,model_grid_or_not_applicable,MODEL_WET_GRID_NODE,,2026-10-06T21:00:00+00:00,2026-10-07T06:31:11.819952+00:00,2026-10-07T06:31:11.819952+00:00,UTC,2026-10-06T21:00:00+00:00,nowcast,6,https://opendap.co-ops.nos.noaa.gov/thredds/dodsC/NOAA/NGOFS2/MODELS/2026/10/06/ngofs2.t21z.20261006.regulargrid.n006.nc,0.0,a35efafd89c8c60821aa7c6740a638843fb330aba7b5d73879f8854f4678c3d5,ngofs2_regulargrid_v1
noaa_ngofs2_mobile_bay_regulargrid,MODEL,ngofs2_grid_883_995,noaa_ngofs2_mobile_bay_model,Daphne/May Day,0.75,30.6,-87.92999999999999,2.3878223836243047,shoreward_current,-0.02331479080021382,m/s,surface,0.0,standard_depth_positive_down,model_grid_or_not_applicable,MODEL_WET_GRID_NODE,,2026-10-06T21:00:00+00:00,2026-10-07T06:31:11.819952+00:00,2026-10-07T06:31:11.819952+00:00,UTC,2026-10-06T21:00:00+00:00,nowcast,6,https://opendap.co-ops.nos.noaa.gov/thredds/dodsC/NOAA/NGOFS2/MODELS/2026/10/06/ngofs2.t21z.20261006.regulargrid.n006.nc,0.0,a35efafd89c8c60821aa7c6740a638843fb330aba7b5d73879f8854f4678c3d5,ngofs2_regulargrid_v1
noaa_ngofs2_mobile_bay_regulargrid,MODEL,ngofs2_grid_883_995,noaa_ngofs2_mobile_bay_model,Daphne/May Day,0.75,30.6,-87.92999999999999,2.3878223836243047,water_temperature,29.28306770324707,degC,surface,0.0,standard_depth_positive_down,model_grid_or_not_applicable,MODEL_WET_GRID_NODE,,2026-10-06T21:00:00+00:00,2026-10-07T06:31:11.819952+00:00,2026-10-07T06:31:11.819952+00:00,UTC,2026-10-06T21:00:00+00:00,nowcast,6,https://opendap.co-ops.nos.noaa.gov/thredds/dodsC/NOAA/NGOFS2/MODELS/2026/10/06/ngofs2.t21z.20261006.regulargrid.n006.nc,0.0,a35efafd89c8c60821aa7c6740a638843fb330aba7b5d73879f8854f4678c3d5,ngofs2_regulargrid_v1
noaa_ngofs2_mobile_bay_regulargrid,MODEL,ngofs2_grid_883_995,noaa_ngofs2_mobile_bay_model,Daphne/May Day,0.75,30.6,-87.92999999999999,2.3878223836243047,salinity,8.52994155883789,PSU,surface,0.0,standard_depth_positive_down,model_grid_or_not_applicable,MODEL_WET_GRID_NODE,,2026-10-06T21:00:00+00:00,2026-10-07T06:31:11.819952+00:00,2026-10-07T06:31:11.819952+00:00,UTC,2026-10-06T21:00:00+00:00,nowcast,6,https://opendap.co-ops.nos.noaa.gov/thredds/dodsC/NOAA/NGOFS2/MODELS/2026/10/06/ngofs2.t21z.20261006.regulargrid.n006.nc,0.0,a35efafd89c8c60821aa7c6740a638843fb330aba7b5d73879f8854f4678c3d5,ngofs2_regulargrid_v1
noaa_ngofs2_mobile_bay_regulargrid,MODEL,ngofs2_grid_883_995,noaa_ngofs2_mobile_bay_model,Daphne/May Day,0.75,30.6,-87.92999999999999,2.3878223836243047,eastward_current,0.049011487513780594,m/s,bottom,2.0,standard_depth_positive_down,model_grid_or_not_applicable,MODEL_WET_GRID_NODE,,2026-10-06T21:00:00+00:00,2026-10-07T06:31:11.819952+00:00,2026-10-07T06:31:11.819952+00:00,UTC,2026-10-06T21:00:00+00:00,nowcast,6,https://opendap.co-ops.nos.noaa.gov/thredds/dodsC/NOAA/NGOFS2/MODELS/2026/10/06/ngofs2.t21z.20261006.regulargrid.n006.nc,0.0,a35efafd89c8c60821aa7c6740a638843fb330aba7b5d73879f8854f4678c3d5,ngofs2_regulargrid_v1
noaa_ngofs2_mobile_bay_regulargrid,MODEL,ngofs2_grid_883_995,noaa_ngofs2_mobile_bay_model,Daphne/May Day,0.75,30.6,-87.92999999999999,2.3878223836243047,northward_current,0.031008746474981308,m/s,bottom,2.0,standard_depth_positive_down,model_grid_or_not_applicable,MODEL_WET_GRID_NODE,,2026-10-06T21:00:00+00:00,2026-10-07T06:31:11.819952+00:00,2026-10-07T06:31:11.819952+00:00,UTC,2026-10-06T21:00:00+00:00,nowcast,6,https://opendap.co-ops.nos.noaa.gov/thredds/dodsC/NOAA/NGOFS2/MODELS/2026/10/06/ngofs2.t21z.20261006.regulargrid.n006.nc,0.0,a35efafd89c8c60821aa7c6740a638843fb330aba7b5d73879f8854f4678c3d5,ngofs2_regulargrid_v1
noaa_ngofs2_mobile_bay_regulargrid,MODEL,ngofs2_grid_883_995,noaa_ngofs2_mobile_bay_model,Daphne/May Day,0.75,30.6,-87.92999999999999,2.3878223836243047,shoreward_current,0.049011487513780594,m/s,bottom,2.0,standard_depth_positive_down,model_grid_or_not_applicable,MODEL_WET_GRID_NODE,,2026-10-06T21:00:00+00:00,2026-10-07T06:31:11.819952+00:00,2026-10-07T06:31:11.819952+00:00,UTC,2026-10-06T21:00:00+00:00,nowcast,6,https://opendap.co-ops.nos.noaa.gov/thredds/dodsC/NOAA/NGOFS2/MODELS/2026/10/06/ngofs2.t21z.20261006.regulargrid.n006.nc,0.0,a35efafd89c8c60821aa7c6740a638843fb330aba7b5d73879f8854f4678c3d5,ngofs2_regulargrid_v1
noaa_ngofs2_mobile_bay_regulargrid,MODEL,ngofs2_grid_883_995,noaa_ngofs2_mobile_bay_model,Daphne/May Day,0.75,30.6,-87.92999999999999,2.3878223836243047,water_temperature,29.678394317626953,degC,bottom,2.0,standard_depth_positive_down,model_grid_or_not_applicable,MODEL_WET_GRID_NODE,,2026-10-06T21:00:00+00:00,2026-10-07T06:31:11.819952+00:00,2026-10-07T06:31:11.819952+00:00,UTC,2026-10-06T21:00:00+00:00,nowcast,6,https://opendap.co-ops.nos.noaa.gov/thredds/dodsC/NOAA/NGOFS2/MODELS/2026/10/06/ngofs2.t21z.20261006.regulargrid.n006.nc,0.0,a35efafd89c8c60821aa7c6740a638843fb330aba7b5d73879f8854f4678c3d5,ngofs2_regulargrid_v1
noaa_ngofs2_mobile_bay_regulargrid,MODEL,ngofs2_grid_883_995,noaa_ngofs2_mobile_bay_model,Daphne/May Day,0.75,30.6,-87.92999999999999,2.3878223836243047,salinity,10.945487022399902,PSU,bottom,2.0,standard_depth_positive_down,model_grid_or_not_applicable,MODEL_WET_GRID_NODE,,2026-10-06T21:00:00+00:00,2026-10-07T06:31:11.819952+00:00,2026-10-07T06:31:11.819952+00:00,UTC,2026-10-06T21:00:00+00:00,nowcast,6,https://opendap.co-ops.nos.noaa.gov/thredds/dodsC/NOAA/NGOFS2/MODELS/2026/10/06/ngofs2.t21z.20261006.regulargrid.n006.nc,0.0,a35efafd89c8c60821aa7c6740a638843fb330aba7b5d73879f8854f4678c3d5,ngofs2_regulargrid_v1
noaa_ngofs2_mobile_bay_regulargrid,MODEL,ngofs2_grid_883_995,noaa_ngofs2_mobile_bay_model,Daphne/May Day,0.75,30.6,-87.92999999999999,2.3878223836243047,water_surface_elevation,0.0869973823428154,m,surface,0.0,surface,model_mean_sea_level,MODEL_WET_GRID_NODE,,2026-10-06T21:00:00+00:00,2026-10-07T06:31:11.819952+00:00,2026-10-07T06:31:11.819952+00:00,UTC,2026-10-06T21:00:00+00:00,nowcast,6,https://opendap.co-ops.nos.noaa.gov/thredds/dodsC/NOAA/NGOFS2/MODELS/2026/10/06/ngofs2.t21z.20261006.regulargrid.n006.nc,0.0,a35efafd89c8c60821aa7c6740a638843fb330aba7b5d73879f8854f4678c3d5,ngofs2_regulargrid_v1
noaa_ngofs2_mobile_bay_regulargrid,MODEL,ngofs2_grid_882_995,noaa_ngofs2_mobile_bay_model,Daphne/May Day,1.5,30.59,-87.92999999999999,2.7600579039603113,eastward_current,-0.020474078133702278,m/s,surface,0.0,standard_depth_positive_down,model_grid_or_not_applicable,MODEL_WET_GRID_NODE,,2026-10-06T21:00:00+00:00,2026-10-07T06:31:11.819952+00:00,2026-10-07T06:31:11.819952+00:00,UTC,2026-10-06T21:00:00+00:00,nowcast,6,https://opendap.co-ops.nos.noaa.gov/thredds/dodsC/NOAA/NGOFS2/MODELS/2026/10/06/ngofs2.t21z.20261006.regulargrid.n006.nc,0.0,a35efafd89c8c60821aa7c6740a638843fb330aba7b5d73879f8854f4678c3d5,ngofs2_regulargrid_v1
noaa_ngofs2_mobile_bay_regulargrid,MODEL,ngofs2_grid_882_995,noaa_ngofs2_mobile_bay_model,Daphne/May Day,1.5,30.59,-87.92999999999999,2.7600579039603113,northward_current,-0.11630720645189285,m/s,surface,0.0,standard_depth_positive_down,model_grid_or_not_applicable,MODEL_WET_GRID_NODE,,2026-10-06T21:00:00+00:00,2026-10-07T06:31:11.819952+00:00,2026-10-07T06:31:11.819952+00:00,UTC,2026-10-06T21:00:00+00:00,nowcast,6,https://opendap.co-ops.nos.noaa.gov/thredds/dodsC/NOAA/NGOFS2/MODELS/2026/10/06/ngofs2.t21z.20261006.regulargrid.n006.nc,0.0,a35efafd89c8c60821aa7c6740a638843fb330aba7b5d73879f8854f4678c3d5,ngofs2_regulargrid_v1
noaa_ngofs2_mobile_bay_regulargrid,MODEL,ngofs2_grid_882_995,noaa_ngofs2_mobile_bay_model,Daphne/May Day,1.5,30.59,-87.92999999999999,2.7600579039603113,shoreward_current,-0.020474078133702285,m/s,surface,0.0,standard_depth_positive_down,model_grid_or_not_applicable,MODEL_WET_GRID_NODE,,2026-10-06T21:00:00+00:00,2026-10-07T06:31:11.819952+00:00,2026-10-07T06:31:11.819952+00:00,UTC,2026-10-06T21:00:00+00:00,nowcast,6,https://opendap.co-ops.nos.noaa.gov/thredds/dodsC/NOAA/NGOFS2/MODELS/2026/10/06/ngofs2.t21z.20261006.regulargrid.n006.nc,0.0,a35efafd89c8c60821aa7c6740a638843fb330aba7b5d73879f8854f4678c3d5,ngofs2_regulargrid_v1
noaa_ngofs2_mobile_bay_regulargrid,MODEL,ngofs2_grid_882_995,noaa_ngofs2_mobile_bay_model,Daphne/May Day,1.5,30.59,-87.92999999999999,2.7600579039603113,water_temperature,29.354982376098633,degC,surface,0.0,standard_depth_positive_down,model_grid_or_not_applicable,MODEL_WET_GRID_NODE,,2026-10-06T21:00:00+00:00,2026-10-07T06:31:11.819952+00:00,2026-10-07T06:31:11.819952+00:00,UTC,2026-10-06T21:00:00+00:00,nowcast,6,https://opendap.co-ops.nos.noaa.gov/thredds/dodsC/NOAA/NGOFS2/MODELS/2026/10/06/ngofs2.t21z.20261006.regulargrid.n006.nc,0.0,a35efafd89c8c60821aa7c6740a638843fb330aba7b5d73879f8854f4678c3d5,ngofs2_regulargrid_v1
noaa_ngofs2_mobile_bay_regulargrid,MODEL,ngofs2_grid_882_995,noaa_ngofs2_mobile_bay_model,Daphne/May Day,1.5,30.59,-87.92999999999999,2.7600579039603113,salinity,9.169286727905273,PSU,surface,0.0,standard_depth_positive_down,model_grid_or_not_applicable,MODEL_WET_GRID_NODE,,2026-10-06T21:00:00+00:00,2026-10-07T06:31:11.819952+00:00,2026-10-07T06:31:11.819952+00:00,UTC,2026-10-06T21:00:00+00:00,nowcast,6,https://opendap.co-ops.nos.noaa.gov/thredds/dodsC/NOAA/NGOFS2/MODELS/2026/10/06/ngofs2.t21z.20261006.regulargrid.n006.nc,0.0,a35efafd89c8c60821aa7c6740a638843fb330aba7b5d73879f8854f4678c3d5,ngofs2_regulargrid_v1
noaa_ngofs2_mobile_bay_regulargrid,MODEL,ngofs2_grid_882_995,noaa_ngofs2_mobile_bay_model,Daphne/May Day,1.5,30.59,-87.92999999999999,2.7600579039603113,eastward_current,0.09168229252099991,m/s,bottom,2.0,standard_depth_positive_down,model_grid_or_not_applicable,MODEL_WET_GRID_NODE,,2026-10-06T21:00:00+00:00,2026-10-07T06:31:11.819952+00:00,2026-10-07T06:31:11.819952+00:00,UTC,2026-10-06T21:00:00+00:00,nowcast,6,https://opendap.co-ops.nos.noaa.gov/thredds/dodsC/NOAA/NGOFS2/MODELS/2026/10/06/ngofs2.t21z.20261006.regulargrid.n006.nc,0.0,a35efafd89c8c60821aa7c6740a638843fb330aba7b5d73879f8854f4678c3d5,ngofs2_regulargrid_v1
noaa_ngofs2_mobile_bay_regulargrid,MODEL,ngofs2_grid_882_995,noaa_ngofs2_mobile_bay_model,Daphne/May Day,1.5,30.59,-87.92999999999999,2.7600579039603113,northward_current,0.027603115886449814,m/s,bottom,2.0,standard_depth_positive_down,model_grid_or_not_applicable,MODEL_WET_GRID_NODE,,2026-10-06T21:00:00+00:00,2026-10-07T06:31:11.819952+00:00,2026-10-07T06:31:11.819952+00:00,UTC,2026-10-06T21:00:00+00:00,nowcast,6,https://opendap.co-ops.nos.noaa.gov/thredds/dodsC/NOAA/NGOFS2/MODELS/2026/10/06/ngofs2.t21z.20261006.regulargrid.n006.nc,0.0,a35efafd89c8c60821aa7c6740a638843fb330aba7b5d73879f8854f4678c3d5,ngofs2_regulargrid_v1
noaa_ngofs2_mobile_bay_regulargrid,MODEL,ngofs2_grid_882_995,noaa_ngofs2_mobile_bay_model,Daphne/May Day,1.5,30.59,-87.92999999999999,2.7600579039603113,shoreward_current,0.09168229252099991,m/s,bottom,2.0,standard_depth_positive_down,model_grid_or_not_applicable,MODEL_WET_GRID_NODE,,2026-10-06T21:00:00+00:00,2026-10-07T06:31:11.819952+00:00,2026-10-07T06:31:11.819952+00:00,UTC,2026-10-06T21:00:00+00:00,nowcast,6,https://opendap.co-ops.nos.noaa.gov/thredds/dodsC/NOAA/NGOFS2/MODELS/2026/10/06/ngofs2.t21z.20261006.regulargrid.n006.nc,0.0,a35efafd89c8c60821aa7c6740a638843fb330aba7b5d73879f8854f4678c3d5,ngofs2_regulargrid_v1
noaa_ngofs2_mobile_bay_regulargrid,MODEL,ngofs2_grid_882_995,noaa_ngofs2_mobile_bay_model,Daphne/May Day,1.5,30.59,-87.92999999999999,2.7600579039603113,water_temperature,29.682544708251953,degC,bottom,2.0,standard_depth_positive_down,model_grid_or_not_applicable,MODEL_WET_GRID_NODE,,2026-10-06T21:00:00+00:00,2026-10-07T06:31:11.819952+00:00,2026-10-07T06:31:11.819952+00:00,UTC,2026-10-06T21:00:00+00:00,nowcast,6,https://opendap.co-ops.nos.noaa.gov/thredds/dodsC/NOAA/NGOFS2/MODELS/2026/10/06/ngofs2.t21z.20261006.regulargrid.n006.nc,0.0,a35efafd89c8c60821aa7c6740a638843fb330aba7b5d73879f8854f4678c3d5,ngofs2_regulargrid_v1
noaa_ngofs2_mobile_bay_regulargrid,MODEL,ngofs2_grid_882_995,noaa_ngofs2_mobile_bay_model,Daphne/May Day,1.5,30.59,-87.92999999999999,2.7600579039603113,salinity,12.011962890625,PSU,bottom,2.0,standard_depth_positive_down,model_grid_or_not_applicable,MODEL_WET_GRID_NODE,,2026-10-06T21:00:00+00:00,2026-10-07T06:31:11.819952+00:00,2026-10-07T06:31:11.819952+00:00,UTC,2026-10-06T21:00:00+00:00,nowcast,6,https://opendap.co-ops.nos.noaa.gov/thredds/dodsC/NOAA/NGOFS2/MODELS/2026/10/06/ngofs2.t21z.20261006.regulargrid.n006.nc,0.0,a35efafd89c8c60821aa7c6740a638843fb330aba7b5d73879f8854f4678c3d5,ngofs2_regulargrid_v1
noaa_ngofs2_mobile_bay_regulargrid,MODEL,ngofs2_grid_882_995,noaa_ngofs2_mobile_bay_model,Daphne/May Day,1.5,30.59,-87.92999999999999,2.7600579039603113,water_surface_elevation,0.08873435854911804,m,surface,0.0,surface,model_mean_sea_level,MODEL_WET_GRID_NODE,,2026-10-06T21:00:00+00:00,2026-10-07T06:31:11.819952+00:00,2026-10-07T06:31:11.819952+00:00,UTC,2026-10-06T21:00:00+00:00,nowcast,6,https://opendap.co-ops.nos.noaa.gov/thredds/dodsC/NOAA/NGOFS2/MODELS/2026/10/06/ngofs2.t21z.20261006.regulargrid.n006.nc,0.0,a35efafd89c8c60821aa7c6740a638843fb330aba7b5d73879f8854f4678c3d5,ngofs2_regulargrid_v1
noaa_ngofs2_mobile_bay_regulargrid,MODEL,ngofs2_grid_883_994,noaa_ngofs2_mobile_bay_model,Daphne/May Day,3.0,30.6,-87.94,2.3371018155435084,eastward_current,-0.011459486559033394,m/s,surface,0.0,standard_depth_positive_down,model_grid_or_not_applicable,MODEL_WET_GRID_NODE,,2026-10-06T21:00:00+00:00,2026-10-07T06:31:11.819952+00:00,2026-10-07T06:31:11.819952+00:00,UTC,2026-10-06T21:00:00+00:00,nowcast,6,https://opendap.co-ops.nos.noaa.gov/thredds/dodsC/NOAA/NGOFS2/MODELS/2026/10/06/ngofs2.t21z.20261006.regulargrid.n006.nc,0.0,a35efafd89c8c60821aa7c6740a638843fb330aba7b5d73879f8854f4678c3d5,ngofs2_regulargrid_v1
noaa_ngofs2_mobile_bay_regulargrid,MODEL,ngofs2_grid_883_994,noaa_ngofs2_mobile_bay_model,Daphne/May Day,3.0,30.6,-87.94,2.3371018155435084,northward_current,-0.14938323199748993,m/s,surface,0.0,standard_depth_positive_down,model_grid_or_not_applicable,MODEL_WET_GRID_NODE,,2026-10-06T21:00:00+00:00,2026-10-07T06:31:11.819952+00:00,2026-10-07T06:31:11.819952+00:00,UTC,2026-10-06T21:00:00+00:00,nowcast,6,https://opendap.co-ops.nos.noaa.gov/thredds/dodsC/NOAA/NGOFS2/MODELS/2026/10/06/ngofs2.t21z.20261006.regulargrid.n006.nc,0.0,a35efafd89c8c60821aa7c6740a638843fb330aba7b5d73879f8854f4678c3d5,ngofs2_regulargrid_v1
noaa_ngofs2_mobile_bay_regulargrid,MODEL,ngofs2_grid_883_994,noaa_ngofs2_mobile_bay_model,Daphne/May Day,3.0,30.6,-87.94,2.3371018155435084,shoreward_current,-0.011459486559033403,m/s,surface,0.0,standard_depth_positive_down,model_grid_or_not_applicable,MODEL_WET_GRID_NODE,,2026-10-06T21:00:00+00:00,2026-10-07T06:31:11.819952+00:00,2026-10-07T06:31:11.819952+00:00,UTC,2026-10-06T21:00:00+00:00,nowcast,6,https://opendap.co-ops.nos.noaa.gov/thredds/dodsC/NOAA/NGOFS2/MODELS/2026/10/06/ngofs2.t21z.20261006.regulargrid.n006.nc,0.0,a35efafd89c8c60821aa7c6740a638843fb330aba7b5d73879f8854f4678c3d5,ngofs2_regulargrid_v1
noaa_ngofs2_mobile_bay_regulargrid,MODEL,ngofs2_grid_883_994,noaa_ngofs2_mobile_bay_model,Daphne/May Day,3.0,30.6,-87.94,2.3371018155435084,water_temperature,29.266916275024414,degC,surface,0.0,standard_depth_positive_down,model_grid_or_not_applicable,MODEL_WET_GRID_NODE,,2026-10-06T21:00:00+00:00,2026-10-07T06:31:11.819952+00:00,2026-10-07T06:31:11.819952+00:00,UTC,2026-10-06T21:00:00+00:00,nowcast,6,https://opendap.co-ops.nos.noaa.gov/thredds/dodsC/NOAA/NGOFS2/MODELS/2026/10/06/ngofs2.t21z.20261006.regulargrid.n006.nc,0.0,a35efafd89c8c60821aa7c6740a638843fb330aba7b5d73879f8854f4678c3d5,ngofs2_regulargrid_v1
noaa_ngofs2_mobile_bay_regulargrid,MODEL,ngofs2_grid_883_994,noaa_ngofs2_mobile_bay_model,Daphne/May Day,3.0,30.6,-87.94,2.3371018155435084,salinity,8.562077522277832,PSU,surface,0.0,standard_depth_positive_down,model_grid_or_not_applicable,MODEL_WET_GRID_NODE,,2026-10-06T21:00:00+00:00,2026-10-07T06:31:11.819952+00:00,2026-10-07T06:31:11.819952+00:00,UTC,2026-10-06T21:00:00+00:00,nowcast,6,https://opendap.co-ops.nos.noaa.gov/thredds/dodsC/NOAA/NGOFS2/MODELS/2026/10/06/ngofs2.t21z.20261006.regulargrid.n006.nc,0.0,a35efafd89c8c60821aa7c6740a638843fb330aba7b5d73879f8854f4678c3d5,ngofs2_regulargrid_v1
noaa_ngofs2_mobile_bay_regulargrid,MODEL,ngofs2_grid_883_994,noaa_ngofs2_mobile_bay_model,Daphne/May Day,3.0,30.6,-87.94,2.3371018155435084,eastward_current,0.06382426619529724,m/s,bottom,2.0,standard_depth_positive_down,model_grid_or_not_applicable,MODEL_WET_GRID_NODE,,2026-10-06T21:00:00+00:00,2026-10-07T06:31:11.819952+00:00,2026-10-07T06:31:11.819952+00:00,UTC,2026-10-06T21:00:00+00:00,nowcast,6,https://opendap.co-ops.nos.noaa.gov/thredds/dodsC/NOAA/NGOFS2/MODELS/2026/10/06/ngofs2.t21z.20261006.regulargrid.n006.nc,0.0,a35efafd89c8c60821aa7c6740a638843fb330aba7b5d73879f8854f4678c3d5,ngofs2_regulargrid_v1
noaa_ngofs2_mobile_bay_regulargrid,MODEL,ngofs2_grid_883_994,noaa_ngofs2_mobile_bay_model,Daphne/May Day,3.0,30.6,-87.94,2.3371018155435084,northward_current,-0.007838161662220955,m/s,bottom,2.0,standard_depth_positive_down,model_grid_or_not_applicable,MODEL_WET_GRID_NODE,,2026-10-06T21:00:00+00:00,2026-10-07T06:31:11.819952+00:00,2026-10-07T06:31:11.819952+00:00,UTC,2026-10-06T21:00:00+00:00,nowcast,6,https://opendap.co-ops.nos.noaa.gov/thredds/dodsC/NOAA/NGOFS2/MODELS/2026/10/06/ngofs2.t21z.20261006.regulargrid.n006.nc,0.0,a35efafd89c8c60821aa7c6740a638843fb330aba7b5d73879f8854f4678c3d5,ngofs2_regulargrid_v1
noaa_ngofs2_mobile_bay_regulargrid,MODEL,ngofs2_grid_883_994,noaa_ngofs2_mobile_bay_model,Daphne/May Day,3.0,30.6,-87.94,2.3371018155435084,shoreward_current,0.06382426619529724,m/s,bottom,2.0,standard_depth_positive_down,model_grid_or_not_applicable,MODEL_WET_GRID_NODE,,2026-10-06T21:00:00+00:00,2026-10-07T06:31:11.819952+00:00,2026-10-07T06:31:11.819952+00:00,UTC,2026-10-06T21:00:00+00:00,nowcast,6,https://opendap.co-ops.nos.noaa.gov/thredds/dodsC/NOAA/NGOFS2/MODELS/2026/10/06/ngofs2.t21z.20261006.regulargrid.n006.nc,0.0,a35efafd89c8c60821aa7c6740a638843fb330aba7b5d73879f8854f4678c3d5,ngofs2_regulargrid_v1
noaa_ngofs2_mobile_bay_regulargrid,MODEL,ngofs2_grid_883_994,noaa_ngofs2_mobile_bay_model,Daphne/May Day,3.0,30.6,-87.94,2.3371018155435084,water_temperature,29.63309669494629,degC,bottom,2.0,standard_depth_positive_down,model_grid_or_not_applicable,MODEL_WET_GRID_NODE,,2026-10-06T21:00:00+00:00,2026-10-07T06:31:11.819952+00:00,2026-10-07T06:31:11.819952+00:00,UTC,2026-10-06T21:00:00+00:00,nowcast,6,https://opendap.co-ops.nos.noaa.gov/thredds/dodsC/NOAA/NGOFS2/MODELS/2026/10/06/ngofs2.t21z.20261006.regulargrid.n006.nc,0.0,a35efafd89c8c60821aa7c6740a638843fb330aba7b5d73879f8854f4678c3d5,ngofs2_regulargrid_v1
noaa_ngofs2_mobile_bay_regulargrid,MODEL,ngofs2_grid_883_994,noaa_ngofs2_mobile_bay_model,Daphne/May Day,3.0,30.6,-87.94,2.3371018155435084,salinity,11.26177978515625,PSU,bottom,2.0,standard_depth_positive_down,model_grid_or_not_applicable,MODEL_WET_GRID_NODE,,2026-10-06T21:00:00+00:00,2026-10-07T06:31:11.819952+00:00,2026-10-07T06:31:11.819952+00:00,UTC,2026-10-06T21:00:00+00:00,nowcast,6,https://opendap.co-ops.nos.noaa.gov/thredds/dodsC/NOAA/NGOFS2/MODELS/2026/10/06/ngofs2.t21z.20261006.regulargrid.n006.nc,0.0,a35efafd89c8c60821aa7c6740a638843fb330aba7b5d73879f8854f4678c3d5,ngofs2_regulargrid_v1
noaa_ngofs2_mobile_bay_regulargrid,MODEL,ngofs2_grid_883_994,noaa_ngofs2_mobile_bay_model,Daphne/May Day,3.0,30.6,-87.94,2.3371018155435084,water_surface_elevation,0.08938831835985184,m,surface,0.0,surface,model_mean_sea_level,MODEL_WET_GRID_NODE,,2026-10-06T21:00:00+00:00,2026-10-07T06:31:11.819952+00:00,2026-10-07T06:31:11.819952+00:00,UTC,2026-10-06T21:00:00+00:00,nowcast,6,https://opendap.co-ops.nos.noaa.gov/thredds/dodsC/NOAA/NGOFS2/MODELS/2026/10/06/ngofs2.t21z.20261006.regulargrid.n006.nc,0.0,a35efafd89c8c60821aa7c6740a638843fb330aba7b5d73879f8854f4678c3d5,ngofs2_regulargrid_v1
noaa_ngofs2_mobile_bay_regulargrid,MODEL,ngofs2_grid_880_997,noaa_ngofs2_mobile_bay_model,Montrose,0.25,30.57,-87.91,1.790073012681098,eastward_current,0.017363201826810837,m/s,surface,0.0,standard_depth_positive_down,model_grid_or_not_applicable,MODEL_WET_GRID_NODE,,2026-10-06T21:00:00+00:00,2026-10-07T06:31:11.819952+00:00,2026-10-07T06:31:11.819952+00:00,UTC,2026-10-06T21:00:00+00:00,nowcast,6,https://opendap.co-ops.nos.noaa.gov/thredds/dodsC/NOAA/NGOFS2/MODELS/2026/10/06/ngofs2.t21z.20261006.regulargrid.n006.nc,0.0,a35efafd89c8c60821aa7c6740a638843fb330aba7b5d73879f8854f4678c3d5,ngofs2_regulargrid_v1
noaa_ngofs2_mobile_bay_regulargrid,MODEL,ngofs2_grid_880_997,noaa_ngofs2_mobile_bay_model,Montrose,0.25,30.57,-87.91,1.790073012681098,northward_current,-0.07981444150209427,m/s,surface,0.0,standard_depth_positive_down,model_grid_or_not_applicable,MODEL_WET_GRID_NODE,,2026-10-06T21:00:00+00:00,2026-10-07T06:31:11.819952+00:00,2026-10-07T06:31:11.819952+00:00,UTC,2026-10-06T21:00:00+00:00,nowcast,6,https://opendap.co-ops.nos.noaa.gov/thredds/dodsC/NOAA/NGOFS2/MODELS/2026/10/06/ngofs2.t21z.20261006.regulargrid.n006.nc,0.0,a35efafd89c8c60821aa7c6740a638843fb330aba7b5d73879f8854f4678c3d5,ngofs2_regulargrid_v1
noaa_ngofs2_mobile_bay_regulargrid,MODEL,ngofs2_grid_880_997,noaa_ngofs2_mobile_bay_model,Montrose,0.25,30.57,-87.91,1.790073012681098,shoreward_current,0.017363201826810833,m/s,surface,0.0,standard_depth_positive_down,model_grid_or_not_applicable,MODEL_WET_GRID_NODE,,2026-10-06T21:00:00+00:00,2026-10-07T06:31:11.819952+00:00,2026-10-07T06:31:11.819952+00:00,UTC,2026-10-06T21:00:00+00:00,nowcast,6,https://opendap.co-ops.nos.noaa.gov/thredds/dodsC/NOAA/NGOFS2/MODELS/2026/10/06/ngofs2.t21z.20261006.regulargrid.n006.nc,0.0,a35efafd89c8c60821aa7c6740a638843fb330aba7b5d73879f8854f4678c3d5,ngofs2_regulargrid_v1
noaa_ngofs2_mobile_bay_regulargrid,MODEL,ngofs2_grid_880_997,noaa_ngofs2_mobile_bay_model,Montrose,0.25,30.57,-87.91,1.790073012681098,water_temperature,29.64853286743164,degC,surface,0.0,standard_depth_positive_down,model_grid_or_not_applicable,MODEL_WET_GRID_NODE,,2026-10-06T21:00:00+00:00,2026-10-07T06:31:11.819952+00:00,2026-10-07T06:31:11.819952+00:00,UTC,2026-10-06T21:00:00+00:00,nowcast,6,https://opendap.co-ops.nos.noaa.gov/thredds/dodsC/NOAA/NGOFS2/MODELS/2026/10/06/ngofs2.t21z.20261006.regulargrid.n006.nc,0.0,a35efafd89c8c60821aa7c6740a638843fb330aba7b5d73879f8854f4678c3d5,ngofs2_regulargrid_v1
noaa_ngofs2_mobile_bay_regulargrid,MODEL,ngofs2_grid_880_997,noaa_ngofs2_mobile_bay_model,Montrose,0.25,30.57,-87.91,1.790073012681098,salinity,11.767857551574707,PSU,surface,0.0,standard_depth_positive_down,model_grid_or_not_applicable,MODEL_WET_GRID_NODE,,2026-10-06T21:00:00+00:00,2026-10-07T06:31:11.819952+00:00,2026-10-07T06:31:11.819952+00:00,UTC,2026-10-06T21:00:00+00:00,nowcast,6,https://opendap.co-ops.nos.noaa.gov/thredds/dodsC/NOAA/NGOFS2/MODELS/2026/10/06/ngofs2.t21z.20261006.regulargrid.n006.nc,0.0,a35efafd89c8c60821aa7c6740a638843fb330aba7b5d73879f8854f4678c3d5,ngofs2_regulargrid_v1
noaa_ngofs2_mobile_bay_regulargrid,MODEL,ngofs2_grid_880_997,noaa_ngofs2_mobile_bay_model,Montrose,0.25,30.57,-87.91,1.790073012681098,eastward_current,0.030451124534010887,m/s,bottom,1.0,standard_depth_positive_down,model_grid_or_not_applicable,MODEL_WET_GRID_NODE,,2026-10-06T21:00:00+00:00,2026-10-07T06:31:11.819952+00:00,2026-10-07T06:31:11.819952+00:00,UTC,2026-10-06T21:00:00+00:00,nowcast,6,https://opendap.co-ops.nos.noaa.gov/thredds/dodsC/NOAA/NGOFS2/MODELS/2026/10/06/ngofs2.t21z.20261006.regulargrid.n006.nc,0.0,a35efafd89c8c60821aa7c6740a638843fb330aba7b5d73879f8854f4678c3d5,ngofs2_regulargrid_v1
noaa_ngofs2_mobile_bay_regulargrid,MODEL,ngofs2_grid_880_997,noaa_ngofs2_mobile_bay_model,Montrose,0.25,30.57,-87.91,1.790073012681098,northward_current,-0.04679898917675018,m/s,bottom,1.0,standard_depth_positive_down,model_grid_or_not_applicable,MODEL_WET_GRID_NODE,,2026-10-06T21:00:00+00:00,2026-10-07T06:31:11.819952+00:00,2026-10-07T06:31:11.819952+00:00,UTC,2026-10-06T21:00:00+00:00,nowcast,6,https://opendap.co-ops.nos.noaa.gov/thredds/dodsC/NOAA/NGOFS2/MODELS/2026/10/06/ngofs2.t21z.20261006.regulargrid.n006.nc,0.0,a35efafd89c8c60821aa7c6740a638843fb330aba7b5d73879f8854f4678c3d5,ngofs2_regulargrid_v1
noaa_ngofs2_mobile_bay_regulargrid,MODEL,ngofs2_grid_880_997,noaa_ngofs2_mobile_bay_model,Montrose,0.25,30.57,-87.91,1.790073012681098,shoreward_current,0.030451124534010884,m/s,bottom,1.0,standard_depth_positive_down,model_grid_or_not_applicable,MODEL_WET_GRID_NODE,,2026-10-06T21:00:00+00:00,2026-10-07T06:31:11.819952+00:00,2026-10-07T06:31:11.819952+00:00,UTC,2026-10-06T21:00:00+00:00,nowcast,6,https://opendap.co-ops.nos.noaa.gov/thredds/dodsC/NOAA/NGOFS2/MODELS/2026/10/06/ngofs2.t21z.20261006.regulargrid.n006.nc,0.0,a35efafd89c8c60821aa7c6740a638843fb330aba7b5d73879f8854f4678c3d5,ngofs2_regulargrid_v1
noaa_ngofs2_mobile_bay_regulargrid,MODEL,ngofs2_grid_880_997,noaa_ngofs2_mobile_bay_model,Montrose,0.25,30.57,-87.91,1.790073012681098,water_temperature,29.969018936157227,degC,bottom,1.0,standard_depth_positive_down,model_grid_or_not_applicable,MODEL_WET_GRID_NODE,,2026-10-06T21:00:00+00:00,2026-10-07T06:31:11.819952+00:00,2026-10-07T06:31:11.819952+00:00,UTC,2026-10-06T21:00:00+00:00,nowcast,6,https://opendap.co-ops.nos.noaa.gov/thredds/dodsC/NOAA/NGOFS2/MODELS/2026/10/06/ngofs2.t21z.20261006.regulargrid.n006.nc,0.0,a35efafd89c8c60821aa7c6740a638843fb330aba7b5d73879f8854f4678c3d5,ngofs2_regulargrid_v1
noaa_ngofs2_mobile_bay_regulargrid,MODEL,ngofs2_grid_880_997,noaa_ngofs2_mobile_bay_model,Montrose,0.25,30.57,-87.91,1.790073012681098,salinity,12.61595344543457,PSU,bottom,1.0,standard_depth_positive_down,model_grid_or_not_applicable,MODEL_WET_GRID_NODE,,2026-10-06T21:00:00+00:00,2026-10-07T06:31:11.819952+00:00,2026-10-07T06:31:11.819952+00:00,UTC,2026-10-06T21:00:00+00:00,nowcast,6,https://opendap.co-ops.nos.noaa.gov/thredds/dodsC/NOAA/NGOFS2/MODELS/2026/10/06/ngofs2.t21z.20261006.regulargrid.n006.nc,0.0,a35efafd89c8c60821aa7c6740a638843fb330aba7b5d73879f8854f4678c3d5,ngofs2_regulargrid_v1
noaa_ngofs2_mobile_bay_regulargrid,MODEL,ngofs2_grid_880_997,noaa_ngofs2_mobile_bay_model,Montrose,0.25,30.57,-87.91,1.790073012681098,water_surface_elevation,0.0862804725766182,m,surface,0.0,surface,model_mean_sea_level,MODEL_WET_GRID_NODE,,2026-10-06T21:00:00+00:00,2026-10-07T06:31:11.819952+00:00,2026-10-07T06:31:11.819952+00:00,UTC,2026-10-06T21:00:00+00:00,nowcast,6,https://opendap.co-ops.nos.noaa.gov/thredds/dodsC/NOAA/NGOFS2/MODELS/2026/10/06/ngofs2.t21z.20261006.regulargrid.n006.nc,0.0,a35efafd89c8c60821aa7c6740a638843fb330aba7b5d73879f8854f4678c3d5,ngofs2_regulargrid_v1
noaa_ngofs2_mobile_bay_regulargrid,MODEL,ngofs2_grid_879_997,noaa_ngofs2_mobile_bay_model,Montrose,0.75,30.560000000000002,-87.91,2.558887792657144,eastward_current,-0.018488453701138496,m/s,surface,0.0,standard_depth_positive_down,model_grid_or_not_applicable,MODEL_WET_GRID_NODE,,2026-10-06T21:00:00+00:00,2026-10-07T06:31:11.819952+00:00,2026-10-07T06:31:11.819952+00:00,UTC,2026-10-06T21:00:00+00:00,nowcast,6,https://opendap.co-ops.nos.noaa.gov/thredds/dodsC/NOAA/NGOFS2/MODELS/2026/10/06/ngofs2.t21z.20261006.regulargrid.n006.nc,0.0,a35efafd89c8c60821aa7c6740a638843fb330aba7b5d73879f8854f4678c3d5,ngofs2_regulargrid_v1
noaa_ngofs2_mobile_bay_regulargrid,MODEL,ngofs2_grid_879_997,noaa_ngofs2_mobile_bay_model,Montrose,0.75,30.560000000000002,-87.91,2.558887792657144,northward_current,-0.09747564047574997,m/s,surface,0.0,standard_depth_positive_down,model_grid_or_not_applicable,MODEL_WET_GRID_NODE,,2026-10-06T21:00:00+00:00,2026-10-07T06:31:11.819952+00:00,2026-10-07T06:31:11.819952+00:00,UTC,2026-10-06T21:00:00+00:00,nowcast,6,https://opendap.co-ops.nos.noaa.gov/thredds/dodsC/NOAA/NGOFS2/MODELS/2026/10/06/ngofs2.t21z.20261006.regulargrid.n006.nc,0.0,a35efafd89c8c60821aa7c6740a638843fb330aba7b5d73879f8854f4678c3d5,ngofs2_regulargrid_v1
noaa_ngofs2_mobile_bay_regulargrid,MODEL,ngofs2_grid_879_997,noaa_ngofs2_mobile_bay_model,Montrose,0.75,30.560000000000002,-87.91,2.558887792657144,shoreward_current,-0.018488453701138503,m/s,surface,0.0,standard_depth_positive_down,model_grid_or_not_applicable,MODEL_WET_GRID_NODE,,2026-10-06T21:00:00+00:00,2026-10-07T06:31:11.819952+00:00,2026-10-07T06:31:11.819952+00:00,UTC,2026-10-06T21:00:00+00:00,nowcast,6,https://opendap.co-ops.nos.noaa.gov/thredds/dodsC/NOAA/NGOFS2/MODELS/2026/10/06/ngofs2.t21z.20261006.regulargrid.n006.nc,0.0,a35efafd89c8c60821aa7c6740a638843fb330aba7b5d73879f8854f4678c3d5,ngofs2_regulargrid_v1
noaa_ngofs2_mobile_bay_regulargrid,MODEL,ngofs2_grid_879_997,noaa_ngofs2_mobile_bay_model,Montrose,0.75,30.560000000000002,-87.91,2.558887792657144,water_temperature,29.743330001831055,degC,surface,0.0,standard_depth_positive_down,model_grid_or_not_applicable,MODEL_WET_GRID_NODE,,2026-10-06T21:00:00+00:00,2026-10-07T06:31:11.819952+00:00,2026-10-07T06:31:11.819952+00:00,UTC,2026-10-06T21:00:00+00:00,nowcast,6,https://opendap.co-ops.nos.noaa.gov/thredds/dodsC/NOAA/NGOFS2/MODELS/2026/10/06/ngofs2.t21z.20261006.regulargrid.n006.nc,0.0,a35efafd89c8c60821aa7c6740a638843fb330aba7b5d73879f8854f4678c3d5,ngofs2_regulargrid_v1
noaa_ngofs2_mobile_bay_regulargrid,MODEL,ngofs2_grid_879_997,noaa_ngofs2_mobile_bay_model,Montrose,0.75,30.560000000000002,-87.91,2.558887792657144,salinity,12.518593788146973,PSU,surface,0.0,standard_depth_positive_down,model_grid_or_not_applicable,MODEL_WET_GRID_NODE,,2026-10-06T21:00:00+00:00,2026-10-07T06:31:11.819952+00:00,2026-10-07T06:31:11.819952+00:00,UTC,2026-10-06T21:00:00+00:00,nowcast,6,https://opendap.co-ops.nos.noaa.gov/thredds/dodsC/NOAA/NGOFS2/MODELS/2026/10/06/ngofs2.t21z.20261006.regulargrid.n006.nc,0.0,a35efafd89c8c60821aa7c6740a638843fb330aba7b5d73879f8854f4678c3d5,ngofs2_regulargrid_v1
noaa_ngofs2_mobile_bay_regulargrid,MODEL,ngofs2_grid_879_997,noaa_ngofs2_mobile_bay_model,Montrose,0.75,30.560000000000002,-87.91,2.558887792657144,eastward_current,0.05185890570282936,m/s,bottom,2.0,standard_depth_positive_down,model_grid_or_not_applicable,MODEL_WET_GRID_NODE,,2026-10-06T21:00:00+00:00,2026-10-07T06:31:11.819952+00:00,2026-10-07T06:31:11.819952+00:00,UTC,2026-10-06T21:00:00+00:00,nowcast,6,https://opendap.co-ops.nos.noaa.gov/thredds/dodsC/NOAA/NGOFS2/MODELS/2026/10/06/ngofs2.t21z.20261006.regulargrid.n006.nc,0.0,a35efafd89c8c60821aa7c6740a638843fb330aba7b5d73879f8854f4678c3d5,ngofs2_regulargrid_v1
noaa_ngofs2_mobile_bay_regulargrid,MODEL,ngofs2_grid_879_997,noaa_ngofs2_mobile_bay_model,Montrose,0.75,30.560000000000002,-87.91,2.558887792657144,northward_current,0.00459024915471673,m/s,bottom,2.0,standard_depth_positive_down,model_grid_or_not_applicable,MODEL_WET_GRID_NODE,,2026-10-06T21:00:00+00:00,2026-10-07T06:31:11.819952+00:00,2026-10-07T06:31:11.819952+00:00,UTC,2026-10-06T21:00:00+00:00,nowcast,6,https://opendap.co-ops.nos.noaa.gov/thredds/dodsC/NOAA/NGOFS2/MODELS/2026/10/06/ngofs2.t21z.20261006.regulargrid.n006.nc,0.0,a35efafd89c8c60821aa7c6740a638843fb330aba7b5d73879f8854f4678c3d5,ngofs2_regulargrid_v1
noaa_ngofs2_mobile_bay_regulargrid,MODEL,ngofs2_grid_879_997,noaa_ngofs2_mobile_bay_model,Montrose,0.75,30.560000000000002,-87.91,2.558887792657144,shoreward_current,0.05185890570282936,m/s,bottom,2.0,standard_depth_positive_down,model_grid_or_not_applicable,MODEL_WET_GRID_NODE,,2026-10-06T21:00:00+00:00,2026-10-07T06:31:11.819952+00:00,2026-10-07T06:31:11.819952+00:00,UTC,2026-10-06T21:00:00+00:00,nowcast,6,https://opendap.co-ops.nos.noaa.gov/thredds/dodsC/NOAA/NGOFS2/MODELS/2026/10/06/ngofs2.t21z.20261006.regulargrid.n006.nc,0.0,a35efafd89c8c60821aa7c6740a638843fb330aba7b5d73879f8854f4678c3d5,ngofs2_regulargrid_v1
noaa_ngofs2_mobile_bay_regulargrid,MODEL,ngofs2_grid_879_997,noaa_ngofs2_mobile_bay_model,Montrose,0.75,30.560000000000002,-87.91,2.558887792657144,water_temperature,29.960708618164062,degC,bottom,2.0,standard_depth_positive_down,model_grid_or_not_applicable,MODEL_WET_GRID_NODE,,2026-10-06T21:00:00+00:00,2026-10-07T06:31:11.819952+00:00,2026-10-07T06:31:11.819952+00:00,UTC,2026-10-06T21:00:00+00:00,nowcast,6,https://opendap.co-ops.nos.noaa.gov/thredds/dodsC/NOAA/NGOFS2/MODELS/2026/10/06/ngofs2.t21z.20261006.regulargrid.n006.nc,0.0,a35efafd89c8c60821aa7c6740a638843fb330aba7b5d73879f8854f4678c3d5,ngofs2_regulargrid_v1
noaa_ngofs2_mobile_bay_regulargrid,MODEL,ngofs2_grid_879_997,noaa_ngofs2_mobile_bay_model,Montrose,0.75,30.560000000000002,-87.91,2.558887792657144,salinity,13.729188919067383,PSU,bottom,2.0,standard_depth_positive_down,model_grid_or_not_applicable,MODEL_WET_GRID_NODE,,2026-10-06T21:00:00+00:00,2026-10-07T06:31:11.819952+00:00,2026-10-07T06:31:11.819952+00:00,UTC,2026-10-06T21:00:00+00:00,nowcast,6,https://opendap.co-ops.nos.noaa.gov/thredds/dodsC/NOAA/NGOFS2/MODELS/2026/10/06/ngofs2.t21z.20261006.regulargrid.n006.nc,0.0,a35efafd89c8c60821aa7c6740a638843fb330aba7b5d73879f8854f4678c3d5,ngofs2_regulargrid_v1
noaa_ngofs2_mobile_bay_regulargrid,MODEL,ngofs2_grid_879_997,noaa_ngofs2_mobile_bay_model,Montrose,0.75,30.560000000000002,-87.91,2.558887792657144,water_surface_elevation,0.08788662403821945,m,surface,0.0,surface,model_mean_sea_level,MODEL_WET_GRID_NODE,,2026-10-06T21:00:00+00:00,2026-10-07T06:31:11.819952+00:00,2026-10-07T06:31:11.819952+00:00,UTC,2026-10-06T21:00:00+00:00,nowcast,6,https://opendap.co-ops.nos.noaa.gov/thredds/dodsC/NOAA/NGOFS2/MODELS/2026/10/06/ngofs2.t21z.20261006.regulargrid.n006.nc,0.0,a35efafd89c8c60821aa7c6740a638843fb330aba7b5d73879f8854f4678c3d5,ngofs2_regulargrid_v1
noaa_ngofs2_mobile_bay_regulargrid,MODEL,ngofs2_grid_880_996,noaa_ngofs2_mobile_bay_model,Montrose,1.5,30.57,-87.91999999999999,2.8518318470436084,eastward_current,-0.017542913556098938,m/s,surface,0.0,standard_depth_positive_down,model_grid_or_not_applicable,MODEL_WET_GRID_NODE,,2026-10-06T21:00:00+00:00,2026-10-07T06:31:11.819952+00:00,2026-10-07T06:31:11.819952+00:00,UTC,2026-10-06T21:00:00+00:00,nowcast,6,https://opendap.co-ops.nos.noaa.gov/thredds/dodsC/NOAA/NGOFS2/MODELS/2026/10/06/ngofs2.t21z.20261006.regulargrid.n006.nc,0.0,a35efafd89c8c60821aa7c6740a638843fb330aba7b5d73879f8854f4678c3d5,ngofs2_regulargrid_v1
noaa_ngofs2_mobile_bay_regulargrid,MODEL,ngofs2_grid_880_996,noaa_ngofs2_mobile_bay_model,Montrose,1.5,30.57,-87.91999999999999,2.8518318470436084,northward_current,-0.13129335641860962,m/s,surface,0.0,standard_depth_positive_down,model_grid_or_not_applicable,MODEL_WET_GRID_NODE,,2026-10-06T21:00:00+00:00,2026-10-07T06:31:11.819952+00:00,2026-10-07T06:31:11.819952+00:00,UTC,2026-10-06T21:00:00+00:00,nowcast,6,https://opendap.co-ops.nos.noaa.gov/thredds/dodsC/NOAA/NGOFS2/MODELS/2026/10/06/ngofs2.t21z.20261006.regulargrid.n006.nc,0.0,a35efafd89c8c60821aa7c6740a638843fb330aba7b5d73879f8854f4678c3d5,ngofs2_regulargrid_v1
noaa_ngofs2_mobile_bay_regulargrid,MODEL,ngofs2_grid_880_996,noaa_ngofs2_mobile_bay_model,Montrose,1.5,30.57,-87.91999999999999,2.8518318470436084,shoreward_current,-0.017542913556098945,m/s,surface,0.0,standard_depth_positive_down,model_grid_or_not_applicable,MODEL_WET_GRID_NODE,,2026-10-06T21:00:00+00:00,2026-10-07T06:31:11.819952+00:00,2026-10-07T06:31:11.819952+00:00,UTC,2026-10-06T21:00:00+00:00,nowcast,6,https://opendap.co-ops.nos.noaa.gov/thredds/dodsC/NOAA/NGOFS2/MODELS/2026/10/06/ngofs2.t21z.20261006.regulargrid.n006.nc,0.0,a35efafd89c8c60821aa7c6740a638843fb330aba7b5d73879f8854f4678c3d5,ngofs2_regulargrid_v1
noaa_ngofs2_mobile_bay_regulargrid,MODEL,ngofs2_grid_880_996,noaa_ngofs2_mobile_bay_model,Montrose,1.5,30.57,-87.91999999999999,2.8518318470436084,water_temperature,29.597702026367188,degC,surface,0.0,standard_depth_positive_down,model_grid_or_not_applicable,MODEL_WET_GRID_NODE,,2026-10-06T21:00:00+00:00,2026-10-07T06:31:11.819952+00:00,2026-10-07T06:31:11.819952+00:00,UTC,2026-10-06T21:00:00+00:00,nowcast,6,https://opendap.co-ops.nos.noaa.gov/thredds/dodsC/NOAA/NGOFS2/MODELS/2026/10/06/ngofs2.t21z.20261006.regulargrid.n006.nc,0.0,a35efafd89c8c60821aa7c6740a638843fb330aba7b5d73879f8854f4678c3d5,ngofs2_regulargrid_v1
noaa_ngofs2_mobile_bay_regulargrid,MODEL,ngofs2_grid_880_996,noaa_ngofs2_mobile_bay_model,Montrose,1.5,30.57,-87.91999999999999,2.8518318470436084,salinity,11.396379470825195,PSU,surface,0.0,standard_depth_positive_down,model_grid_or_not_applicable,MODEL_WET_GRID_NODE,,2026-10-06T21:00:00+00:00,2026-10-07T06:31:11.819952+00:00,2026-10-07T06:31:11.819952+00:00,UTC,2026-10-06T21:00:00+00:00,nowcast,6,https://opendap.co-ops.nos.noaa.gov/thredds/dodsC/NOAA/NGOFS2/MODELS/2026/10/06/ngofs2.t21z.20261006.regulargrid.n006.nc,0.0,a35efafd89c8c60821aa7c6740a638843fb330aba7b5d73879f8854f4678c3d5,ngofs2_regulargrid_v1
noaa_ngofs2_mobile_bay_regulargrid,MODEL,ngofs2_grid_880_996,noaa_ngofs2_mobile_bay_model,Montrose,1.5,30.57,-87.91999999999999,2.8518318470436084,eastward_current,0.07335313409566879,m/s,bottom,2.0,standard_depth_positive_down,model_grid_or_not_applicable,MODEL_WET_GRID_NODE,,2026-10-06T21:00:00+00:00,2026-10-07T06:31:11.819952+00:00,2026-10-07T06:31:11.819952+00:00,UTC,2026-10-06T21:00:00+00:00,nowcast,6,https://opendap.co-ops.nos.noaa.gov/thredds/dodsC/NOAA/NGOFS2/MODELS/2026/10/06/ngofs2.t21z.20261006.regulargrid.n006.nc,0.0,a35efafd89c8c60821aa7c6740a638843fb330aba7b5d73879f8854f4678c3d5,ngofs2_regulargrid_v1
noaa_ngofs2_mobile_bay_regulargrid,MODEL,ngofs2_grid_880_996,noaa_ngofs2_mobile_bay_model,Montrose,1.5,30.57,-87.91999999999999,2.8518318470436084,northward_current,0.01143435388803482,m/s,bottom,2.0,standard_depth_positive_down,model_grid_or_not_applicable,MODEL_WET_GRID_NODE,,2026-10-06T21:00:00+00:00,2026-10-07T06:31:11.819952+00:00,2026-10-07T06:31:11.819952+00:00,UTC,2026-10-06T21:00:00+00:00,nowcast,6,https://opendap.co-ops.nos.noaa.gov/thredds/dodsC/NOAA/NGOFS2/MODELS/2026/10/06/ngofs2.t21z.20261006.regulargrid.n006.nc,0.0,a35efafd89c8c60821aa7c6740a638843fb330aba7b5d73879f8854f4678c3d5,ngofs2_regulargrid_v1
noaa_ngofs2_mobile_bay_regulargrid,MODEL,ngofs2_grid_880_996,noaa_ngofs2_mobile_bay_model,Montrose,1.5,30.57,-87.91999999999999,2.8518318470436084,shoreward_current,0.07335313409566879,m/s,bottom,2.0,standard_depth_positive_down,model_grid_or_not_applicable,MODEL_WET_GRID_NODE,,2026-10-06T21:00:00+00:00,2026-10-07T06:31:11.819952+00:00,2026-10-07T06:31:11.819952+00:00,UTC,2026-10-06T21:00:00+00:00,nowcast,6,https://opendap.co-ops.nos.noaa.gov/thredds/dodsC/NOAA/NGOFS2/MODELS/2026/10/06/ngofs2.t21z.20261006.regulargrid.n006.nc,0.0,a35efafd89c8c60821aa7c6740a638843fb330aba7b5d73879f8854f4678c3d5,ngofs2_regulargrid_v1
noaa_ngofs2_mobile_bay_regulargrid,MODEL,ngofs2_grid_880_996,noaa_ngofs2_mobile_bay_model,Montrose,1.5,30.57,-87.91999999999999,2.8518318470436084,water_temperature,29.87174415588379,degC,bottom,2.0,standard_depth_positive_down,model_grid_or_not_applicable,MODEL_WET_GRID_NODE,,2026-10-06T21:00:00+00:00,2026-10-07T06:31:11.819952+00:00,2026-10-07T06:31:11.819952+00:00,UTC,2026-10-06T21:00:00+00:00,nowcast,6,https://opendap.co-ops.nos.noaa.gov/thredds/dodsC/NOAA/NGOFS2/MODELS/2026/10/06/ngofs2.t21z.20261006.regulargrid.n006.nc,0.0,a35efafd89c8c60821aa7c6740a638843fb330aba7b5d73879f8854f4678c3d5,ngofs2_regulargrid_v1
noaa_ngofs2_mobile_bay_regulargrid,MODEL,ngofs2_grid_880_996,noaa_ngofs2_mobile_bay_model,Montrose,1.5,30.57,-87.91999999999999,2.8518318470436084,salinity,13.557559967041016,PSU,bottom,2.0,standard_depth_positive_down,model_grid_or_not_applicable,MODEL_WET_GRID_NODE,,2026-10-06T21:00:00+00:00,2026-10-07T06:31:11.819952+00:00,2026-10-07T06:31:11.819952+00:00,UTC,2026-10-06T21:00:00+00:00,nowcast,6,https://opendap.co-ops.nos.noaa.gov/thredds/dodsC/NOAA/NGOFS2/MODELS/2026/10/06/ngofs2.t21z.20261006.regulargrid.n006.nc,0.0,a35efafd89c8c60821aa7c6740a638843fb330aba7b5d73879f8854f4678c3d5,ngofs2_regulargrid_v1
noaa_ngofs2_mobile_bay_regulargrid,MODEL,ngofs2_grid_880_996,noaa_ngofs2_mobile_bay_model,Montrose,1.5,30.57,-87.91999999999999,2.8518318470436084,water_surface_elevation,0.08867762982845306,m,surface,0.0,surface,model_mean_sea_level,MODEL_WET_GRID_NODE,,2026-10-06T21:00:00+00:00,2026-10-07T06:31:11.819952+00:00,2026-10-07T06:31:11.819952+00:00,UTC,2026-10-06T21:00:00+00:00,nowcast,6,https://opendap.co-ops.nos.noaa.gov/thredds/dodsC/NOAA/NGOFS2/MODELS/2026/10/06/ngofs2.t21z.20261006.regulargrid.n006.nc,0.0,a35efafd89c8c60821aa7c6740a638843fb330aba7b5d73879f8854f4678c3d5,ngofs2_regulargrid_v1
noaa_ngofs2_mobile_bay_regulargrid,MODEL,ngofs2_grid_880_995,noaa_ngofs2_mobile_bay_model,Montrose,3.0,30.57,-87.92999999999999,3.1854552996525065,eastward_current,-0.02027924545109272,m/s,surface,0.0,standard_depth_positive_down,model_grid_or_not_applicable,MODEL_WET_GRID_NODE,,2026-10-06T21:00:00+00:00,2026-10-07T06:31:11.819952+00:00,2026-10-07T06:31:11.819952+00:00,UTC,2026-10-06T21:00:00+00:00,nowcast,6,https://opendap.co-ops.nos.noaa.gov/thredds/dodsC/NOAA/NGOFS2/MODELS/2026/10/06/ngofs2.t21z.20261006.regulargrid.n006.nc,0.0,a35efafd89c8c60821aa7c6740a638843fb330aba7b5d73879f8854f4678c3d5,ngofs2_regulargrid_v1
noaa_ngofs2_mobile_bay_regulargrid,MODEL,ngofs2_grid_880_995,noaa_ngofs2_mobile_bay_model,Montrose,3.0,30.57,-87.92999999999999,3.1854552996525065,northward_current,-0.15384112298488617,m/s,surface,0.0,standard_depth_positive_down,model_grid_or_not_applicable,MODEL_WET_GRID_NODE,,2026-10-06T21:00:00+00:00,2026-10-07T06:31:11.819952+00:00,2026-10-07T06:31:11.819952+00:00,UTC,2026-10-06T21:00:00+00:00,nowcast,6,https://opendap.co-ops.nos.noaa.gov/thredds/dodsC/NOAA/NGOFS2/MODELS/2026/10/06/ngofs2.t21z.20261006.regulargrid.n006.nc,0.0,a35efafd89c8c60821aa7c6740a638843fb330aba7b5d73879f8854f4678c3d5,ngofs2_regulargrid_v1
noaa_ngofs2_mobile_bay_regulargrid,MODEL,ngofs2_grid_880_995,noaa_ngofs2_mobile_bay_model,Montrose,3.0,30.57,-87.92999999999999,3.1854552996525065,shoreward_current,-0.02027924545109273,m/s,surface,0.0,standard_depth_positive_down,model_grid_or_not_applicable,MODEL_WET_GRID_NODE,,2026-10-06T21:00:00+00:00,2026-10-07T06:31:11.819952+00:00,2026-10-07T06:31:11.819952+00:00,UTC,2026-10-06T21:00:00+00:00,nowcast,6,https://opendap.co-ops.nos.noaa.gov/thredds/dodsC/NOAA/NGOFS2/MODELS/2026/10/06/ngofs2.t21z.20261006.regulargrid.n006.nc,0.0,a35efafd89c8c60821aa7c6740a638843fb330aba7b5d73879f8854f4678c3d5,ngofs2_regulargrid_v1
noaa_ngofs2_mobile_bay_regulargrid,MODEL,ngofs2_grid_880_995,noaa_ngofs2_mobile_bay_model,Montrose,3.0,30.57,-87.92999999999999,3.1854552996525065,water_temperature,29.422340393066406,degC,surface,0.0,standard_depth_positive_down,model_grid_or_not_applicable,MODEL_WET_GRID_NODE,,2026-10-06T21:00:00+00:00,2026-10-07T06:31:11.819952+00:00,2026-10-07T06:31:11.819952+00:00,UTC,2026-10-06T21:00:00+00:00,nowcast,6,https://opendap.co-ops.nos.noaa.gov/thredds/dodsC/NOAA/NGOFS2/MODELS/2026/10/06/ngofs2.t21z.20261006.regulargrid.n006.nc,0.0,a35efafd89c8c60821aa7c6740a638843fb330aba7b5d73879f8854f4678c3d5,ngofs2_regulargrid_v1
noaa_ngofs2_mobile_bay_regulargrid,MODEL,ngofs2_grid_880_995,noaa_ngofs2_mobile_bay_model,Montrose,3.0,30.57,-87.92999999999999,3.1854552996525065,salinity,10.471435546875,PSU,surface,0.0,standard_depth_positive_down,model_grid_or_not_applicable,MODEL_WET_GRID_NODE,,2026-10-06T21:00:00+00:00,2026-10-07T06:31:11.819952+00:00,2026-10-07T06:31:11.819952+00:00,UTC,2026-10-06T21:00:00+00:00,nowcast,6,https://opendap.co-ops.nos.noaa.gov/thredds/dodsC/NOAA/NGOFS2/MODELS/2026/10/06/ngofs2.t21z.20261006.regulargrid.n006.nc,0.0,a35efafd89c8c60821aa7c6740a638843fb330aba7b5d73879f8854f4678c3d5,ngofs2_regulargrid_v1
noaa_ngofs2_mobile_bay_regulargrid,MODEL,ngofs2_grid_880_995,noaa_ngofs2_mobile_bay_model,Montrose,3.0,30.57,-87.92999999999999,3.1854552996525065,eastward_current,0.08522592484951019,m/s,bottom,2.0,standard_depth_positive_down,model_grid_or_not_applicable,MODEL_WET_GRID_NODE,,2026-10-06T21:00:00+00:00,2026-10-07T06:31:11.819952+00:00,2026-10-07T06:31:11.819952+00:00,UTC,2026-10-06T21:00:00+00:00,nowcast,6,https://opendap.co-ops.nos.noaa.gov/thredds/dodsC/NOAA/NGOFS2/MODELS/2026/10/06/ngofs2.t21z.20261006.regulargrid.n006.nc,0.0,a35efafd89c8c60821aa7c6740a638843fb330aba7b5d73879f8854f4678c3d5,ngofs2_regulargrid_v1
noaa_ngofs2_mobile_bay_regulargrid,MODEL,ngofs2_grid_880_995,noaa_ngofs2_mobile_bay_model,Montrose,3.0,30.57,-87.92999999999999,3.1854552996525065,northward_current,-0.05728471651673317,m/s,bottom,2.0,standard_depth_positive_down,model_grid_or_not_applicable,MODEL_WET_GRID_NODE,,2026-10-06T21:00:00+00:00,2026-10-07T06:31:11.819952+00:00,2026-10-07T06:31:11.819952+00:00,UTC,2026-10-06T21:00:00+00:00,nowcast,6,https://opendap.co-ops.nos.noaa.gov/thredds/dodsC/NOAA/NGOFS2/MODELS/2026/10/06/ngofs2.t21z.20261006.regulargrid.n006.nc,0.0,a35efafd89c8c60821aa7c6740a638843fb330aba7b5d73879f8854f4678c3d5,ngofs2_regulargrid_v1
noaa_ngofs2_mobile_bay_regulargrid,MODEL,ngofs2_grid_880_995,noaa_ngofs2_mobile_bay_model,Montrose,3.0,30.57,-87.92999999999999,3.1854552996525065,shoreward_current,0.08522592484951019,m/s,bottom,2.0,standard_depth_positive_down,model_grid_or_not_applicable,MODEL_WET_GRID_NODE,,2026-10-06T21:00:00+00:00,2026-10-07T06:31:11.819952+00:00,2026-10-07T06:31:11.819952+00:00,UTC,2026-10-06T21:00:00+00:00,nowcast,6,https://opendap.co-ops.nos.noaa.gov/thredds/dodsC/NOAA/NGOFS2/MODELS/2026/10/06/ngofs2.t21z.20261006.regulargrid.n006.nc,0.0,a35efafd89c8c60821aa7c6740a638843fb330aba7b5d73879f8854f4678c3d5,ngofs2_regulargrid_v1
noaa_ngofs2_mobile_bay_regulargrid,MODEL,ngofs2_grid_880_995,noaa_ngofs2_mobile_bay_model,Montrose,3.0,30.57,-87.92999999999999,3.1854552996525065,water_temperature,29.652360916137695,degC,bottom,2.0,standard_depth_positive_down,model_grid_or_not_applicable,MODEL_WET_GRID_NODE,,2026-10-06T21:00:00+00:00,2026-10-07T06:31:11.819952+00:00,2026-10-07T06:31:11.819952+00:00,UTC,2026-10-06T21:00:00+00:00,nowcast,6,https://opendap.co-ops.nos.noaa.gov/thredds/dodsC/NOAA/NGOFS2/MODELS/2026/10/06/ngofs2.t21z.20261006.regulargrid.n006.nc,0.0,a35efafd89c8c60821aa7c6740a638843fb330aba7b5d73879f8854f4678c3d5,ngofs2_regulargrid_v1
noaa_ngofs2_mobile_bay_regulargrid,MODEL,ngofs2_grid_880_995,noaa_ngofs2_mobile_bay_model,Montrose,3.0,30.57,-87.92999999999999,3.1854552996525065,salinity,12.6829195022583,PSU,bottom,2.0,standard_depth_positive_down,model_grid_or_not_applicable,MODEL_WET_GRID_NODE,,2026-10-06T21:00:00+00:00,2026-10-07T06:31:11.819952+00:00,2026-10-07T06:31:11.819952+00:00,UTC,2026-10-06T21:00:00+00:00,nowcast,6,https://opendap.co-ops.nos.noaa.gov/thredds/dodsC/NOAA/NGOFS2/MODELS/2026/10/06/ngofs2.t21z.20261006.regulargrid.n006.nc,0.0,a35efafd89c8c60821aa7c6740a638843fb330aba7b5d73879f8854f4678c3d5,ngofs2_regulargrid_v1
noaa_ngofs2_mobile_bay_regulargrid,MODEL,ngofs2_grid_880_995,noaa_ngofs2_mobile_bay_model,Montrose,3.0,30.57,-87.92999999999999,3.1854552996525065,water_surface_elevation,0.09163053333759308,m,surface,0.0,surface,model_mean_sea_level,MODEL_WET_GRID_NODE,,2026-10-06T21:00:00+00:00,2026-10-07T06:31:11.819952+00:00,2026-10-07T06:31:11.819952+00:00,UTC,2026-10-06T21:00:00+00:00,nowcast,6,https://opendap.co-ops.nos.noaa.gov/thredds/dodsC/NOAA/NGOFS2/MODELS/2026/10/06/ngofs2.t21z.20261006.regulargrid.n006.nc,0.0,a35efafd89c8c60821aa7c6740a638843fb330aba7b5d73879f8854f4678c3d5,ngofs2_regulargrid_v1
noaa_ngofs2_mobile_bay_regulargrid,MODEL,ngofs2_grid_875_996,noaa_ngofs2_mobile_bay_model,Fairhope/Fly Creek/Pier,0.25,30.52,-87.91999999999999,2.218344355235801,eastward_current,-0.06915304064750671,m/s,surface,0.0,standard_depth_positive_down,model_grid_or_not_applicable,MODEL_WET_GRID_NODE,,2026-10-06T21:00:00+00:00,2026-10-07T06:31:11.819952+00:00,2026-10-07T06:31:11.819952+00:00,UTC,2026-10-06T21:00:00+00:00,nowcast,6,https://opendap.co-ops.nos.noaa.gov/thredds/dodsC/NOAA/NGOFS2/MODELS/2026/10/06/ngofs2.t21z.20261006.regulargrid.n006.nc,0.0,a35efafd89c8c60821aa7c6740a638843fb330aba7b5d73879f8854f4678c3d5,ngofs2_regulargrid_v1
noaa_ngofs2_mobile_bay_regulargrid,MODEL,ngofs2_grid_875_996,noaa_ngofs2_mobile_bay_model,Fairhope/Fly Creek/Pier,0.25,30.52,-87.91999999999999,2.218344355235801,northward_current,-0.0975593701004982,m/s,surface,0.0,standard_depth_positive_down,model_grid_or_not_applicable,MODEL_WET_GRID_NODE,,2026-10-06T21:00:00+00:00,2026-10-07T06:31:11.819952+00:00,2026-10-07T06:31:11.819952+00:00,UTC,2026-10-06T21:00:00+00:00,nowcast,6,https://opendap.co-ops.nos.noaa.gov/thredds/dodsC/NOAA/NGOFS2/MODELS/2026/10/06/ngofs2.t21z.20261006.regulargrid.n006.nc,0.0,a35efafd89c8c60821aa7c6740a638843fb330aba7b5d73879f8854f4678c3d5,ngofs2_regulargrid_v1
noaa_ngofs2_mobile_bay_regulargrid,MODEL,ngofs2_grid_875_996,noaa_ngofs2_mobile_bay_model,Fairhope/Fly Creek/Pier,0.25,30.52,-87.91999999999999,2.218344355235801,shoreward_current,-0.06915304064750671,m/s,surface,0.0,standard_depth_positive_down,model_grid_or_not_applicable,MODEL_WET_GRID_NODE,,2026-10-06T21:00:00+00:00,2026-10-07T06:31:11.819952+00:00,2026-10-07T06:31:11.819952+00:00,UTC,2026-10-06T21:00:00+00:00,nowcast,6,https://opendap.co-ops.nos.noaa.gov/thredds/dodsC/NOAA/NGOFS2/MODELS/2026/10/06/ngofs2.t21z.20261006.regulargrid.n006.nc,0.0,a35efafd89c8c60821aa7c6740a638843fb330aba7b5d73879f8854f4678c3d5,ngofs2_regulargrid_v1
noaa_ngofs2_mobile_bay_regulargrid,MODEL,ngofs2_grid_875_996,noaa_ngofs2_mobile_bay_model,Fairhope/Fly Creek/Pier,0.25,30.52,-87.91999999999999,2.218344355235801,water_temperature,29.686294555664062,degC,surface,0.0,standard_depth_positive_down,model_grid_or_not_applicable,MODEL_WET_GRID_NODE,,2026-10-06T21:00:00+00:00,2026-10-07T06:31:11.819952+00:00,2026-10-07T06:31:11.819952+00:00,UTC,2026-10-06T21:00:00+00:00,nowcast,6,https://opendap.co-ops.nos.noaa.gov/thredds/dodsC/NOAA/NGOFS2/MODELS/2026/10/06/ngofs2.t21z.20261006.regulargrid.n006.nc,0.0,a35efafd89c8c60821aa7c6740a638843fb330aba7b5d73879f8854f4678c3d5,ngofs2_regulargrid_v1
noaa_ngofs2_mobile_bay_regulargrid,MODEL,ngofs2_grid_875_996,noaa_ngofs2_mobile_bay_model,Fairhope/Fly Creek/Pier,0.25,30.52,-87.91999999999999,2.218344355235801,salinity,14.076140403747559,PSU,surface,0.0,standard_depth_positive_down,model_grid_or_not_applicable,MODEL_WET_GRID_NODE,,2026-10-06T21:00:00+00:00,2026-10-07T06:31:11.819952+00:00,2026-10-07T06:31:11.819952+00:00,UTC,2026-10-06T21:00:00+00:00,nowcast,6,https://opendap.co-ops.nos.noaa.gov/thredds/dodsC/NOAA/NGOFS2/MODELS/2026/10/06/ngofs2.t21z.20261006.regulargrid.n006.nc,0.0,a35efafd89c8c60821aa7c6740a638843fb330aba7b5d73879f8854f4678c3d5,ngofs2_regulargrid_v1
noaa_ngofs2_mobile_bay_regulargrid,MODEL,ngofs2_grid_875_996,noaa_ngofs2_mobile_bay_model,Fairhope/Fly Creek/Pier,0.25,30.52,-87.91999999999999,2.218344355235801,eastward_current,-0.0022598232608288527,m/s,bottom,2.0,standard_depth_positive_down,model_grid_or_not_applicable,MODEL_WET_GRID_NODE,,2026-10-06T21:00:00+00:00,2026-10-07T06:31:11.819952+00:00,2026-10-07T06:31:11.819952+00:00,UTC,2026-10-06T21:00:00+00:00,nowcast,6,https://opendap.co-ops.nos.noaa.gov/thredds/dodsC/NOAA/NGOFS2/MODELS/2026/10/06/ngofs2.t21z.20261006.regulargrid.n006.nc,0.0,a35efafd89c8c60821aa7c6740a638843fb330aba7b5d73879f8854f4678c3d5,ngofs2_regulargrid_v1
noaa_ngofs2_mobile_bay_regulargrid,MODEL,ngofs2_grid_875_996,noaa_ngofs2_mobile_bay_model,Fairhope/Fly Creek/Pier,0.25,30.52,-87.91999999999999,2.218344355235801,northward_current,-0.040534403175115585,m/s,bottom,2.0,standard_depth_positive_down,model_grid_or_not_applicable,MODEL_WET_GRID_NODE,,2026-10-06T21:00:00+00:00,2026-10-07T06:31:11.819952+00:00,2026-10-07T06:31:11.819952+00:00,UTC,2026-10-06T21:00:00+00:00,nowcast,6,https://opendap.co-ops.nos.noaa.gov/thredds/dodsC/NOAA/NGOFS2/MODELS/2026/10/06/ngofs2.t21z.20261006.regulargrid.n006.nc,0.0,a35efafd89c8c60821aa7c6740a638843fb330aba7b5d73879f8854f4678c3d5,ngofs2_regulargrid_v1
noaa_ngofs2_mobile_bay_regulargrid,MODEL,ngofs2_grid_875_996,noaa_ngofs2_mobile_bay_model,Fairhope/Fly Creek/Pier,0.25,30.52,-87.91999999999999,2.218344355235801,shoreward_current,-0.0022598232608288553,m/s,bottom,2.0,standard_depth_positive_down,model_grid_or_not_applicable,MODEL_WET_GRID_NODE,,2026-10-06T21:00:00+00:00,2026-10-07T06:31:11.819952+00:00,2026-10-07T06:31:11.819952+00:00,UTC,2026-10-06T21:00:00+00:00,nowcast,6,https://opendap.co-ops.nos.noaa.gov/thredds/dodsC/NOAA/NGOFS2/MODELS/2026/10/06/ngofs2.t21z.20261006.regulargrid.n006.nc,0.0,a35efafd89c8c60821aa7c6740a638843fb330aba7b5d73879f8854f4678c3d5,ngofs2_regulargrid_v1
noaa_ngofs2_mobile_bay_regulargrid,MODEL,ngofs2_grid_875_996,noaa_ngofs2_mobile_bay_model,Fairhope/Fly Creek/Pier,0.25,30.52,-87.91999999999999,2.218344355235801,water_temperature,29.804546356201172,degC,bottom,2.0,standard_depth_positive_down,model_grid_or_not_applicable,MODEL_WET_GRID_NODE,,2026-10-06T21:00:00+00:00,2026-10-07T06:31:11.819952+00:00,2026-10-07T06:31:11.819952+00:00,UTC,2026-10-06T21:00:00+00:00,nowcast,6,https://opendap.co-ops.nos.noaa.gov/thredds/dodsC/NOAA/NGOFS2/MODELS/2026/10/06/ngofs2.t21z.20261006.regulargrid.n006.nc,0.0,a35efafd89c8c60821aa7c6740a638843fb330aba7b5d73879f8854f4678c3d5,ngofs2_regulargrid_v1
noaa_ngofs2_mobile_bay_regulargrid,MODEL,ngofs2_grid_875_996,noaa_ngofs2_mobile_bay_model,Fairhope/Fly Creek/Pier,0.25,30.52,-87.91999999999999,2.218344355235801,salinity,14.7612886428833,PSU,bottom,2.0,standard_depth_positive_down,model_grid_or_not_applicable,MODEL_WET_GRID_NODE,,2026-10-06T21:00:00+00:00,2026-10-07T06:31:11.819952+00:00,2026-10-07T06:31:11.819952+00:00,UTC,2026-10-06T21:00:00+00:00,nowcast,6,https://opendap.co-ops.nos.noaa.gov/thredds/dodsC/NOAA/NGOFS2/MODELS/2026/10/06/ngofs2.t21z.20261006.regulargrid.n006.nc,0.0,a35efafd89c8c60821aa7c6740a638843fb330aba7b5d73879f8854f4678c3d5,ngofs2_regulargrid_v1
noaa_ngofs2_mobile_bay_regulargrid,MODEL,ngofs2_grid_875_996,noaa_ngofs2_mobile_bay_model,Fairhope/Fly Creek/Pier,0.25,30.52,-87.91999999999999,2.218344355235801,water_surface_elevation,0.0916069820523262,m,surface,0.0,surface,model_mean_sea_level,MODEL_WET_GRID_NODE,,2026-10-06T21:00:00+00:00,2026-10-07T06:31:11.819952+00:00,2026-10-07T06:31:11.819952+00:00,UTC,2026-10-06T21:00:00+00:00,nowcast,6,https://opendap.co-ops.nos.noaa.gov/thredds/dodsC/NOAA/NGOFS2/MODELS/2026/10/06/ngofs2.t21z.20261006.regulargrid.n006.nc,0.0,a35efafd89c8c60821aa7c6740a638843fb330aba7b5d73879f8854f4678c3d5,ngofs2_regulargrid_v1
noaa_ngofs2_mobile_bay_regulargrid,MODEL,ngofs2_grid_876_996,noaa_ngofs2_mobile_bay_model,Fairhope/Fly Creek/Pier,0.75,30.53,-87.91999999999999,3.0932896910937813,eastward_current,-0.08135931938886642,m/s,surface,0.0,standard_depth_positive_down,model_grid_or_not_applicable,MODEL_WET_GRID_NODE,,2026-10-06T21:00:00+00:00,2026-10-07T06:31:11.819952+00:00,2026-10-07T06:31:11.819952+00:00,UTC,2026-10-06T21:00:00+00:00,nowcast,6,https://opendap.co-ops.nos.noaa.gov/thredds/dodsC/NOAA/NGOFS2/MODELS/2026/10/06/ngofs2.t21z.20261006.regulargrid.n006.nc,0.0,a35efafd89c8c60821aa7c6740a638843fb330aba7b5d73879f8854f4678c3d5,ngofs2_regulargrid_v1
noaa_ngofs2_mobile_bay_regulargrid,MODEL,ngofs2_grid_876_996,noaa_ngofs2_mobile_bay_model,Fairhope/Fly Creek/Pier,0.75,30.53,-87.91999999999999,3.0932896910937813,northward_current,-0.10129774361848831,m/s,surface,0.0,standard_depth_positive_down,model_grid_or_not_applicable,MODEL_WET_GRID_NODE,,2026-10-06T21:00:00+00:00,2026-10-07T06:31:11.819952+00:00,2026-10-07T06:31:11.819952+00:00,UTC,2026-10-06T21:00:00+00:00,nowcast,6,https://opendap.co-ops.nos.noaa.gov/thredds/dodsC/NOAA/NGOFS2/MODELS/2026/10/06/ngofs2.t21z.20261006.regulargrid.n006.nc,0.0,a35efafd89c8c60821aa7c6740a638843fb330aba7b5d73879f8854f4678c3d5,ngofs2_regulargrid_v1
noaa_ngofs2_mobile_bay_regulargrid,MODEL,ngofs2_grid_876_996,noaa_ngofs2_mobile_bay_model,Fairhope/Fly Creek/Pier,0.75,30.53,-87.91999999999999,3.0932896910937813,shoreward_current,-0.08135931938886642,m/s,surface,0.0,standard_depth_positive_down,model_grid_or_not_applicable,MODEL_WET_GRID_NODE,,2026-10-06T21:00:00+00:00,2026-10-07T06:31:11.819952+00:00,2026-10-07T06:31:11.819952+00:00,UTC,2026-10-06T21:00:00+00:00,nowcast,6,https://opendap.co-ops.nos.noaa.gov/thredds/dodsC/NOAA/NGOFS2/MODELS/2026/10/06/ngofs2.t21z.20261006.regulargrid.n006.nc,0.0,a35efafd89c8c60821aa7c6740a638843fb330aba7b5d73879f8854f4678c3d5,ngofs2_regulargrid_v1
noaa_ngofs2_mobile_bay_regulargrid,MODEL,ngofs2_grid_876_996,noaa_ngofs2_mobile_bay_model,Fairhope/Fly Creek/Pier,0.75,30.53,-87.91999999999999,3.0932896910937813,water_temperature,29.76079750061035,degC,surface,0.0,standard_depth_positive_down,model_grid_or_not_applicable,MODEL_WET_GRID_NODE,,2026-10-06T21:00:00+00:00,2026-10-07T06:31:11.819952+00:00,2026-10-07T06:31:11.819952+00:00,UTC,2026-10-06T21:00:00+00:00,nowcast,6,https://opendap.co-ops.nos.noaa.gov/thredds/dodsC/NOAA/NGOFS2/MODELS/2026/10/06/ngofs2.t21z.20261006.regulargrid.n006.nc,0.0,a35efafd89c8c60821aa7c6740a638843fb330aba7b5d73879f8854f4678c3d5,ngofs2_regulargrid_v1
noaa_ngofs2_mobile_bay_regulargrid,MODEL,ngofs2_grid_876_996,noaa_ngofs2_mobile_bay_model,Fairhope/Fly Creek/Pier,0.75,30.53,-87.91999999999999,3.0932896910937813,salinity,14.012205123901367,PSU,surface,0.0,standard_depth_positive_down,model_grid_or_not_applicable,MODEL_WET_GRID_NODE,,2026-10-06T21:00:00+00:00,2026-10-07T06:31:11.819952+00:00,2026-10-07T06:31:11.819952+00:00,UTC,2026-10-06T21:00:00+00:00,nowcast,6,https://opendap.co-ops.nos.noaa.gov/thredds/dodsC/NOAA/NGOFS2/MODELS/2026/10/06/ngofs2.t21z.20261006.regulargrid.n006.nc,0.0,a35efafd89c8c60821aa7c6740a638843fb330aba7b5d73879f8854f4678c3d5,ngofs2_regulargrid_v1
noaa_ngofs2_mobile_bay_regulargrid,MODEL,ngofs2_grid_876_996,noaa_ngofs2_mobile_bay_model,Fairhope/Fly Creek/Pier,0.75,30.53,-87.91999999999999,3.0932896910937813,eastward_current,-0.001698560081422329,m/s,bottom,2.0,standard_depth_positive_down,model_grid_or_not_applicable,MODEL_WET_GRID_NODE,,2026-10-06T21:00:00+00:00,2026-10-07T06:31:11.819952+00:00,2026-10-07T06:31:11.819952+00:00,UTC,2026-10-06T21:00:00+00:00,nowcast,6,https://opendap.co-ops.nos.noaa.gov/thredds/dodsC/NOAA/NGOFS2/MODELS/2026/10/06/ngofs2.t21z.20261006.regulargrid.n006.nc,0.0,a35efafd89c8c60821aa7c6740a638843fb330aba7b5d73879f8854f4678c3d5,ngofs2_regulargrid_v1
noaa_ngofs2_mobile_bay_regulargrid,MODEL,ngofs2_grid_876_996,noaa_ngofs2_mobile_bay_model,Fairhope/Fly Creek/Pier,0.75,30.53,-87.91999999999999,3.0932896910937813,northward_current,-0.04334231838583946,m/s,bottom,2.0,standard_depth_positive_down,model_grid_or_not_applicable,MODEL_WET_GRID_NODE,,2026-10-06T21:00:00+00:00,2026-10-07T06:31:11.819952+00:00,2026-10-07T06:31:11.819952+00:00,UTC,2026-10-06T21:00:00+00:00,nowcast,6,https://opendap.co-ops.nos.noaa.gov/thredds/dodsC/NOAA/NGOFS2/MODELS/2026/10/06/ngofs2.t21z.20261006.regulargrid.n006.nc,0.0,a35efafd89c8c60821aa7c6740a638843fb330aba7b5d73879f8854f4678c3d5,ngofs2_regulargrid_v1
noaa_ngofs2_mobile_bay_regulargrid,MODEL,ngofs2_grid_876_996,noaa_ngofs2_mobile_bay_model,Fairhope/Fly Creek/Pier,0.75,30.53,-87.91999999999999,3.0932896910937813,shoreward_current,-0.0016985600814223316,m/s,bottom,2.0,standard_depth_positive_down,model_grid_or_not_applicable,MODEL_WET_GRID_NODE,,2026-10-06T21:00:00+00:00,2026-10-07T06:31:11.819952+00:00,2026-10-07T06:31:11.819952+00:00,UTC,2026-10-06T21:00:00+00:00,nowcast,6,https://opendap.co-ops.nos.noaa.gov/thredds/dodsC/NOAA/NGOFS2/MODELS/2026/10/06/ngofs2.t21z.20261006.regulargrid.n006.nc,0.0,a35efafd89c8c60821aa7c6740a638843fb330aba7b5d73879f8854f4678c3d5,ngofs2_regulargrid_v1
noaa_ngofs2_mobile_bay_regulargrid,MODEL,ngofs2_grid_876_996,noaa_ngofs2_mobile_bay_model,Fairhope/Fly Creek/Pier,0.75,30.53,-87.91999999999999,3.0932896910937813,water_temperature,29.842510223388672,degC,bottom,2.0,standard_depth_positive_down,model_grid_or_not_applicable,MODEL_WET_GRID_NODE,,2026-10-06T21:00:00+00:00,2026-10-07T06:31:11.819952+00:00,2026-10-07T06:31:11.819952+00:00,UTC,2026-10-06T21:00:00+00:00,nowcast,6,https://opendap.co-ops.nos.noaa.gov/thredds/dodsC/NOAA/NGOFS2/MODELS/2026/10/06/ngofs2.t21z.20261006.regulargrid.n006.nc,0.0,a35efafd89c8c60821aa7c6740a638843fb330aba7b5d73879f8854f4678c3d5,ngofs2_regulargrid_v1
noaa_ngofs2_mobile_bay_regulargrid,MODEL,ngofs2_grid_876_996,noaa_ngofs2_mobile_bay_model,Fairhope/Fly Creek/Pier,0.75,30.53,-87.91999999999999,3.0932896910937813,salinity,14.810884475708008,PSU,bottom,2.0,standard_depth_positive_down,model_grid_or_not_applicable,MODEL_WET_GRID_NODE,,2026-10-06T21:00:00+00:00,2026-10-07T06:31:11.819952+00:00,2026-10-07T06:31:11.819952+00:00,UTC,2026-10-06T21:00:00+00:00,nowcast,6,https://opendap.co-ops.nos.noaa.gov/thredds/dodsC/NOAA/NGOFS2/MODELS/2026/10/06/ngofs2.t21z.20261006.regulargrid.n006.nc,0.0,a35efafd89c8c60821aa7c6740a638843fb330aba7b5d73879f8854f4678c3d5,ngofs2_regulargrid_v1
noaa_ngofs2_mobile_bay_regulargrid,MODEL,ngofs2_grid_876_996,noaa_ngofs2_mobile_bay_model,Fairhope/Fly Creek/Pier,0.75,30.53,-87.91999999999999,3.0932896910937813,water_surface_elevation,0.09134652465581894,m,surface,0.0,surface,model_mean_sea_level,MODEL_WET_GRID_NODE,,2026-10-06T21:00:00+00:00,2026-10-07T06:31:11.819952+00:00,2026-10-07T06:31:11.819952+00:00,UTC,2026-10-06T21:00:00+00:00,nowcast,6,https://opendap.co-ops.nos.noaa.gov/thredds/dodsC/NOAA/NGOFS2/MODELS/2026/10/06/ngofs2.t21z.20261006.regulargrid.n006.nc,0.0,a35efafd89c8c60821aa7c6740a638843fb330aba7b5d73879f8854f4678c3d5,ngofs2_regulargrid_v1
noaa_ngofs2_mobile_bay_regulargrid,MODEL,ngofs2_grid_875_995,noaa_ngofs2_mobile_bay_model,Fairhope/Fly Creek/Pier,1.5,30.52,-87.92999999999999,3.361578206118958,eastward_current,-0.12412351369857788,m/s,surface,0.0,standard_depth_positive_down,model_grid_or_not_applicable,MODEL_WET_GRID_NODE,,2026-10-06T21:00:00+00:00,2026-10-07T06:31:11.819952+00:00,2026-10-07T06:31:11.819952+00:00,UTC,2026-10-06T21:00:00+00:00,nowcast,6,https://opendap.co-ops.nos.noaa.gov/thredds/dodsC/NOAA/NGOFS2/MODELS/2026/10/06/ngofs2.t21z.20261006.regulargrid.n006.nc,0.0,a35efafd89c8c60821aa7c6740a638843fb330aba7b5d73879f8854f4678c3d5,ngofs2_regulargrid_v1
noaa_ngofs2_mobile_bay_regulargrid,MODEL,ngofs2_grid_875_995,noaa_ngofs2_mobile_bay_model,Fairhope/Fly Creek/Pier,1.5,30.52,-87.92999999999999,3.361578206118958,northward_current,-0.1320062279701233,m/s,surface,0.0,standard_depth_positive_down,model_grid_or_not_applicable,MODEL_WET_GRID_NODE,,2026-10-06T21:00:00+00:00,2026-10-07T06:31:11.819952+00:00,2026-10-07T06:31:11.819952+00:00,UTC,2026-10-06T21:00:00+00:00,nowcast,6,https://opendap.co-ops.nos.noaa.gov/thredds/dodsC/NOAA/NGOFS2/MODELS/2026/10/06/ngofs2.t21z.20261006.regulargrid.n006.nc,0.0,a35efafd89c8c60821aa7c6740a638843fb330aba7b5d73879f8854f4678c3d5,ngofs2_regulargrid_v1
noaa_ngofs2_mobile_bay_regulargrid,MODEL,ngofs2_grid_875_995,noaa_ngofs2_mobile_bay_model,Fairhope/Fly Creek/Pier,1.5,30.52,-87.92999999999999,3.361578206118958,shoreward_current,-0.1241235136985779,m/s,surface,0.0,standard_depth_positive_down,model_grid_or_not_applicable,MODEL_WET_GRID_NODE,,2026-10-06T21:00:00+00:00,2026-10-07T06:31:11.819952+00:00,2026-10-07T06:31:11.819952+00:00,UTC,2026-10-06T21:00:00+00:00,nowcast,6,https://opendap.co-ops.nos.noaa.gov/thredds/dodsC/NOAA/NGOFS2/MODELS/2026/10/06/ngofs2.t21z.20261006.regulargrid.n006.nc,0.0,a35efafd89c8c60821aa7c6740a638843fb330aba7b5d73879f8854f4678c3d5,ngofs2_regulargrid_v1
noaa_ngofs2_mobile_bay_regulargrid,MODEL,ngofs2_grid_875_995,noaa_ngofs2_mobile_bay_model,Fairhope/Fly Creek/Pier,1.5,30.52,-87.92999999999999,3.361578206118958,water_temperature,29.7466983795166,degC,surface,0.0,standard_depth_positive_down,model_grid_or_not_applicable,MODEL_WET_GRID_NODE,,2026-10-06T21:00:00+00:00,2026-10-07T06:31:11.819952+00:00,2026-10-07T06:31:11.819952+00:00,UTC,2026-10-06T21:00:00+00:00,nowcast,6,https://opendap.co-ops.nos.noaa.gov/thredds/dodsC/NOAA/NGOFS2/MODELS/2026/10/06/ngofs2.t21z.20261006.regulargrid.n006.nc,0.0,a35efafd89c8c60821aa7c6740a638843fb330aba7b5d73879f8854f4678c3d5,ngofs2_regulargrid_v1
noaa_ngofs2_mobile_bay_regulargrid,MODEL,ngofs2_grid_875_995,noaa_ngofs2_mobile_bay_model,Fairhope/Fly Creek/Pier,1.5,30.52,-87.92999999999999,3.361578206118958,salinity,14.31017780303955,PSU,surface,0.0,standard_depth_positive_down,model_grid_or_not_applicable,MODEL_WET_GRID_NODE,,2026-10-06T21:00:00+00:00,2026-10-07T06:31:11.819952+00:00,2026-10-07T06:31:11.819952+00:00,UTC,2026-10-06T21:00:00+00:00,nowcast,6,https://opendap.co-ops.nos.noaa.gov/thredds/dodsC/NOAA/NGOFS2/MODELS/2026/10/06/ngofs2.t21z.20261006.regulargrid.n006.nc,0.0,a35efafd89c8c60821aa7c6740a638843fb330aba7b5d73879f8854f4678c3d5,ngofs2_regulargrid_v1
noaa_ngofs2_mobile_bay_regulargrid,MODEL,ngofs2_grid_875_995,noaa_ngofs2_mobile_bay_model,Fairhope/Fly Creek/Pier,1.5,30.52,-87.92999999999999,3.361578206118958,eastward_current,-0.02334759198129177,m/s,bottom,2.0,standard_depth_positive_down,model_grid_or_not_applicable,MODEL_WET_GRID_NODE,,2026-10-06T21:00:00+00:00,2026-10-07T06:31:11.819952+00:00,2026-10-07T06:31:11.819952+00:00,UTC,2026-10-06T21:00:00+00:00,nowcast,6,https://opendap.co-ops.nos.noaa.gov/thredds/dodsC/NOAA/NGOFS2/MODELS/2026/10/06/ngofs2.t21z.20261006.regulargrid.n006.nc,0.0,a35efafd89c8c60821aa7c6740a638843fb330aba7b5d73879f8854f4678c3d5,ngofs2_regulargrid_v1
noaa_ngofs2_mobile_bay_regulargrid,MODEL,ngofs2_grid_875_995,noaa_ngofs2_mobile_bay_model,Fairhope/Fly Creek/Pier,1.5,30.52,-87.92999999999999,3.361578206118958,northward_current,-0.07695385068655014,m/s,bottom,2.0,standard_depth_positive_down,model_grid_or_not_applicable,MODEL_WET_GRID_NODE,,2026-10-06T21:00:00+00:00,2026-10-07T06:31:11.819952+00:00,2026-10-07T06:31:11.819952+00:00,UTC,2026-10-06T21:00:00+00:00,nowcast,6,https://opendap.co-ops.nos.noaa.gov/thredds/dodsC/NOAA/NGOFS2/MODELS/2026/10/06/ngofs2.t21z.20261006.regulargrid.n006.nc,0.0,a35efafd89c8c60821aa7c6740a638843fb330aba7b5d73879f8854f4678c3d5,ngofs2_regulargrid_v1
noaa_ngofs2_mobile_bay_regulargrid,MODEL,ngofs2_grid_875_995,noaa_ngofs2_mobile_bay_model,Fairhope/Fly Creek/Pier,1.5,30.52,-87.92999999999999,3.361578206118958,shoreward_current,-0.023347591981291774,m/s,bottom,2.0,standard_depth_positive_down,model_grid_or_not_applicable,MODEL_WET_GRID_NODE,,2026-10-06T21:00:00+00:00,2026-10-07T06:31:11.819952+00:00,2026-10-07T06:31:11.819952+00:00,UTC,2026-10-06T21:00:00+00:00,nowcast,6,https://opendap.co-ops.nos.noaa.gov/thredds/dodsC/NOAA/NGOFS2/MODELS/2026/10/06/ngofs2.t21z.20261006.regulargrid.n006.nc,0.0,a35efafd89c8c60821aa7c6740a638843fb330aba7b5d73879f8854f4678c3d5,ngofs2_regulargrid_v1
noaa_ngofs2_mobile_bay_regulargrid,MODEL,ngofs2_grid_875_995,noaa_ngofs2_mobile_bay_model,Fairhope/Fly Creek/Pier,1.5,30.52,-87.92999999999999,3.361578206118958,water_temperature,29.771921157836914,degC,bottom,2.0,standard_depth_positive_down,model_grid_or_not_applicable,MODEL_WET_GRID_NODE,,2026-10-06T21:00:00+00:00,2026-10-07T06:31:11.819952+00:00,2026-10-07T06:31:11.819952+00:00,UTC,2026-10-06T21:00:00+00:00,nowcast,6,https://opendap.co-ops.nos.noaa.gov/thredds/dodsC/NOAA/NGOFS2/MODELS/2026/10/06/ngofs2.t21z.20261006.regulargrid.n006.nc,0.0,a35efafd89c8c60821aa7c6740a638843fb330aba7b5d73879f8854f4678c3d5,ngofs2_regulargrid_v1
noaa_ngofs2_mobile_bay_regulargrid,MODEL,ngofs2_grid_875_995,noaa_ngofs2_mobile_bay_model,Fairhope/Fly Creek/Pier,1.5,30.52,-87.92999999999999,3.361578206118958,salinity,15.370574951171875,PSU,bottom,2.0,standard_depth_positive_down,model_grid_or_not_applicable,MODEL_WET_GRID_NODE,,2026-10-06T21:00:00+00:00,2026-10-07T06:31:11.819952+00:00,2026-10-07T06:31:11.819952+00:00,UTC,2026-10-06T21:00:00+00:00,nowcast,6,https://opendap.co-ops.nos.noaa.gov/thredds/dodsC/NOAA/NGOFS2/MODELS/2026/10/06/ngofs2.t21z.20261006.regulargrid.n006.nc,0.0,a35efafd89c8c60821aa7c6740a638843fb330aba7b5d73879f8854f4678c3d5,ngofs2_regulargrid_v1
noaa_ngofs2_mobile_bay_regulargrid,MODEL,ngofs2_grid_875_995,noaa_ngofs2_mobile_bay_model,Fairhope/Fly Creek/Pier,1.5,30.52,-87.92999999999999,3.361578206118958,water_surface_elevation,0.09322134405374527,m,surface,0.0,surface,model_mean_sea_level,MODEL_WET_GRID_NODE,,2026-10-06T21:00:00+00:00,2026-10-07T06:31:11.819952+00:00,2026-10-07T06:31:11.819952+00:00,UTC,2026-10-06T21:00:00+00:00,nowcast,6,https://opendap.co-ops.nos.noaa.gov/thredds/dodsC/NOAA/NGOFS2/MODELS/2026/10/06/ngofs2.t21z.20261006.regulargrid.n006.nc,0.0,a35efafd89c8c60821aa7c6740a638843fb330aba7b5d73879f8854f4678c3d5,ngofs2_regulargrid_v1
noaa_ngofs2_mobile_bay_regulargrid,MODEL,ngofs2_grid_875_993,noaa_ngofs2_mobile_bay_model,Fairhope/Fly Creek/Pier,3.0,30.52,-87.94999999999999,4.08614297131185,eastward_current,-0.16823889315128326,m/s,surface,0.0,standard_depth_positive_down,model_grid_or_not_applicable,MODEL_WET_GRID_NODE,,2026-10-06T21:00:00+00:00,2026-10-07T06:31:11.819952+00:00,2026-10-07T06:31:11.819952+00:00,UTC,2026-10-06T21:00:00+00:00,nowcast,6,https://opendap.co-ops.nos.noaa.gov/thredds/dodsC/NOAA/NGOFS2/MODELS/2026/10/06/ngofs2.t21z.20261006.regulargrid.n006.nc,0.0,a35efafd89c8c60821aa7c6740a638843fb330aba7b5d73879f8854f4678c3d5,ngofs2_regulargrid_v1
noaa_ngofs2_mobile_bay_regulargrid,MODEL,ngofs2_grid_875_993,noaa_ngofs2_mobile_bay_model,Fairhope/Fly Creek/Pier,3.0,30.52,-87.94999999999999,4.08614297131185,northward_current,-0.14987187087535858,m/s,surface,0.0,standard_depth_positive_down,model_grid_or_not_applicable,MODEL_WET_GRID_NODE,,2026-10-06T21:00:00+00:00,2026-10-07T06:31:11.819952+00:00,2026-10-07T06:31:11.819952+00:00,UTC,2026-10-06T21:00:00+00:00,nowcast,6,https://opendap.co-ops.nos.noaa.gov/thredds/dodsC/NOAA/NGOFS2/MODELS/2026/10/06/ngofs2.t21z.20261006.regulargrid.n006.nc,0.0,a35efafd89c8c60821aa7c6740a638843fb330aba7b5d73879f8854f4678c3d5,ngofs2_regulargrid_v1
noaa_ngofs2_mobile_bay_regulargrid,MODEL,ngofs2_grid_875_993,noaa_ngofs2_mobile_bay_model,Fairhope/Fly Creek/Pier,3.0,30.52,-87.94999999999999,4.08614297131185,shoreward_current,-0.16823889315128326,m/s,surface,0.0,standard_depth_positive_down,model_grid_or_not_applicable,MODEL_WET_GRID_NODE,,2026-10-06T21:00:00+00:00,2026-10-07T06:31:11.819952+00:00,2026-10-07T06:31:11.819952+00:00,UTC,2026-10-06T21:00:00+00:00,nowcast,6,https://opendap.co-ops.nos.noaa.gov/thredds/dodsC/NOAA/NGOFS2/MODELS/2026/10/06/ngofs2.t21z.20261006.regulargrid.n006.nc,0.0,a35efafd89c8c60821aa7c6740a638843fb330aba7b5d73879f8854f4678c3d5,ngofs2_regulargrid_v1
noaa_ngofs2_mobile_bay_regulargrid,MODEL,ngofs2_grid_875_993,noaa_ngofs2_mobile_bay_model,Fairhope/Fly Creek/Pier,3.0,30.52,-87.94999999999999,4.08614297131185,water_temperature,29.523910522460938,degC,surface,0.0,standard_depth_positive_down,model_grid_or_not_applicable,MODEL_WET_GRID_NODE,,2026-10-06T21:00:00+00:00,2026-10-07T06:31:11.819952+00:00,2026-10-07T06:31:11.819952+00:00,UTC,2026-10-06T21:00:00+00:00,nowcast,6,https://opendap.co-ops.nos.noaa.gov/thredds/dodsC/NOAA/NGOFS2/MODELS/2026/10/06/ngofs2.t21z.20261006.regulargrid.n006.nc,0.0,a35efafd89c8c60821aa7c6740a638843fb330aba7b5d73879f8854f4678c3d5,ngofs2_regulargrid_v1
noaa_ngofs2_mobile_bay_regulargrid,MODEL,ngofs2_grid_875_993,noaa_ngofs2_mobile_bay_model,Fairhope/Fly Creek/Pier,3.0,30.52,-87.94999999999999,4.08614297131185,salinity,13.705632209777832,PSU,surface,0.0,standard_depth_positive_down,model_grid_or_not_applicable,MODEL_WET_GRID_NODE,,2026-10-06T21:00:00+00:00,2026-10-07T06:31:11.819952+00:00,2026-10-07T06:31:11.819952+00:00,UTC,2026-10-06T21:00:00+00:00,nowcast,6,https://opendap.co-ops.nos.noaa.gov/thredds/dodsC/NOAA/NGOFS2/MODELS/2026/10/06/ngofs2.t21z.20261006.regulargrid.n006.nc,0.0,a35efafd89c8c60821aa7c6740a638843fb330aba7b5d73879f8854f4678c3d5,ngofs2_regulargrid_v1
noaa_ngofs2_mobile_bay_regulargrid,MODEL,ngofs2_grid_875_993,noaa_ngofs2_mobile_bay_model,Fairhope/Fly Creek/Pier,3.0,30.52,-87.94999999999999,4.08614297131185,eastward_current,0.0358876995742321,m/s,bottom,4.0,standard_depth_positive_down,model_grid_or_not_applicable,MODEL_WET_GRID_NODE,,2026-10-06T21:00:00+00:00,2026-10-07T06:31:11.819952+00:00,2026-10-07T06:31:11.819952+00:00,UTC,2026-10-06T21:00:00+00:00,nowcast,6,https://opendap.co-ops.nos.noaa.gov/thredds/dodsC/NOAA/NGOFS2/MODELS/2026/10/06/ngofs2.t21z.20261006.regulargrid.n006.nc,0.0,a35efafd89c8c60821aa7c6740a638843fb330aba7b5d73879f8854f4678c3d5,ngofs2_regulargrid_v1
noaa_ngofs2_mobile_bay_regulargrid,MODEL,ngofs2_grid_875_993,noaa_ngofs2_mobile_bay_model,Fairhope/Fly Creek/Pier,3.0,30.52,-87.94999999999999,4.08614297131185,northward_current,0.027133556082844734,m/s,bottom,4.0,standard_depth_positive_down,model_grid_or_not_applicable,MODEL_WET_GRID_NODE,,2026-10-06T21:00:00+00:00,2026-10-07T06:31:11.819952+00:00,2026-10-07T06:31:11.819952+00:00,UTC,2026-10-06T21:00:00+00:00,nowcast,6,https://opendap.co-ops.nos.noaa.gov/thredds/dodsC/NOAA/NGOFS2/MODELS/2026/10/06/ngofs2.t21z.20261006.regulargrid.n006.nc,0.0,a35efafd89c8c60821aa7c6740a638843fb330aba7b5d73879f8854f4678c3d5,ngofs2_regulargrid_v1
noaa_ngofs2_mobile_bay_regulargrid,MODEL,ngofs2_grid_875_993,noaa_ngofs2_mobile_bay_model,Fairhope/Fly Creek/Pier,3.0,30.52,-87.94999999999999,4.08614297131185,shoreward_current,0.0358876995742321,m/s,bottom,4.0,standard_depth_positive_down,model_grid_or_not_applicable,MODEL_WET_GRID_NODE,,2026-10-06T21:00:00+00:00,2026-10-07T06:31:11.819952+00:00,2026-10-07T06:31:11.819952+00:00,UTC,2026-10-06T21:00:00+00:00,nowcast,6,https://opendap.co-ops.nos.noaa.gov/thredds/dodsC/NOAA/NGOFS2/MODELS/2026/10/06/ngofs2.t21z.20261006.regulargrid.n006.nc,0.0,a35efafd89c8c60821aa7c6740a638843fb330aba7b5d73879f8854f4678c3d5,ngofs2_regulargrid_v1
noaa_ngofs2_mobile_bay_regulargrid,MODEL,ngofs2_grid_875_993,noaa_ngofs2_mobile_bay_model,Fairhope/Fly Creek/Pier,3.0,30.52,-87.94999999999999,4.08614297131185,water_temperature,29.510726928710938,degC,bottom,4.0,standard_depth_positive_down,model_grid_or_not_applicable,MODEL_WET_GRID_NODE,,2026-10-06T21:00:00+00:00,2026-10-07T06:31:11.819952+00:00,2026-10-07T06:31:11.819952+00:00,UTC,2026-10-06T21:00:00+00:00,nowcast,6,https://opendap.co-ops.nos.noaa.gov/thredds/dodsC/NOAA/NGOFS2/MODELS/2026/10/06/ngofs2.t21z.20261006.regulargrid.n006.nc,0.0,a35efafd89c8c60821aa7c6740a638843fb330aba7b5d73879f8854f4678c3d5,ngofs2_regulargrid_v1
noaa_ngofs2_mobile_bay_regulargrid,MODEL,ngofs2_grid_875_993,noaa_ngofs2_mobile_bay_model,Fairhope/Fly Creek/Pier,3.0,30.52,-87.94999999999999,4.08614297131185,salinity,18.875938415527344,PSU,bottom,4.0,standard_depth_positive_down,model_grid_or_not_applicable,MODEL_WET_GRID_NODE,,2026-10-06T21:00:00+00:00,2026-10-07T06:31:11.819952+00:00,2026-10-07T06:31:11.819952+00:00,UTC,2026-10-06T21:00:00+00:00,nowcast,6,https://opendap.co-ops.nos.noaa.gov/thredds/dodsC/NOAA/NGOFS2/MODELS/2026/10/06/ngofs2.t21z.20261006.regulargrid.n006.nc,0.0,a35efafd89c8c60821aa7c6740a638843fb330aba7b5d73879f8854f4678c3d5,ngofs2_regulargrid_v1
noaa_ngofs2_mobile_bay_regulargrid,MODEL,ngofs2_grid_875_993,noaa_ngofs2_mobile_bay_model,Fairhope/Fly Creek/Pier,3.0,30.52,-87.94999999999999,4.08614297131185,water_surface_elevation,0.09762774407863617,m,surface,0.0,surface,model_mean_sea_level,MODEL_WET_GRID_NODE,,2026-10-06T21:00:00+00:00,2026-10-07T06:31:11.819952+00:00,2026-10-07T06:31:11.819952+00:00,UTC,2026-10-06T21:00:00+00:00,nowcast,6,https://opendap.co-ops.nos.noaa.gov/thredds/dodsC/NOAA/NGOFS2/MODELS/2026/10/06/ngofs2.t21z.20261006.regulargrid.n006.nc,0.0,a35efafd89c8c60821aa7c6740a638843fb330aba7b5d73879f8854f4678c3d5,ngofs2_regulargrid_v1
noaa_ngofs2_mobile_bay_regulargrid,MODEL,ngofs2_grid_873_995,noaa_ngofs2_mobile_bay_model,Battles Wharf,0.25,30.5,-87.92999999999999,1.5247603851571427,eastward_current,-0.057937584817409515,m/s,surface,0.0,standard_depth_positive_down,model_grid_or_not_applicable,MODEL_WET_GRID_NODE,,2026-10-06T21:00:00+00:00,2026-10-07T06:31:11.819952+00:00,2026-10-07T06:31:11.819952+00:00,UTC,2026-10-06T21:00:00+00:00,nowcast,6,https://opendap.co-ops.nos.noaa.gov/thredds/dodsC/NOAA/NGOFS2/MODELS/2026/10/06/ngofs2.t21z.20261006.regulargrid.n006.nc,0.0,a35efafd89c8c60821aa7c6740a638843fb330aba7b5d73879f8854f4678c3d5,ngofs2_regulargrid_v1
noaa_ngofs2_mobile_bay_regulargrid,MODEL,ngofs2_grid_873_995,noaa_ngofs2_mobile_bay_model,Battles Wharf,0.25,30.5,-87.92999999999999,1.5247603851571427,northward_current,-0.12475145608186722,m/s,surface,0.0,standard_depth_positive_down,model_grid_or_not_applicable,MODEL_WET_GRID_NODE,,2026-10-06T21:00:00+00:00,2026-10-07T06:31:11.819952+00:00,2026-10-07T06:31:11.819952+00:00,UTC,2026-10-06T21:00:00+00:00,nowcast,6,https://opendap.co-ops.nos.noaa.gov/thredds/dodsC/NOAA/NGOFS2/MODELS/2026/10/06/ngofs2.t21z.20261006.regulargrid.n006.nc,0.0,a35efafd89c8c60821aa7c6740a638843fb330aba7b5d73879f8854f4678c3d5,ngofs2_regulargrid_v1
noaa_ngofs2_mobile_bay_regulargrid,MODEL,ngofs2_grid_873_995,noaa_ngofs2_mobile_bay_model,Battles Wharf,0.25,30.5,-87.92999999999999,1.5247603851571427,shoreward_current,-0.05793758481740952,m/s,surface,0.0,standard_depth_positive_down,model_grid_or_not_applicable,MODEL_WET_GRID_NODE,,2026-10-06T21:00:00+00:00,2026-10-07T06:31:11.819952+00:00,2026-10-07T06:31:11.819952+00:00,UTC,2026-10-06T21:00:00+00:00,nowcast,6,https://opendap.co-ops.nos.noaa.gov/thredds/dodsC/NOAA/NGOFS2/MODELS/2026/10/06/ngofs2.t21z.20261006.regulargrid.n006.nc,0.0,a35efafd89c8c60821aa7c6740a638843fb330aba7b5d73879f8854f4678c3d5,ngofs2_regulargrid_v1
noaa_ngofs2_mobile_bay_regulargrid,MODEL,ngofs2_grid_873_995,noaa_ngofs2_mobile_bay_model,Battles Wharf,0.25,30.5,-87.92999999999999,1.5247603851571427,water_temperature,29.60763931274414,degC,surface,0.0,standard_depth_positive_down,model_grid_or_not_applicable,MODEL_WET_GRID_NODE,,2026-10-06T21:00:00+00:00,2026-10-07T06:31:11.819952+00:00,2026-10-07T06:31:11.819952+00:00,UTC,2026-10-06T21:00:00+00:00,nowcast,6,https://opendap.co-ops.nos.noaa.gov/thredds/dodsC/NOAA/NGOFS2/MODELS/2026/10/06/ngofs2.t21z.20261006.regulargrid.n006.nc,0.0,a35efafd89c8c60821aa7c6740a638843fb330aba7b5d73879f8854f4678c3d5,ngofs2_regulargrid_v1
noaa_ngofs2_mobile_bay_regulargrid,MODEL,ngofs2_grid_873_995,noaa_ngofs2_mobile_bay_model,Battles Wharf,0.25,30.5,-87.92999999999999,1.5247603851571427,salinity,14.119233131408691,PSU,surface,0.0,standard_depth_positive_down,model_grid_or_not_applicable,MODEL_WET_GRID_NODE,,2026-10-06T21:00:00+00:00,2026-10-07T06:31:11.819952+00:00,2026-10-07T06:31:11.819952+00:00,UTC,2026-10-06T21:00:00+00:00,nowcast,6,https://opendap.co-ops.nos.noaa.gov/thredds/dodsC/NOAA/NGOFS2/MODELS/2026/10/06/ngofs2.t21z.20261006.regulargrid.n006.nc,0.0,a35efafd89c8c60821aa7c6740a638843fb330aba7b5d73879f8854f4678c3d5,ngofs2_regulargrid_v1
noaa_ngofs2_mobile_bay_regulargrid,MODEL,ngofs2_grid_873_995,noaa_ngofs2_mobile_bay_model,Battles Wharf,0.25,30.5,-87.92999999999999,1.5247603851571427,eastward_current,-0.022541312500834465,m/s,bottom,1.0,standard_depth_positive_down,model_grid_or_not_applicable,MODEL_WET_GRID_NODE,,2026-10-06T21:00:00+00:00,2026-10-07T06:31:11.819952+00:00,2026-10-07T06:31:11.819952+00:00,UTC,2026-10-06T21:00:00+00:00,nowcast,6,https://opendap.co-ops.nos.noaa.gov/thredds/dodsC/NOAA/NGOFS2/MODELS/2026/10/06/ngofs2.t21z.20261006.regulargrid.n006.nc,0.0,a35efafd89c8c60821aa7c6740a638843fb330aba7b5d73879f8854f4678c3d5,ngofs2_regulargrid_v1
noaa_ngofs2_mobile_bay_regulargrid,MODEL,ngofs2_grid_873_995,noaa_ngofs2_mobile_bay_model,Battles Wharf,0.25,30.5,-87.92999999999999,1.5247603851571427,northward_current,-0.08673091232776642,m/s,bottom,1.0,standard_depth_positive_down,model_grid_or_not_applicable,MODEL_WET_GRID_NODE,,2026-10-06T21:00:00+00:00,2026-10-07T06:31:11.819952+00:00,2026-10-07T06:31:11.819952+00:00,UTC,2026-10-06T21:00:00+00:00,nowcast,6,https://opendap.co-ops.nos.noaa.gov/thredds/dodsC/NOAA/NGOFS2/MODELS/2026/10/06/ngofs2.t21z.20261006.regulargrid.n006.nc,0.0,a35efafd89c8c60821aa7c6740a638843fb330aba7b5d73879f8854f4678c3d5,ngofs2_regulargrid_v1
noaa_ngofs2_mobile_bay_regulargrid,MODEL,ngofs2_grid_873_995,noaa_ngofs2_mobile_bay_model,Battles Wharf,0.25,30.5,-87.92999999999999,1.5247603851571427,shoreward_current,-0.022541312500834472,m/s,bottom,1.0,standard_depth_positive_down,model_grid_or_not_applicable,MODEL_WET_GRID_NODE,,2026-10-06T21:00:00+00:00,2026-10-07T06:31:11.819952+00:00,2026-10-07T06:31:11.819952+00:00,UTC,2026-10-06T21:00:00+00:00,nowcast,6,https://opendap.co-ops.nos.noaa.gov/thredds/dodsC/NOAA/NGOFS2/MODELS/2026/10/06/ngofs2.t21z.20261006.regulargrid.n006.nc,0.0,a35efafd89c8c60821aa7c6740a638843fb330aba7b5d73879f8854f4678c3d5,ngofs2_regulargrid_v1
noaa_ngofs2_mobile_bay_regulargrid,MODEL,ngofs2_grid_873_995,noaa_ngofs2_mobile_bay_model,Battles Wharf,0.25,30.5,-87.92999999999999,1.5247603851571427,water_temperature,29.632856369018555,degC,bottom,1.0,standard_depth_positive_down,model_grid_or_not_applicable,MODEL_WET_GRID_NODE,,2026-10-06T21:00:00+00:00,2026-10-07T06:31:11.819952+00:00,2026-10-07T06:31:11.819952+00:00,UTC,2026-10-06T21:00:00+00:00,nowcast,6,https://opendap.co-ops.nos.noaa.gov/thredds/dodsC/NOAA/NGOFS2/MODELS/2026/10/06/ngofs2.t21z.20261006.regulargrid.n006.nc,0.0,a35efafd89c8c60821aa7c6740a638843fb330aba7b5d73879f8854f4678c3d5,ngofs2_regulargrid_v1
noaa_ngofs2_mobile_bay_regulargrid,MODEL,ngofs2_grid_873_995,noaa_ngofs2_mobile_bay_model,Battles Wharf,0.25,30.5,-87.92999999999999,1.5247603851571427,salinity,14.120587348937988,PSU,bottom,1.0,standard_depth_positive_down,model_grid_or_not_applicable,MODEL_WET_GRID_NODE,,2026-10-06T21:00:00+00:00,2026-10-07T06:31:11.819952+00:00,2026-10-07T06:31:11.819952+00:00,UTC,2026-10-06T21:00:00+00:00,nowcast,6,https://opendap.co-ops.nos.noaa.gov/thredds/dodsC/NOAA/NGOFS2/MODELS/2026/10/06/ngofs2.t21z.20261006.regulargrid.n006.nc,0.0,a35efafd89c8c60821aa7c6740a638843fb330aba7b5d73879f8854f4678c3d5,ngofs2_regulargrid_v1
noaa_ngofs2_mobile_bay_regulargrid,MODEL,ngofs2_grid_873_995,noaa_ngofs2_mobile_bay_model,Battles Wharf,0.25,30.5,-87.92999999999999,1.5247603851571427,water_surface_elevation,0.09305879473686218,m,surface,0.0,surface,model_mean_sea_level,MODEL_WET_GRID_NODE,,2026-10-06T21:00:00+00:00,2026-10-07T06:31:11.819952+00:00,2026-10-07T06:31:11.819952+00:00,UTC,2026-10-06T21:00:00+00:00,nowcast,6,https://opendap.co-ops.nos.noaa.gov/thredds/dodsC/NOAA/NGOFS2/MODELS/2026/10/06/ngofs2.t21z.20261006.regulargrid.n006.nc,0.0,a35efafd89c8c60821aa7c6740a638843fb330aba7b5d73879f8854f4678c3d5,ngofs2_regulargrid_v1
noaa_ngofs2_mobile_bay_regulargrid,MODEL,ngofs2_grid_872_994,noaa_ngofs2_mobile_bay_model,Battles Wharf,0.75,30.490000000000002,-87.94,1.9933871290190823,eastward_current,-0.06207067891955376,m/s,surface,0.0,standard_depth_positive_down,model_grid_or_not_applicable,MODEL_WET_GRID_NODE,,2026-10-06T21:00:00+00:00,2026-10-07T06:31:11.819952+00:00,2026-10-07T06:31:11.819952+00:00,UTC,2026-10-06T21:00:00+00:00,nowcast,6,https://opendap.co-ops.nos.noaa.gov/thredds/dodsC/NOAA/NGOFS2/MODELS/2026/10/06/ngofs2.t21z.20261006.regulargrid.n006.nc,0.0,a35efafd89c8c60821aa7c6740a638843fb330aba7b5d73879f8854f4678c3d5,ngofs2_regulargrid_v1
noaa_ngofs2_mobile_bay_regulargrid,MODEL,ngofs2_grid_872_994,noaa_ngofs2_mobile_bay_model,Battles Wharf,0.75,30.490000000000002,-87.94,1.9933871290190823,northward_current,-0.12243200093507767,m/s,surface,0.0,standard_depth_positive_down,model_grid_or_not_applicable,MODEL_WET_GRID_NODE,,2026-10-06T21:00:00+00:00,2026-10-07T06:31:11.819952+00:00,2026-10-07T06:31:11.819952+00:00,UTC,2026-10-06T21:00:00+00:00,nowcast,6,https://opendap.co-ops.nos.noaa.gov/thredds/dodsC/NOAA/NGOFS2/MODELS/2026/10/06/ngofs2.t21z.20261006.regulargrid.n006.nc,0.0,a35efafd89c8c60821aa7c6740a638843fb330aba7b5d73879f8854f4678c3d5,ngofs2_regulargrid_v1
noaa_ngofs2_mobile_bay_regulargrid,MODEL,ngofs2_grid_872_994,noaa_ngofs2_mobile_bay_model,Battles Wharf,0.75,30.490000000000002,-87.94,1.9933871290190823,shoreward_current,-0.062070678919553764,m/s,surface,0.0,standard_depth_positive_down,model_grid_or_not_applicable,MODEL_WET_GRID_NODE,,2026-10-06T21:00:00+00:00,2026-10-07T06:31:11.819952+00:00,2026-10-07T06:31:11.819952+00:00,UTC,2026-10-06T21:00:00+00:00,nowcast,6,https://opendap.co-ops.nos.noaa.gov/thredds/dodsC/NOAA/NGOFS2/MODELS/2026/10/06/ngofs2.t21z.20261006.regulargrid.n006.nc,0.0,a35efafd89c8c60821aa7c6740a638843fb330aba7b5d73879f8854f4678c3d5,ngofs2_regulargrid_v1
noaa_ngofs2_mobile_bay_regulargrid,MODEL,ngofs2_grid_872_994,noaa_ngofs2_mobile_bay_model,Battles Wharf,0.75,30.490000000000002,-87.94,1.9933871290190823,water_temperature,29.621723175048828,degC,surface,0.0,standard_depth_positive_down,model_grid_or_not_applicable,MODEL_WET_GRID_NODE,,2026-10-06T21:00:00+00:00,2026-10-07T06:31:11.819952+00:00,2026-10-07T06:31:11.819952+00:00,UTC,2026-10-06T21:00:00+00:00,nowcast,6,https://opendap.co-ops.nos.noaa.gov/thredds/dodsC/NOAA/NGOFS2/MODELS/2026/10/06/ngofs2.t21z.20261006.regulargrid.n006.nc,0.0,a35efafd89c8c60821aa7c6740a638843fb330aba7b5d73879f8854f4678c3d5,ngofs2_regulargrid_v1
noaa_ngofs2_mobile_bay_regulargrid,MODEL,ngofs2_grid_872_994,noaa_ngofs2_mobile_bay_model,Battles Wharf,0.75,30.490000000000002,-87.94,1.9933871290190823,salinity,14.714481353759766,PSU,surface,0.0,standard_depth_positive_down,model_grid_or_not_applicable,MODEL_WET_GRID_NODE,,2026-10-06T21:00:00+00:00,2026-10-07T06:31:11.819952+00:00,2026-10-07T06:31:11.819952+00:00,UTC,2026-10-06T21:00:00+00:00,nowcast,6,https://opendap.co-ops.nos.noaa.gov/thredds/dodsC/NOAA/NGOFS2/MODELS/2026/10/06/ngofs2.t21z.20261006.regulargrid.n006.nc,0.0,a35efafd89c8c60821aa7c6740a638843fb330aba7b5d73879f8854f4678c3d5,ngofs2_regulargrid_v1
noaa_ngofs2_mobile_bay_regulargrid,MODEL,ngofs2_grid_872_994,noaa_ngofs2_mobile_bay_model,Battles Wharf,0.75,30.490000000000002,-87.94,1.9933871290190823,eastward_current,-0.04531456530094147,m/s,bottom,1.0,standard_depth_positive_down,model_grid_or_not_applicable,MODEL_WET_GRID_NODE,,2026-10-06T21:00:00+00:00,2026-10-07T06:31:11.819952+00:00,2026-10-07T06:31:11.819952+00:00,UTC,2026-10-06T21:00:00+00:00,nowcast,6,https://opendap.co-ops.nos.noaa.gov/thredds/dodsC/NOAA/NGOFS2/MODELS/2026/10/06/ngofs2.t21z.20261006.regulargrid.n006.nc,0.0,a35efafd89c8c60821aa7c6740a638843fb330aba7b5d73879f8854f4678c3d5,ngofs2_regulargrid_v1
noaa_ngofs2_mobile_bay_regulargrid,MODEL,ngofs2_grid_872_994,noaa_ngofs2_mobile_bay_model,Battles Wharf,0.75,30.490000000000002,-87.94,1.9933871290190823,northward_current,-0.10994941741228104,m/s,bottom,1.0,standard_depth_positive_down,model_grid_or_not_applicable,MODEL_WET_GRID_NODE,,2026-10-06T21:00:00+00:00,2026-10-07T06:31:11.819952+00:00,2026-10-07T06:31:11.819952+00:00,UTC,2026-10-06T21:00:00+00:00,nowcast,6,https://opendap.co-ops.nos.noaa.gov/thredds/dodsC/NOAA/NGOFS2/MODELS/2026/10/06/ngofs2.t21z.20261006.regulargrid.n006.nc,0.0,a35efafd89c8c60821aa7c6740a638843fb330aba7b5d73879f8854f4678c3d5,ngofs2_regulargrid_v1
noaa_ngofs2_mobile_bay_regulargrid,MODEL,ngofs2_grid_872_994,noaa_ngofs2_mobile_bay_model,Battles Wharf,0.75,30.490000000000002,-87.94,1.9933871290190823,shoreward_current,-0.045314565300941474,m/s,bottom,1.0,standard_depth_positive_down,model_grid_or_not_applicable,MODEL_WET_GRID_NODE,,2026-10-06T21:00:00+00:00,2026-10-07T06:31:11.819952+00:00,2026-10-07T06:31:11.819952+00:00,UTC,2026-10-06T21:00:00+00:00,nowcast,6,https://opendap.co-ops.nos.noaa.gov/thredds/dodsC/NOAA/NGOFS2/MODELS/2026/10/06/ngofs2.t21z.20261006.regulargrid.n006.nc,0.0,a35efafd89c8c60821aa7c6740a638843fb330aba7b5d73879f8854f4678c3d5,ngofs2_regulargrid_v1
noaa_ngofs2_mobile_bay_regulargrid,MODEL,ngofs2_grid_872_994,noaa_ngofs2_mobile_bay_model,Battles Wharf,0.75,30.490000000000002,-87.94,1.9933871290190823,water_temperature,29.63256072998047,degC,bottom,1.0,standard_depth_positive_down,model_grid_or_not_applicable,MODEL_WET_GRID_NODE,,2026-10-06T21:00:00+00:00,2026-10-07T06:31:11.819952+00:00,2026-10-07T06:31:11.819952+00:00,UTC,2026-10-06T21:00:00+00:00,nowcast,6,https://opendap.co-ops.nos.noaa.gov/thredds/dodsC/NOAA/NGOFS2/MODELS/2026/10/06/ngofs2.t21z.20261006.regulargrid.n006.nc,0.0,a35efafd89c8c60821aa7c6740a638843fb330aba7b5d73879f8854f4678c3d5,ngofs2_regulargrid_v1
noaa_ngofs2_mobile_bay_regulargrid,MODEL,ngofs2_grid_872_994,noaa_ngofs2_mobile_bay_model,Battles Wharf,0.75,30.490000000000002,-87.94,1.9933871290190823,salinity,14.741575241088867,PSU,bottom,1.0,standard_depth_positive_down,model_grid_or_not_applicable,MODEL_WET_GRID_NODE,,2026-10-06T21:00:00+00:00,2026-10-07T06:31:11.819952+00:00,2026-10-07T06:31:11.819952+00:00,UTC,2026-10-06T21:00:00+00:00,nowcast,6,https://opendap.co-ops.nos.noaa.gov/thredds/dodsC/NOAA/NGOFS2/MODELS/2026/10/06/ngofs2.t21z.20261006.regulargrid.n006.nc,0.0,a35efafd89c8c60821aa7c6740a638843fb330aba7b5d73879f8854f4678c3d5,ngofs2_regulargrid_v1
noaa_ngofs2_mobile_bay_regulargrid,MODEL,ngofs2_grid_872_994,noaa_ngofs2_mobile_bay_model,Battles Wharf,0.75,30.490000000000002,-87.94,1.9933871290190823,water_surface_elevation,0.09575270116329193,m,surface,0.0,surface,model_mean_sea_level,MODEL_WET_GRID_NODE,,2026-10-06T21:00:00+00:00,2026-10-07T06:31:11.819952+00:00,2026-10-07T06:31:11.819952+00:00,UTC,2026-10-06T21:00:00+00:00,nowcast,6,https://opendap.co-ops.nos.noaa.gov/thredds/dodsC/NOAA/NGOFS2/MODELS/2026/10/06/ngofs2.t21z.20261006.regulargrid.n006.nc,0.0,a35efafd89c8c60821aa7c6740a638843fb330aba7b5d73879f8854f4678c3d5,ngofs2_regulargrid_v1
noaa_ngofs2_mobile_bay_regulargrid,MODEL,ngofs2_grid_873_994,noaa_ngofs2_mobile_bay_model,Battles Wharf,1.5,30.5,-87.94,2.0816017084332157,eastward_current,-0.07964197546243668,m/s,surface,0.0,standard_depth_positive_down,model_grid_or_not_applicable,MODEL_WET_GRID_NODE,,2026-10-06T21:00:00+00:00,2026-10-07T06:31:11.819952+00:00,2026-10-07T06:31:11.819952+00:00,UTC,2026-10-06T21:00:00+00:00,nowcast,6,https://opendap.co-ops.nos.noaa.gov/thredds/dodsC/NOAA/NGOFS2/MODELS/2026/10/06/ngofs2.t21z.20261006.regulargrid.n006.nc,0.0,a35efafd89c8c60821aa7c6740a638843fb330aba7b5d73879f8854f4678c3d5,ngofs2_regulargrid_v1
noaa_ngofs2_mobile_bay_regulargrid,MODEL,ngofs2_grid_873_994,noaa_ngofs2_mobile_bay_model,Battles Wharf,1.5,30.5,-87.94,2.0816017084332157,northward_current,-0.13545860350131989,m/s,surface,0.0,standard_depth_positive_down,model_grid_or_not_applicable,MODEL_WET_GRID_NODE,,2026-10-06T21:00:00+00:00,2026-10-07T06:31:11.819952+00:00,2026-10-07T06:31:11.819952+00:00,UTC,2026-10-06T21:00:00+00:00,nowcast,6,https://opendap.co-ops.nos.noaa.gov/thredds/dodsC/NOAA/NGOFS2/MODELS/2026/10/06/ngofs2.t21z.20261006.regulargrid.n006.nc,0.0,a35efafd89c8c60821aa7c6740a638843fb330aba7b5d73879f8854f4678c3d5,ngofs2_regulargrid_v1
noaa_ngofs2_mobile_bay_regulargrid,MODEL,ngofs2_grid_873_994,noaa_ngofs2_mobile_bay_model,Battles Wharf,1.5,30.5,-87.94,2.0816017084332157,shoreward_current,-0.07964197546243669,m/s,surface,0.0,standard_depth_positive_down,model_grid_or_not_applicable,MODEL_WET_GRID_NODE,,2026-10-06T21:00:00+00:00,2026-10-07T06:31:11.819952+00:00,2026-10-07T06:31:11.819952+00:00,UTC,2026-10-06T21:00:00+00:00,nowcast,6,https://opendap.co-ops.nos.noaa.gov/thredds/dodsC/NOAA/NGOFS2/MODELS/2026/10/06/ngofs2.t21z.20261006.regulargrid.n006.nc,0.0,a35efafd89c8c60821aa7c6740a638843fb330aba7b5d73879f8854f4678c3d5,ngofs2_regulargrid_v1
noaa_ngofs2_mobile_bay_regulargrid,MODEL,ngofs2_grid_873_994,noaa_ngofs2_mobile_bay_model,Battles Wharf,1.5,30.5,-87.94,2.0816017084332157,water_temperature,29.702726364135742,degC,surface,0.0,standard_depth_positive_down,model_grid_or_not_applicable,MODEL_WET_GRID_NODE,,2026-10-06T21:00:00+00:00,2026-10-07T06:31:11.819952+00:00,2026-10-07T06:31:11.819952+00:00,UTC,2026-10-06T21:00:00+00:00,nowcast,6,https://opendap.co-ops.nos.noaa.gov/thredds/dodsC/NOAA/NGOFS2/MODELS/2026/10/06/ngofs2.t21z.20261006.regulargrid.n006.nc,0.0,a35efafd89c8c60821aa7c6740a638843fb330aba7b5d73879f8854f4678c3d5,ngofs2_regulargrid_v1
noaa_ngofs2_mobile_bay_regulargrid,MODEL,ngofs2_grid_873_994,noaa_ngofs2_mobile_bay_model,Battles Wharf,1.5,30.5,-87.94,2.0816017084332157,salinity,15.026196479797363,PSU,surface,0.0,standard_depth_positive_down,model_grid_or_not_applicable,MODEL_WET_GRID_NODE,,2026-10-06T21:00:00+00:00,2026-10-07T06:31:11.819952+00:00,2026-10-07T06:31:11.819952+00:00,UTC,2026-10-06T21:00:00+00:00,nowcast,6,https://opendap.co-ops.nos.noaa.gov/thredds/dodsC/NOAA/NGOFS2/MODELS/2026/10/06/ngofs2.t21z.20261006.regulargrid.n006.nc,0.0,a35efafd89c8c60821aa7c6740a638843fb330aba7b5d73879f8854f4678c3d5,ngofs2_regulargrid_v1
noaa_ngofs2_mobile_bay_regulargrid,MODEL,ngofs2_grid_873_994,noaa_ngofs2_mobile_bay_model,Battles Wharf,1.5,30.5,-87.94,2.0816017084332157,eastward_current,-0.011693849228322506,m/s,bottom,2.0,standard_depth_positive_down,model_grid_or_not_applicable,MODEL_WET_GRID_NODE,,2026-10-06T21:00:00+00:00,2026-10-07T06:31:11.819952+00:00,2026-10-07T06:31:11.819952+00:00,UTC,2026-10-06T21:00:00+00:00,nowcast,6,https://opendap.co-ops.nos.noaa.gov/thredds/dodsC/NOAA/NGOFS2/MODELS/2026/10/06/ngofs2.t21z.20261006.regulargrid.n006.nc,0.0,a35efafd89c8c60821aa7c6740a638843fb330aba7b5d73879f8854f4678c3d5,ngofs2_regulargrid_v1
noaa_ngofs2_mobile_bay_regulargrid,MODEL,ngofs2_grid_873_994,noaa_ngofs2_mobile_bay_model,Battles Wharf,1.5,30.5,-87.94,2.0816017084332157,northward_current,-0.05519900098443031,m/s,bottom,2.0,standard_depth_positive_down,model_grid_or_not_applicable,MODEL_WET_GRID_NODE,,2026-10-06T21:00:00+00:00,2026-10-07T06:31:11.819952+00:00,2026-10-07T06:31:11.819952+00:00,UTC,2026-10-06T21:00:00+00:00,nowcast,6,https://opendap.co-ops.nos.noaa.gov/thredds/dodsC/NOAA/NGOFS2/MODELS/2026/10/06/ngofs2.t21z.20261006.regulargrid.n006.nc,0.0,a35efafd89c8c60821aa7c6740a638843fb330aba7b5d73879f8854f4678c3d5,ngofs2_regulargrid_v1
noaa_ngofs2_mobile_bay_regulargrid,MODEL,ngofs2_grid_873_994,noaa_ngofs2_mobile_bay_model,Battles Wharf,1.5,30.5,-87.94,2.0816017084332157,shoreward_current,-0.01169384922832251,m/s,bottom,2.0,standard_depth_positive_down,model_grid_or_not_applicable,MODEL_WET_GRID_NODE,,2026-10-06T21:00:00+00:00,2026-10-07T06:31:11.819952+00:00,2026-10-07T06:31:11.819952+00:00,UTC,2026-10-06T21:00:00+00:00,nowcast,6,https://opendap.co-ops.nos.noaa.gov/thredds/dodsC/NOAA/NGOFS2/MODELS/2026/10/06/ngofs2.t21z.20261006.regulargrid.n006.nc,0.0,a35efafd89c8c60821aa7c6740a638843fb330aba7b5d73879f8854f4678c3d5,ngofs2_regulargrid_v1
noaa_ngofs2_mobile_bay_regulargrid,MODEL,ngofs2_grid_873_994,noaa_ngofs2_mobile_bay_model,Battles Wharf,1.5,30.5,-87.94,2.0816017084332157,water_temperature,29.753189086914062,degC,bottom,2.0,standard_depth_positive_down,model_grid_or_not_applicable,MODEL_WET_GRID_NODE,,2026-10-06T21:00:00+00:00,2026-10-07T06:31:11.819952+00:00,2026-10-07T06:31:11.819952+00:00,UTC,2026-10-06T21:00:00+00:00,nowcast,6,https://opendap.co-ops.nos.noaa.gov/thredds/dodsC/NOAA/NGOFS2/MODELS/2026/10/06/ngofs2.t21z.20261006.regulargrid.n006.nc,0.0,a35efafd89c8c60821aa7c6740a638843fb330aba7b5d73879f8854f4678c3d5,ngofs2_regulargrid_v1
noaa_ngofs2_mobile_bay_regulargrid,MODEL,ngofs2_grid_873_994,noaa_ngofs2_mobile_bay_model,Battles Wharf,1.5,30.5,-87.94,2.0816017084332157,salinity,15.451079368591309,PSU,bottom,2.0,standard_depth_positive_down,model_grid_or_not_applicable,MODEL_WET_GRID_NODE,,2026-10-06T21:00:00+00:00,2026-10-07T06:31:11.819952+00:00,2026-10-07T06:31:11.819952+00:00,UTC,2026-10-06T21:00:00+00:00,nowcast,6,https://opendap.co-ops.nos.noaa.gov/thredds/dodsC/NOAA/NGOFS2/MODELS/2026/10/06/ngofs2.t21z.20261006.regulargrid.n006.nc,0.0,a35efafd89c8c60821aa7c6740a638843fb330aba7b5d73879f8854f4678c3d5,ngofs2_regulargrid_v1
noaa_ngofs2_mobile_bay_regulargrid,MODEL,ngofs2_grid_873_994,noaa_ngofs2_mobile_bay_model,Battles Wharf,1.5,30.5,-87.94,2.0816017084332157,water_surface_elevation,0.09513507783412933,m,surface,0.0,surface,model_mean_sea_level,MODEL_WET_GRID_NODE,,2026-10-06T21:00:00+00:00,2026-10-07T06:31:11.819952+00:00,2026-10-07T06:31:11.819952+00:00,UTC,2026-10-06T21:00:00+00:00,nowcast,6,https://opendap.co-ops.nos.noaa.gov/thredds/dodsC/NOAA/NGOFS2/MODELS/2026/10/06/ngofs2.t21z.20261006.regulargrid.n006.nc,0.0,a35efafd89c8c60821aa7c6740a638843fb330aba7b5d73879f8854f4678c3d5,ngofs2_regulargrid_v1
noaa_ngofs2_mobile_bay_regulargrid,MODEL,ngofs2_grid_872_992,noaa_ngofs2_mobile_bay_model,Battles Wharf,3.0,30.490000000000002,-87.96,3.4602185355355095,eastward_current,-0.12196514755487442,m/s,surface,0.0,standard_depth_positive_down,model_grid_or_not_applicable,MODEL_WET_GRID_NODE,,2026-10-06T21:00:00+00:00,2026-10-07T06:31:11.819952+00:00,2026-10-07T06:31:11.819952+00:00,UTC,2026-10-06T21:00:00+00:00,nowcast,6,https://opendap.co-ops.nos.noaa.gov/thredds/dodsC/NOAA/NGOFS2/MODELS/2026/10/06/ngofs2.t21z.20261006.regulargrid.n006.nc,0.0,a35efafd89c8c60821aa7c6740a638843fb330aba7b5d73879f8854f4678c3d5,ngofs2_regulargrid_v1
noaa_ngofs2_mobile_bay_regulargrid,MODEL,ngofs2_grid_872_992,noaa_ngofs2_mobile_bay_model,Battles Wharf,3.0,30.490000000000002,-87.96,3.4602185355355095,northward_current,-0.22125951945781708,m/s,surface,0.0,standard_depth_positive_down,model_grid_or_not_applicable,MODEL_WET_GRID_NODE,,2026-10-06T21:00:00+00:00,2026-10-07T06:31:11.819952+00:00,2026-10-07T06:31:11.819952+00:00,UTC,2026-10-06T21:00:00+00:00,nowcast,6,https://opendap.co-ops.nos.noaa.gov/thredds/dodsC/NOAA/NGOFS2/MODELS/2026/10/06/ngofs2.t21z.20261006.regulargrid.n006.nc,0.0,a35efafd89c8c60821aa7c6740a638843fb330aba7b5d73879f8854f4678c3d5,ngofs2_regulargrid_v1
noaa_ngofs2_mobile_bay_regulargrid,MODEL,ngofs2_grid_872_992,noaa_ngofs2_mobile_bay_model,Battles Wharf,3.0,30.490000000000002,-87.96,3.4602185355355095,shoreward_current,-0.12196514755487443,m/s,surface,0.0,standard_depth_positive_down,model_grid_or_not_applicable,MODEL_WET_GRID_NODE,,2026-10-06T21:00:00+00:00,2026-10-07T06:31:11.819952+00:00,2026-10-07T06:31:11.819952+00:00,UTC,2026-10-06T21:00:00+00:00,nowcast,6,https://opendap.co-ops.nos.noaa.gov/thredds/dodsC/NOAA/NGOFS2/MODELS/2026/10/06/ngofs2.t21z.20261006.regulargrid.n006.nc,0.0,a35efafd89c8c60821aa7c6740a638843fb330aba7b5d73879f8854f4678c3d5,ngofs2_regulargrid_v1
noaa_ngofs2_mobile_bay_regulargrid,MODEL,ngofs2_grid_872_992,noaa_ngofs2_mobile_bay_model,Battles Wharf,3.0,30.490000000000002,-87.96,3.4602185355355095,water_temperature,29.517045974731445,degC,surface,0.0,standard_depth_positive_down,model_grid_or_not_applicable,MODEL_WET_GRID_NODE,,2026-10-06T21:00:00+00:00,2026-10-07T06:31:11.819952+00:00,2026-10-07T06:31:11.819952+00:00,UTC,2026-10-06T21:00:00+00:00,nowcast,6,https://opendap.co-ops.nos.noaa.gov/thredds/dodsC/NOAA/NGOFS2/MODELS/2026/10/06/ngofs2.t21z.20261006.regulargrid.n006.nc,0.0,a35efafd89c8c60821aa7c6740a638843fb330aba7b5d73879f8854f4678c3d5,ngofs2_regulargrid_v1
noaa_ngofs2_mobile_bay_regulargrid,MODEL,ngofs2_grid_872_992,noaa_ngofs2_mobile_bay_model,Battles Wharf,3.0,30.490000000000002,-87.96,3.4602185355355095,salinity,15.26256275177002,PSU,surface,0.0,standard_depth_positive_down,model_grid_or_not_applicable,MODEL_WET_GRID_NODE,,2026-10-06T21:00:00+00:00,2026-10-07T06:31:11.819952+00:00,2026-10-07T06:31:11.819952+00:00,UTC,2026-10-06T21:00:00+00:00,nowcast,6,https://opendap.co-ops.nos.noaa.gov/thredds/dodsC/NOAA/NGOFS2/MODELS/2026/10/06/ngofs2.t21z.20261006.regulargrid.n006.nc,0.0,a35efafd89c8c60821aa7c6740a638843fb330aba7b5d73879f8854f4678c3d5,ngofs2_regulargrid_v1
noaa_ngofs2_mobile_bay_regulargrid,MODEL,ngofs2_grid_872_992,noaa_ngofs2_mobile_bay_model,Battles Wharf,3.0,30.490000000000002,-87.96,3.4602185355355095,eastward_current,0.03318814933300018,m/s,bottom,2.0,standard_depth_positive_down,model_grid_or_not_applicable,MODEL_WET_GRID_NODE,,2026-10-06T21:00:00+00:00,2026-10-07T06:31:11.819952+00:00,2026-10-07T06:31:11.819952+00:00,UTC,2026-10-06T21:00:00+00:00,nowcast,6,https://opendap.co-ops.nos.noaa.gov/thredds/dodsC/NOAA/NGOFS2/MODELS/2026/10/06/ngofs2.t21z.20261006.regulargrid.n006.nc,0.0,a35efafd89c8c60821aa7c6740a638843fb330aba7b5d73879f8854f4678c3d5,ngofs2_regulargrid_v1
noaa_ngofs2_mobile_bay_regulargrid,MODEL,ngofs2_grid_872_992,noaa_ngofs2_mobile_bay_model,Battles Wharf,3.0,30.490000000000002,-87.96,3.4602185355355095,northward_current,-0.12926237285137177,m/s,bottom,2.0,standard_depth_positive_down,model_grid_or_not_applicable,MODEL_WET_GRID_NODE,,2026-10-06T21:00:00+00:00,2026-10-07T06:31:11.819952+00:00,2026-10-07T06:31:11.819952+00:00,UTC,2026-10-06T21:00:00+00:00,nowcast,6,https://opendap.co-ops.nos.noaa.gov/thredds/dodsC/NOAA/NGOFS2/MODELS/2026/10/06/ngofs2.t21z.20261006.regulargrid.n006.nc,0.0,a35efafd89c8c60821aa7c6740a638843fb330aba7b5d73879f8854f4678c3d5,ngofs2_regulargrid_v1
noaa_ngofs2_mobile_bay_regulargrid,MODEL,ngofs2_grid_872_992,noaa_ngofs2_mobile_bay_model,Battles Wharf,3.0,30.490000000000002,-87.96,3.4602185355355095,shoreward_current,0.033188149333000176,m/s,bottom,2.0,standard_depth_positive_down,model_grid_or_not_applicable,MODEL_WET_GRID_NODE,,2026-10-06T21:00:00+00:00,2026-10-07T06:31:11.819952+00:00,2026-10-07T06:31:11.819952+00:00,UTC,2026-10-06T21:00:00+00:00,nowcast,6,https://opendap.co-ops.nos.noaa.gov/thredds/dodsC/NOAA/NGOFS2/MODELS/2026/10/06/ngofs2.t21z.20261006.regulargrid.n006.nc,0.0,a35efafd89c8c60821aa7c6740a638843fb330aba7b5d73879f8854f4678c3d5,ngofs2_regulargrid_v1
noaa_ngofs2_mobile_bay_regulargrid,MODEL,ngofs2_grid_872_992,noaa_ngofs2_mobile_bay_model,Battles Wharf,3.0,30.490000000000002,-87.96,3.4602185355355095,water_temperature,29.379114151000977,degC,bottom,2.0,standard_depth_positive_down,model_grid_or_not_applicable,MODEL_WET_GRID_NODE,,2026-10-06T21:00:00+00:00,2026-10-07T06:31:11.819952+00:00,2026-10-07T06:31:11.819952+00:00,UTC,2026-10-06T21:00:00+00:00,nowcast,6,https://opendap.co-ops.nos.noaa.gov/thredds/dodsC/NOAA/NGOFS2/MODELS/2026/10/06/ngofs2.t21z.20261006.regulargrid.n006.nc,0.0,a35efafd89c8c60821aa7c6740a638843fb330aba7b5d73879f8854f4678c3d5,ngofs2_regulargrid_v1
noaa_ngofs2_mobile_bay_regulargrid,MODEL,ngofs2_grid_872_992,noaa_ngofs2_mobile_bay_model,Battles Wharf,3.0,30.490000000000002,-87.96,3.4602185355355095,salinity,16.931928634643555,PSU,bottom,2.0,standard_depth_positive_down,model_grid_or_not_applicable,MODEL_WET_GRID_NODE,,2026-10-06T21:00:00+00:00,2026-10-07T06:31:11.819952+00:00,2026-10-07T06:31:11.819952+00:00,UTC,2026-10-06T21:00:00+00:00,nowcast,6,https://opendap.co-ops.nos.noaa.gov/thredds/dodsC/NOAA/NGOFS2/MODELS/2026/10/06/ngofs2.t21z.20261006.regulargrid.n006.nc,0.0,a35efafd89c8c60821aa7c6740a638843fb330aba7b5d73879f8854f4678c3d5,ngofs2_regulargrid_v1
noaa_ngofs2_mobile_bay_regulargrid,MODEL,ngofs2_grid_872_992,noaa_ngofs2_mobile_bay_model,Battles Wharf,3.0,30.490000000000002,-87.96,3.4602185355355095,water_surface_elevation,0.10126086324453354,m,surface,0.0,surface,model_mean_sea_level,MODEL_WET_GRID_NODE,,2026-10-06T21:00:00+00:00,2026-10-07T06:31:11.819952+00:00,2026-10-07T06:31:11.819952+00:00,UTC,2026-10-06T21:00:00+00:00,nowcast,6,https://opendap.co-ops.nos.noaa.gov/thredds/dodsC/NOAA/NGOFS2/MODELS/2026/10/06/ngofs2.t21z.20261006.regulargrid.n006.nc,0.0,a35efafd89c8c60821aa7c6740a638843fb330aba7b5d73879f8854f4678c3d5,ngofs2_regulargrid_v1
noaa_ngofs2_mobile_bay_regulargrid,MODEL,ngofs2_grid_872_994,noaa_ngofs2_mobile_bay_model,Point Clear/Grand Hotel,0.25,30.490000000000002,-87.94,1.9933871290190823,eastward_current,-0.06207067891955376,m/s,surface,0.0,standard_depth_positive_down,model_grid_or_not_applicable,MODEL_WET_GRID_NODE,,2026-10-06T21:00:00+00:00,2026-10-07T06:31:11.819952+00:00,2026-10-07T06:31:11.819952+00:00,UTC,2026-10-06T21:00:00+00:00,nowcast,6,https://opendap.co-ops.nos.noaa.gov/thredds/dodsC/NOAA/NGOFS2/MODELS/2026/10/06/ngofs2.t21z.20261006.regulargrid.n006.nc,0.0,a35efafd89c8c60821aa7c6740a638843fb330aba7b5d73879f8854f4678c3d5,ngofs2_regulargrid_v1
noaa_ngofs2_mobile_bay_regulargrid,MODEL,ngofs2_grid_872_994,noaa_ngofs2_mobile_bay_model,Point Clear/Grand Hotel,0.25,30.490000000000002,-87.94,1.9933871290190823,northward_current,-0.12243200093507767,m/s,surface,0.0,standard_depth_positive_down,model_grid_or_not_applicable,MODEL_WET_GRID_NODE,,2026-10-06T21:00:00+00:00,2026-10-07T06:31:11.819952+00:00,2026-10-07T06:31:11.819952+00:00,UTC,2026-10-06T21:00:00+00:00,nowcast,6,https://opendap.co-ops.nos.noaa.gov/thredds/dodsC/NOAA/NGOFS2/MODELS/2026/10/06/ngofs2.t21z.20261006.regulargrid.n006.nc,0.0,a35efafd89c8c60821aa7c6740a638843fb330aba7b5d73879f8854f4678c3d5,ngofs2_regulargrid_v1
noaa_ngofs2_mobile_bay_regulargrid,MODEL,ngofs2_grid_872_994,noaa_ngofs2_mobile_bay_model,Point Clear/Grand Hotel,0.25,30.490000000000002,-87.94,1.9933871290190823,shoreward_current,-0.062070678919553764,m/s,surface,0.0,standard_depth_positive_down,model_grid_or_not_applicable,MODEL_WET_GRID_NODE,,2026-10-06T21:00:00+00:00,2026-10-07T06:31:11.819952+00:00,2026-10-07T06:31:11.819952+00:00,UTC,2026-10-06T21:00:00+00:00,nowcast,6,https://opendap.co-ops.nos.noaa.gov/thredds/dodsC/NOAA/NGOFS2/MODELS/2026/10/06/ngofs2.t21z.20261006.regulargrid.n006.nc,0.0,a35efafd89c8c60821aa7c6740a638843fb330aba7b5d73879f8854f4678c3d5,ngofs2_regulargrid_v1
noaa_ngofs2_mobile_bay_regulargrid,MODEL,ngofs2_grid_872_994,noaa_ngofs2_mobile_bay_model,Point Clear/Grand Hotel,0.25,30.490000000000002,-87.94,1.9933871290190823,water_temperature,29.621723175048828,degC,surface,0.0,standard_depth_positive_down,model_grid_or_not_applicable,MODEL_WET_GRID_NODE,,2026-10-06T21:00:00+00:00,2026-10-07T06:31:11.819952+00:00,2026-10-07T06:31:11.819952+00:00,UTC,2026-10-06T21:00:00+00:00,nowcast,6,https://opendap.co-ops.nos.noaa.gov/thredds/dodsC/NOAA/NGOFS2/MODELS/2026/10/06/ngofs2.t21z.20261006.regulargrid.n006.nc,0.0,a35efafd89c8c60821aa7c6740a638843fb330aba7b5d73879f8854f4678c3d5,ngofs2_regulargrid_v1
noaa_ngofs2_mobile_bay_regulargrid,MODEL,ngofs2_grid_872_994,noaa_ngofs2_mobile_bay_model,Point Clear/Grand Hotel,0.25,30.490000000000002,-87.94,1.9933871290190823,salinity,14.714481353759766,PSU,surface,0.0,standard_depth_positive_down,model_grid_or_not_applicable,MODEL_WET_GRID_NODE,,2026-10-06T21:00:00+00:00,2026-10-07T06:31:11.819952+00:00,2026-10-07T06:31:11.819952+00:00,UTC,2026-10-06T21:00:00+00:00,nowcast,6,https://opendap.co-ops.nos.noaa.gov/thredds/dodsC/NOAA/NGOFS2/MODELS/2026/10/06/ngofs2.t21z.20261006.regulargrid.n006.nc,0.0,a35efafd89c8c60821aa7c6740a638843fb330aba7b5d73879f8854f4678c3d5,ngofs2_regulargrid_v1
noaa_ngofs2_mobile_bay_regulargrid,MODEL,ngofs2_grid_872_994,noaa_ngofs2_mobile_bay_model,Point Clear/Grand Hotel,0.25,30.490000000000002,-87.94,1.9933871290190823,eastward_current,-0.04531456530094147,m/s,bottom,1.0,standard_depth_positive_down,model_grid_or_not_applicable,MODEL_WET_GRID_NODE,,2026-10-06T21:00:00+00:00,2026-10-07T06:31:11.819952+00:00,2026-10-07T06:31:11.819952+00:00,UTC,2026-10-06T21:00:00+00:00,nowcast,6,https://opendap.co-ops.nos.noaa.gov/thredds/dodsC/NOAA/NGOFS2/MODELS/2026/10/06/ngofs2.t21z.20261006.regulargrid.n006.nc,0.0,a35efafd89c8c60821aa7c6740a638843fb330aba7b5d73879f8854f4678c3d5,ngofs2_regulargrid_v1
noaa_ngofs2_mobile_bay_regulargrid,MODEL,ngofs2_grid_872_994,noaa_ngofs2_mobile_bay_model,Point Clear/Grand Hotel,0.25,30.490000000000002,-87.94,1.9933871290190823,northward_current,-0.10994941741228104,m/s,bottom,1.0,standard_depth_positive_down,model_grid_or_not_applicable,MODEL_WET_GRID_NODE,,2026-10-06T21:00:00+00:00,2026-10-07T06:31:11.819952+00:00,2026-10-07T06:31:11.819952+00:00,UTC,2026-10-06T21:00:00+00:00,nowcast,6,https://opendap.co-ops.nos.noaa.gov/thredds/dodsC/NOAA/NGOFS2/MODELS/2026/10/06/ngofs2.t21z.20261006.regulargrid.n006.nc,0.0,a35efafd89c8c60821aa7c6740a638843fb330aba7b5d73879f8854f4678c3d5,ngofs2_regulargrid_v1
noaa_ngofs2_mobile_bay_regulargrid,MODEL,ngofs2_grid_872_994,noaa_ngofs2_mobile_bay_model,Point Clear/Grand Hotel,0.25,30.490000000000002,-87.94,1.9933871290190823,shoreward_current,-0.045314565300941474,m/s,bottom,1.0,standard_depth_positive_down,model_grid_or_not_applicable,MODEL_WET_GRID_NODE,,2026-10-06T21:00:00+00:00,2026-10-07T06:31:11.819952+00:00,2026-10-07T06:31:11.819952+00:00,UTC,2026-10-06T21:00:00+00:00,nowcast,6,https://opendap.co-ops.nos.noaa.gov/thredds/dodsC/NOAA/NGOFS2/MODELS/2026/10/06/ngofs2.t21z.20261006.regulargrid.n006.nc,0.0,a35efafd89c8c60821aa7c6740a638843fb330aba7b5d73879f8854f4678c3d5,ngofs2_regulargrid_v1
noaa_ngofs2_mobile_bay_regulargrid,MODEL,ngofs2_grid_872_994,noaa_ngofs2_mobile_bay_model,Point Clear/Grand Hotel,0.25,30.490000000000002,-87.94,1.9933871290190823,water_temperature,29.63256072998047,degC,bottom,1.0,standard_depth_positive_down,model_grid_or_not_applicable,MODEL_WET_GRID_NODE,,2026-10-06T21:00:00+00:00,2026-10-07T06:31:11.819952+00:00,2026-10-07T06:31:11.819952+00:00,UTC,2026-10-06T21:00:00+00:00,nowcast,6,https://opendap.co-ops.nos.noaa.gov/thredds/dodsC/NOAA/NGOFS2/MODELS/2026/10/06/ngofs2.t21z.20261006.regulargrid.n006.nc,0.0,a35efafd89c8c60821aa7c6740a638843fb330aba7b5d73879f8854f4678c3d5,ngofs2_regulargrid_v1
noaa_ngofs2_mobile_bay_regulargrid,MODEL,ngofs2_grid_872_994,noaa_ngofs2_mobile_bay_model,Point Clear/Grand Hotel,0.25,30.490000000000002,-87.94,1.9933871290190823,salinity,14.741575241088867,PSU,bottom,1.0,standard_depth_positive_down,model_grid_or_not_applicable,MODEL_WET_GRID_NODE,,2026-10-06T21:00:00+00:00,2026-10-07T06:31:11.819952+00:00,2026-10-07T06:31:11.819952+00:00,UTC,2026-10-06T21:00:00+00:00,nowcast,6,https://opendap.co-ops.nos.noaa.gov/thredds/dodsC/NOAA/NGOFS2/MODELS/2026/10/06/ngofs2.t21z.20261006.regulargrid.n006.nc,0.0,a35efafd89c8c60821aa7c6740a638843fb330aba7b5d73879f8854f4678c3d5,ngofs2_regulargrid_v1
noaa_ngofs2_mobile_bay_regulargrid,MODEL,ngofs2_grid_872_994,noaa_ngofs2_mobile_bay_model,Point Clear/Grand Hotel,0.25,30.490000000000002,-87.94,1.9933871290190823,water_surface_elevation,0.09575270116329193,m,surface,0.0,surface,model_mean_sea_level,MODEL_WET_GRID_NODE,,2026-10-06T21:00:00+00:00,2026-10-07T06:31:11.819952+00:00,2026-10-07T06:31:11.819952+00:00,UTC,2026-10-06T21:00:00+00:00,nowcast,6,https://opendap.co-ops.nos.noaa.gov/thredds/dodsC/NOAA/NGOFS2/MODELS/2026/10/06/ngofs2.t21z.20261006.regulargrid.n006.nc,0.0,a35efafd89c8c60821aa7c6740a638843fb330aba7b5d73879f8854f4678c3d5,ngofs2_regulargrid_v1
noaa_ngofs2_mobile_bay_regulargrid,MODEL,ngofs2_grid_871_994,noaa_ngofs2_mobile_bay_model,Point Clear/Grand Hotel,0.75,30.48,-87.94,1.9644354040917433,eastward_current,0.0015687572304159403,m/s,surface,0.0,standard_depth_positive_down,model_grid_or_not_applicable,MODEL_WET_GRID_NODE,,2026-10-06T21:00:00+00:00,2026-10-07T06:31:11.819952+00:00,2026-10-07T06:31:11.819952+00:00,UTC,2026-10-06T21:00:00+00:00,nowcast,6,https://opendap.co-ops.nos.noaa.gov/thredds/dodsC/NOAA/NGOFS2/MODELS/2026/10/06/ngofs2.t21z.20261006.regulargrid.n006.nc,0.0,a35efafd89c8c60821aa7c6740a638843fb330aba7b5d73879f8854f4678c3d5,ngofs2_regulargrid_v1
noaa_ngofs2_mobile_bay_regulargrid,MODEL,ngofs2_grid_871_994,noaa_ngofs2_mobile_bay_model,Point Clear/Grand Hotel,0.75,30.48,-87.94,1.9644354040917433,northward_current,-0.14597149193286896,m/s,surface,0.0,standard_depth_positive_down,model_grid_or_not_applicable,MODEL_WET_GRID_NODE,,2026-10-06T21:00:00+00:00,2026-10-07T06:31:11.819952+00:00,2026-10-07T06:31:11.819952+00:00,UTC,2026-10-06T21:00:00+00:00,nowcast,6,https://opendap.co-ops.nos.noaa.gov/thredds/dodsC/NOAA/NGOFS2/MODELS/2026/10/06/ngofs2.t21z.20261006.regulargrid.n006.nc,0.0,a35efafd89c8c60821aa7c6740a638843fb330aba7b5d73879f8854f4678c3d5,ngofs2_regulargrid_v1
noaa_ngofs2_mobile_bay_regulargrid,MODEL,ngofs2_grid_871_994,noaa_ngofs2_mobile_bay_model,Point Clear/Grand Hotel,0.75,30.48,-87.94,1.9644354040917433,shoreward_current,0.0015687572304159314,m/s,surface,0.0,standard_depth_positive_down,model_grid_or_not_applicable,MODEL_WET_GRID_NODE,,2026-10-06T21:00:00+00:00,2026-10-07T06:31:11.819952+00:00,2026-10-07T06:31:11.819952+00:00,UTC,2026-10-06T21:00:00+00:00,nowcast,6,https://opendap.co-ops.nos.noaa.gov/thredds/dodsC/NOAA/NGOFS2/MODELS/2026/10/06/ngofs2.t21z.20261006.regulargrid.n006.nc,0.0,a35efafd89c8c60821aa7c6740a638843fb330aba7b5d73879f8854f4678c3d5,ngofs2_regulargrid_v1
noaa_ngofs2_mobile_bay_regulargrid,MODEL,ngofs2_grid_871_994,noaa_ngofs2_mobile_bay_model,Point Clear/Grand Hotel,0.75,30.48,-87.94,1.9644354040917433,water_temperature,29.53603172302246,degC,surface,0.0,standard_depth_positive_down,model_grid_or_not_applicable,MODEL_WET_GRID_NODE,,2026-10-06T21:00:00+00:00,2026-10-07T06:31:11.819952+00:00,2026-10-07T06:31:11.819952+00:00,UTC,2026-10-06T21:00:00+00:00,nowcast,6,https://opendap.co-ops.nos.noaa.gov/thredds/dodsC/NOAA/NGOFS2/MODELS/2026/10/06/ngofs2.t21z.20261006.regulargrid.n006.nc,0.0,a35efafd89c8c60821aa7c6740a638843fb330aba7b5d73879f8854f4678c3d5,ngofs2_regulargrid_v1
noaa_ngofs2_mobile_bay_regulargrid,MODEL,ngofs2_grid_871_994,noaa_ngofs2_mobile_bay_model,Point Clear/Grand Hotel,0.75,30.48,-87.94,1.9644354040917433,salinity,14.844928741455078,PSU,surface,0.0,standard_depth_positive_down,model_grid_or_not_applicable,MODEL_WET_GRID_NODE,,2026-10-06T21:00:00+00:00,2026-10-07T06:31:11.819952+00:00,2026-10-07T06:31:11.819952+00:00,UTC,2026-10-06T21:00:00+00:00,nowcast,6,https://opendap.co-ops.nos.noaa.gov/thredds/dodsC/NOAA/NGOFS2/MODELS/2026/10/06/ngofs2.t21z.20261006.regulargrid.n006.nc,0.0,a35efafd89c8c60821aa7c6740a638843fb330aba7b5d73879f8854f4678c3d5,ngofs2_regulargrid_v1
noaa_ngofs2_mobile_bay_regulargrid,MODEL,ngofs2_grid_871_994,noaa_ngofs2_mobile_bay_model,Point Clear/Grand Hotel,0.75,30.48,-87.94,1.9644354040917433,eastward_current,0.01752300187945366,m/s,bottom,1.0,standard_depth_positive_down,model_grid_or_not_applicable,MODEL_WET_GRID_NODE,,2026-10-06T21:00:00+00:00,2026-10-07T06:31:11.819952+00:00,2026-10-07T06:31:11.819952+00:00,UTC,2026-10-06T21:00:00+00:00,nowcast,6,https://opendap.co-ops.nos.noaa.gov/thredds/dodsC/NOAA/NGOFS2/MODELS/2026/10/06/ngofs2.t21z.20261006.regulargrid.n006.nc,0.0,a35efafd89c8c60821aa7c6740a638843fb330aba7b5d73879f8854f4678c3d5,ngofs2_regulargrid_v1
noaa_ngofs2_mobile_bay_regulargrid,MODEL,ngofs2_grid_871_994,noaa_ngofs2_mobile_bay_model,Point Clear/Grand Hotel,0.75,30.48,-87.94,1.9644354040917433,northward_current,-0.12122251093387604,m/s,bottom,1.0,standard_depth_positive_down,model_grid_or_not_applicable,MODEL_WET_GRID_NODE,,2026-10-06T21:00:00+00:00,2026-10-07T06:31:11.819952+00:00,2026-10-07T06:31:11.819952+00:00,UTC,2026-10-06T21:00:00+00:00,nowcast,6,https://opendap.co-ops.nos.noaa.gov/thredds/dodsC/NOAA/NGOFS2/MODELS/2026/10/06/ngofs2.t21z.20261006.regulargrid.n006.nc,0.0,a35efafd89c8c60821aa7c6740a638843fb330aba7b5d73879f8854f4678c3d5,ngofs2_regulargrid_v1
noaa_ngofs2_mobile_bay_regulargrid,MODEL,ngofs2_grid_871_994,noaa_ngofs2_mobile_bay_model,Point Clear/Grand Hotel,0.75,30.48,-87.94,1.9644354040917433,shoreward_current,0.017523001879453652,m/s,bottom,1.0,standard_depth_positive_down,model_grid_or_not_applicable,MODEL_WET_GRID_NODE,,2026-10-06T21:00:00+00:00,2026-10-07T06:31:11.819952+00:00,2026-10-07T06:31:11.819952+00:00,UTC,2026-10-06T21:00:00+00:00,nowcast,6,https://opendap.co-ops.nos.noaa.gov/thredds/dodsC/NOAA/NGOFS2/MODELS/2026/10/06/ngofs2.t21z.20261006.regulargrid.n006.nc,0.0,a35efafd89c8c60821aa7c6740a638843fb330aba7b5d73879f8854f4678c3d5,ngofs2_regulargrid_v1
noaa_ngofs2_mobile_bay_regulargrid,MODEL,ngofs2_grid_871_994,noaa_ngofs2_mobile_bay_model,Point Clear/Grand Hotel,0.75,30.48,-87.94,1.9644354040917433,water_temperature,29.548282623291016,degC,bottom,1.0,standard_depth_positive_down,model_grid_or_not_applicable,MODEL_WET_GRID_NODE,,2026-10-06T21:00:00+00:00,2026-10-07T06:31:11.819952+00:00,2026-10-07T06:31:11.819952+00:00,UTC,2026-10-06T21:00:00+00:00,nowcast,6,https://opendap.co-ops.nos.noaa.gov/thredds/dodsC/NOAA/NGOFS2/MODELS/2026/10/06/ngofs2.t21z.20261006.regulargrid.n006.nc,0.0,a35efafd89c8c60821aa7c6740a638843fb330aba7b5d73879f8854f4678c3d5,ngofs2_regulargrid_v1
noaa_ngofs2_mobile_bay_regulargrid,MODEL,ngofs2_grid_871_994,noaa_ngofs2_mobile_bay_model,Point Clear/Grand Hotel,0.75,30.48,-87.94,1.9644354040917433,salinity,14.874615669250488,PSU,bottom,1.0,standard_depth_positive_down,model_grid_or_not_applicable,MODEL_WET_GRID_NODE,,2026-10-06T21:00:00+00:00,2026-10-07T06:31:11.819952+00:00,2026-10-07T06:31:11.819952+00:00,UTC,2026-10-06T21:00:00+00:00,nowcast,6,https://opendap.co-ops.nos.noaa.gov/thredds/dodsC/NOAA/NGOFS2/MODELS/2026/10/06/ngofs2.t21z.20261006.regulargrid.n006.nc,0.0,a35efafd89c8c60821aa7c6740a638843fb330aba7b5d73879f8854f4678c3d5,ngofs2_regulargrid_v1
noaa_ngofs2_mobile_bay_regulargrid,MODEL,ngofs2_grid_871_994,noaa_ngofs2_mobile_bay_model,Point Clear/Grand Hotel,0.75,30.48,-87.94,1.9644354040917433,water_surface_elevation,0.0955161303281784,m,surface,0.0,surface,model_mean_sea_level,MODEL_WET_GRID_NODE,,2026-10-06T21:00:00+00:00,2026-10-07T06:31:11.819952+00:00,2026-10-07T06:31:11.819952+00:00,UTC,2026-10-06T21:00:00+00:00,nowcast,6,https://opendap.co-ops.nos.noaa.gov/thredds/dodsC/NOAA/NGOFS2/MODELS/2026/10/06/ngofs2.t21z.20261006.regulargrid.n006.nc,0.0,a35efafd89c8c60821aa7c6740a638843fb330aba7b5d73879f8854f4678c3d5,ngofs2_regulargrid_v1
noaa_ngofs2_mobile_bay_regulargrid,MODEL,ngofs2_grid_872_993,noaa_ngofs2_mobile_bay_model,Point Clear/Grand Hotel,1.5,30.490000000000002,-87.94999999999999,2.9992221163113646,eastward_current,-0.1292411834001541,m/s,surface,0.0,standard_depth_positive_down,model_grid_or_not_applicable,MODEL_WET_GRID_NODE,,2026-10-06T21:00:00+00:00,2026-10-07T06:31:11.819952+00:00,2026-10-07T06:31:11.819952+00:00,UTC,2026-10-06T21:00:00+00:00,nowcast,6,https://opendap.co-ops.nos.noaa.gov/thredds/dodsC/NOAA/NGOFS2/MODELS/2026/10/06/ngofs2.t21z.20261006.regulargrid.n006.nc,0.0,a35efafd89c8c60821aa7c6740a638843fb330aba7b5d73879f8854f4678c3d5,ngofs2_regulargrid_v1
noaa_ngofs2_mobile_bay_regulargrid,MODEL,ngofs2_grid_872_993,noaa_ngofs2_mobile_bay_model,Point Clear/Grand Hotel,1.5,30.490000000000002,-87.94999999999999,2.9992221163113646,northward_current,-0.20532113313674927,m/s,surface,0.0,standard_depth_positive_down,model_grid_or_not_applicable,MODEL_WET_GRID_NODE,,2026-10-06T21:00:00+00:00,2026-10-07T06:31:11.819952+00:00,2026-10-07T06:31:11.819952+00:00,UTC,2026-10-06T21:00:00+00:00,nowcast,6,https://opendap.co-ops.nos.noaa.gov/thredds/dodsC/NOAA/NGOFS2/MODELS/2026/10/06/ngofs2.t21z.20261006.regulargrid.n006.nc,0.0,a35efafd89c8c60821aa7c6740a638843fb330aba7b5d73879f8854f4678c3d5,ngofs2_regulargrid_v1
noaa_ngofs2_mobile_bay_regulargrid,MODEL,ngofs2_grid_872_993,noaa_ngofs2_mobile_bay_model,Point Clear/Grand Hotel,1.5,30.490000000000002,-87.94999999999999,2.9992221163113646,shoreward_current,-0.1292411834001541,m/s,surface,0.0,standard_depth_positive_down,model_grid_or_not_applicable,MODEL_WET_GRID_NODE,,2026-10-06T21:00:00+00:00,2026-10-07T06:31:11.819952+00:00,2026-10-07T06:31:11.819952+00:00,UTC,2026-10-06T21:00:00+00:00,nowcast,6,https://opendap.co-ops.nos.noaa.gov/thredds/dodsC/NOAA/NGOFS2/MODELS/2026/10/06/ngofs2.t21z.20261006.regulargrid.n006.nc,0.0,a35efafd89c8c60821aa7c6740a638843fb330aba7b5d73879f8854f4678c3d5,ngofs2_regulargrid_v1
noaa_ngofs2_mobile_bay_regulargrid,MODEL,ngofs2_grid_872_993,noaa_ngofs2_mobile_bay_model,Point Clear/Grand Hotel,1.5,30.490000000000002,-87.94999999999999,2.9992221163113646,water_temperature,29.610597610473633,degC,surface,0.0,standard_depth_positive_down,model_grid_or_not_applicable,MODEL_WET_GRID_NODE,,2026-10-06T21:00:00+00:00,2026-10-07T06:31:11.819952+00:00,2026-10-07T06:31:11.819952+00:00,UTC,2026-10-06T21:00:00+00:00,nowcast,6,https://opendap.co-ops.nos.noaa.gov/thredds/dodsC/NOAA/NGOFS2/MODELS/2026/10/06/ngofs2.t21z.20261006.regulargrid.n006.nc,0.0,a35efafd89c8c60821aa7c6740a638843fb330aba7b5d73879f8854f4678c3d5,ngofs2_regulargrid_v1
noaa_ngofs2_mobile_bay_regulargrid,MODEL,ngofs2_grid_872_993,noaa_ngofs2_mobile_bay_model,Point Clear/Grand Hotel,1.5,30.490000000000002,-87.94999999999999,2.9992221163113646,salinity,15.609455108642578,PSU,surface,0.0,standard_depth_positive_down,model_grid_or_not_applicable,MODEL_WET_GRID_NODE,,2026-10-06T21:00:00+00:00,2026-10-07T06:31:11.819952+00:00,2026-10-07T06:31:11.819952+00:00,UTC,2026-10-06T21:00:00+00:00,nowcast,6,https://opendap.co-ops.nos.noaa.gov/thredds/dodsC/NOAA/NGOFS2/MODELS/2026/10/06/ngofs2.t21z.20261006.regulargrid.n006.nc,0.0,a35efafd89c8c60821aa7c6740a638843fb330aba7b5d73879f8854f4678c3d5,ngofs2_regulargrid_v1
noaa_ngofs2_mobile_bay_regulargrid,MODEL,ngofs2_grid_872_993,noaa_ngofs2_mobile_bay_model,Point Clear/Grand Hotel,1.5,30.490000000000002,-87.94999999999999,2.9992221163113646,eastward_current,0.05836988613009453,m/s,bottom,2.0,standard_depth_positive_down,model_grid_or_not_applicable,MODEL_WET_GRID_NODE,,2026-10-06T21:00:00+00:00,2026-10-07T06:31:11.819952+00:00,2026-10-07T06:31:11.819952+00:00,UTC,2026-10-06T21:00:00+00:00,nowcast,6,https://opendap.co-ops.nos.noaa.gov/thredds/dodsC/NOAA/NGOFS2/MODELS/2026/10/06/ngofs2.t21z.20261006.regulargrid.n006.nc,0.0,a35efafd89c8c60821aa7c6740a638843fb330aba7b5d73879f8854f4678c3d5,ngofs2_regulargrid_v1
noaa_ngofs2_mobile_bay_regulargrid,MODEL,ngofs2_grid_872_993,noaa_ngofs2_mobile_bay_model,Point Clear/Grand Hotel,1.5,30.490000000000002,-87.94999999999999,2.9992221163113646,northward_current,-0.09675446152687073,m/s,bottom,2.0,standard_depth_positive_down,model_grid_or_not_applicable,MODEL_WET_GRID_NODE,,2026-10-06T21:00:00+00:00,2026-10-07T06:31:11.819952+00:00,2026-10-07T06:31:11.819952+00:00,UTC,2026-10-06T21:00:00+00:00,nowcast,6,https://opendap.co-ops.nos.noaa.gov/thredds/dodsC/NOAA/NGOFS2/MODELS/2026/10/06/ngofs2.t21z.20261006.regulargrid.n006.nc,0.0,a35efafd89c8c60821aa7c6740a638843fb330aba7b5d73879f8854f4678c3d5,ngofs2_regulargrid_v1
noaa_ngofs2_mobile_bay_regulargrid,MODEL,ngofs2_grid_872_993,noaa_ngofs2_mobile_bay_model,Point Clear/Grand Hotel,1.5,30.490000000000002,-87.94999999999999,2.9992221163113646,shoreward_current,0.05836988613009452,m/s,bottom,2.0,standard_depth_positive_down,model_grid_or_not_applicable,MODEL_WET_GRID_NODE,,2026-10-06T21:00:00+00:00,2026-10-07T06:31:11.819952+00:00,2026-10-07T06:31:11.819952+00:00,UTC,2026-10-06T21:00:00+00:00,nowcast,6,https://opendap.co-ops.nos.noaa.gov/thredds/dodsC/NOAA/NGOFS2/MODELS/2026/10/06/ngofs2.t21z.20261006.regulargrid.n006.nc,0.0,a35efafd89c8c60821aa7c6740a638843fb330aba7b5d73879f8854f4678c3d5,ngofs2_regulargrid_v1
noaa_ngofs2_mobile_bay_regulargrid,MODEL,ngofs2_grid_872_993,noaa_ngofs2_mobile_bay_model,Point Clear/Grand Hotel,1.5,30.490000000000002,-87.94999999999999,2.9992221163113646,water_temperature,29.489545822143555,degC,bottom,2.0,standard_depth_positive_down,model_grid_or_not_applicable,MODEL_WET_GRID_NODE,,2026-10-06T21:00:00+00:00,2026-10-07T06:31:11.819952+00:00,2026-10-07T06:31:11.819952+00:00,UTC,2026-10-06T21:00:00+00:00,nowcast,6,https://opendap.co-ops.nos.noaa.gov/thredds/dodsC/NOAA/NGOFS2/MODELS/2026/10/06/ngofs2.t21z.20261006.regulargrid.n006.nc,0.0,a35efafd89c8c60821aa7c6740a638843fb330aba7b5d73879f8854f4678c3d5,ngofs2_regulargrid_v1
noaa_ngofs2_mobile_bay_regulargrid,MODEL,ngofs2_grid_872_993,noaa_ngofs2_mobile_bay_model,Point Clear/Grand Hotel,1.5,30.490000000000002,-87.94999999999999,2.9992221163113646,salinity,18.27857780456543,PSU,bottom,2.0,standard_depth_positive_down,model_grid_or_not_applicable,MODEL_WET_GRID_NODE,,2026-10-06T21:00:00+00:00,2026-10-07T06:31:11.819952+00:00,2026-10-07T06:31:11.819952+00:00,UTC,2026-10-06T21:00:00+00:00,nowcast,6,https://opendap.co-ops.nos.noaa.gov/thredds/dodsC/NOAA/NGOFS2/MODELS/2026/10/06/ngofs2.t21z.20261006.regulargrid.n006.nc,0.0,a35efafd89c8c60821aa7c6740a638843fb330aba7b5d73879f8854f4678c3d5,ngofs2_regulargrid_v1
noaa_ngofs2_mobile_bay_regulargrid,MODEL,ngofs2_grid_872_993,noaa_ngofs2_mobile_bay_model,Point Clear/Grand Hotel,1.5,30.490000000000002,-87.94999999999999,2.9992221163113646,water_surface_elevation,0.09751330316066742,m,surface,0.0,surface,model_mean_sea_level,MODEL_WET_GRID_NODE,,2026-10-06T21:00:00+00:00,2026-10-07T06:31:11.819952+00:00,2026-10-07T06:31:11.819952+00:00,UTC,2026-10-06T21:00:00+00:00,nowcast,6,https://opendap.co-ops.nos.noaa.gov/thredds/dodsC/NOAA/NGOFS2/MODELS/2026/10/06/ngofs2.t21z.20261006.regulargrid.n006.nc,0.0,a35efafd89c8c60821aa7c6740a638843fb330aba7b5d73879f8854f4678c3d5,ngofs2_regulargrid_v1
noaa_ngofs2_mobile_bay_regulargrid,MODEL,ngofs2_grid_872_991,noaa_ngofs2_mobile_bay_model,Point Clear/Grand Hotel,3.0,30.490000000000002,-87.97,3.969153288834054,eastward_current,-0.10974481701850891,m/s,surface,0.0,standard_depth_positive_down,model_grid_or_not_applicable,MODEL_WET_GRID_NODE,,2026-10-06T21:00:00+00:00,2026-10-07T06:31:11.819952+00:00,2026-10-07T06:31:11.819952+00:00,UTC,2026-10-06T21:00:00+00:00,nowcast,6,https://opendap.co-ops.nos.noaa.gov/thredds/dodsC/NOAA/NGOFS2/MODELS/2026/10/06/ngofs2.t21z.20261006.regulargrid.n006.nc,0.0,a35efafd89c8c60821aa7c6740a638843fb330aba7b5d73879f8854f4678c3d5,ngofs2_regulargrid_v1
noaa_ngofs2_mobile_bay_regulargrid,MODEL,ngofs2_grid_872_991,noaa_ngofs2_mobile_bay_model,Point Clear/Grand Hotel,3.0,30.490000000000002,-87.97,3.969153288834054,northward_current,-0.1940460503101349,m/s,surface,0.0,standard_depth_positive_down,model_grid_or_not_applicable,MODEL_WET_GRID_NODE,,2026-10-06T21:00:00+00:00,2026-10-07T06:31:11.819952+00:00,2026-10-07T06:31:11.819952+00:00,UTC,2026-10-06T21:00:00+00:00,nowcast,6,https://opendap.co-ops.nos.noaa.gov/thredds/dodsC/NOAA/NGOFS2/MODELS/2026/10/06/ngofs2.t21z.20261006.regulargrid.n006.nc,0.0,a35efafd89c8c60821aa7c6740a638843fb330aba7b5d73879f8854f4678c3d5,ngofs2_regulargrid_v1
noaa_ngofs2_mobile_bay_regulargrid,MODEL,ngofs2_grid_872_991,noaa_ngofs2_mobile_bay_model,Point Clear/Grand Hotel,3.0,30.490000000000002,-87.97,3.969153288834054,shoreward_current,-0.10974481701850893,m/s,surface,0.0,standard_depth_positive_down,model_grid_or_not_applicable,MODEL_WET_GRID_NODE,,2026-10-06T21:00:00+00:00,2026-10-07T06:31:11.819952+00:00,2026-10-07T06:31:11.819952+00:00,UTC,2026-10-06T21:00:00+00:00,nowcast,6,https://opendap.co-ops.nos.noaa.gov/thredds/dodsC/NOAA/NGOFS2/MODELS/2026/10/06/ngofs2.t21z.20261006.regulargrid.n006.nc,0.0,a35efafd89c8c60821aa7c6740a638843fb330aba7b5d73879f8854f4678c3d5,ngofs2_regulargrid_v1
noaa_ngofs2_mobile_bay_regulargrid,MODEL,ngofs2_grid_872_991,noaa_ngofs2_mobile_bay_model,Point Clear/Grand Hotel,3.0,30.490000000000002,-87.97,3.969153288834054,water_temperature,29.363800048828125,degC,surface,0.0,standard_depth_positive_down,model_grid_or_not_applicable,MODEL_WET_GRID_NODE,,2026-10-06T21:00:00+00:00,2026-10-07T06:31:11.819952+00:00,2026-10-07T06:31:11.819952+00:00,UTC,2026-10-06T21:00:00+00:00,nowcast,6,https://opendap.co-ops.nos.noaa.gov/thredds/dodsC/NOAA/NGOFS2/MODELS/2026/10/06/ngofs2.t21z.20261006.regulargrid.n006.nc,0.0,a35efafd89c8c60821aa7c6740a638843fb330aba7b5d73879f8854f4678c3d5,ngofs2_regulargrid_v1
noaa_ngofs2_mobile_bay_regulargrid,MODEL,ngofs2_grid_872_991,noaa_ngofs2_mobile_bay_model,Point Clear/Grand Hotel,3.0,30.490000000000002,-87.97,3.969153288834054,salinity,14.901716232299805,PSU,surface,0.0,standard_depth_positive_down,model_grid_or_not_applicable,MODEL_WET_GRID_NODE,,2026-10-06T21:00:00+00:00,2026-10-07T06:31:11.819952+00:00,2026-10-07T06:31:11.819952+00:00,UTC,2026-10-06T21:00:00+00:00,nowcast,6,https://opendap.co-ops.nos.noaa.gov/thredds/dodsC/NOAA/NGOFS2/MODELS/2026/10/06/ngofs2.t21z.20261006.regulargrid.n006.nc,0.0,a35efafd89c8c60821aa7c6740a638843fb330aba7b5d73879f8854f4678c3d5,ngofs2_regulargrid_v1
noaa_ngofs2_mobile_bay_regulargrid,MODEL,ngofs2_grid_872_991,noaa_ngofs2_mobile_bay_model,Point Clear/Grand Hotel,3.0,30.490000000000002,-87.97,3.969153288834054,eastward_current,0.0023032240569591522,m/s,bottom,2.0,standard_depth_positive_down,model_grid_or_not_applicable,MODEL_WET_GRID_NODE,,2026-10-06T21:00:00+00:00,2026-10-07T06:31:11.819952+00:00,2026-10-07T06:31:11.819952+00:00,UTC,2026-10-06T21:00:00+00:00,nowcast,6,https://opendap.co-ops.nos.noaa.gov/thredds/dodsC/NOAA/NGOFS2/MODELS/2026/10/06/ngofs2.t21z.20261006.regulargrid.n006.nc,0.0,a35efafd89c8c60821aa7c6740a638843fb330aba7b5d73879f8854f4678c3d5,ngofs2_regulargrid_v1
noaa_ngofs2_mobile_bay_regulargrid,MODEL,ngofs2_grid_872_991,noaa_ngofs2_mobile_bay_model,Point Clear/Grand Hotel,3.0,30.490000000000002,-87.97,3.969153288834054,northward_current,-0.12978121638298035,m/s,bottom,2.0,standard_depth_positive_down,model_grid_or_not_applicable,MODEL_WET_GRID_NODE,,2026-10-06T21:00:00+00:00,2026-10-07T06:31:11.819952+00:00,2026-10-07T06:31:11.819952+00:00,UTC,2026-10-06T21:00:00+00:00,nowcast,6,https://opendap.co-ops.nos.noaa.gov/thredds/dodsC/NOAA/NGOFS2/MODELS/2026/10/06/ngofs2.t21z.20261006.regulargrid.n006.nc,0.0,a35efafd89c8c60821aa7c6740a638843fb330aba7b5d73879f8854f4678c3d5,ngofs2_regulargrid_v1
noaa_ngofs2_mobile_bay_regulargrid,MODEL,ngofs2_grid_872_991,noaa_ngofs2_mobile_bay_model,Point Clear/Grand Hotel,3.0,30.490000000000002,-87.97,3.969153288834054,shoreward_current,0.0023032240569591444,m/s,bottom,2.0,standard_depth_positive_down,model_grid_or_not_applicable,MODEL_WET_GRID_NODE,,2026-10-06T21:00:00+00:00,2026-10-07T06:31:11.819952+00:00,2026-10-07T06:31:11.819952+00:00,UTC,2026-10-06T21:00:00+00:00,nowcast,6,https://opendap.co-ops.nos.noaa.gov/thredds/dodsC/NOAA/NGOFS2/MODELS/2026/10/06/ngofs2.t21z.20261006.regulargrid.n006.nc,0.0,a35efafd89c8c60821aa7c6740a638843fb330aba7b5d73879f8854f4678c3d5,ngofs2_regulargrid_v1
noaa_ngofs2_mobile_bay_regulargrid,MODEL,ngofs2_grid_872_991,noaa_ngofs2_mobile_bay_model,Point Clear/Grand Hotel,3.0,30.490000000000002,-87.97,3.969153288834054,water_temperature,29.286643981933594,degC,bottom,2.0,standard_depth_positive_down,model_grid_or_not_applicable,MODEL_WET_GRID_NODE,,2026-10-06T21:00:00+00:00,2026-10-07T06:31:11.819952+00:00,2026-10-07T06:31:11.819952+00:00,UTC,2026-10-06T21:00:00+00:00,nowcast,6,https://opendap.co-ops.nos.noaa.gov/thredds/dodsC/NOAA/NGOFS2/MODELS/2026/10/06/ngofs2.t21z.20261006.regulargrid.n006.nc,0.0,a35efafd89c8c60821aa7c6740a638843fb330aba7b5d73879f8854f4678c3d5,ngofs2_regulargrid_v1
noaa_ngofs2_mobile_bay_regulargrid,MODEL,ngofs2_grid_872_991,noaa_ngofs2_mobile_bay_model,Point Clear/Grand Hotel,3.0,30.490000000000002,-87.97,3.969153288834054,salinity,16.144201278686523,PSU,bottom,2.0,standard_depth_positive_down,model_grid_or_not_applicable,MODEL_WET_GRID_NODE,,2026-10-06T21:00:00+00:00,2026-10-07T06:31:11.819952+00:00,2026-10-07T06:31:11.819952+00:00,UTC,2026-10-06T21:00:00+00:00,nowcast,6,https://opendap.co-ops.nos.noaa.gov/thredds/dodsC/NOAA/NGOFS2/MODELS/2026/10/06/ngofs2.t21z.20261006.regulargrid.n006.nc,0.0,a35efafd89c8c60821aa7c6740a638843fb330aba7b5d73879f8854f4678c3d5,ngofs2_regulargrid_v1
noaa_ngofs2_mobile_bay_regulargrid,MODEL,ngofs2_grid_872_991,noaa_ngofs2_mobile_bay_model,Point Clear/Grand Hotel,3.0,30.490000000000002,-87.97,3.969153288834054,water_surface_elevation,0.10412555187940598,m,surface,0.0,surface,model_mean_sea_level,MODEL_WET_GRID_NODE,,2026-10-06T21:00:00+00:00,2026-10-07T06:31:11.819952+00:00,2026-10-07T06:31:11.819952+00:00,UTC,2026-10-06T21:00:00+00:00,nowcast,6,https://opendap.co-ops.nos.noaa.gov/thredds/dodsC/NOAA/NGOFS2/MODELS/2026/10/06/ngofs2.t21z.20261006.regulargrid.n006.nc,0.0,a35efafd89c8c60821aa7c6740a638843fb330aba7b5d73879f8854f4678c3d5,ngofs2_regulargrid_v1
noaa_ngofs2_mobile_bay_regulargrid,MODEL,ngofs2_grid_864_997,noaa_ngofs2_mobile_bay_model,Mullet Point,0.25,30.41,-87.91,2.502617325949256,eastward_current,0.021075919270515442,m/s,surface,0.0,standard_depth_positive_down,model_grid_or_not_applicable,MODEL_WET_GRID_NODE,,2026-10-06T21:00:00+00:00,2026-10-07T06:31:11.819952+00:00,2026-10-07T06:31:11.819952+00:00,UTC,2026-10-06T21:00:00+00:00,nowcast,6,https://opendap.co-ops.nos.noaa.gov/thredds/dodsC/NOAA/NGOFS2/MODELS/2026/10/06/ngofs2.t21z.20261006.regulargrid.n006.nc,0.0,a35efafd89c8c60821aa7c6740a638843fb330aba7b5d73879f8854f4678c3d5,ngofs2_regulargrid_v1
noaa_ngofs2_mobile_bay_regulargrid,MODEL,ngofs2_grid_864_997,noaa_ngofs2_mobile_bay_model,Mullet Point,0.25,30.41,-87.91,2.502617325949256,northward_current,-0.11944764852523804,m/s,surface,0.0,standard_depth_positive_down,model_grid_or_not_applicable,MODEL_WET_GRID_NODE,,2026-10-06T21:00:00+00:00,2026-10-07T06:31:11.819952+00:00,2026-10-07T06:31:11.819952+00:00,UTC,2026-10-06T21:00:00+00:00,nowcast,6,https://opendap.co-ops.nos.noaa.gov/thredds/dodsC/NOAA/NGOFS2/MODELS/2026/10/06/ngofs2.t21z.20261006.regulargrid.n006.nc,0.0,a35efafd89c8c60821aa7c6740a638843fb330aba7b5d73879f8854f4678c3d5,ngofs2_regulargrid_v1
noaa_ngofs2_mobile_bay_regulargrid,MODEL,ngofs2_grid_864_997,noaa_ngofs2_mobile_bay_model,Mullet Point,0.25,30.41,-87.91,2.502617325949256,shoreward_current,0.021075919270515435,m/s,surface,0.0,standard_depth_positive_down,model_grid_or_not_applicable,MODEL_WET_GRID_NODE,,2026-10-06T21:00:00+00:00,2026-10-07T06:31:11.819952+00:00,2026-10-07T06:31:11.819952+00:00,UTC,2026-10-06T21:00:00+00:00,nowcast,6,https://opendap.co-ops.nos.noaa.gov/thredds/dodsC/NOAA/NGOFS2/MODELS/2026/10/06/ngofs2.t21z.20261006.regulargrid.n006.nc,0.0,a35efafd89c8c60821aa7c6740a638843fb330aba7b5d73879f8854f4678c3d5,ngofs2_regulargrid_v1
noaa_ngofs2_mobile_bay_regulargrid,MODEL,ngofs2_grid_864_997,noaa_ngofs2_mobile_bay_model,Mullet Point,0.25,30.41,-87.91,2.502617325949256,water_temperature,29.433244705200195,degC,surface,0.0,standard_depth_positive_down,model_grid_or_not_applicable,MODEL_WET_GRID_NODE,,2026-10-06T21:00:00+00:00,2026-10-07T06:31:11.819952+00:00,2026-10-07T06:31:11.819952+00:00,UTC,2026-10-06T21:00:00+00:00,nowcast,6,https://opendap.co-ops.nos.noaa.gov/thredds/dodsC/NOAA/NGOFS2/MODELS/2026/10/06/ngofs2.t21z.20261006.regulargrid.n006.nc,0.0,a35efafd89c8c60821aa7c6740a638843fb330aba7b5d73879f8854f4678c3d5,ngofs2_regulargrid_v1
noaa_ngofs2_mobile_bay_regulargrid,MODEL,ngofs2_grid_864_997,noaa_ngofs2_mobile_bay_model,Mullet Point,0.25,30.41,-87.91,2.502617325949256,salinity,20.939189910888672,PSU,surface,0.0,standard_depth_positive_down,model_grid_or_not_applicable,MODEL_WET_GRID_NODE,,2026-10-06T21:00:00+00:00,2026-10-07T06:31:11.819952+00:00,2026-10-07T06:31:11.819952+00:00,UTC,2026-10-06T21:00:00+00:00,nowcast,6,https://opendap.co-ops.nos.noaa.gov/thredds/dodsC/NOAA/NGOFS2/MODELS/2026/10/06/ngofs2.t21z.20261006.regulargrid.n006.nc,0.0,a35efafd89c8c60821aa7c6740a638843fb330aba7b5d73879f8854f4678c3d5,ngofs2_regulargrid_v1
noaa_ngofs2_mobile_bay_regulargrid,MODEL,ngofs2_grid_864_997,noaa_ngofs2_mobile_bay_model,Mullet Point,0.25,30.41,-87.91,2.502617325949256,eastward_current,0.044320784509181976,m/s,bottom,2.0,standard_depth_positive_down,model_grid_or_not_applicable,MODEL_WET_GRID_NODE,,2026-10-06T21:00:00+00:00,2026-10-07T06:31:11.819952+00:00,2026-10-07T06:31:11.819952+00:00,UTC,2026-10-06T21:00:00+00:00,nowcast,6,https://opendap.co-ops.nos.noaa.gov/thredds/dodsC/NOAA/NGOFS2/MODELS/2026/10/06/ngofs2.t21z.20261006.regulargrid.n006.nc,0.0,a35efafd89c8c60821aa7c6740a638843fb330aba7b5d73879f8854f4678c3d5,ngofs2_regulargrid_v1
noaa_ngofs2_mobile_bay_regulargrid,MODEL,ngofs2_grid_864_997,noaa_ngofs2_mobile_bay_model,Mullet Point,0.25,30.41,-87.91,2.502617325949256,northward_current,-0.05171613022685051,m/s,bottom,2.0,standard_depth_positive_down,model_grid_or_not_applicable,MODEL_WET_GRID_NODE,,2026-10-06T21:00:00+00:00,2026-10-07T06:31:11.819952+00:00,2026-10-07T06:31:11.819952+00:00,UTC,2026-10-06T21:00:00+00:00,nowcast,6,https://opendap.co-ops.nos.noaa.gov/thredds/dodsC/NOAA/NGOFS2/MODELS/2026/10/06/ngofs2.t21z.20261006.regulargrid.n006.nc,0.0,a35efafd89c8c60821aa7c6740a638843fb330aba7b5d73879f8854f4678c3d5,ngofs2_regulargrid_v1
noaa_ngofs2_mobile_bay_regulargrid,MODEL,ngofs2_grid_864_997,noaa_ngofs2_mobile_bay_model,Mullet Point,0.25,30.41,-87.91,2.502617325949256,shoreward_current,0.044320784509181976,m/s,bottom,2.0,standard_depth_positive_down,model_grid_or_not_applicable,MODEL_WET_GRID_NODE,,2026-10-06T21:00:00+00:00,2026-10-07T06:31:11.819952+00:00,2026-10-07T06:31:11.819952+00:00,UTC,2026-10-06T21:00:00+00:00,nowcast,6,https://opendap.co-ops.nos.noaa.gov/thredds/dodsC/NOAA/NGOFS2/MODELS/2026/10/06/ngofs2.t21z.20261006.regulargrid.n006.nc,0.0,a35efafd89c8c60821aa7c6740a638843fb330aba7b5d73879f8854f4678c3d5,ngofs2_regulargrid_v1
noaa_ngofs2_mobile_bay_regulargrid,MODEL,ngofs2_grid_864_997,noaa_ngofs2_mobile_bay_model,Mullet Point,0.25,30.41,-87.91,2.502617325949256,water_temperature,29.451215744018555,degC,bottom,2.0,standard_depth_positive_down,model_grid_or_not_applicable,MODEL_WET_GRID_NODE,,2026-10-06T21:00:00+00:00,2026-10-07T06:31:11.819952+00:00,2026-10-07T06:31:11.819952+00:00,UTC,2026-10-06T21:00:00+00:00,nowcast,6,https://opendap.co-ops.nos.noaa.gov/thredds/dodsC/NOAA/NGOFS2/MODELS/2026/10/06/ngofs2.t21z.20261006.regulargrid.n006.nc,0.0,a35efafd89c8c60821aa7c6740a638843fb330aba7b5d73879f8854f4678c3d5,ngofs2_regulargrid_v1
noaa_ngofs2_mobile_bay_regulargrid,MODEL,ngofs2_grid_864_997,noaa_ngofs2_mobile_bay_model,Mullet Point,0.25,30.41,-87.91,2.502617325949256,salinity,21.19168472290039,PSU,bottom,2.0,standard_depth_positive_down,model_grid_or_not_applicable,MODEL_WET_GRID_NODE,,2026-10-06T21:00:00+00:00,2026-10-07T06:31:11.819952+00:00,2026-10-07T06:31:11.819952+00:00,UTC,2026-10-06T21:00:00+00:00,nowcast,6,https://opendap.co-ops.nos.noaa.gov/thredds/dodsC/NOAA/NGOFS2/MODELS/2026/10/06/ngofs2.t21z.20261006.regulargrid.n006.nc,0.0,a35efafd89c8c60821aa7c6740a638843fb330aba7b5d73879f8854f4678c3d5,ngofs2_regulargrid_v1
noaa_ngofs2_mobile_bay_regulargrid,MODEL,ngofs2_grid_864_997,noaa_ngofs2_mobile_bay_model,Mullet Point,0.25,30.41,-87.91,2.502617325949256,water_surface_elevation,0.09850700944662094,m,surface,0.0,surface,model_mean_sea_level,MODEL_WET_GRID_NODE,,2026-10-06T21:00:00+00:00,2026-10-07T06:31:11.819952+00:00,2026-10-07T06:31:11.819952+00:00,UTC,2026-10-06T21:00:00+00:00,nowcast,6,https://opendap.co-ops.nos.noaa.gov/thredds/dodsC/NOAA/NGOFS2/MODELS/2026/10/06/ngofs2.t21z.20261006.regulargrid.n006.nc,0.0,a35efafd89c8c60821aa7c6740a638843fb330aba7b5d73879f8854f4678c3d5,ngofs2_regulargrid_v1
noaa_ngofs2_mobile_bay_regulargrid,MODEL,ngofs2_grid_865_996,noaa_ngofs2_mobile_bay_model,Mullet Point,0.75,30.42,-87.91999999999999,2.4181508833466974,eastward_current,0.0007442429778166115,m/s,surface,0.0,standard_depth_positive_down,model_grid_or_not_applicable,MODEL_WET_GRID_NODE,,2026-10-06T21:00:00+00:00,2026-10-07T06:31:11.819952+00:00,2026-10-07T06:31:11.819952+00:00,UTC,2026-10-06T21:00:00+00:00,nowcast,6,https://opendap.co-ops.nos.noaa.gov/thredds/dodsC/NOAA/NGOFS2/MODELS/2026/10/06/ngofs2.t21z.20261006.regulargrid.n006.nc,0.0,a35efafd89c8c60821aa7c6740a638843fb330aba7b5d73879f8854f4678c3d5,ngofs2_regulargrid_v1
noaa_ngofs2_mobile_bay_regulargrid,MODEL,ngofs2_grid_865_996,noaa_ngofs2_mobile_bay_model,Mullet Point,0.75,30.42,-87.91999999999999,2.4181508833466974,northward_current,-0.12317550927400589,m/s,surface,0.0,standard_depth_positive_down,model_grid_or_not_applicable,MODEL_WET_GRID_NODE,,2026-10-06T21:00:00+00:00,2026-10-07T06:31:11.819952+00:00,2026-10-07T06:31:11.819952+00:00,UTC,2026-10-06T21:00:00+00:00,nowcast,6,https://opendap.co-ops.nos.noaa.gov/thredds/dodsC/NOAA/NGOFS2/MODELS/2026/10/06/ngofs2.t21z.20261006.regulargrid.n006.nc,0.0,a35efafd89c8c60821aa7c6740a638843fb330aba7b5d73879f8854f4678c3d5,ngofs2_regulargrid_v1
noaa_ngofs2_mobile_bay_regulargrid,MODEL,ngofs2_grid_865_996,noaa_ngofs2_mobile_bay_model,Mullet Point,0.75,30.42,-87.91999999999999,2.4181508833466974,shoreward_current,0.0007442429778166039,m/s,surface,0.0,standard_depth_positive_down,model_grid_or_not_applicable,MODEL_WET_GRID_NODE,,2026-10-06T21:00:00+00:00,2026-10-07T06:31:11.819952+00:00,2026-10-07T06:31:11.819952+00:00,UTC,2026-10-06T21:00:00+00:00,nowcast,6,https://opendap.co-ops.nos.noaa.gov/thredds/dodsC/NOAA/NGOFS2/MODELS/2026/10/06/ngofs2.t21z.20261006.regulargrid.n006.nc,0.0,a35efafd89c8c60821aa7c6740a638843fb330aba7b5d73879f8854f4678c3d5,ngofs2_regulargrid_v1
noaa_ngofs2_mobile_bay_regulargrid,MODEL,ngofs2_grid_865_996,noaa_ngofs2_mobile_bay_model,Mullet Point,0.75,30.42,-87.91999999999999,2.4181508833466974,water_temperature,29.416576385498047,degC,surface,0.0,standard_depth_positive_down,model_grid_or_not_applicable,MODEL_WET_GRID_NODE,,2026-10-06T21:00:00+00:00,2026-10-07T06:31:11.819952+00:00,2026-10-07T06:31:11.819952+00:00,UTC,2026-10-06T21:00:00+00:00,nowcast,6,https://opendap.co-ops.nos.noaa.gov/thredds/dodsC/NOAA/NGOFS2/MODELS/2026/10/06/ngofs2.t21z.20261006.regulargrid.n006.nc,0.0,a35efafd89c8c60821aa7c6740a638843fb330aba7b5d73879f8854f4678c3d5,ngofs2_regulargrid_v1
noaa_ngofs2_mobile_bay_regulargrid,MODEL,ngofs2_grid_865_996,noaa_ngofs2_mobile_bay_model,Mullet Point,0.75,30.42,-87.91999999999999,2.4181508833466974,salinity,20.960729598999023,PSU,surface,0.0,standard_depth_positive_down,model_grid_or_not_applicable,MODEL_WET_GRID_NODE,,2026-10-06T21:00:00+00:00,2026-10-07T06:31:11.819952+00:00,2026-10-07T06:31:11.819952+00:00,UTC,2026-10-06T21:00:00+00:00,nowcast,6,https://opendap.co-ops.nos.noaa.gov/thredds/dodsC/NOAA/NGOFS2/MODELS/2026/10/06/ngofs2.t21z.20261006.regulargrid.n006.nc,0.0,a35efafd89c8c60821aa7c6740a638843fb330aba7b5d73879f8854f4678c3d5,ngofs2_regulargrid_v1
noaa_ngofs2_mobile_bay_regulargrid,MODEL,ngofs2_grid_865_996,noaa_ngofs2_mobile_bay_model,Mullet Point,0.75,30.42,-87.91999999999999,2.4181508833466974,eastward_current,0.047137826681137085,m/s,bottom,2.0,standard_depth_positive_down,model_grid_or_not_applicable,MODEL_WET_GRID_NODE,,2026-10-06T21:00:00+00:00,2026-10-07T06:31:11.819952+00:00,2026-10-07T06:31:11.819952+00:00,UTC,2026-10-06T21:00:00+00:00,nowcast,6,https://opendap.co-ops.nos.noaa.gov/thredds/dodsC/NOAA/NGOFS2/MODELS/2026/10/06/ngofs2.t21z.20261006.regulargrid.n006.nc,0.0,a35efafd89c8c60821aa7c6740a638843fb330aba7b5d73879f8854f4678c3d5,ngofs2_regulargrid_v1
noaa_ngofs2_mobile_bay_regulargrid,MODEL,ngofs2_grid_865_996,noaa_ngofs2_mobile_bay_model,Mullet Point,0.75,30.42,-87.91999999999999,2.4181508833466974,northward_current,-0.04631808400154114,m/s,bottom,2.0,standard_depth_positive_down,model_grid_or_not_applicable,MODEL_WET_GRID_NODE,,2026-10-06T21:00:00+00:00,2026-10-07T06:31:11.819952+00:00,2026-10-07T06:31:11.819952+00:00,UTC,2026-10-06T21:00:00+00:00,nowcast,6,https://opendap.co-ops.nos.noaa.gov/thredds/dodsC/NOAA/NGOFS2/MODELS/2026/10/06/ngofs2.t21z.20261006.regulargrid.n006.nc,0.0,a35efafd89c8c60821aa7c6740a638843fb330aba7b5d73879f8854f4678c3d5,ngofs2_regulargrid_v1
noaa_ngofs2_mobile_bay_regulargrid,MODEL,ngofs2_grid_865_996,noaa_ngofs2_mobile_bay_model,Mullet Point,0.75,30.42,-87.91999999999999,2.4181508833466974,shoreward_current,0.047137826681137085,m/s,bottom,2.0,standard_depth_positive_down,model_grid_or_not_applicable,MODEL_WET_GRID_NODE,,2026-10-06T21:00:00+00:00,2026-10-07T06:31:11.819952+00:00,2026-10-07T06:31:11.819952+00:00,UTC,2026-10-06T21:00:00+00:00,nowcast,6,https://opendap.co-ops.nos.noaa.gov/thredds/dodsC/NOAA/NGOFS2/MODELS/2026/10/06/ngofs2.t21z.20261006.regulargrid.n006.nc,0.0,a35efafd89c8c60821aa7c6740a638843fb330aba7b5d73879f8854f4678c3d5,ngofs2_regulargrid_v1
noaa_ngofs2_mobile_bay_regulargrid,MODEL,ngofs2_grid_865_996,noaa_ngofs2_mobile_bay_model,Mullet Point,0.75,30.42,-87.91999999999999,2.4181508833466974,water_temperature,29.47496795654297,degC,bottom,2.0,standard_depth_positive_down,model_grid_or_not_applicable,MODEL_WET_GRID_NODE,,2026-10-06T21:00:00+00:00,2026-10-07T06:31:11.819952+00:00,2026-10-07T06:31:11.819952+00:00,UTC,2026-10-06T21:00:00+00:00,nowcast,6,https://opendap.co-ops.nos.noaa.gov/thredds/dodsC/NOAA/NGOFS2/MODELS/2026/10/06/ngofs2.t21z.20261006.regulargrid.n006.nc,0.0,a35efafd89c8c60821aa7c6740a638843fb330aba7b5d73879f8854f4678c3d5,ngofs2_regulargrid_v1
noaa_ngofs2_mobile_bay_regulargrid,MODEL,ngofs2_grid_865_996,noaa_ngofs2_mobile_bay_model,Mullet Point,0.75,30.42,-87.91999999999999,2.4181508833466974,salinity,22.011669158935547,PSU,bottom,2.0,standard_depth_positive_down,model_grid_or_not_applicable,MODEL_WET_GRID_NODE,,2026-10-06T21:00:00+00:00,2026-10-07T06:31:11.819952+00:00,2026-10-07T06:31:11.819952+00:00,UTC,2026-10-06T21:00:00+00:00,nowcast,6,https://opendap.co-ops.nos.noaa.gov/thredds/dodsC/NOAA/NGOFS2/MODELS/2026/10/06/ngofs2.t21z.20261006.regulargrid.n006.nc,0.0,a35efafd89c8c60821aa7c6740a638843fb330aba7b5d73879f8854f4678c3d5,ngofs2_regulargrid_v1
noaa_ngofs2_mobile_bay_regulargrid,MODEL,ngofs2_grid_865_996,noaa_ngofs2_mobile_bay_model,Mullet Point,0.75,30.42,-87.91999999999999,2.4181508833466974,water_surface_elevation,0.09972183406352997,m,surface,0.0,surface,model_mean_sea_level,MODEL_WET_GRID_NODE,,2026-10-06T21:00:00+00:00,2026-10-07T06:31:11.819952+00:00,2026-10-07T06:31:11.819952+00:00,UTC,2026-10-06T21:00:00+00:00,nowcast,6,https://opendap.co-ops.nos.noaa.gov/thredds/dodsC/NOAA/NGOFS2/MODELS/2026/10/06/ngofs2.t21z.20261006.regulargrid.n006.nc,0.0,a35efafd89c8c60821aa7c6740a638843fb330aba7b5d73879f8854f4678c3d5,ngofs2_regulargrid_v1
noaa_ngofs2_mobile_bay_regulargrid,MODEL,ngofs2_grid_865_995,noaa_ngofs2_mobile_bay_model,Mullet Point,1.5,30.42,-87.92999999999999,3.100659617984664,eastward_current,-0.02191329374909401,m/s,surface,0.0,standard_depth_positive_down,model_grid_or_not_applicable,MODEL_WET_GRID_NODE,,2026-10-06T21:00:00+00:00,2026-10-07T06:31:11.819952+00:00,2026-10-07T06:31:11.819952+00:00,UTC,2026-10-06T21:00:00+00:00,nowcast,6,https://opendap.co-ops.nos.noaa.gov/thredds/dodsC/NOAA/NGOFS2/MODELS/2026/10/06/ngofs2.t21z.20261006.regulargrid.n006.nc,0.0,a35efafd89c8c60821aa7c6740a638843fb330aba7b5d73879f8854f4678c3d5,ngofs2_regulargrid_v1
noaa_ngofs2_mobile_bay_regulargrid,MODEL,ngofs2_grid_865_995,noaa_ngofs2_mobile_bay_model,Mullet Point,1.5,30.42,-87.92999999999999,3.100659617984664,northward_current,-0.1735096424818039,m/s,surface,0.0,standard_depth_positive_down,model_grid_or_not_applicable,MODEL_WET_GRID_NODE,,2026-10-06T21:00:00+00:00,2026-10-07T06:31:11.819952+00:00,2026-10-07T06:31:11.819952+00:00,UTC,2026-10-06T21:00:00+00:00,nowcast,6,https://opendap.co-ops.nos.noaa.gov/thredds/dodsC/NOAA/NGOFS2/MODELS/2026/10/06/ngofs2.t21z.20261006.regulargrid.n006.nc,0.0,a35efafd89c8c60821aa7c6740a638843fb330aba7b5d73879f8854f4678c3d5,ngofs2_regulargrid_v1
noaa_ngofs2_mobile_bay_regulargrid,MODEL,ngofs2_grid_865_995,noaa_ngofs2_mobile_bay_model,Mullet Point,1.5,30.42,-87.92999999999999,3.100659617984664,shoreward_current,-0.02191329374909402,m/s,surface,0.0,standard_depth_positive_down,model_grid_or_not_applicable,MODEL_WET_GRID_NODE,,2026-10-06T21:00:00+00:00,2026-10-07T06:31:11.819952+00:00,2026-10-07T06:31:11.819952+00:00,UTC,2026-10-06T21:00:00+00:00,nowcast,6,https://opendap.co-ops.nos.noaa.gov/thredds/dodsC/NOAA/NGOFS2/MODELS/2026/10/06/ngofs2.t21z.20261006.regulargrid.n006.nc,0.0,a35efafd89c8c60821aa7c6740a638843fb330aba7b5d73879f8854f4678c3d5,ngofs2_regulargrid_v1
noaa_ngofs2_mobile_bay_regulargrid,MODEL,ngofs2_grid_865_995,noaa_ngofs2_mobile_bay_model,Mullet Point,1.5,30.42,-87.92999999999999,3.100659617984664,water_temperature,29.323514938354492,degC,surface,0.0,standard_depth_positive_down,model_grid_or_not_applicable,MODEL_WET_GRID_NODE,,2026-10-06T21:00:00+00:00,2026-10-07T06:31:11.819952+00:00,2026-10-07T06:31:11.819952+00:00,UTC,2026-10-06T21:00:00+00:00,nowcast,6,https://opendap.co-ops.nos.noaa.gov/thredds/dodsC/NOAA/NGOFS2/MODELS/2026/10/06/ngofs2.t21z.20261006.regulargrid.n006.nc,0.0,a35efafd89c8c60821aa7c6740a638843fb330aba7b5d73879f8854f4678c3d5,ngofs2_regulargrid_v1
noaa_ngofs2_mobile_bay_regulargrid,MODEL,ngofs2_grid_865_995,noaa_ngofs2_mobile_bay_model,Mullet Point,1.5,30.42,-87.92999999999999,3.100659617984664,salinity,20.852149963378906,PSU,surface,0.0,standard_depth_positive_down,model_grid_or_not_applicable,MODEL_WET_GRID_NODE,,2026-10-06T21:00:00+00:00,2026-10-07T06:31:11.819952+00:00,2026-10-07T06:31:11.819952+00:00,UTC,2026-10-06T21:00:00+00:00,nowcast,6,https://opendap.co-ops.nos.noaa.gov/thredds/dodsC/NOAA/NGOFS2/MODELS/2026/10/06/ngofs2.t21z.20261006.regulargrid.n006.nc,0.0,a35efafd89c8c60821aa7c6740a638843fb330aba7b5d73879f8854f4678c3d5,ngofs2_regulargrid_v1
noaa_ngofs2_mobile_bay_regulargrid,MODEL,ngofs2_grid_865_995,noaa_ngofs2_mobile_bay_model,Mullet Point,1.5,30.42,-87.92999999999999,3.100659617984664,eastward_current,0.06758427619934082,m/s,bottom,2.0,standard_depth_positive_down,model_grid_or_not_applicable,MODEL_WET_GRID_NODE,,2026-10-06T21:00:00+00:00,2026-10-07T06:31:11.819952+00:00,2026-10-07T06:31:11.819952+00:00,UTC,2026-10-06T21:00:00+00:00,nowcast,6,https://opendap.co-ops.nos.noaa.gov/thredds/dodsC/NOAA/NGOFS2/MODELS/2026/10/06/ngofs2.t21z.20261006.regulargrid.n006.nc,0.0,a35efafd89c8c60821aa7c6740a638843fb330aba7b5d73879f8854f4678c3d5,ngofs2_regulargrid_v1
noaa_ngofs2_mobile_bay_regulargrid,MODEL,ngofs2_grid_865_995,noaa_ngofs2_mobile_bay_model,Mullet Point,1.5,30.42,-87.92999999999999,3.100659617984664,northward_current,-0.07169657945632935,m/s,bottom,2.0,standard_depth_positive_down,model_grid_or_not_applicable,MODEL_WET_GRID_NODE,,2026-10-06T21:00:00+00:00,2026-10-07T06:31:11.819952+00:00,2026-10-07T06:31:11.819952+00:00,UTC,2026-10-06T21:00:00+00:00,nowcast,6,https://opendap.co-ops.nos.noaa.gov/thredds/dodsC/NOAA/NGOFS2/MODELS/2026/10/06/ngofs2.t21z.20261006.regulargrid.n006.nc,0.0,a35efafd89c8c60821aa7c6740a638843fb330aba7b5d73879f8854f4678c3d5,ngofs2_regulargrid_v1
noaa_ngofs2_mobile_bay_regulargrid,MODEL,ngofs2_grid_865_995,noaa_ngofs2_mobile_bay_model,Mullet Point,1.5,30.42,-87.92999999999999,3.100659617984664,shoreward_current,0.06758427619934082,m/s,bottom,2.0,standard_depth_positive_down,model_grid_or_not_applicable,MODEL_WET_GRID_NODE,,2026-10-06T21:00:00+00:00,2026-10-07T06:31:11.819952+00:00,2026-10-07T06:31:11.819952+00:00,UTC,2026-10-06T21:00:00+00:00,nowcast,6,https://opendap.co-ops.nos.noaa.gov/thredds/dodsC/NOAA/NGOFS2/MODELS/2026/10/06/ngofs2.t21z.20261006.regulargrid.n006.nc,0.0,a35efafd89c8c60821aa7c6740a638843fb330aba7b5d73879f8854f4678c3d5,ngofs2_regulargrid_v1
noaa_ngofs2_mobile_bay_regulargrid,MODEL,ngofs2_grid_865_995,noaa_ngofs2_mobile_bay_model,Mullet Point,1.5,30.42,-87.92999999999999,3.100659617984664,water_temperature,29.306753158569336,degC,bottom,2.0,standard_depth_positive_down,model_grid_or_not_applicable,MODEL_WET_GRID_NODE,,2026-10-06T21:00:00+00:00,2026-10-07T06:31:11.819952+00:00,2026-10-07T06:31:11.819952+00:00,UTC,2026-10-06T21:00:00+00:00,nowcast,6,https://opendap.co-ops.nos.noaa.gov/thredds/dodsC/NOAA/NGOFS2/MODELS/2026/10/06/ngofs2.t21z.20261006.regulargrid.n006.nc,0.0,a35efafd89c8c60821aa7c6740a638843fb330aba7b5d73879f8854f4678c3d5,ngofs2_regulargrid_v1
noaa_ngofs2_mobile_bay_regulargrid,MODEL,ngofs2_grid_865_995,noaa_ngofs2_mobile_bay_model,Mullet Point,1.5,30.42,-87.92999999999999,3.100659617984664,salinity,22.27131462097168,PSU,bottom,2.0,standard_depth_positive_down,model_grid_or_not_applicable,MODEL_WET_GRID_NODE,,2026-10-06T21:00:00+00:00,2026-10-07T06:31:11.819952+00:00,2026-10-07T06:31:11.819952+00:00,UTC,2026-10-06T21:00:00+00:00,nowcast,6,https://opendap.co-ops.nos.noaa.gov/thredds/dodsC/NOAA/NGOFS2/MODELS/2026/10/06/ngofs2.t21z.20261006.regulargrid.n006.nc,0.0,a35efafd89c8c60821aa7c6740a638843fb330aba7b5d73879f8854f4678c3d5,ngofs2_regulargrid_v1
noaa_ngofs2_mobile_bay_regulargrid,MODEL,ngofs2_grid_865_995,noaa_ngofs2_mobile_bay_model,Mullet Point,1.5,30.42,-87.92999999999999,3.100659617984664,water_surface_elevation,0.10234013944864273,m,surface,0.0,surface,model_mean_sea_level,MODEL_WET_GRID_NODE,,2026-10-06T21:00:00+00:00,2026-10-07T06:31:11.819952+00:00,2026-10-07T06:31:11.819952+00:00,UTC,2026-10-06T21:00:00+00:00,nowcast,6,https://opendap.co-ops.nos.noaa.gov/thredds/dodsC/NOAA/NGOFS2/MODELS/2026/10/06/ngofs2.t21z.20261006.regulargrid.n006.nc,0.0,a35efafd89c8c60821aa7c6740a638843fb330aba7b5d73879f8854f4678c3d5,ngofs2_regulargrid_v1
noaa_ngofs2_mobile_bay_regulargrid,MODEL,ngofs2_grid_865_994,noaa_ngofs2_mobile_bay_model,Mullet Point,3.0,30.42,-87.94,3.6294734668212425,eastward_current,-0.044893112033605576,m/s,surface,0.0,standard_depth_positive_down,model_grid_or_not_applicable,MODEL_WET_GRID_NODE,,2026-10-06T21:00:00+00:00,2026-10-07T06:31:11.819952+00:00,2026-10-07T06:31:11.819952+00:00,UTC,2026-10-06T21:00:00+00:00,nowcast,6,https://opendap.co-ops.nos.noaa.gov/thredds/dodsC/NOAA/NGOFS2/MODELS/2026/10/06/ngofs2.t21z.20261006.regulargrid.n006.nc,0.0,a35efafd89c8c60821aa7c6740a638843fb330aba7b5d73879f8854f4678c3d5,ngofs2_regulargrid_v1
noaa_ngofs2_mobile_bay_regulargrid,MODEL,ngofs2_grid_865_994,noaa_ngofs2_mobile_bay_model,Mullet Point,3.0,30.42,-87.94,3.6294734668212425,northward_current,-0.20175155997276306,m/s,surface,0.0,standard_depth_positive_down,model_grid_or_not_applicable,MODEL_WET_GRID_NODE,,2026-10-06T21:00:00+00:00,2026-10-07T06:31:11.819952+00:00,2026-10-07T06:31:11.819952+00:00,UTC,2026-10-06T21:00:00+00:00,nowcast,6,https://opendap.co-ops.nos.noaa.gov/thredds/dodsC/NOAA/NGOFS2/MODELS/2026/10/06/ngofs2.t21z.20261006.regulargrid.n006.nc,0.0,a35efafd89c8c60821aa7c6740a638843fb330aba7b5d73879f8854f4678c3d5,ngofs2_regulargrid_v1
noaa_ngofs2_mobile_bay_regulargrid,MODEL,ngofs2_grid_865_994,noaa_ngofs2_mobile_bay_model,Mullet Point,3.0,30.42,-87.94,3.6294734668212425,shoreward_current,-0.04489311203360559,m/s,surface,0.0,standard_depth_positive_down,model_grid_or_not_applicable,MODEL_WET_GRID_NODE,,2026-10-06T21:00:00+00:00,2026-10-07T06:31:11.819952+00:00,2026-10-07T06:31:11.819952+00:00,UTC,2026-10-06T21:00:00+00:00,nowcast,6,https://opendap.co-ops.nos.noaa.gov/thredds/dodsC/NOAA/NGOFS2/MODELS/2026/10/06/ngofs2.t21z.20261006.regulargrid.n006.nc,0.0,a35efafd89c8c60821aa7c6740a638843fb330aba7b5d73879f8854f4678c3d5,ngofs2_regulargrid_v1
noaa_ngofs2_mobile_bay_regulargrid,MODEL,ngofs2_grid_865_994,noaa_ngofs2_mobile_bay_model,Mullet Point,3.0,30.42,-87.94,3.6294734668212425,water_temperature,29.229976654052734,degC,surface,0.0,standard_depth_positive_down,model_grid_or_not_applicable,MODEL_WET_GRID_NODE,,2026-10-06T21:00:00+00:00,2026-10-07T06:31:11.819952+00:00,2026-10-07T06:31:11.819952+00:00,UTC,2026-10-06T21:00:00+00:00,nowcast,6,https://opendap.co-ops.nos.noaa.gov/thredds/dodsC/NOAA/NGOFS2/MODELS/2026/10/06/ngofs2.t21z.20261006.regulargrid.n006.nc,0.0,a35efafd89c8c60821aa7c6740a638843fb330aba7b5d73879f8854f4678c3d5,ngofs2_regulargrid_v1
noaa_ngofs2_mobile_bay_regulargrid,MODEL,ngofs2_grid_865_994,noaa_ngofs2_mobile_bay_model,Mullet Point,3.0,30.42,-87.94,3.6294734668212425,salinity,19.799352645874023,PSU,surface,0.0,standard_depth_positive_down,model_grid_or_not_applicable,MODEL_WET_GRID_NODE,,2026-10-06T21:00:00+00:00,2026-10-07T06:31:11.819952+00:00,2026-10-07T06:31:11.819952+00:00,UTC,2026-10-06T21:00:00+00:00,nowcast,6,https://opendap.co-ops.nos.noaa.gov/thredds/dodsC/NOAA/NGOFS2/MODELS/2026/10/06/ngofs2.t21z.20261006.regulargrid.n006.nc,0.0,a35efafd89c8c60821aa7c6740a638843fb330aba7b5d73879f8854f4678c3d5,ngofs2_regulargrid_v1
noaa_ngofs2_mobile_bay_regulargrid,MODEL,ngofs2_grid_865_994,noaa_ngofs2_mobile_bay_model,Mullet Point,3.0,30.42,-87.94,3.6294734668212425,eastward_current,0.045426324009895325,m/s,bottom,2.0,standard_depth_positive_down,model_grid_or_not_applicable,MODEL_WET_GRID_NODE,,2026-10-06T21:00:00+00:00,2026-10-07T06:31:11.819952+00:00,2026-10-07T06:31:11.819952+00:00,UTC,2026-10-06T21:00:00+00:00,nowcast,6,https://opendap.co-ops.nos.noaa.gov/thredds/dodsC/NOAA/NGOFS2/MODELS/2026/10/06/ngofs2.t21z.20261006.regulargrid.n006.nc,0.0,a35efafd89c8c60821aa7c6740a638843fb330aba7b5d73879f8854f4678c3d5,ngofs2_regulargrid_v1
noaa_ngofs2_mobile_bay_regulargrid,MODEL,ngofs2_grid_865_994,noaa_ngofs2_mobile_bay_model,Mullet Point,3.0,30.42,-87.94,3.6294734668212425,northward_current,-0.1053856909275055,m/s,bottom,2.0,standard_depth_positive_down,model_grid_or_not_applicable,MODEL_WET_GRID_NODE,,2026-10-06T21:00:00+00:00,2026-10-07T06:31:11.819952+00:00,2026-10-07T06:31:11.819952+00:00,UTC,2026-10-06T21:00:00+00:00,nowcast,6,https://opendap.co-ops.nos.noaa.gov/thredds/dodsC/NOAA/NGOFS2/MODELS/2026/10/06/ngofs2.t21z.20261006.regulargrid.n006.nc,0.0,a35efafd89c8c60821aa7c6740a638843fb330aba7b5d73879f8854f4678c3d5,ngofs2_regulargrid_v1
noaa_ngofs2_mobile_bay_regulargrid,MODEL,ngofs2_grid_865_994,noaa_ngofs2_mobile_bay_model,Mullet Point,3.0,30.42,-87.94,3.6294734668212425,shoreward_current,0.04542632400989532,m/s,bottom,2.0,standard_depth_positive_down,model_grid_or_not_applicable,MODEL_WET_GRID_NODE,,2026-10-06T21:00:00+00:00,2026-10-07T06:31:11.819952+00:00,2026-10-07T06:31:11.819952+00:00,UTC,2026-10-06T21:00:00+00:00,nowcast,6,https://opendap.co-ops.nos.noaa.gov/thredds/dodsC/NOAA/NGOFS2/MODELS/2026/10/06/ngofs2.t21z.20261006.regulargrid.n006.nc,0.0,a35efafd89c8c60821aa7c6740a638843fb330aba7b5d73879f8854f4678c3d5,ngofs2_regulargrid_v1
noaa_ngofs2_mobile_bay_regulargrid,MODEL,ngofs2_grid_865_994,noaa_ngofs2_mobile_bay_model,Mullet Point,3.0,30.42,-87.94,3.6294734668212425,water_temperature,29.204896926879883,degC,bottom,2.0,standard_depth_positive_down,model_grid_or_not_applicable,MODEL_WET_GRID_NODE,,2026-10-06T21:00:00+00:00,2026-10-07T06:31:11.819952+00:00,2026-10-07T06:31:11.819952+00:00,UTC,2026-10-06T21:00:00+00:00,nowcast,6,https://opendap.co-ops.nos.noaa.gov/thredds/dodsC/NOAA/NGOFS2/MODELS/2026/10/06/ngofs2.t21z.20261006.regulargrid.n006.nc,0.0,a35efafd89c8c60821aa7c6740a638843fb330aba7b5d73879f8854f4678c3d5,ngofs2_regulargrid_v1
noaa_ngofs2_mobile_bay_regulargrid,MODEL,ngofs2_grid_865_994,noaa_ngofs2_mobile_bay_model,Mullet Point,3.0,30.42,-87.94,3.6294734668212425,salinity,21.125194549560547,PSU,bottom,2.0,standard_depth_positive_down,model_grid_or_not_applicable,MODEL_WET_GRID_NODE,,2026-10-06T21:00:00+00:00,2026-10-07T06:31:11.819952+00:00,2026-10-07T06:31:11.819952+00:00,UTC,2026-10-06T21:00:00+00:00,nowcast,6,https://opendap.co-ops.nos.noaa.gov/thredds/dodsC/NOAA/NGOFS2/MODELS/2026/10/06/ngofs2.t21z.20261006.regulargrid.n006.nc,0.0,a35efafd89c8c60821aa7c6740a638843fb330aba7b5d73879f8854f4678c3d5,ngofs2_regulargrid_v1
noaa_ngofs2_mobile_bay_regulargrid,MODEL,ngofs2_grid_865_994,noaa_ngofs2_mobile_bay_model,Mullet Point,3.0,30.42,-87.94,3.6294734668212425,water_surface_elevation,0.10577744245529175,m,surface,0.0,surface,model_mean_sea_level,MODEL_WET_GRID_NODE,,2026-10-06T21:00:00+00:00,2026-10-07T06:31:11.819952+00:00,2026-10-07T06:31:11.819952+00:00,UTC,2026-10-06T21:00:00+00:00,nowcast,6,https://opendap.co-ops.nos.noaa.gov/thredds/dodsC/NOAA/NGOFS2/MODELS/2026/10/06/ngofs2.t21z.20261006.regulargrid.n006.nc,0.0,a35efafd89c8c60821aa7c6740a638843fb330aba7b5d73879f8854f4678c3d5,ngofs2_regulargrid_v1
noaa_ngofs2_mobile_bay_regulargrid,MODEL,ngofs2_grid_883_996,noaa_ngofs2_mobile_bay_model,Daphne/May Day,0.25,30.6,-87.91999999999999,2.2672366437253064,eastward_current,-0.011279194615781307,m/s,surface,0.0,standard_depth_positive_down,model_grid_or_not_applicable,MODEL_WET_GRID_NODE,,2026-10-06T21:00:00+00:00,2026-10-07T06:31:11.819952+00:00,2026-10-07T06:31:11.819952+00:00,UTC,2026-10-06T21:00:00+00:00,forecast,0,https://opendap.co-ops.nos.noaa.gov/thredds/dodsC/NOAA/NGOFS2/MODELS/2026/10/06/ngofs2.t21z.20261006.regulargrid.f000.nc,0.0,a35efafd89c8c60821aa7c6740a638843fb330aba7b5d73879f8854f4678c3d5,ngofs2_regulargrid_v1
noaa_ngofs2_mobile_bay_regulargrid,MODEL,ngofs2_grid_883_996,noaa_ngofs2_mobile_bay_model,Daphne/May Day,0.25,30.6,-87.91999999999999,2.2672366437253064,northward_current,-0.058102648705244064,m/s,surface,0.0,standard_depth_positive_down,model_grid_or_not_applicable,MODEL_WET_GRID_NODE,,2026-10-06T21:00:00+00:00,2026-10-07T06:31:11.819952+00:00,2026-10-07T06:31:11.819952+00:00,UTC,2026-10-06T21:00:00+00:00,forecast,0,https://opendap.co-ops.nos.noaa.gov/thredds/dodsC/NOAA/NGOFS2/MODELS/2026/10/06/ngofs2.t21z.20261006.regulargrid.f000.nc,0.0,a35efafd89c8c60821aa7c6740a638843fb330aba7b5d73879f8854f4678c3d5,ngofs2_regulargrid_v1
noaa_ngofs2_mobile_bay_regulargrid,MODEL,ngofs2_grid_883_996,noaa_ngofs2_mobile_bay_model,Daphne/May Day,0.25,30.6,-87.91999999999999,2.2672366437253064,shoreward_current,-0.01127919461578131,m/s,surface,0.0,standard_depth_positive_down,model_grid_or_not_applicable,MODEL_WET_GRID_NODE,,2026-10-06T21:00:00+00:00,2026-10-07T06:31:11.819952+00:00,2026-10-07T06:31:11.819952+00:00,UTC,2026-10-06T21:00:00+00:00,forecast,0,https://opendap.co-ops.nos.noaa.gov/thredds/dodsC/NOAA/NGOFS2/MODELS/2026/10/06/ngofs2.t21z.20261006.regulargrid.f000.nc,0.0,a35efafd89c8c60821aa7c6740a638843fb330aba7b5d73879f8854f4678c3d5,ngofs2_regulargrid_v1
noaa_ngofs2_mobile_bay_regulargrid,MODEL,ngofs2_grid_883_996,noaa_ngofs2_mobile_bay_model,Daphne/May Day,0.25,30.6,-87.91999999999999,2.2672366437253064,water_temperature,29.426912307739258,degC,surface,0.0,standard_depth_positive_down,model_grid_or_not_applicable,MODEL_WET_GRID_NODE,,2026-10-06T21:00:00+00:00,2026-10-07T06:31:11.819952+00:00,2026-10-07T06:31:11.819952+00:00,UTC,2026-10-06T21:00:00+00:00,forecast,0,https://opendap.co-ops.nos.noaa.gov/thredds/dodsC/NOAA/NGOFS2/MODELS/2026/10/06/ngofs2.t21z.20261006.regulargrid.f000.nc,0.0,a35efafd89c8c60821aa7c6740a638843fb330aba7b5d73879f8854f4678c3d5,ngofs2_regulargrid_v1
noaa_ngofs2_mobile_bay_regulargrid,MODEL,ngofs2_grid_883_996,noaa_ngofs2_mobile_bay_model,Daphne/May Day,0.25,30.6,-87.91999999999999,2.2672366437253064,salinity,9.6442232131958,PSU,surface,0.0,standard_depth_positive_down,model_grid_or_not_applicable,MODEL_WET_GRID_NODE,,2026-10-06T21:00:00+00:00,2026-10-07T06:31:11.819952+00:00,2026-10-07T06:31:11.819952+00:00,UTC,2026-10-06T21:00:00+00:00,forecast,0,https://opendap.co-ops.nos.noaa.gov/thredds/dodsC/NOAA/NGOFS2/MODELS/2026/10/06/ngofs2.t21z.20261006.regulargrid.f000.nc,0.0,a35efafd89c8c60821aa7c6740a638843fb330aba7b5d73879f8854f4678c3d5,ngofs2_regulargrid_v1
noaa_ngofs2_mobile_bay_regulargrid,MODEL,ngofs2_grid_883_996,noaa_ngofs2_mobile_bay_model,Daphne/May Day,0.25,30.6,-87.91999999999999,2.2672366437253064,eastward_current,0.04188878461718559,m/s,bottom,2.0,standard_depth_positive_down,model_grid_or_not_applicable,MODEL_WET_GRID_NODE,,2026-10-06T21:00:00+00:00,2026-10-07T06:31:11.819952+00:00,2026-10-07T06:31:11.819952+00:00,UTC,2026-10-06T21:00:00+00:00,forecast,0,https://opendap.co-ops.nos.noaa.gov/thredds/dodsC/NOAA/NGOFS2/MODELS/2026/10/06/ngofs2.t21z.20261006.regulargrid.f000.nc,0.0,a35efafd89c8c60821aa7c6740a638843fb330aba7b5d73879f8854f4678c3d5,ngofs2_regulargrid_v1
noaa_ngofs2_mobile_bay_regulargrid,MODEL,ngofs2_grid_883_996,noaa_ngofs2_mobile_bay_model,Daphne/May Day,0.25,30.6,-87.91999999999999,2.2672366437253064,northward_current,0.022204920649528503,m/s,bottom,2.0,standard_depth_positive_down,model_grid_or_not_applicable,MODEL_WET_GRID_NODE,,2026-10-06T21:00:00+00:00,2026-10-07T06:31:11.819952+00:00,2026-10-07T06:31:11.819952+00:00,UTC,2026-10-06T21:00:00+00:00,forecast,0,https://opendap.co-ops.nos.noaa.gov/thredds/dodsC/NOAA/NGOFS2/MODELS/2026/10/06/ngofs2.t21z.20261006.regulargrid.f000.nc,0.0,a35efafd89c8c60821aa7c6740a638843fb330aba7b5d73879f8854f4678c3d5,ngofs2_regulargrid_v1
noaa_ngofs2_mobile_bay_regulargrid,MODEL,ngofs2_grid_883_996,noaa_ngofs2_mobile_bay_model,Daphne/May Day,0.25,30.6,-87.91999999999999,2.2672366437253064,shoreward_current,0.04188878461718559,m/s,bottom,2.0,standard_depth_positive_down,model_grid_or_not_applicable,MODEL_WET_GRID_NODE,,2026-10-06T21:00:00+00:00,2026-10-07T06:31:11.819952+00:00,2026-10-07T06:31:11.819952+00:00,UTC,2026-10-06T21:00:00+00:00,forecast,0,https://opendap.co-ops.nos.noaa.gov/thredds/dodsC/NOAA/NGOFS2/MODELS/2026/10/06/ngofs2.t21z.20261006.regulargrid.f000.nc,0.0,a35efafd89c8c60821aa7c6740a638843fb330aba7b5d73879f8854f4678c3d5,ngofs2_regulargrid_v1
noaa_ngofs2_mobile_bay_regulargrid,MODEL,ngofs2_grid_883_996,noaa_ngofs2_mobile_bay_model,Daphne/May Day,0.25,30.6,-87.91999999999999,2.2672366437253064,water_temperature,29.780366897583008,degC,bottom,2.0,standard_depth_positive_down,model_grid_or_not_applicable,MODEL_WET_GRID_NODE,,2026-10-06T21:00:00+00:00,2026-10-07T06:31:11.819952+00:00,2026-10-07T06:31:11.819952+00:00,UTC,2026-10-06T21:00:00+00:00,forecast,0,https://opendap.co-ops.nos.noaa.gov/thredds/dodsC/NOAA/NGOFS2/MODELS/2026/10/06/ngofs2.t21z.20261006.regulargrid.f000.nc,0.0,a35efafd89c8c60821aa7c6740a638843fb330aba7b5d73879f8854f4678c3d5,ngofs2_regulargrid_v1
noaa_ngofs2_mobile_bay_regulargrid,MODEL,ngofs2_grid_883_996,noaa_ngofs2_mobile_bay_model,Daphne/May Day,0.25,30.6,-87.91999999999999,2.2672366437253064,salinity,10.821693420410156,PSU,bottom,2.0,standard_depth_positive_down,model_grid_or_not_applicable,MODEL_WET_GRID_NODE,,2026-10-06T21:00:00+00:00,2026-10-07T06:31:11.819952+00:00,2026-10-07T06:31:11.819952+00:00,UTC,2026-10-06T21:00:00+00:00,forecast,0,https://opendap.co-ops.nos.noaa.gov/thredds/dodsC/NOAA/NGOFS2/MODELS/2026/10/06/ngofs2.t21z.20261006.regulargrid.f000.nc,0.0,a35efafd89c8c60821aa7c6740a638843fb330aba7b5d73879f8854f4678c3d5,ngofs2_regulargrid_v1
noaa_ngofs2_mobile_bay_regulargrid,MODEL,ngofs2_grid_883_996,noaa_ngofs2_mobile_bay_model,Daphne/May Day,0.25,30.6,-87.91999999999999,2.2672366437253064,water_surface_elevation,0.08374986052513123,m,surface,0.0,surface,model_mean_sea_level,MODEL_WET_GRID_NODE,,2026-10-06T21:00:00+00:00,2026-10-07T06:31:11.819952+00:00,2026-10-07T06:31:11.819952+00:00,UTC,2026-10-06T21:00:00+00:00,forecast,0,https://opendap.co-ops.nos.noaa.gov/thredds/dodsC/NOAA/NGOFS2/MODELS/2026/10/06/ngofs2.t21z.20261006.regulargrid.f000.nc,0.0,a35efafd89c8c60821aa7c6740a638843fb330aba7b5d73879f8854f4678c3d5,ngofs2_regulargrid_v1
noaa_ngofs2_mobile_bay_regulargrid,MODEL,ngofs2_grid_883_995,noaa_ngofs2_mobile_bay_model,Daphne/May Day,0.75,30.6,-87.92999999999999,2.3878223836243047,eastward_current,-0.023314790800213814,m/s,surface,0.0,standard_depth_positive_down,model_grid_or_not_applicable,MODEL_WET_GRID_NODE,,2026-10-06T21:00:00+00:00,2026-10-07T06:31:11.819952+00:00,2026-10-07T06:31:11.819952+00:00,UTC,2026-10-06T21:00:00+00:00,forecast,0,https://opendap.co-ops.nos.noaa.gov/thredds/dodsC/NOAA/NGOFS2/MODELS/2026/10/06/ngofs2.t21z.20261006.regulargrid.f000.nc,0.0,a35efafd89c8c60821aa7c6740a638843fb330aba7b5d73879f8854f4678c3d5,ngofs2_regulargrid_v1
noaa_ngofs2_mobile_bay_regulargrid,MODEL,ngofs2_grid_883_995,noaa_ngofs2_mobile_bay_model,Daphne/May Day,0.75,30.6,-87.92999999999999,2.3878223836243047,northward_current,-0.09851937741041183,m/s,surface,0.0,standard_depth_positive_down,model_grid_or_not_applicable,MODEL_WET_GRID_NODE,,2026-10-06T21:00:00+00:00,2026-10-07T06:31:11.819952+00:00,2026-10-07T06:31:11.819952+00:00,UTC,2026-10-06T21:00:00+00:00,forecast,0,https://opendap.co-ops.nos.noaa.gov/thredds/dodsC/NOAA/NGOFS2/MODELS/2026/10/06/ngofs2.t21z.20261006.regulargrid.f000.nc,0.0,a35efafd89c8c60821aa7c6740a638843fb330aba7b5d73879f8854f4678c3d5,ngofs2_regulargrid_v1
noaa_ngofs2_mobile_bay_regulargrid,MODEL,ngofs2_grid_883_995,noaa_ngofs2_mobile_bay_model,Daphne/May Day,0.75,30.6,-87.92999999999999,2.3878223836243047,shoreward_current,-0.02331479080021382,m/s,surface,0.0,standard_depth_positive_down,model_grid_or_not_applicable,MODEL_WET_GRID_NODE,,2026-10-06T21:00:00+00:00,2026-10-07T06:31:11.819952+00:00,2026-10-07T06:31:11.819952+00:00,UTC,2026-10-06T21:00:00+00:00,forecast,0,https://opendap.co-ops.nos.noaa.gov/thredds/dodsC/NOAA/NGOFS2/MODELS/2026/10/06/ngofs2.t21z.20261006.regulargrid.f000.nc,0.0,a35efafd89c8c60821aa7c6740a638843fb330aba7b5d73879f8854f4678c3d5,ngofs2_regulargrid_v1
noaa_ngofs2_mobile_bay_regulargrid,MODEL,ngofs2_grid_883_995,noaa_ngofs2_mobile_bay_model,Daphne/May Day,0.75,30.6,-87.92999999999999,2.3878223836243047,water_temperature,29.28306770324707,degC,surface,0.0,standard_depth_positive_down,model_grid_or_not_applicable,MODEL_WET_GRID_NODE,,2026-10-06T21:00:00+00:00,2026-10-07T06:31:11.819952+00:00,2026-10-07T06:31:11.819952+00:00,UTC,2026-10-06T21:00:00+00:00,forecast,0,https://opendap.co-ops.nos.noaa.gov/thredds/dodsC/NOAA/NGOFS2/MODELS/2026/10/06/ngofs2.t21z.20261006.regulargrid.f000.nc,0.0,a35efafd89c8c60821aa7c6740a638843fb330aba7b5d73879f8854f4678c3d5,ngofs2_regulargrid_v1
noaa_ngofs2_mobile_bay_regulargrid,MODEL,ngofs2_grid_883_995,noaa_ngofs2_mobile_bay_model,Daphne/May Day,0.75,30.6,-87.92999999999999,2.3878223836243047,salinity,8.52994155883789,PSU,surface,0.0,standard_depth_positive_down,model_grid_or_not_applicable,MODEL_WET_GRID_NODE,,2026-10-06T21:00:00+00:00,2026-10-07T06:31:11.819952+00:00,2026-10-07T06:31:11.819952+00:00,UTC,2026-10-06T21:00:00+00:00,forecast,0,https://opendap.co-ops.nos.noaa.gov/thredds/dodsC/NOAA/NGOFS2/MODELS/2026/10/06/ngofs2.t21z.20261006.regulargrid.f000.nc,0.0,a35efafd89c8c60821aa7c6740a638843fb330aba7b5d73879f8854f4678c3d5,ngofs2_regulargrid_v1
noaa_ngofs2_mobile_bay_regulargrid,MODEL,ngofs2_grid_883_995,noaa_ngofs2_mobile_bay_model,Daphne/May Day,0.75,30.6,-87.92999999999999,2.3878223836243047,eastward_current,0.049011487513780594,m/s,bottom,2.0,standard_depth_positive_down,model_grid_or_not_applicable,MODEL_WET_GRID_NODE,,2026-10-06T21:00:00+00:00,2026-10-07T06:31:11.819952+00:00,2026-10-07T06:31:11.819952+00:00,UTC,2026-10-06T21:00:00+00:00,forecast,0,https://opendap.co-ops.nos.noaa.gov/thredds/dodsC/NOAA/NGOFS2/MODELS/2026/10/06/ngofs2.t21z.20261006.regulargrid.f000.nc,0.0,a35efafd89c8c60821aa7c6740a638843fb330aba7b5d73879f8854f4678c3d5,ngofs2_regulargrid_v1
noaa_ngofs2_mobile_bay_regulargrid,MODEL,ngofs2_grid_883_995,noaa_ngofs2_mobile_bay_model,Daphne/May Day,0.75,30.6,-87.92999999999999,2.3878223836243047,northward_current,0.031008746474981308,m/s,bottom,2.0,standard_depth_positive_down,model_grid_or_not_applicable,MODEL_WET_GRID_NODE,,2026-10-06T21:00:00+00:00,2026-10-07T06:31:11.819952+00:00,2026-10-07T06:31:11.819952+00:00,UTC,2026-10-06T21:00:00+00:00,forecast,0,https://opendap.co-ops.nos.noaa.gov/thredds/dodsC/NOAA/NGOFS2/MODELS/2026/10/06/ngofs2.t21z.20261006.regulargrid.f000.nc,0.0,a35efafd89c8c60821aa7c6740a638843fb330aba7b5d73879f8854f4678c3d5,ngofs2_regulargrid_v1
noaa_ngofs2_mobile_bay_regulargrid,MODEL,ngofs2_grid_883_995,noaa_ngofs2_mobile_bay_model,Daphne/May Day,0.75,30.6,-87.92999999999999,2.3878223836243047,shoreward_current,0.049011487513780594,m/s,bottom,2.0,standard_depth_positive_down,model_grid_or_not_applicable,MODEL_WET_GRID_NODE,,2026-10-06T21:00:00+00:00,2026-10-07T06:31:11.819952+00:00,2026-10-07T06:31:11.819952+00:00,UTC,2026-10-06T21:00:00+00:00,forecast,0,https://opendap.co-ops.nos.noaa.gov/thredds/dodsC/NOAA/NGOFS2/MODELS/2026/10/06/ngofs2.t21z.20261006.regulargrid.f000.nc,0.0,a35efafd89c8c60821aa7c6740a638843fb330aba7b5d73879f8854f4678c3d5,ngofs2_regulargrid_v1
noaa_ngofs2_mobile_bay_regulargrid,MODEL,ngofs2_grid_883_995,noaa_ngofs2_mobile_bay_model,Daphne/May Day,0.75,30.6,-87.92999999999999,2.3878223836243047,water_temperature,29.678394317626953,degC,bottom,2.0,standard_depth_positive_down,model_grid_or_not_applicable,MODEL_WET_GRID_NODE,,2026-10-06T21:00:00+00:00,2026-10-07T06:31:11.819952+00:00,2026-10-07T06:31:11.819952+00:00,UTC,2026-10-06T21:00:00+00:00,forecast,0,https://opendap.co-ops.nos.noaa.gov/thredds/dodsC/NOAA/NGOFS2/MODELS/2026/10/06/ngofs2.t21z.20261006.regulargrid.f000.nc,0.0,a35efafd89c8c60821aa7c6740a638843fb330aba7b5d73879f8854f4678c3d5,ngofs2_regulargrid_v1
noaa_ngofs2_mobile_bay_regulargrid,MODEL,ngofs2_grid_883_995,noaa_ngofs2_mobile_bay_model,Daphne/May Day,0.75,30.6,-87.92999999999999,2.3878223836243047,salinity,10.945487022399902,PSU,bottom,2.0,standard_depth_positive_down,model_grid_or_not_applicable,MODEL_WET_GRID_NODE,,2026-10-06T21:00:00+00:00,2026-10-07T06:31:11.819952+00:00,2026-10-07T06:31:11.819952+00:00,UTC,2026-10-06T21:00:00+00:00,forecast,0,https://opendap.co-ops.nos.noaa.gov/thredds/dodsC/NOAA/NGOFS2/MODELS/2026/10/06/ngofs2.t21z.20261006.regulargrid.f000.nc,0.0,a35efafd89c8c60821aa7c6740a638843fb330aba7b5d73879f8854f4678c3d5,ngofs2_regulargrid_v1
noaa_ngofs2_mobile_bay_regulargrid,MODEL,ngofs2_grid_883_995,noaa_ngofs2_mobile_bay_model,Daphne/May Day,0.75,30.6,-87.92999999999999,2.3878223836243047,water_surface_elevation,0.0869973823428154,m,surface,0.0,surface,model_mean_sea_level,MODEL_WET_GRID_NODE,,2026-10-06T21:00:00+00:00,2026-10-07T06:31:11.819952+00:00,2026-10-07T06:31:11.819952+00:00,UTC,2026-10-06T21:00:00+00:00,forecast,0,https://opendap.co-ops.nos.noaa.gov/thredds/dodsC/NOAA/NGOFS2/MODELS/2026/10/06/ngofs2.t21z.20261006.regulargrid.f000.nc,0.0,a35efafd89c8c60821aa7c6740a638843fb330aba7b5d73879f8854f4678c3d5,ngofs2_regulargrid_v1
noaa_ngofs2_mobile_bay_regulargrid,MODEL,ngofs2_grid_882_995,noaa_ngofs2_mobile_bay_model,Daphne/May Day,1.5,30.59,-87.92999999999999,2.7600579039603113,eastward_current,-0.020474078133702278,m/s,surface,0.0,standard_depth_positive_down,model_grid_or_not_applicable,MODEL_WET_GRID_NODE,,2026-10-06T21:00:00+00:00,2026-10-07T06:31:11.819952+00:00,2026-10-07T06:31:11.819952+00:00,UTC,2026-10-06T21:00:00+00:00,forecast,0,https://opendap.co-ops.nos.noaa.gov/thredds/dodsC/NOAA/NGOFS2/MODELS/2026/10/06/ngofs2.t21z.20261006.regulargrid.f000.nc,0.0,a35efafd89c8c60821aa7c6740a638843fb330aba7b5d73879f8854f4678c3d5,ngofs2_regulargrid_v1
noaa_ngofs2_mobile_bay_regulargrid,MODEL,ngofs2_grid_882_995,noaa_ngofs2_mobile_bay_model,Daphne/May Day,1.5,30.59,-87.92999999999999,2.7600579039603113,northward_current,-0.11630720645189285,m/s,surface,0.0,standard_depth_positive_down,model_grid_or_not_applicable,MODEL_WET_GRID_NODE,,2026-10-06T21:00:00+00:00,2026-10-07T06:31:11.819952+00:00,2026-10-07T06:31:11.819952+00:00,UTC,2026-10-06T21:00:00+00:00,forecast,0,https://opendap.co-ops.nos.noaa.gov/thredds/dodsC/NOAA/NGOFS2/MODELS/2026/10/06/ngofs2.t21z.20261006.regulargrid.f000.nc,0.0,a35efafd89c8c60821aa7c6740a638843fb330aba7b5d73879f8854f4678c3d5,ngofs2_regulargrid_v1
noaa_ngofs2_mobile_bay_regulargrid,MODEL,ngofs2_grid_882_995,noaa_ngofs2_mobile_bay_model,Daphne/May Day,1.5,30.59,-87.92999999999999,2.7600579039603113,shoreward_current,-0.020474078133702285,m/s,surface,0.0,standard_depth_positive_down,model_grid_or_not_applicable,MODEL_WET_GRID_NODE,,2026-10-06T21:00:00+00:00,2026-10-07T06:31:11.819952+00:00,2026-10-07T06:31:11.819952+00:00,UTC,2026-10-06T21:00:00+00:00,forecast,0,https://opendap.co-ops.nos.noaa.gov/thredds/dodsC/NOAA/NGOFS2/MODELS/2026/10/06/ngofs2.t21z.20261006.regulargrid.f000.nc,0.0,a35efafd89c8c60821aa7c6740a638843fb330aba7b5d73879f8854f4678c3d5,ngofs2_regulargrid_v1
noaa_ngofs2_mobile_bay_regulargrid,MODEL,ngofs2_grid_882_995,noaa_ngofs2_mobile_bay_model,Daphne/May Day,1.5,30.59,-87.92999999999999,2.7600579039603113,water_temperature,29.354982376098633,degC,surface,0.0,standard_depth_positive_down,model_grid_or_not_applicable,MODEL_WET_GRID_NODE,,2026-10-06T21:00:00+00:00,2026-10-07T06:31:11.819952+00:00,2026-10-07T06:31:11.819952+00:00,UTC,2026-10-06T21:00:00+00:00,forecast,0,https://opendap.co-ops.nos.noaa.gov/thredds/dodsC/NOAA/NGOFS2/MODELS/2026/10/06/ngofs2.t21z.20261006.regulargrid.f000.nc,0.0,a35efafd89c8c60821aa7c6740a638843fb330aba7b5d73879f8854f4678c3d5,ngofs2_regulargrid_v1
noaa_ngofs2_mobile_bay_regulargrid,MODEL,ngofs2_grid_882_995,noaa_ngofs2_mobile_bay_model,Daphne/May Day,1.5,30.59,-87.92999999999999,2.7600579039603113,salinity,9.169286727905273,PSU,surface,0.0,standard_depth_positive_down,model_grid_or_not_applicable,MODEL_WET_GRID_NODE,,2026-10-06T21:00:00+00:00,2026-10-07T06:31:11.819952+00:00,2026-10-07T06:31:11.819952+00:00,UTC,2026-10-06T21:00:00+00:00,forecast,0,https://opendap.co-ops.nos.noaa.gov/thredds/dodsC/NOAA/NGOFS2/MODELS/2026/10/06/ngofs2.t21z.20261006.regulargrid.f000.nc,0.0,a35efafd89c8c60821aa7c6740a638843fb330aba7b5d73879f8854f4678c3d5,ngofs2_regulargrid_v1
noaa_ngofs2_mobile_bay_regulargrid,MODEL,ngofs2_grid_882_995,noaa_ngofs2_mobile_bay_model,Daphne/May Day,1.5,30.59,-87.92999999999999,2.7600579039603113,eastward_current,0.09168229252099991,m/s,bottom,2.0,standard_depth_positive_down,model_grid_or_not_applicable,MODEL_WET_GRID_NODE,,2026-10-06T21:00:00+00:00,2026-10-07T06:31:11.819952+00:00,2026-10-07T06:31:11.819952+00:00,UTC,2026-10-06T21:00:00+00:00,forecast,0,https://opendap.co-ops.nos.noaa.gov/thredds/dodsC/NOAA/NGOFS2/MODELS/2026/10/06/ngofs2.t21z.20261006.regulargrid.f000.nc,0.0,a35efafd89c8c60821aa7c6740a638843fb330aba7b5d73879f8854f4678c3d5,ngofs2_regulargrid_v1
noaa_ngofs2_mobile_bay_regulargrid,MODEL,ngofs2_grid_882_995,noaa_ngofs2_mobile_bay_model,Daphne/May Day,1.5,30.59,-87.92999999999999,2.7600579039603113,northward_current,0.027603115886449814,m/s,bottom,2.0,standard_depth_positive_down,model_grid_or_not_applicable,MODEL_WET_GRID_NODE,,2026-10-06T21:00:00+00:00,2026-10-07T06:31:11.819952+00:00,2026-10-07T06:31:11.819952+00:00,UTC,2026-10-06T21:00:00+00:00,forecast,0,https://opendap.co-ops.nos.noaa.gov/thredds/dodsC/NOAA/NGOFS2/MODELS/2026/10/06/ngofs2.t21z.20261006.regulargrid.f000.nc,0.0,a35efafd89c8c60821aa7c6740a638843fb330aba7b5d73879f8854f4678c3d5,ngofs2_regulargrid_v1
noaa_ngofs2_mobile_bay_regulargrid,MODEL,ngofs2_grid_882_995,noaa_ngofs2_mobile_bay_model,Daphne/May Day,1.5,30.59,-87.92999999999999,2.7600579039603113,shoreward_current,0.09168229252099991,m/s,bottom,2.0,standard_depth_positive_down,model_grid_or_not_applicable,MODEL_WET_GRID_NODE,,2026-10-06T21:00:00+00:00,2026-10-07T06:31:11.819952+00:00,2026-10-07T06:31:11.819952+00:00,UTC,2026-10-06T21:00:00+00:00,forecast,0,https://opendap.co-ops.nos.noaa.gov/thredds/dodsC/NOAA/NGOFS2/MODELS/2026/10/06/ngofs2.t21z.20261006.regulargrid.f000.nc,0.0,a35efafd89c8c60821aa7c6740a638843fb330aba7b5d73879f8854f4678c3d5,ngofs2_regulargrid_v1
noaa_ngofs2_mobile_bay_regulargrid,MODEL,ngofs2_grid_882_995,noaa_ngofs2_mobile_bay_model,Daphne/May Day,1.5,30.59,-87.92999999999999,2.7600579039603113,water_temperature,29.682544708251953,degC,bottom,2.0,standard_depth_positive_down,model_grid_or_not_applicable,MODEL_WET_GRID_NODE,,2026-10-06T21:00:00+00:00,2026-10-07T06:31:11.819952+00:00,2026-10-07T06:31:11.819952+00:00,UTC,2026-10-06T21:00:00+00:00,forecast,0,https://opendap.co-ops.nos.noaa.gov/thredds/dodsC/NOAA/NGOFS2/MODELS/2026/10/06/ngofs2.t21z.20261006.regulargrid.f000.nc,0.0,a35efafd89c8c60821aa7c6740a638843fb330aba7b5d73879f8854f4678c3d5,ngofs2_regulargrid_v1
noaa_ngofs2_mobile_bay_regulargrid,MODEL,ngofs2_grid_882_995,noaa_ngofs2_mobile_bay_model,Daphne/May Day,1.5,30.59,-87.92999999999999,2.7600579039603113,salinity,12.011962890625,PSU,bottom,2.0,standard_depth_positive_down,model_grid_or_not_applicable,MODEL_WET_GRID_NODE,,2026-10-06T21:00:00+00:00,2026-10-07T06:31:11.819952+00:00,2026-10-07T06:31:11.819952+00:00,UTC,2026-10-06T21:00:00+00:00,forecast,0,https://opendap.co-ops.nos.noaa.gov/thredds/dodsC/NOAA/NGOFS2/MODELS/2026/10/06/ngofs2.t21z.20261006.regulargrid.f000.nc,0.0,a35efafd89c8c60821aa7c6740a638843fb330aba7b5d73879f8854f4678c3d5,ngofs2_regulargrid_v1
noaa_ngofs2_mobile_bay_regulargrid,MODEL,ngofs2_grid_882_995,noaa_ngofs2_mobile_bay_model,Daphne/May Day,1.5,30.59,-87.92999999999999,2.7600579039603113,water_surface_elevation,0.08873435854911804,m,surface,0.0,surface,model_mean_sea_level,MODEL_WET_GRID_NODE,,2026-10-06T21:00:00+00:00,2026-10-07T06:31:11.819952+00:00,2026-10-07T06:31:11.819952+00:00,UTC,2026-10-06T21:00:00+00:00,forecast,0,https://opendap.co-ops.nos.noaa.gov/thredds/dodsC/NOAA/NGOFS2/MODELS/2026/10/06/ngofs2.t21z.20261006.regulargrid.f000.nc,0.0,a35efafd89c8c60821aa7c6740a638843fb330aba7b5d73879f8854f4678c3d5,ngofs2_regulargrid_v1
noaa_ngofs2_mobile_bay_regulargrid,MODEL,ngofs2_grid_883_994,noaa_ngofs2_mobile_bay_model,Daphne/May Day,3.0,30.6,-87.94,2.3371018155435084,eastward_current,-0.011459486559033394,m/s,surface,0.0,standard_depth_positive_down,model_grid_or_not_applicable,MODEL_WET_GRID_NODE,,2026-10-06T21:00:00+00:00,2026-10-07T06:31:11.819952+00:00,2026-10-07T06:31:11.819952+00:00,UTC,2026-10-06T21:00:00+00:00,forecast,0,https://opendap.co-ops.nos.noaa.gov/thredds/dodsC/NOAA/NGOFS2/MODELS/2026/10/06/ngofs2.t21z.20261006.regulargrid.f000.nc,0.0,a35efafd89c8c60821aa7c6740a638843fb330aba7b5d73879f8854f4678c3d5,ngofs2_regulargrid_v1
noaa_ngofs2_mobile_bay_regulargrid,MODEL,ngofs2_grid_883_994,noaa_ngofs2_mobile_bay_model,Daphne/May Day,3.0,30.6,-87.94,2.3371018155435084,northward_current,-0.14938323199748993,m/s,surface,0.0,standard_depth_positive_down,model_grid_or_not_applicable,MODEL_WET_GRID_NODE,,2026-10-06T21:00:00+00:00,2026-10-07T06:31:11.819952+00:00,2026-10-07T06:31:11.819952+00:00,UTC,2026-10-06T21:00:00+00:00,forecast,0,https://opendap.co-ops.nos.noaa.gov/thredds/dodsC/NOAA/NGOFS2/MODELS/2026/10/06/ngofs2.t21z.20261006.regulargrid.f000.nc,0.0,a35efafd89c8c60821aa7c6740a638843fb330aba7b5d73879f8854f4678c3d5,ngofs2_regulargrid_v1
noaa_ngofs2_mobile_bay_regulargrid,MODEL,ngofs2_grid_883_994,noaa_ngofs2_mobile_bay_model,Daphne/May Day,3.0,30.6,-87.94,2.3371018155435084,shoreward_current,-0.011459486559033403,m/s,surface,0.0,standard_depth_positive_down,model_grid_or_not_applicable,MODEL_WET_GRID_NODE,,2026-10-06T21:00:00+00:00,2026-10-07T06:31:11.819952+00:00,2026-10-07T06:31:11.819952+00:00,UTC,2026-10-06T21:00:00+00:00,forecast,0,https://opendap.co-ops.nos.noaa.gov/thredds/dodsC/NOAA/NGOFS2/MODELS/2026/10/06/ngofs2.t21z.20261006.regulargrid.f000.nc,0.0,a35efafd89c8c60821aa7c6740a638843fb330aba7b5d73879f8854f4678c3d5,ngofs2_regulargrid_v1
noaa_ngofs2_mobile_bay_regulargrid,MODEL,ngofs2_grid_883_994,noaa_ngofs2_mobile_bay_model,Daphne/May Day,3.0,30.6,-87.94,2.3371018155435084,water_temperature,29.266916275024414,degC,surface,0.0,standard_depth_positive_down,model_grid_or_not_applicable,MODEL_WET_GRID_NODE,,2026-10-06T21:00:00+00:00,2026-10-07T06:31:11.819952+00:00,2026-10-07T06:31:11.819952+00:00,UTC,2026-10-06T21:00:00+00:00,forecast,0,https://opendap.co-ops.nos.noaa.gov/thredds/dodsC/NOAA/NGOFS2/MODELS/2026/10/06/ngofs2.t21z.20261006.regulargrid.f000.nc,0.0,a35efafd89c8c60821aa7c6740a638843fb330aba7b5d73879f8854f4678c3d5,ngofs2_regulargrid_v1
noaa_ngofs2_mobile_bay_regulargrid,MODEL,ngofs2_grid_883_994,noaa_ngofs2_mobile_bay_model,Daphne/May Day,3.0,30.6,-87.94,2.3371018155435084,salinity,8.562077522277832,PSU,surface,0.0,standard_depth_positive_down,model_grid_or_not_applicable,MODEL_WET_GRID_NODE,,2026-10-06T21:00:00+00:00,2026-10-07T06:31:11.819952+00:00,2026-10-07T06:31:11.819952+00:00,UTC,2026-10-06T21:00:00+00:00,forecast,0,https://opendap.co-ops.nos.noaa.gov/thredds/dodsC/NOAA/NGOFS2/MODELS/2026/10/06/ngofs2.t21z.20261006.regulargrid.f000.nc,0.0,a35efafd89c8c60821aa7c6740a638843fb330aba7b5d73879f8854f4678c3d5,ngofs2_regulargrid_v1
noaa_ngofs2_mobile_bay_regulargrid,MODEL,ngofs2_grid_883_994,noaa_ngofs2_mobile_bay_model,Daphne/May Day,3.0,30.6,-87.94,2.3371018155435084,eastward_current,0.06382426619529724,m/s,bottom,2.0,standard_depth_positive_down,model_grid_or_not_applicable,MODEL_WET_GRID_NODE,,2026-10-06T21:00:00+00:00,2026-10-07T06:31:11.819952+00:00,2026-10-07T06:31:11.819952+00:00,UTC,2026-10-06T21:00:00+00:00,forecast,0,https://opendap.co-ops.nos.noaa.gov/thredds/dodsC/NOAA/NGOFS2/MODELS/2026/10/06/ngofs2.t21z.20261006.regulargrid.f000.nc,0.0,a35efafd89c8c60821aa7c6740a638843fb330aba7b5d73879f8854f4678c3d5,ngofs2_regulargrid_v1
noaa_ngofs2_mobile_bay_regulargrid,MODEL,ngofs2_grid_883_994,noaa_ngofs2_mobile_bay_model,Daphne/May Day,3.0,30.6,-87.94,2.3371018155435084,northward_current,-0.007838161662220955,m/s,bottom,2.0,standard_depth_positive_down,model_grid_or_not_applicable,MODEL_WET_GRID_NODE,,2026-10-06T21:00:00+00:00,2026-10-07T06:31:11.819952+00:00,2026-10-07T06:31:11.819952+00:00,UTC,2026-10-06T21:00:00+00:00,forecast,0,https://opendap.co-ops.nos.noaa.gov/thredds/dodsC/NOAA/NGOFS2/MODELS/2026/10/06/ngofs2.t21z.20261006.regulargrid.f000.nc,0.0,a35efafd89c8c60821aa7c6740a638843fb330aba7b5d73879f8854f4678c3d5,ngofs2_regulargrid_v1
noaa_ngofs2_mobile_bay_regulargrid,MODEL,ngofs2_grid_883_994,noaa_ngofs2_mobile_bay_model,Daphne/May Day,3.0,30.6,-87.94,2.3371018155435084,shoreward_current,0.06382426619529724,m/s,bottom,2.0,standard_depth_positive_down,model_grid_or_not_applicable,MODEL_WET_GRID_NODE,,2026-10-06T21:00:00+00:00,2026-10-07T06:31:11.819952+00:00,2026-10-07T06:31:11.819952+00:00,UTC,2026-10-06T21:00:00+00:00,forecast,0,https://opendap.co-ops.nos.noaa.gov/thredds/dodsC/NOAA/NGOFS2/MODELS/2026/10/06/ngofs2.t21z.20261006.regulargrid.f000.nc,0.0,a35efafd89c8c60821aa7c6740a638843fb330aba7b5d73879f8854f4678c3d5,ngofs2_regulargrid_v1
noaa_ngofs2_mobile_bay_regulargrid,MODEL,ngofs2_grid_883_994,noaa_ngofs2_mobile_bay_model,Daphne/May Day,3.0,30.6,-87.94,2.3371018155435084,water_temperature,29.63309669494629,degC,bottom,2.0,standard_depth_positive_down,model_grid_or_not_applicable,MODEL_WET_GRID_NODE,,2026-10-06T21:00:00+00:00,2026-10-07T06:31:11.819952+00:00,2026-10-07T06:31:11.819952+00:00,UTC,2026-10-06T21:00:00+00:00,forecast,0,https://opendap.co-ops.nos.noaa.gov/thredds/dodsC/NOAA/NGOFS2/MODELS/2026/10/06/ngofs2.t21z.20261006.regulargrid.f000.nc,0.0,a35efafd89c8c60821aa7c6740a638843fb330aba7b5d73879f8854f4678c3d5,ngofs2_regulargrid_v1
noaa_ngofs2_mobile_bay_regulargrid,MODEL,ngofs2_grid_883_994,noaa_ngofs2_mobile_bay_model,Daphne/May Day,3.0,30.6,-87.94,2.3371018155435084,salinity,11.26177978515625,PSU,bottom,2.0,standard_depth_positive_down,model_grid_or_not_applicable,MODEL_WET_GRID_NODE,,2026-10-06T21:00:00+00:00,2026-10-07T06:31:11.819952+00:00,2026-10-07T06:31:11.819952+00:00,UTC,2026-10-06T21:00:00+00:00,forecast,0,https://opendap.co-ops.nos.noaa.gov/thredds/dodsC/NOAA/NGOFS2/MODELS/2026/10/06/ngofs2.t21z.20261006.regulargrid.f000.nc,0.0,a35efafd89c8c60821aa7c6740a638843fb330aba7b5d73879f8854f4678c3d5,ngofs2_regulargrid_v1
noaa_ngofs2_mobile_bay_regulargrid,MODEL,ngofs2_grid_883_994,noaa_ngofs2_mobile_bay_model,Daphne/May Day,3.0,30.6,-87.94,2.3371018155435084,water_surface_elevation,0.08938831835985184,m,surface,0.0,surface,model_mean_sea_level,MODEL_WET_GRID_NODE,,2026-10-06T21:00:00+00:00,2026-10-07T06:31:11.819952+00:00,2026-10-07T06:31:11.819952+00:00,UTC,2026-10-06T21:00:00+00:00,forecast,0,https://opendap.co-ops.nos.noaa.gov/thredds/dodsC/NOAA/NGOFS2/MODELS/2026/10/06/ngofs2.t21z.20261006.regulargrid.f000.nc,0.0,a35efafd89c8c60821aa7c6740a638843fb330aba7b5d73879f8854f4678c3d5,ngofs2_regulargrid_v1
noaa_ngofs2_mobile_bay_regulargrid,MODEL,ngofs2_grid_880_997,noaa_ngofs2_mobile_bay_model,Montrose,0.25,30.57,-87.91,1.790073012681098,eastward_current,0.017363201826810837,m/s,surface,0.0,standard_depth_positive_down,model_grid_or_not_applicable,MODEL_WET_GRID_NODE,,2026-10-06T21:00:00+00:00,2026-10-07T06:31:11.819952+00:00,2026-10-07T06:31:11.819952+00:00,UTC,2026-10-06T21:00:00+00:00,forecast,0,https://opendap.co-ops.nos.noaa.gov/thredds/dodsC/NOAA/NGOFS2/MODELS/2026/10/06/ngofs2.t21z.20261006.regulargrid.f000.nc,0.0,a35efafd89c8c60821aa7c6740a638843fb330aba7b5d73879f8854f4678c3d5,ngofs2_regulargrid_v1
noaa_ngofs2_mobile_bay_regulargrid,MODEL,ngofs2_grid_880_997,noaa_ngofs2_mobile_bay_model,Montrose,0.25,30.57,-87.91,1.790073012681098,northward_current,-0.07981444150209427,m/s,surface,0.0,standard_depth_positive_down,model_grid_or_not_applicable,MODEL_WET_GRID_NODE,,2026-10-06T21:00:00+00:00,2026-10-07T06:31:11.819952+00:00,2026-10-07T06:31:11.819952+00:00,UTC,2026-10-06T21:00:00+00:00,forecast,0,https://opendap.co-ops.nos.noaa.gov/thredds/dodsC/NOAA/NGOFS2/MODELS/2026/10/06/ngofs2.t21z.20261006.regulargrid.f000.nc,0.0,a35efafd89c8c60821aa7c6740a638843fb330aba7b5d73879f8854f4678c3d5,ngofs2_regulargrid_v1
noaa_ngofs2_mobile_bay_regulargrid,MODEL,ngofs2_grid_880_997,noaa_ngofs2_mobile_bay_model,Montrose,0.25,30.57,-87.91,1.790073012681098,shoreward_current,0.017363201826810833,m/s,surface,0.0,standard_depth_positive_down,model_grid_or_not_applicable,MODEL_WET_GRID_NODE,,2026-10-06T21:00:00+00:00,2026-10-07T06:31:11.819952+00:00,2026-10-07T06:31:11.819952+00:00,UTC,2026-10-06T21:00:00+00:00,forecast,0,https://opendap.co-ops.nos.noaa.gov/thredds/dodsC/NOAA/NGOFS2/MODELS/2026/10/06/ngofs2.t21z.20261006.regulargrid.f000.nc,0.0,a35efafd89c8c60821aa7c6740a638843fb330aba7b5d73879f8854f4678c3d5,ngofs2_regulargrid_v1
noaa_ngofs2_mobile_bay_regulargrid,MODEL,ngofs2_grid_880_997,noaa_ngofs2_mobile_bay_model,Montrose,0.25,30.57,-87.91,1.790073012681098,water_temperature,29.64853286743164,degC,surface,0.0,standard_depth_positive_down,model_grid_or_not_applicable,MODEL_WET_GRID_NODE,,2026-10-06T21:00:00+00:00,2026-10-07T06:31:11.819952+00:00,2026-10-07T06:31:11.819952+00:00,UTC,2026-10-06T21:00:00+00:00,forecast,0,https://opendap.co-ops.nos.noaa.gov/thredds/dodsC/NOAA/NGOFS2/MODELS/2026/10/06/ngofs2.t21z.20261006.regulargrid.f000.nc,0.0,a35efafd89c8c60821aa7c6740a638843fb330aba7b5d73879f8854f4678c3d5,ngofs2_regulargrid_v1
noaa_ngofs2_mobile_bay_regulargrid,MODEL,ngofs2_grid_880_997,noaa_ngofs2_mobile_bay_model,Montrose,0.25,30.57,-87.91,1.790073012681098,salinity,11.767857551574707,PSU,surface,0.0,standard_depth_positive_down,model_grid_or_not_applicable,MODEL_WET_GRID_NODE,,2026-10-06T21:00:00+00:00,2026-10-07T06:31:11.819952+00:00,2026-10-07T06:31:11.819952+00:00,UTC,2026-10-06T21:00:00+00:00,forecast,0,https://opendap.co-ops.nos.noaa.gov/thredds/dodsC/NOAA/NGOFS2/MODELS/2026/10/06/ngofs2.t21z.20261006.regulargrid.f000.nc,0.0,a35efafd89c8c60821aa7c6740a638843fb330aba7b5d73879f8854f4678c3d5,ngofs2_regulargrid_v1
noaa_ngofs2_mobile_bay_regulargrid,MODEL,ngofs2_grid_880_997,noaa_ngofs2_mobile_bay_model,Montrose,0.25,30.57,-87.91,1.790073012681098,eastward_current,0.030451124534010887,m/s,bottom,1.0,standard_depth_positive_down,model_grid_or_not_applicable,MODEL_WET_GRID_NODE,,2026-10-06T21:00:00+00:00,2026-10-07T06:31:11.819952+00:00,2026-10-07T06:31:11.819952+00:00,UTC,2026-10-06T21:00:00+00:00,forecast,0,https://opendap.co-ops.nos.noaa.gov/thredds/dodsC/NOAA/NGOFS2/MODELS/2026/10/06/ngofs2.t21z.20261006.regulargrid.f000.nc,0.0,a35efafd89c8c60821aa7c6740a638843fb330aba7b5d73879f8854f4678c3d5,ngofs2_regulargrid_v1
noaa_ngofs2_mobile_bay_regulargrid,MODEL,ngofs2_grid_880_997,noaa_ngofs2_mobile_bay_model,Montrose,0.25,30.57,-87.91,1.790073012681098,northward_current,-0.04679898917675018,m/s,bottom,1.0,standard_depth_positive_down,model_grid_or_not_applicable,MODEL_WET_GRID_NODE,,2026-10-06T21:00:00+00:00,2026-10-07T06:31:11.819952+00:00,2026-10-07T06:31:11.819952+00:00,UTC,2026-10-06T21:00:00+00:00,forecast,0,https://opendap.co-ops.nos.noaa.gov/thredds/dodsC/NOAA/NGOFS2/MODELS/2026/10/06/ngofs2.t21z.20261006.regulargrid.f000.nc,0.0,a35efafd89c8c60821aa7c6740a638843fb330aba7b5d73879f8854f4678c3d5,ngofs2_regulargrid_v1
noaa_ngofs2_mobile_bay_regulargrid,MODEL,ngofs2_grid_880_997,noaa_ngofs2_mobile_bay_model,Montrose,0.25,30.57,-87.91,1.790073012681098,shoreward_current,0.030451124534010884,m/s,bottom,1.0,standard_depth_positive_down,model_grid_or_not_applicable,MODEL_WET_GRID_NODE,,2026-10-06T21:00:00+00:00,2026-10-07T06:31:11.819952+00:00,2026-10-07T06:31:11.819952+00:00,UTC,2026-10-06T21:00:00+00:00,forecast,0,https://opendap.co-ops.nos.noaa.gov/thredds/dodsC/NOAA/NGOFS2/MODELS/2026/10/06/ngofs2.t21z.20261006.regulargrid.f000.nc,0.0,a35efafd89c8c60821aa7c6740a638843fb330aba7b5d73879f8854f4678c3d5,ngofs2_regulargrid_v1
noaa_ngofs2_mobile_bay_regulargrid,MODEL,ngofs2_grid_880_997,noaa_ngofs2_mobile_bay_model,Montrose,0.25,30.57,-87.91,1.790073012681098,water_temperature,29.969018936157227,degC,bottom,1.0,standard_depth_positive_down,model_grid_or_not_applicable,MODEL_WET_GRID_NODE,,2026-10-06T21:00:00+00:00,2026-10-07T06:31:11.819952+00:00,2026-10-07T06:31:11.819952+00:00,UTC,2026-10-06T21:00:00+00:00,forecast,0,https://opendap.co-ops.nos.noaa.gov/thredds/dodsC/NOAA/NGOFS2/MODELS/2026/10/06/ngofs2.t21z.20261006.regulargrid.f000.nc,0.0,a35efafd89c8c60821aa7c6740a638843fb330aba7b5d73879f8854f4678c3d5,ngofs2_regulargrid_v1
noaa_ngofs2_mobile_bay_regulargrid,MODEL,ngofs2_grid_880_997,noaa_ngofs2_mobile_bay_model,Montrose,0.25,30.57,-87.91,1.790073012681098,salinity,12.61595344543457,PSU,bottom,1.0,standard_depth_positive_down,model_grid_or_not_applicable,MODEL_WET_GRID_NODE,,2026-10-06T21:00:00+00:00,2026-10-07T06:31:11.819952+00:00,2026-10-07T06:31:11.819952+00:00,UTC,2026-10-06T21:00:00+00:00,forecast,0,https://opendap.co-ops.nos.noaa.gov/thredds/dodsC/NOAA/NGOFS2/MODELS/2026/10/06/ngofs2.t21z.20261006.regulargrid.f000.nc,0.0,a35efafd89c8c60821aa7c6740a638843fb330aba7b5d73879f8854f4678c3d5,ngofs2_regulargrid_v1
noaa_ngofs2_mobile_bay_regulargrid,MODEL,ngofs2_grid_880_997,noaa_ngofs2_mobile_bay_model,Montrose,0.25,30.57,-87.91,1.790073012681098,water_surface_elevation,0.0862804725766182,m,surface,0.0,surface,model_mean_sea_level,MODEL_WET_GRID_NODE,,2026-10-06T21:00:00+00:00,2026-10-07T06:31:11.819952+00:00,2026-10-07T06:31:11.819952+00:00,UTC,2026-10-06T21:00:00+00:00,forecast,0,https://opendap.co-ops.nos.noaa.gov/thredds/dodsC/NOAA/NGOFS2/MODELS/2026/10/06/ngofs2.t21z.20261006.regulargrid.f000.nc,0.0,a35efafd89c8c60821aa7c6740a638843fb330aba7b5d73879f8854f4678c3d5,ngofs2_regulargrid_v1
noaa_ngofs2_mobile_bay_regulargrid,MODEL,ngofs2_grid_879_997,noaa_ngofs2_mobile_bay_model,Montrose,0.75,30.560000000000002,-87.91,2.558887792657144,eastward_current,-0.018488453701138496,m/s,surface,0.0,standard_depth_positive_down,model_grid_or_not_applicable,MODEL_WET_GRID_NODE,,2026-10-06T21:00:00+00:00,2026-10-07T06:31:11.819952+00:00,2026-10-07T06:31:11.819952+00:00,UTC,2026-10-06T21:00:00+00:00,forecast,0,https://opendap.co-ops.nos.noaa.gov/thredds/dodsC/NOAA/NGOFS2/MODELS/2026/10/06/ngofs2.t21z.20261006.regulargrid.f000.nc,0.0,a35efafd89c8c60821aa7c6740a638843fb330aba7b5d73879f8854f4678c3d5,ngofs2_regulargrid_v1
noaa_ngofs2_mobile_bay_regulargrid,MODEL,ngofs2_grid_879_997,noaa_ngofs2_mobile_bay_model,Montrose,0.75,30.560000000000002,-87.91,2.558887792657144,northward_current,-0.09747564047574997,m/s,surface,0.0,standard_depth_positive_down,model_grid_or_not_applicable,MODEL_WET_GRID_NODE,,2026-10-06T21:00:00+00:00,2026-10-07T06:31:11.819952+00:00,2026-10-07T06:31:11.819952+00:00,UTC,2026-10-06T21:00:00+00:00,forecast,0,https://opendap.co-ops.nos.noaa.gov/thredds/dodsC/NOAA/NGOFS2/MODELS/2026/10/06/ngofs2.t21z.20261006.regulargrid.f000.nc,0.0,a35efafd89c8c60821aa7c6740a638843fb330aba7b5d73879f8854f4678c3d5,ngofs2_regulargrid_v1
noaa_ngofs2_mobile_bay_regulargrid,MODEL,ngofs2_grid_879_997,noaa_ngofs2_mobile_bay_model,Montrose,0.75,30.560000000000002,-87.91,2.558887792657144,shoreward_current,-0.018488453701138503,m/s,surface,0.0,standard_depth_positive_down,model_grid_or_not_applicable,MODEL_WET_GRID_NODE,,2026-10-06T21:00:00+00:00,2026-10-07T06:31:11.819952+00:00,2026-10-07T06:31:11.819952+00:00,UTC,2026-10-06T21:00:00+00:00,forecast,0,https://opendap.co-ops.nos.noaa.gov/thredds/dodsC/NOAA/NGOFS2/MODELS/2026/10/06/ngofs2.t21z.20261006.regulargrid.f000.nc,0.0,a35efafd89c8c60821aa7c6740a638843fb330aba7b5d73879f8854f4678c3d5,ngofs2_regulargrid_v1
noaa_ngofs2_mobile_bay_regulargrid,MODEL,ngofs2_grid_879_997,noaa_ngofs2_mobile_bay_model,Montrose,0.75,30.560000000000002,-87.91,2.558887792657144,water_temperature,29.743330001831055,degC,surface,0.0,standard_depth_positive_down,model_grid_or_not_applicable,MODEL_WET_GRID_NODE,,2026-10-06T21:00:00+00:00,2026-10-07T06:31:11.819952+00:00,2026-10-07T06:31:11.819952+00:00,UTC,2026-10-06T21:00:00+00:00,forecast,0,https://opendap.co-ops.nos.noaa.gov/thredds/dodsC/NOAA/NGOFS2/MODELS/2026/10/06/ngofs2.t21z.20261006.regulargrid.f000.nc,0.0,a35efafd89c8c60821aa7c6740a638843fb330aba7b5d73879f8854f4678c3d5,ngofs2_regulargrid_v1
noaa_ngofs2_mobile_bay_regulargrid,MODEL,ngofs2_grid_879_997,noaa_ngofs2_mobile_bay_model,Montrose,0.75,30.560000000000002,-87.91,2.558887792657144,salinity,12.518593788146973,PSU,surface,0.0,standard_depth_positive_down,model_grid_or_not_applicable,MODEL_WET_GRID_NODE,,2026-10-06T21:00:00+00:00,2026-10-07T06:31:11.819952+00:00,2026-10-07T06:31:11.819952+00:00,UTC,2026-10-06T21:00:00+00:00,forecast,0,https://opendap.co-ops.nos.noaa.gov/thredds/dodsC/NOAA/NGOFS2/MODELS/2026/10/06/ngofs2.t21z.20261006.regulargrid.f000.nc,0.0,a35efafd89c8c60821aa7c6740a638843fb330aba7b5d73879f8854f4678c3d5,ngofs2_regulargrid_v1
noaa_ngofs2_mobile_bay_regulargrid,MODEL,ngofs2_grid_879_997,noaa_ngofs2_mobile_bay_model,Montrose,0.75,30.560000000000002,-87.91,2.558887792657144,eastward_current,0.05185890570282936,m/s,bottom,2.0,standard_depth_positive_down,model_grid_or_not_applicable,MODEL_WET_GRID_NODE,,2026-10-06T21:00:00+00:00,2026-10-07T06:31:11.819952+00:00,2026-10-07T06:31:11.819952+00:00,UTC,2026-10-06T21:00:00+00:00,forecast,0,https://opendap.co-ops.nos.noaa.gov/thredds/dodsC/NOAA/NGOFS2/MODELS/2026/10/06/ngofs2.t21z.20261006.regulargrid.f000.nc,0.0,a35efafd89c8c60821aa7c6740a638843fb330aba7b5d73879f8854f4678c3d5,ngofs2_regulargrid_v1
noaa_ngofs2_mobile_bay_regulargrid,MODEL,ngofs2_grid_879_997,noaa_ngofs2_mobile_bay_model,Montrose,0.75,30.560000000000002,-87.91,2.558887792657144,northward_current,0.00459024915471673,m/s,bottom,2.0,standard_depth_positive_down,model_grid_or_not_applicable,MODEL_WET_GRID_NODE,,2026-10-06T21:00:00+00:00,2026-10-07T06:31:11.819952+00:00,2026-10-07T06:31:11.819952+00:00,UTC,2026-10-06T21:00:00+00:00,forecast,0,https://opendap.co-ops.nos.noaa.gov/thredds/dodsC/NOAA/NGOFS2/MODELS/2026/10/06/ngofs2.t21z.20261006.regulargrid.f000.nc,0.0,a35efafd89c8c60821aa7c6740a638843fb330aba7b5d73879f8854f4678c3d5,ngofs2_regulargrid_v1
noaa_ngofs2_mobile_bay_regulargrid,MODEL,ngofs2_grid_879_997,noaa_ngofs2_mobile_bay_model,Montrose,0.75,30.560000000000002,-87.91,2.558887792657144,shoreward_current,0.05185890570282936,m/s,bottom,2.0,standard_depth_positive_down,model_grid_or_not_applicable,MODEL_WET_GRID_NODE,,2026-10-06T21:00:00+00:00,2026-10-07T06:31:11.819952+00:00,2026-10-07T06:31:11.819952+00:00,UTC,2026-10-06T21:00:00+00:00,forecast,0,https://opendap.co-ops.nos.noaa.gov/thredds/dodsC/NOAA/NGOFS2/MODELS/2026/10/06/ngofs2.t21z.20261006.regulargrid.f000.nc,0.0,a35efafd89c8c60821aa7c6740a638843fb330aba7b5d73879f8854f4678c3d5,ngofs2_regulargrid_v1
noaa_ngofs2_mobile_bay_regulargrid,MODEL,ngofs2_grid_879_997,noaa_ngofs2_mobile_bay_model,Montrose,0.75,30.560000000000002,-87.91,2.558887792657144,water_temperature,29.960708618164062,degC,bottom,2.0,standard_depth_positive_down,model_grid_or_not_applicable,MODEL_WET_GRID_NODE,,2026-10-06T21:00:00+00:00,2026-10-07T06:31:11.819952+00:00,2026-10-07T06:31:11.819952+00:00,UTC,2026-10-06T21:00:00+00:00,forecast,0,https://opendap.co-ops.nos.noaa.gov/thredds/dodsC/NOAA/NGOFS2/MODELS/2026/10/06/ngofs2.t21z.20261006.regulargrid.f000.nc,0.0,a35efafd89c8c60821aa7c6740a638843fb330aba7b5d73879f8854f4678c3d5,ngofs2_regulargrid_v1
noaa_ngofs2_mobile_bay_regulargrid,MODEL,ngofs2_grid_879_997,noaa_ngofs2_mobile_bay_model,Montrose,0.75,30.560000000000002,-87.91,2.558887792657144,salinity,13.729188919067383,PSU,bottom,2.0,standard_depth_positive_down,model_grid_or_not_applicable,MODEL_WET_GRID_NODE,,2026-10-06T21:00:00+00:00,2026-10-07T06:31:11.819952+00:00,2026-10-07T06:31:11.819952+00:00,UTC,2026-10-06T21:00:00+00:00,forecast,0,https://opendap.co-ops.nos.noaa.gov/thredds/dodsC/NOAA/NGOFS2/MODELS/2026/10/06/ngofs2.t21z.20261006.regulargrid.f000.nc,0.0,a35efafd89c8c60821aa7c6740a638843fb330aba7b5d73879f8854f4678c3d5,ngofs2_regulargrid_v1
noaa_ngofs2_mobile_bay_regulargrid,MODEL,ngofs2_grid_879_997,noaa_ngofs2_mobile_bay_model,Montrose,0.75,30.560000000000002,-87.91,2.558887792657144,water_surface_elevation,0.08788662403821945,m,surface,0.0,surface,model_mean_sea_level,MODEL_WET_GRID_NODE,,2026-10-06T21:00:00+00:00,2026-10-07T06:31:11.819952+00:00,2026-10-07T06:31:11.819952+00:00,UTC,2026-10-06T21:00:00+00:00,forecast,0,https://opendap.co-ops.nos.noaa.gov/thredds/dodsC/NOAA/NGOFS2/MODELS/2026/10/06/ngofs2.t21z.20261006.regulargrid.f000.nc,0.0,a35efafd89c8c60821aa7c6740a638843fb330aba7b5d73879f8854f4678c3d5,ngofs2_regulargrid_v1
noaa_ngofs2_mobile_bay_regulargrid,MODEL,ngofs2_grid_880_996,noaa_ngofs2_mobile_bay_model,Montrose,1.5,30.57,-87.91999999999999,2.8518318470436084,eastward_current,-0.017542913556098938,m/s,surface,0.0,standard_depth_positive_down,model_grid_or_not_applicable,MODEL_WET_GRID_NODE,,2026-10-06T21:00:00+00:00,2026-10-07T06:31:11.819952+00:00,2026-10-07T06:31:11.819952+00:00,UTC,2026-10-06T21:00:00+00:00,forecast,0,https://opendap.co-ops.nos.noaa.gov/thredds/dodsC/NOAA/NGOFS2/MODELS/2026/10/06/ngofs2.t21z.20261006.regulargrid.f000.nc,0.0,a35efafd89c8c60821aa7c6740a638843fb330aba7b5d73879f8854f4678c3d5,ngofs2_regulargrid_v1
noaa_ngofs2_mobile_bay_regulargrid,MODEL,ngofs2_grid_880_996,noaa_ngofs2_mobile_bay_model,Montrose,1.5,30.57,-87.91999999999999,2.8518318470436084,northward_current,-0.13129335641860962,m/s,surface,0.0,standard_depth_positive_down,model_grid_or_not_applicable,MODEL_WET_GRID_NODE,,2026-10-06T21:00:00+00:00,2026-10-07T06:31:11.819952+00:00,2026-10-07T06:31:11.819952+00:00,UTC,2026-10-06T21:00:00+00:00,forecast,0,https://opendap.co-ops.nos.noaa.gov/thredds/dodsC/NOAA/NGOFS2/MODELS/2026/10/06/ngofs2.t21z.20261006.regulargrid.f000.nc,0.0,a35efafd89c8c60821aa7c6740a638843fb330aba7b5d73879f8854f4678c3d5,ngofs2_regulargrid_v1
noaa_ngofs2_mobile_bay_regulargrid,MODEL,ngofs2_grid_880_996,noaa_ngofs2_mobile_bay_model,Montrose,1.5,30.57,-87.91999999999999,2.8518318470436084,shoreward_current,-0.017542913556098945,m/s,surface,0.0,standard_depth_positive_down,model_grid_or_not_applicable,MODEL_WET_GRID_NODE,,2026-10-06T21:00:00+00:00,2026-10-07T06:31:11.819952+00:00,2026-10-07T06:31:11.819952+00:00,UTC,2026-10-06T21:00:00+00:00,forecast,0,https://opendap.co-ops.nos.noaa.gov/thredds/dodsC/NOAA/NGOFS2/MODELS/2026/10/06/ngofs2.t21z.20261006.regulargrid.f000.nc,0.0,a35efafd89c8c60821aa7c6740a638843fb330aba7b5d73879f8854f4678c3d5,ngofs2_regulargrid_v1
noaa_ngofs2_mobile_bay_regulargrid,MODEL,ngofs2_grid_880_996,noaa_ngofs2_mobile_bay_model,Montrose,1.5,30.57,-87.91999999999999,2.8518318470436084,water_temperature,29.597702026367188,degC,surface,0.0,standard_depth_positive_down,model_grid_or_not_applicable,MODEL_WET_GRID_NODE,,2026-10-06T21:00:00+00:00,2026-10-07T06:31:11.819952+00:00,2026-10-07T06:31:11.819952+00:00,UTC,2026-10-06T21:00:00+00:00,forecast,0,https://opendap.co-ops.nos.noaa.gov/thredds/dodsC/NOAA/NGOFS2/MODELS/2026/10/06/ngofs2.t21z.20261006.regulargrid.f000.nc,0.0,a35efafd89c8c60821aa7c6740a638843fb330aba7b5d73879f8854f4678c3d5,ngofs2_regulargrid_v1
noaa_ngofs2_mobile_bay_regulargrid,MODEL,ngofs2_grid_880_996,noaa_ngofs2_mobile_bay_model,Montrose,1.5,30.57,-87.91999999999999,2.8518318470436084,salinity,11.396379470825195,PSU,surface,0.0,standard_depth_positive_down,model_grid_or_not_applicable,MODEL_WET_GRID_NODE,,2026-10-06T21:00:00+00:00,2026-10-07T06:31:11.819952+00:00,2026-10-07T06:31:11.819952+00:00,UTC,2026-10-06T21:00:00+00:00,forecast,0,https://opendap.co-ops.nos.noaa.gov/thredds/dodsC/NOAA/NGOFS2/MODELS/2026/10/06/ngofs2.t21z.20261006.regulargrid.f000.nc,0.0,a35efafd89c8c60821aa7c6740a638843fb330aba7b5d73879f8854f4678c3d5,ngofs2_regulargrid_v1
noaa_ngofs2_mobile_bay_regulargrid,MODEL,ngofs2_grid_880_996,noaa_ngofs2_mobile_bay_model,Montrose,1.5,30.57,-87.91999999999999,2.8518318470436084,eastward_current,0.07335313409566879,m/s,bottom,2.0,standard_depth_positive_down,model_grid_or_not_applicable,MODEL_WET_GRID_NODE,,2026-10-06T21:00:00+00:00,2026-10-07T06:31:11.819952+00:00,2026-10-07T06:31:11.819952+00:00,UTC,2026-10-06T21:00:00+00:00,forecast,0,https://opendap.co-ops.nos.noaa.gov/thredds/dodsC/NOAA/NGOFS2/MODELS/2026/10/06/ngofs2.t21z.20261006.regulargrid.f000.nc,0.0,a35efafd89c8c60821aa7c6740a638843fb330aba7b5d73879f8854f4678c3d5,ngofs2_regulargrid_v1
noaa_ngofs2_mobile_bay_regulargrid,MODEL,ngofs2_grid_880_996,noaa_ngofs2_mobile_bay_model,Montrose,1.5,30.57,-87.91999999999999,2.8518318470436084,northward_current,0.01143435388803482,m/s,bottom,2.0,standard_depth_positive_down,model_grid_or_not_applicable,MODEL_WET_GRID_NODE,,2026-10-06T21:00:00+00:00,2026-10-07T06:31:11.819952+00:00,2026-10-07T06:31:11.819952+00:00,UTC,2026-10-06T21:00:00+00:00,forecast,0,https://opendap.co-ops.nos.noaa.gov/thredds/dodsC/NOAA/NGOFS2/MODELS/2026/10/06/ngofs2.t21z.20261006.regulargrid.f000.nc,0.0,a35efafd89c8c60821aa7c6740a638843fb330aba7b5d73879f8854f4678c3d5,ngofs2_regulargrid_v1
noaa_ngofs2_mobile_bay_regulargrid,MODEL,ngofs2_grid_880_996,noaa_ngofs2_mobile_bay_model,Montrose,1.5,30.57,-87.91999999999999,2.8518318470436084,shoreward_current,0.07335313409566879,m/s,bottom,2.0,standard_depth_positive_down,model_grid_or_not_applicable,MODEL_WET_GRID_NODE,,2026-10-06T21:00:00+00:00,2026-10-07T06:31:11.819952+00:00,2026-10-07T06:31:11.819952+00:00,UTC,2026-10-06T21:00:00+00:00,forecast,0,https://opendap.co-ops.nos.noaa.gov/thredds/dodsC/NOAA/NGOFS2/MODELS/2026/10/06/ngofs2.t21z.20261006.regulargrid.f000.nc,0.0,a35efafd89c8c60821aa7c6740a638843fb330aba7b5d73879f8854f4678c3d5,ngofs2_regulargrid_v1
noaa_ngofs2_mobile_bay_regulargrid,MODEL,ngofs2_grid_880_996,noaa_ngofs2_mobile_bay_model,Montrose,1.5,30.57,-87.91999999999999,2.8518318470436084,water_temperature,29.87174415588379,degC,bottom,2.0,standard_depth_positive_down,model_grid_or_not_applicable,MODEL_WET_GRID_NODE,,2026-10-06T21:00:00+00:00,2026-10-07T06:31:11.819952+00:00,2026-10-07T06:31:11.819952+00:00,UTC,2026-10-06T21:00:00+00:00,forecast,0,https://opendap.co-ops.nos.noaa.gov/thredds/dodsC/NOAA/NGOFS2/MODELS/2026/10/06/ngofs2.t21z.20261006.regulargrid.f000.nc,0.0,a35efafd89c8c60821aa7c6740a638843fb330aba7b5d73879f8854f4678c3d5,ngofs2_regulargrid_v1
noaa_ngofs2_mobile_bay_regulargrid,MODEL,ngofs2_grid_880_996,noaa_ngofs2_mobile_bay_model,Montrose,1.5,30.57,-87.91999999999999,2.8518318470436084,salinity,13.557559967041016,PSU,bottom,2.0,standard_depth_positive_down,model_grid_or_not_applicable,MODEL_WET_GRID_NODE,,2026-10-06T21:00:00+00:00,2026-10-07T06:31:11.819952+00:00,2026-10-07T06:31:11.819952+00:00,UTC,2026-10-06T21:00:00+00:00,forecast,0,https://opendap.co-ops.nos.noaa.gov/thredds/dodsC/NOAA/NGOFS2/MODELS/2026/10/06/ngofs2.t21z.20261006.regulargrid.f000.nc,0.0,a35efafd89c8c60821aa7c6740a638843fb330aba7b5d73879f8854f4678c3d5,ngofs2_regulargrid_v1
noaa_ngofs2_mobile_bay_regulargrid,MODEL,ngofs2_grid_880_996,noaa_ngofs2_mobile_bay_model,Montrose,1.5,30.57,-87.91999999999999,2.8518318470436084,water_surface_elevation,0.08867762982845306,m,surface,0.0,surface,model_mean_sea_level,MODEL_WET_GRID_NODE,,2026-10-06T21:00:00+00:00,2026-10-07T06:31:11.819952+00:00,2026-10-07T06:31:11.819952+00:00,UTC,2026-10-06T21:00:00+00:00,forecast,0,https://opendap.co-ops.nos.noaa.gov/thredds/dodsC/NOAA/NGOFS2/MODELS/2026/10/06/ngofs2.t21z.20261006.regulargrid.f000.nc,0.0,a35efafd89c8c60821aa7c6740a638843fb330aba7b5d73879f8854f4678c3d5,ngofs2_regulargrid_v1
noaa_ngofs2_mobile_bay_regulargrid,MODEL,ngofs2_grid_880_995,noaa_ngofs2_mobile_bay_model,Montrose,3.0,30.57,-87.92999999999999,3.1854552996525065,eastward_current,-0.02027924545109272,m/s,surface,0.0,standard_depth_positive_down,model_grid_or_not_applicable,MODEL_WET_GRID_NODE,,2026-10-06T21:00:00+00:00,2026-10-07T06:31:11.819952+00:00,2026-10-07T06:31:11.819952+00:00,UTC,2026-10-06T21:00:00+00:00,forecast,0,https://opendap.co-ops.nos.noaa.gov/thredds/dodsC/NOAA/NGOFS2/MODELS/2026/10/06/ngofs2.t21z.20261006.regulargrid.f000.nc,0.0,a35efafd89c8c60821aa7c6740a638843fb330aba7b5d73879f8854f4678c3d5,ngofs2_regulargrid_v1
noaa_ngofs2_mobile_bay_regulargrid,MODEL,ngofs2_grid_880_995,noaa_ngofs2_mobile_bay_model,Montrose,3.0,30.57,-87.92999999999999,3.1854552996525065,northward_current,-0.15384112298488617,m/s,surface,0.0,standard_depth_positive_down,model_grid_or_not_applicable,MODEL_WET_GRID_NODE,,2026-10-06T21:00:00+00:00,2026-10-07T06:31:11.819952+00:00,2026-10-07T06:31:11.819952+00:00,UTC,2026-10-06T21:00:00+00:00,forecast,0,https://opendap.co-ops.nos.noaa.gov/thredds/dodsC/NOAA/NGOFS2/MODELS/2026/10/06/ngofs2.t21z.20261006.regulargrid.f000.nc,0.0,a35efafd89c8c60821aa7c6740a638843fb330aba7b5d73879f8854f4678c3d5,ngofs2_regulargrid_v1
noaa_ngofs2_mobile_bay_regulargrid,MODEL,ngofs2_grid_880_995,noaa_ngofs2_mobile_bay_model,Montrose,3.0,30.57,-87.92999999999999,3.1854552996525065,shoreward_current,-0.02027924545109273,m/s,surface,0.0,standard_depth_positive_down,model_grid_or_not_applicable,MODEL_WET_GRID_NODE,,2026-10-06T21:00:00+00:00,2026-10-07T06:31:11.819952+00:00,2026-10-07T06:31:11.819952+00:00,UTC,2026-10-06T21:00:00+00:00,forecast,0,https://opendap.co-ops.nos.noaa.gov/thredds/dodsC/NOAA/NGOFS2/MODELS/2026/10/06/ngofs2.t21z.20261006.regulargrid.f000.nc,0.0,a35efafd89c8c60821aa7c6740a638843fb330aba7b5d73879f8854f4678c3d5,ngofs2_regulargrid_v1
noaa_ngofs2_mobile_bay_regulargrid,MODEL,ngofs2_grid_880_995,noaa_ngofs2_mobile_bay_model,Montrose,3.0,30.57,-87.92999999999999,3.1854552996525065,water_temperature,29.422340393066406,degC,surface,0.0,standard_depth_positive_down,model_grid_or_not_applicable,MODEL_WET_GRID_NODE,,2026-10-06T21:00:00+00:00,2026-10-07T06:31:11.819952+00:00,2026-10-07T06:31:11.819952+00:00,UTC,2026-10-06T21:00:00+00:00,forecast,0,https://opendap.co-ops.nos.noaa.gov/thredds/dodsC/NOAA/NGOFS2/MODELS/2026/10/06/ngofs2.t21z.20261006.regulargrid.f000.nc,0.0,a35efafd89c8c60821aa7c6740a638843fb330aba7b5d73879f8854f4678c3d5,ngofs2_regulargrid_v1
noaa_ngofs2_mobile_bay_regulargrid,MODEL,ngofs2_grid_880_995,noaa_ngofs2_mobile_bay_model,Montrose,3.0,30.57,-87.92999999999999,3.1854552996525065,salinity,10.471435546875,PSU,surface,0.0,standard_depth_positive_down,model_grid_or_not_applicable,MODEL_WET_GRID_NODE,,2026-10-06T21:00:00+00:00,2026-10-07T06:31:11.819952+00:00,2026-10-07T06:31:11.819952+00:00,UTC,2026-10-06T21:00:00+00:00,forecast,0,https://opendap.co-ops.nos.noaa.gov/thredds/dodsC/NOAA/NGOFS2/MODELS/2026/10/06/ngofs2.t21z.20261006.regulargrid.f000.nc,0.0,a35efafd89c8c60821aa7c6740a638843fb330aba7b5d73879f8854f4678c3d5,ngofs2_regulargrid_v1
noaa_ngofs2_mobile_bay_regulargrid,MODEL,ngofs2_grid_880_995,noaa_ngofs2_mobile_bay_model,Montrose,3.0,30.57,-87.92999999999999,3.1854552996525065,eastward_current,0.08522592484951019,m/s,bottom,2.0,standard_depth_positive_down,model_grid_or_not_applicable,MODEL_WET_GRID_NODE,,2026-10-06T21:00:00+00:00,2026-10-07T06:31:11.819952+00:00,2026-10-07T06:31:11.819952+00:00,UTC,2026-10-06T21:00:00+00:00,forecast,0,https://opendap.co-ops.nos.noaa.gov/thredds/dodsC/NOAA/NGOFS2/MODELS/2026/10/06/ngofs2.t21z.20261006.regulargrid.f000.nc,0.0,a35efafd89c8c60821aa7c6740a638843fb330aba7b5d73879f8854f4678c3d5,ngofs2_regulargrid_v1
noaa_ngofs2_mobile_bay_regulargrid,MODEL,ngofs2_grid_880_995,noaa_ngofs2_mobile_bay_model,Montrose,3.0,30.57,-87.92999999999999,3.1854552996525065,northward_current,-0.05728471651673317,m/s,bottom,2.0,standard_depth_positive_down,model_grid_or_not_applicable,MODEL_WET_GRID_NODE,,2026-10-06T21:00:00+00:00,2026-10-07T06:31:11.819952+00:00,2026-10-07T06:31:11.819952+00:00,UTC,2026-10-06T21:00:00+00:00,forecast,0,https://opendap.co-ops.nos.noaa.gov/thredds/dodsC/NOAA/NGOFS2/MODELS/2026/10/06/ngofs2.t21z.20261006.regulargrid.f000.nc,0.0,a35efafd89c8c60821aa7c6740a638843fb330aba7b5d73879f8854f4678c3d5,ngofs2_regulargrid_v1
noaa_ngofs2_mobile_bay_regulargrid,MODEL,ngofs2_grid_880_995,noaa_ngofs2_mobile_bay_model,Montrose,3.0,30.57,-87.92999999999999,3.1854552996525065,shoreward_current,0.08522592484951019,m/s,bottom,2.0,standard_depth_positive_down,model_grid_or_not_applicable,MODEL_WET_GRID_NODE,,2026-10-06T21:00:00+00:00,2026-10-07T06:31:11.819952+00:00,2026-10-07T06:31:11.819952+00:00,UTC,2026-10-06T21:00:00+00:00,forecast,0,https://opendap.co-ops.nos.noaa.gov/thredds/dodsC/NOAA/NGOFS2/MODELS/2026/10/06/ngofs2.t21z.20261006.regulargrid.f000.nc,0.0,a35efafd89c8c60821aa7c6740a638843fb330aba7b5d73879f8854f4678c3d5,ngofs2_regulargrid_v1
noaa_ngofs2_mobile_bay_regulargrid,MODEL,ngofs2_grid_880_995,noaa_ngofs2_mobile_bay_model,Montrose,3.0,30.57,-87.92999999999999,3.1854552996525065,water_temperature,29.652360916137695,degC,bottom,2.0,standard_depth_positive_down,model_grid_or_not_applicable,MODEL_WET_GRID_NODE,,2026-10-06T21:00:00+00:00,2026-10-07T06:31:11.819952+00:00,2026-10-07T06:31:11.819952+00:00,UTC,2026-10-06T21:00:00+00:00,forecast,0,https://opendap.co-ops.nos.noaa.gov/thredds/dodsC/NOAA/NGOFS2/MODELS/2026/10/06/ngofs2.t21z.20261006.regulargrid.f000.nc,0.0,a35efafd89c8c60821aa7c6740a638843fb330aba7b5d73879f8854f4678c3d5,ngofs2_regulargrid_v1
noaa_ngofs2_mobile_bay_regulargrid,MODEL,ngofs2_grid_880_995,noaa_ngofs2_mobile_bay_model,Montrose,3.0,30.57,-87.92999999999999,3.1854552996525065,salinity,12.6829195022583,PSU,bottom,2.0,standard_depth_positive_down,model_grid_or_not_applicable,MODEL_WET_GRID_NODE,,2026-10-06T21:00:00+00:00,2026-10-07T06:31:11.819952+00:00,2026-10-07T06:31:11.819952+00:00,UTC,2026-10-06T21:00:00+00:00,forecast,0,https://opendap.co-ops.nos.noaa.gov/thredds/dodsC/NOAA/NGOFS2/MODELS/2026/10/06/ngofs2.t21z.20261006.regulargrid.f000.nc,0.0,a35efafd89c8c60821aa7c6740a638843fb330aba7b5d73879f8854f4678c3d5,ngofs2_regulargrid_v1
noaa_ngofs2_mobile_bay_regulargrid,MODEL,ngofs2_grid_880_995,noaa_ngofs2_mobile_bay_model,Montrose,3.0,30.57,-87.92999999999999,3.1854552996525065,water_surface_elevation,0.09163053333759308,m,surface,0.0,surface,model_mean_sea_level,MODEL_WET_GRID_NODE,,2026-10-06T21:00:00+00:00,2026-10-07T06:31:11.819952+00:00,2026-10-07T06:31:11.819952+00:00,UTC,2026-10-06T21:00:00+00:00,forecast,0,https://opendap.co-ops.nos.noaa.gov/thredds/dodsC/NOAA/NGOFS2/MODELS/2026/10/06/ngofs2.t21z.20261006.regulargrid.f000.nc,0.0,a35efafd89c8c60821aa7c6740a638843fb330aba7b5d73879f8854f4678c3d5,ngofs2_regulargrid_v1
noaa_ngofs2_mobile_bay_regulargrid,MODEL,ngofs2_grid_875_996,noaa_ngofs2_mobile_bay_model,Fairhope/Fly Creek/Pier,0.25,30.52,-87.91999999999999,2.218344355235801,eastward_current,-0.06915304064750671,m/s,surface,0.0,standard_depth_positive_down,model_grid_or_not_applicable,MODEL_WET_GRID_NODE,,2026-10-06T21:00:00+00:00,2026-10-07T06:31:11.819952+00:00,2026-10-07T06:31:11.819952+00:00,UTC,2026-10-06T21:00:00+00:00,forecast,0,https://opendap.co-ops.nos.noaa.gov/thredds/dodsC/NOAA/NGOFS2/MODELS/2026/10/06/ngofs2.t21z.20261006.regulargrid.f000.nc,0.0,a35efafd89c8c60821aa7c6740a638843fb330aba7b5d73879f8854f4678c3d5,ngofs2_regulargrid_v1
noaa_ngofs2_mobile_bay_regulargrid,MODEL,ngofs2_grid_875_996,noaa_ngofs2_mobile_bay_model,Fairhope/Fly Creek/Pier,0.25,30.52,-87.91999999999999,2.218344355235801,northward_current,-0.0975593701004982,m/s,surface,0.0,standard_depth_positive_down,model_grid_or_not_applicable,MODEL_WET_GRID_NODE,,2026-10-06T21:00:00+00:00,2026-10-07T06:31:11.819952+00:00,2026-10-07T06:31:11.819952+00:00,UTC,2026-10-06T21:00:00+00:00,forecast,0,https://opendap.co-ops.nos.noaa.gov/thredds/dodsC/NOAA/NGOFS2/MODELS/2026/10/06/ngofs2.t21z.20261006.regulargrid.f000.nc,0.0,a35efafd89c8c60821aa7c6740a638843fb330aba7b5d73879f8854f4678c3d5,ngofs2_regulargrid_v1
noaa_ngofs2_mobile_bay_regulargrid,MODEL,ngofs2_grid_875_996,noaa_ngofs2_mobile_bay_model,Fairhope/Fly Creek/Pier,0.25,30.52,-87.91999999999999,2.218344355235801,shoreward_current,-0.06915304064750671,m/s,surface,0.0,standard_depth_positive_down,model_grid_or_not_applicable,MODEL_WET_GRID_NODE,,2026-10-06T21:00:00+00:00,2026-10-07T06:31:11.819952+00:00,2026-10-07T06:31:11.819952+00:00,UTC,2026-10-06T21:00:00+00:00,forecast,0,https://opendap.co-ops.nos.noaa.gov/thredds/dodsC/NOAA/NGOFS2/MODELS/2026/10/06/ngofs2.t21z.20261006.regulargrid.f000.nc,0.0,a35efafd89c8c60821aa7c6740a638843fb330aba7b5d73879f8854f4678c3d5,ngofs2_regulargrid_v1
noaa_ngofs2_mobile_bay_regulargrid,MODEL,ngofs2_grid_875_996,noaa_ngofs2_mobile_bay_model,Fairhope/Fly Creek/Pier,0.25,30.52,-87.91999999999999,2.218344355235801,water_temperature,29.686294555664062,degC,surface,0.0,standard_depth_positive_down,model_grid_or_not_applicable,MODEL_WET_GRID_NODE,,2026-10-06T21:00:00+00:00,2026-10-07T06:31:11.819952+00:00,2026-10-07T06:31:11.819952+00:00,UTC,2026-10-06T21:00:00+00:00,forecast,0,https://opendap.co-ops.nos.noaa.gov/thredds/dodsC/NOAA/NGOFS2/MODELS/2026/10/06/ngofs2.t21z.20261006.regulargrid.f000.nc,0.0,a35efafd89c8c60821aa7c6740a638843fb330aba7b5d73879f8854f4678c3d5,ngofs2_regulargrid_v1
noaa_ngofs2_mobile_bay_regulargrid,MODEL,ngofs2_grid_875_996,noaa_ngofs2_mobile_bay_model,Fairhope/Fly Creek/Pier,0.25,30.52,-87.91999999999999,2.218344355235801,salinity,14.076140403747559,PSU,surface,0.0,standard_depth_positive_down,model_grid_or_not_applicable,MODEL_WET_GRID_NODE,,2026-10-06T21:00:00+00:00,2026-10-07T06:31:11.819952+00:00,2026-10-07T06:31:11.819952+00:00,UTC,2026-10-06T21:00:00+00:00,forecast,0,https://opendap.co-ops.nos.noaa.gov/thredds/dodsC/NOAA/NGOFS2/MODELS/2026/10/06/ngofs2.t21z.20261006.regulargrid.f000.nc,0.0,a35efafd89c8c60821aa7c6740a638843fb330aba7b5d73879f8854f4678c3d5,ngofs2_regulargrid_v1
noaa_ngofs2_mobile_bay_regulargrid,MODEL,ngofs2_grid_875_996,noaa_ngofs2_mobile_bay_model,Fairhope/Fly Creek/Pier,0.25,30.52,-87.91999999999999,2.218344355235801,eastward_current,-0.0022598232608288527,m/s,bottom,2.0,standard_depth_positive_down,model_grid_or_not_applicable,MODEL_WET_GRID_NODE,,2026-10-06T21:00:00+00:00,2026-10-07T06:31:11.819952+00:00,2026-10-07T06:31:11.819952+00:00,UTC,2026-10-06T21:00:00+00:00,forecast,0,https://opendap.co-ops.nos.noaa.gov/thredds/dodsC/NOAA/NGOFS2/MODELS/2026/10/06/ngofs2.t21z.20261006.regulargrid.f000.nc,0.0,a35efafd89c8c60821aa7c6740a638843fb330aba7b5d73879f8854f4678c3d5,ngofs2_regulargrid_v1
noaa_ngofs2_mobile_bay_regulargrid,MODEL,ngofs2_grid_875_996,noaa_ngofs2_mobile_bay_model,Fairhope/Fly Creek/Pier,0.25,30.52,-87.91999999999999,2.218344355235801,northward_current,-0.040534403175115585,m/s,bottom,2.0,standard_depth_positive_down,model_grid_or_not_applicable,MODEL_WET_GRID_NODE,,2026-10-06T21:00:00+00:00,2026-10-07T06:31:11.819952+00:00,2026-10-07T06:31:11.819952+00:00,UTC,2026-10-06T21:00:00+00:00,forecast,0,https://opendap.co-ops.nos.noaa.gov/thredds/dodsC/NOAA/NGOFS2/MODELS/2026/10/06/ngofs2.t21z.20261006.regulargrid.f000.nc,0.0,a35efafd89c8c60821aa7c6740a638843fb330aba7b5d73879f8854f4678c3d5,ngofs2_regulargrid_v1
noaa_ngofs2_mobile_bay_regulargrid,MODEL,ngofs2_grid_875_996,noaa_ngofs2_mobile_bay_model,Fairhope/Fly Creek/Pier,0.25,30.52,-87.91999999999999,2.218344355235801,shoreward_current,-0.0022598232608288553,m/s,bottom,2.0,standard_depth_positive_down,model_grid_or_not_applicable,MODEL_WET_GRID_NODE,,2026-10-06T21:00:00+00:00,2026-10-07T06:31:11.819952+00:00,2026-10-07T06:31:11.819952+00:00,UTC,2026-10-06T21:00:00+00:00,forecast,0,https://opendap.co-ops.nos.noaa.gov/thredds/dodsC/NOAA/NGOFS2/MODELS/2026/10/06/ngofs2.t21z.20261006.regulargrid.f000.nc,0.0,a35efafd89c8c60821aa7c6740a638843fb330aba7b5d73879f8854f4678c3d5,ngofs2_regulargrid_v1
noaa_ngofs2_mobile_bay_regulargrid,MODEL,ngofs2_grid_875_996,noaa_ngofs2_mobile_bay_model,Fairhope/Fly Creek/Pier,0.25,30.52,-87.91999999999999,2.218344355235801,water_temperature,29.804546356201172,degC,bottom,2.0,standard_depth_positive_down,model_grid_or_not_applicable,MODEL_WET_GRID_NODE,,2026-10-06T21:00:00+00:00,2026-10-07T06:31:11.819952+00:00,2026-10-07T06:31:11.819952+00:00,UTC,2026-10-06T21:00:00+00:00,forecast,0,https://opendap.co-ops.nos.noaa.gov/thredds/dodsC/NOAA/NGOFS2/MODELS/2026/10/06/ngofs2.t21z.20261006.regulargrid.f000.nc,0.0,a35efafd89c8c60821aa7c6740a638843fb330aba7b5d73879f8854f4678c3d5,ngofs2_regulargrid_v1
noaa_ngofs2_mobile_bay_regulargrid,MODEL,ngofs2_grid_875_996,noaa_ngofs2_mobile_bay_model,Fairhope/Fly Creek/Pier,0.25,30.52,-87.91999999999999,2.218344355235801,salinity,14.7612886428833,PSU,bottom,2.0,standard_depth_positive_down,model_grid_or_not_applicable,MODEL_WET_GRID_NODE,,2026-10-06T21:00:00+00:00,2026-10-07T06:31:11.819952+00:00,2026-10-07T06:31:11.819952+00:00,UTC,2026-10-06T21:00:00+00:00,forecast,0,https://opendap.co-ops.nos.noaa.gov/thredds/dodsC/NOAA/NGOFS2/MODELS/2026/10/06/ngofs2.t21z.20261006.regulargrid.f000.nc,0.0,a35efafd89c8c60821aa7c6740a638843fb330aba7b5d73879f8854f4678c3d5,ngofs2_regulargrid_v1
noaa_ngofs2_mobile_bay_regulargrid,MODEL,ngofs2_grid_875_996,noaa_ngofs2_mobile_bay_model,Fairhope/Fly Creek/Pier,0.25,30.52,-87.91999999999999,2.218344355235801,water_surface_elevation,0.0916069820523262,m,surface,0.0,surface,model_mean_sea_level,MODEL_WET_GRID_NODE,,2026-10-06T21:00:00+00:00,2026-10-07T06:31:11.819952+00:00,2026-10-07T06:31:11.819952+00:00,UTC,2026-10-06T21:00:00+00:00,forecast,0,https://opendap.co-ops.nos.noaa.gov/thredds/dodsC/NOAA/NGOFS2/MODELS/2026/10/06/ngofs2.t21z.20261006.regulargrid.f000.nc,0.0,a35efafd89c8c60821aa7c6740a638843fb330aba7b5d73879f8854f4678c3d5,ngofs2_regulargrid_v1
noaa_ngofs2_mobile_bay_regulargrid,MODEL,ngofs2_grid_876_996,noaa_ngofs2_mobile_bay_model,Fairhope/Fly Creek/Pier,0.75,30.53,-87.91999999999999,3.0932896910937813,eastward_current,-0.08135931938886642,m/s,surface,0.0,standard_depth_positive_down,model_grid_or_not_applicable,MODEL_WET_GRID_NODE,,2026-10-06T21:00:00+00:00,2026-10-07T06:31:11.819952+00:00,2026-10-07T06:31:11.819952+00:00,UTC,2026-10-06T21:00:00+00:00,forecast,0,https://opendap.co-ops.nos.noaa.gov/thredds/dodsC/NOAA/NGOFS2/MODELS/2026/10/06/ngofs2.t21z.20261006.regulargrid.f000.nc,0.0,a35efafd89c8c60821aa7c6740a638843fb330aba7b5d73879f8854f4678c3d5,ngofs2_regulargrid_v1
noaa_ngofs2_mobile_bay_regulargrid,MODEL,ngofs2_grid_876_996,noaa_ngofs2_mobile_bay_model,Fairhope/Fly Creek/Pier,0.75,30.53,-87.91999999999999,3.0932896910937813,northward_current,-0.10129774361848831,m/s,surface,0.0,standard_depth_positive_down,model_grid_or_not_applicable,MODEL_WET_GRID_NODE,,2026-10-06T21:00:00+00:00,2026-10-07T06:31:11.819952+00:00,2026-10-07T06:31:11.819952+00:00,UTC,2026-10-06T21:00:00+00:00,forecast,0,https://opendap.co-ops.nos.noaa.gov/thredds/dodsC/NOAA/NGOFS2/MODELS/2026/10/06/ngofs2.t21z.20261006.regulargrid.f000.nc,0.0,a35efafd89c8c60821aa7c6740a638843fb330aba7b5d73879f8854f4678c3d5,ngofs2_regulargrid_v1
noaa_ngofs2_mobile_bay_regulargrid,MODEL,ngofs2_grid_876_996,noaa_ngofs2_mobile_bay_model,Fairhope/Fly Creek/Pier,0.75,30.53,-87.91999999999999,3.0932896910937813,shoreward_current,-0.08135931938886642,m/s,surface,0.0,standard_depth_positive_down,model_grid_or_not_applicable,MODEL_WET_GRID_NODE,,2026-10-06T21:00:00+00:00,2026-10-07T06:31:11.819952+00:00,2026-10-07T06:31:11.819952+00:00,UTC,2026-10-06T21:00:00+00:00,forecast,0,https://opendap.co-ops.nos.noaa.gov/thredds/dodsC/NOAA/NGOFS2/MODELS/2026/10/06/ngofs2.t21z.20261006.regulargrid.f000.nc,0.0,a35efafd89c8c60821aa7c6740a638843fb330aba7b5d73879f8854f4678c3d5,ngofs2_regulargrid_v1
noaa_ngofs2_mobile_bay_regulargrid,MODEL,ngofs2_grid_876_996,noaa_ngofs2_mobile_bay_model,Fairhope/Fly Creek/Pier,0.75,30.53,-87.91999999999999,3.0932896910937813,water_temperature,29.76079750061035,degC,surface,0.0,standard_depth_positive_down,model_grid_or_not_applicable,MODEL_WET_GRID_NODE,,2026-10-06T21:00:00+00:00,2026-10-07T06:31:11.819952+00:00,2026-10-07T06:31:11.819952+00:00,UTC,2026-10-06T21:00:00+00:00,forecast,0,https://opendap.co-ops.nos.noaa.gov/thredds/dodsC/NOAA/NGOFS2/MODELS/2026/10/06/ngofs2.t21z.20261006.regulargrid.f000.nc,0.0,a35efafd89c8c60821aa7c6740a638843fb330aba7b5d73879f8854f4678c3d5,ngofs2_regulargrid_v1
noaa_ngofs2_mobile_bay_regulargrid,MODEL,ngofs2_grid_876_996,noaa_ngofs2_mobile_bay_model,Fairhope/Fly Creek/Pier,0.75,30.53,-87.91999999999999,3.0932896910937813,salinity,14.012205123901367,PSU,surface,0.0,standard_depth_positive_down,model_grid_or_not_applicable,MODEL_WET_GRID_NODE,,2026-10-06T21:00:00+00:00,2026-10-07T06:31:11.819952+00:00,2026-10-07T06:31:11.819952+00:00,UTC,2026-10-06T21:00:00+00:00,forecast,0,https://opendap.co-ops.nos.noaa.gov/thredds/dodsC/NOAA/NGOFS2/MODELS/2026/10/06/ngofs2.t21z.20261006.regulargrid.f000.nc,0.0,a35efafd89c8c60821aa7c6740a638843fb330aba7b5d73879f8854f4678c3d5,ngofs2_regulargrid_v1
noaa_ngofs2_mobile_bay_regulargrid,MODEL,ngofs2_grid_876_996,noaa_ngofs2_mobile_bay_model,Fairhope/Fly Creek/Pier,0.75,30.53,-87.91999999999999,3.0932896910937813,eastward_current,-0.001698560081422329,m/s,bottom,2.0,standard_depth_positive_down,model_grid_or_not_applicable,MODEL_WET_GRID_NODE,,2026-10-06T21:00:00+00:00,2026-10-07T06:31:11.819952+00:00,2026-10-07T06:31:11.819952+00:00,UTC,2026-10-06T21:00:00+00:00,forecast,0,https://opendap.co-ops.nos.noaa.gov/thredds/dodsC/NOAA/NGOFS2/MODELS/2026/10/06/ngofs2.t21z.20261006.regulargrid.f000.nc,0.0,a35efafd89c8c60821aa7c6740a638843fb330aba7b5d73879f8854f4678c3d5,ngofs2_regulargrid_v1
noaa_ngofs2_mobile_bay_regulargrid,MODEL,ngofs2_grid_876_996,noaa_ngofs2_mobile_bay_model,Fairhope/Fly Creek/Pier,0.75,30.53,-87.91999999999999,3.0932896910937813,northward_current,-0.04334231838583946,m/s,bottom,2.0,standard_depth_positive_down,model_grid_or_not_applicable,MODEL_WET_GRID_NODE,,2026-10-06T21:00:00+00:00,2026-10-07T06:31:11.819952+00:00,2026-10-07T06:31:11.819952+00:00,UTC,2026-10-06T21:00:00+00:00,forecast,0,https://opendap.co-ops.nos.noaa.gov/thredds/dodsC/NOAA/NGOFS2/MODELS/2026/10/06/ngofs2.t21z.20261006.regulargrid.f000.nc,0.0,a35efafd89c8c60821aa7c6740a638843fb330aba7b5d73879f8854f4678c3d5,ngofs2_regulargrid_v1
noaa_ngofs2_mobile_bay_regulargrid,MODEL,ngofs2_grid_876_996,noaa_ngofs2_mobile_bay_model,Fairhope/Fly Creek/Pier,0.75,30.53,-87.91999999999999,3.0932896910937813,shoreward_current,-0.0016985600814223316,m/s,bottom,2.0,standard_depth_positive_down,model_grid_or_not_applicable,MODEL_WET_GRID_NODE,,2026-10-06T21:00:00+00:00,2026-10-07T06:31:11.819952+00:00,2026-10-07T06:31:11.819952+00:00,UTC,2026-10-06T21:00:00+00:00,forecast,0,https://opendap.co-ops.nos.noaa.gov/thredds/dodsC/NOAA/NGOFS2/MODELS/2026/10/06/ngofs2.t21z.20261006.regulargrid.f000.nc,0.0,a35efafd89c8c60821aa7c6740a638843fb330aba7b5d73879f8854f4678c3d5,ngofs2_regulargrid_v1
noaa_ngofs2_mobile_bay_regulargrid,MODEL,ngofs2_grid_876_996,noaa_ngofs2_mobile_bay_model,Fairhope/Fly Creek/Pier,0.75,30.53,-87.91999999999999,3.0932896910937813,water_temperature,29.842510223388672,degC,bottom,2.0,standard_depth_positive_down,model_grid_or_not_applicable,MODEL_WET_GRID_NODE,,2026-10-06T21:00:00+00:00,2026-10-07T06:31:11.819952+00:00,2026-10-07T06:31:11.819952+00:00,UTC,2026-10-06T21:00:00+00:00,forecast,0,https://opendap.co-ops.nos.noaa.gov/thredds/dodsC/NOAA/NGOFS2/MODELS/2026/10/06/ngofs2.t21z.20261006.regulargrid.f000.nc,0.0,a35efafd89c8c60821aa7c6740a638843fb330aba7b5d73879f8854f4678c3d5,ngofs2_regulargrid_v1
noaa_ngofs2_mobile_bay_regulargrid,MODEL,ngofs2_grid_876_996,noaa_ngofs2_mobile_bay_model,Fairhope/Fly Creek/Pier,0.75,30.53,-87.91999999999999,3.0932896910937813,salinity,14.810884475708008,PSU,bottom,2.0,standard_depth_positive_down,model_grid_or_not_applicable,MODEL_WET_GRID_NODE,,2026-10-06T21:00:00+00:00,2026-10-07T06:31:11.819952+00:00,2026-10-07T06:31:11.819952+00:00,UTC,2026-10-06T21:00:00+00:00,forecast,0,https://opendap.co-ops.nos.noaa.gov/thredds/dodsC/NOAA/NGOFS2/MODELS/2026/10/06/ngofs2.t21z.20261006.regulargrid.f000.nc,0.0,a35efafd89c8c60821aa7c6740a638843fb330aba7b5d73879f8854f4678c3d5,ngofs2_regulargrid_v1
noaa_ngofs2_mobile_bay_regulargrid,MODEL,ngofs2_grid_876_996,noaa_ngofs2_mobile_bay_model,Fairhope/Fly Creek/Pier,0.75,30.53,-87.91999999999999,3.0932896910937813,water_surface_elevation,0.09134652465581894,m,surface,0.0,surface,model_mean_sea_level,MODEL_WET_GRID_NODE,,2026-10-06T21:00:00+00:00,2026-10-07T06:31:11.819952+00:00,2026-10-07T06:31:11.819952+00:00,UTC,2026-10-06T21:00:00+00:00,forecast,0,https://opendap.co-ops.nos.noaa.gov/thredds/dodsC/NOAA/NGOFS2/MODELS/2026/10/06/ngofs2.t21z.20261006.regulargrid.f000.nc,0.0,a35efafd89c8c60821aa7c6740a638843fb330aba7b5d73879f8854f4678c3d5,ngofs2_regulargrid_v1
noaa_ngofs2_mobile_bay_regulargrid,MODEL,ngofs2_grid_875_995,noaa_ngofs2_mobile_bay_model,Fairhope/Fly Creek/Pier,1.5,30.52,-87.92999999999999,3.361578206118958,eastward_current,-0.12412351369857788,m/s,surface,0.0,standard_depth_positive_down,model_grid_or_not_applicable,MODEL_WET_GRID_NODE,,2026-10-06T21:00:00+00:00,2026-10-07T06:31:11.819952+00:00,2026-10-07T06:31:11.819952+00:00,UTC,2026-10-06T21:00:00+00:00,forecast,0,https://opendap.co-ops.nos.noaa.gov/thredds/dodsC/NOAA/NGOFS2/MODELS/2026/10/06/ngofs2.t21z.20261006.regulargrid.f000.nc,0.0,a35efafd89c8c60821aa7c6740a638843fb330aba7b5d73879f8854f4678c3d5,ngofs2_regulargrid_v1
noaa_ngofs2_mobile_bay_regulargrid,MODEL,ngofs2_grid_875_995,noaa_ngofs2_mobile_bay_model,Fairhope/Fly Creek/Pier,1.5,30.52,-87.92999999999999,3.361578206118958,northward_current,-0.1320062279701233,m/s,surface,0.0,standard_depth_positive_down,model_grid_or_not_applicable,MODEL_WET_GRID_NODE,,2026-10-06T21:00:00+00:00,2026-10-07T06:31:11.819952+00:00,2026-10-07T06:31:11.819952+00:00,UTC,2026-10-06T21:00:00+00:00,forecast,0,https://opendap.co-ops.nos.noaa.gov/thredds/dodsC/NOAA/NGOFS2/MODELS/2026/10/06/ngofs2.t21z.20261006.regulargrid.f000.nc,0.0,a35efafd89c8c60821aa7c6740a638843fb330aba7b5d73879f8854f4678c3d5,ngofs2_regulargrid_v1
noaa_ngofs2_mobile_bay_regulargrid,MODEL,ngofs2_grid_875_995,noaa_ngofs2_mobile_bay_model,Fairhope/Fly Creek/Pier,1.5,30.52,-87.92999999999999,3.361578206118958,shoreward_current,-0.1241235136985779,m/s,surface,0.0,standard_depth_positive_down,model_grid_or_not_applicable,MODEL_WET_GRID_NODE,,2026-10-06T21:00:00+00:00,2026-10-07T06:31:11.819952+00:00,2026-10-07T06:31:11.819952+00:00,UTC,2026-10-06T21:00:00+00:00,forecast,0,https://opendap.co-ops.nos.noaa.gov/thredds/dodsC/NOAA/NGOFS2/MODELS/2026/10/06/ngofs2.t21z.20261006.regulargrid.f000.nc,0.0,a35efafd89c8c60821aa7c6740a638843fb330aba7b5d73879f8854f4678c3d5,ngofs2_regulargrid_v1
noaa_ngofs2_mobile_bay_regulargrid,MODEL,ngofs2_grid_875_995,noaa_ngofs2_mobile_bay_model,Fairhope/Fly Creek/Pier,1.5,30.52,-87.92999999999999,3.361578206118958,water_temperature,29.7466983795166,degC,surface,0.0,standard_depth_positive_down,model_grid_or_not_applicable,MODEL_WET_GRID_NODE,,2026-10-06T21:00:00+00:00,2026-10-07T06:31:11.819952+00:00,2026-10-07T06:31:11.819952+00:00,UTC,2026-10-06T21:00:00+00:00,forecast,0,https://opendap.co-ops.nos.noaa.gov/thredds/dodsC/NOAA/NGOFS2/MODELS/2026/10/06/ngofs2.t21z.20261006.regulargrid.f000.nc,0.0,a35efafd89c8c60821aa7c6740a638843fb330aba7b5d73879f8854f4678c3d5,ngofs2_regulargrid_v1
noaa_ngofs2_mobile_bay_regulargrid,MODEL,ngofs2_grid_875_995,noaa_ngofs2_mobile_bay_model,Fairhope/Fly Creek/Pier,1.5,30.52,-87.92999999999999,3.361578206118958,salinity,14.31017780303955,PSU,surface,0.0,standard_depth_positive_down,model_grid_or_not_applicable,MODEL_WET_GRID_NODE,,2026-10-06T21:00:00+00:00,2026-10-07T06:31:11.819952+00:00,2026-10-07T06:31:11.819952+00:00,UTC,2026-10-06T21:00:00+00:00,forecast,0,https://opendap.co-ops.nos.noaa.gov/thredds/dodsC/NOAA/NGOFS2/MODELS/2026/10/06/ngofs2.t21z.20261006.regulargrid.f000.nc,0.0,a35efafd89c8c60821aa7c6740a638843fb330aba7b5d73879f8854f4678c3d5,ngofs2_regulargrid_v1
noaa_ngofs2_mobile_bay_regulargrid,MODEL,ngofs2_grid_875_995,noaa_ngofs2_mobile_bay_model,Fairhope/Fly Creek/Pier,1.5,30.52,-87.92999999999999,3.361578206118958,eastward_current,-0.02334759198129177,m/s,bottom,2.0,standard_depth_positive_down,model_grid_or_not_applicable,MODEL_WET_GRID_NODE,,2026-10-06T21:00:00+00:00,2026-10-07T06:31:11.819952+00:00,2026-10-07T06:31:11.819952+00:00,UTC,2026-10-06T21:00:00+00:00,forecast,0,https://opendap.co-ops.nos.noaa.gov/thredds/dodsC/NOAA/NGOFS2/MODELS/2026/10/06/ngofs2.t21z.20261006.regulargrid.f000.nc,0.0,a35efafd89c8c60821aa7c6740a638843fb330aba7b5d73879f8854f4678c3d5,ngofs2_regulargrid_v1
noaa_ngofs2_mobile_bay_regulargrid,MODEL,ngofs2_grid_875_995,noaa_ngofs2_mobile_bay_model,Fairhope/Fly Creek/Pier,1.5,30.52,-87.92999999999999,3.361578206118958,northward_current,-0.07695385068655014,m/s,bottom,2.0,standard_depth_positive_down,model_grid_or_not_applicable,MODEL_WET_GRID_NODE,,2026-10-06T21:00:00+00:00,2026-10-07T06:31:11.819952+00:00,2026-10-07T06:31:11.819952+00:00,UTC,2026-10-06T21:00:00+00:00,forecast,0,https://opendap.co-ops.nos.noaa.gov/thredds/dodsC/NOAA/NGOFS2/MODELS/2026/10/06/ngofs2.t21z.20261006.regulargrid.f000.nc,0.0,a35efafd89c8c60821aa7c6740a638843fb330aba7b5d73879f8854f4678c3d5,ngofs2_regulargrid_v1
noaa_ngofs2_mobile_bay_regulargrid,MODEL,ngofs2_grid_875_995,noaa_ngofs2_mobile_bay_model,Fairhope/Fly Creek/Pier,1.5,30.52,-87.92999999999999,3.361578206118958,shoreward_current,-0.023347591981291774,m/s,bottom,2.0,standard_depth_positive_down,model_grid_or_not_applicable,MODEL_WET_GRID_NODE,,2026-10-06T21:00:00+00:00,2026-10-07T06:31:11.819952+00:00,2026-10-07T06:31:11.819952+00:00,UTC,2026-10-06T21:00:00+00:00,forecast,0,https://opendap.co-ops.nos.noaa.gov/thredds/dodsC/NOAA/NGOFS2/MODELS/2026/10/06/ngofs2.t21z.20261006.regulargrid.f000.nc,0.0,a35efafd89c8c60821aa7c6740a638843fb330aba7b5d73879f8854f4678c3d5,ngofs2_regulargrid_v1
noaa_ngofs2_mobile_bay_regulargrid,MODEL,ngofs2_grid_875_995,noaa_ngofs2_mobile_bay_model,Fairhope/Fly Creek/Pier,1.5,30.52,-87.92999999999999,3.361578206118958,water_temperature,29.771921157836914,degC,bottom,2.0,standard_depth_positive_down,model_grid_or_not_applicable,MODEL_WET_GRID_NODE,,2026-10-06T21:00:00+00:00,2026-10-07T06:31:11.819952+00:00,2026-10-07T06:31:11.819952+00:00,UTC,2026-10-06T21:00:00+00:00,forecast,0,https://opendap.co-ops.nos.noaa.gov/thredds/dodsC/NOAA/NGOFS2/MODELS/2026/10/06/ngofs2.t21z.20261006.regulargrid.f000.nc,0.0,a35efafd89c8c60821aa7c6740a638843fb330aba7b5d73879f8854f4678c3d5,ngofs2_regulargrid_v1
noaa_ngofs2_mobile_bay_regulargrid,MODEL,ngofs2_grid_875_995,noaa_ngofs2_mobile_bay_model,Fairhope/Fly Creek/Pier,1.5,30.52,-87.92999999999999,3.361578206118958,salinity,15.370574951171875,PSU,bottom,2.0,standard_depth_positive_down,model_grid_or_not_applicable,MODEL_WET_GRID_NODE,,2026-10-06T21:00:00+00:00,2026-10-07T06:31:11.819952+00:00,2026-10-07T06:31:11.819952+00:00,UTC,2026-10-06T21:00:00+00:00,forecast,0,https://opendap.co-ops.nos.noaa.gov/thredds/dodsC/NOAA/NGOFS2/MODELS/2026/10/06/ngofs2.t21z.20261006.regulargrid.f000.nc,0.0,a35efafd89c8c60821aa7c6740a638843fb330aba7b5d73879f8854f4678c3d5,ngofs2_regulargrid_v1
noaa_ngofs2_mobile_bay_regulargrid,MODEL,ngofs2_grid_875_995,noaa_ngofs2_mobile_bay_model,Fairhope/Fly Creek/Pier,1.5,30.52,-87.92999999999999,3.361578206118958,water_surface_elevation,0.09322134405374527,m,surface,0.0,surface,model_mean_sea_level,MODEL_WET_GRID_NODE,,2026-10-06T21:00:00+00:00,2026-10-07T06:31:11.819952+00:00,2026-10-07T06:31:11.819952+00:00,UTC,2026-10-06T21:00:00+00:00,forecast,0,https://opendap.co-ops.nos.noaa.gov/thredds/dodsC/NOAA/NGOFS2/MODELS/2026/10/06/ngofs2.t21z.20261006.regulargrid.f000.nc,0.0,a35efafd89c8c60821aa7c6740a638843fb330aba7b5d73879f8854f4678c3d5,ngofs2_regulargrid_v1
noaa_ngofs2_mobile_bay_regulargrid,MODEL,ngofs2_grid_875_993,noaa_ngofs2_mobile_bay_model,Fairhope/Fly Creek/Pier,3.0,30.52,-87.94999999999999,4.08614297131185,eastward_current,-0.16823889315128326,m/s,surface,0.0,standard_depth_positive_down,model_grid_or_not_applicable,MODEL_WET_GRID_NODE,,2026-10-06T21:00:00+00:00,2026-10-07T06:31:11.819952+00:00,2026-10-07T06:31:11.819952+00:00,UTC,2026-10-06T21:00:00+00:00,forecast,0,https://opendap.co-ops.nos.noaa.gov/thredds/dodsC/NOAA/NGOFS2/MODELS/2026/10/06/ngofs2.t21z.20261006.regulargrid.f000.nc,0.0,a35efafd89c8c60821aa7c6740a638843fb330aba7b5d73879f8854f4678c3d5,ngofs2_regulargrid_v1
noaa_ngofs2_mobile_bay_regulargrid,MODEL,ngofs2_grid_875_993,noaa_ngofs2_mobile_bay_model,Fairhope/Fly Creek/Pier,3.0,30.52,-87.94999999999999,4.08614297131185,northward_current,-0.14987187087535858,m/s,surface,0.0,standard_depth_positive_down,model_grid_or_not_applicable,MODEL_WET_GRID_NODE,,2026-10-06T21:00:00+00:00,2026-10-07T06:31:11.819952+00:00,2026-10-07T06:31:11.819952+00:00,UTC,2026-10-06T21:00:00+00:00,forecast,0,https://opendap.co-ops.nos.noaa.gov/thredds/dodsC/NOAA/NGOFS2/MODELS/2026/10/06/ngofs2.t21z.20261006.regulargrid.f000.nc,0.0,a35efafd89c8c60821aa7c6740a638843fb330aba7b5d73879f8854f4678c3d5,ngofs2_regulargrid_v1
noaa_ngofs2_mobile_bay_regulargrid,MODEL,ngofs2_grid_875_993,noaa_ngofs2_mobile_bay_model,Fairhope/Fly Creek/Pier,3.0,30.52,-87.94999999999999,4.08614297131185,shoreward_current,-0.16823889315128326,m/s,surface,0.0,standard_depth_positive_down,model_grid_or_not_applicable,MODEL_WET_GRID_NODE,,2026-10-06T21:00:00+00:00,2026-10-07T06:31:11.819952+00:00,2026-10-07T06:31:11.819952+00:00,UTC,2026-10-06T21:00:00+00:00,forecast,0,https://opendap.co-ops.nos.noaa.gov/thredds/dodsC/NOAA/NGOFS2/MODELS/2026/10/06/ngofs2.t21z.20261006.regulargrid.f000.nc,0.0,a35efafd89c8c60821aa7c6740a638843fb330aba7b5d73879f8854f4678c3d5,ngofs2_regulargrid_v1
noaa_ngofs2_mobile_bay_regulargrid,MODEL,ngofs2_grid_875_993,noaa_ngofs2_mobile_bay_model,Fairhope/Fly Creek/Pier,3.0,30.52,-87.94999999999999,4.08614297131185,water_temperature,29.523910522460938,degC,surface,0.0,standard_depth_positive_down,model_grid_or_not_applicable,MODEL_WET_GRID_NODE,,2026-10-06T21:00:00+00:00,2026-10-07T06:31:11.819952+00:00,2026-10-07T06:31:11.819952+00:00,UTC,2026-10-06T21:00:00+00:00,forecast,0,https://opendap.co-ops.nos.noaa.gov/thredds/dodsC/NOAA/NGOFS2/MODELS/2026/10/06/ngofs2.t21z.20261006.regulargrid.f000.nc,0.0,a35efafd89c8c60821aa7c6740a638843fb330aba7b5d73879f8854f4678c3d5,ngofs2_regulargrid_v1
noaa_ngofs2_mobile_bay_regulargrid,MODEL,ngofs2_grid_875_993,noaa_ngofs2_mobile_bay_model,Fairhope/Fly Creek/Pier,3.0,30.52,-87.94999999999999,4.08614297131185,salinity,13.705632209777832,PSU,surface,0.0,standard_depth_positive_down,model_grid_or_not_applicable,MODEL_WET_GRID_NODE,,2026-10-06T21:00:00+00:00,2026-10-07T06:31:11.819952+00:00,2026-10-07T06:31:11.819952+00:00,UTC,2026-10-06T21:00:00+00:00,forecast,0,https://opendap.co-ops.nos.noaa.gov/thredds/dodsC/NOAA/NGOFS2/MODELS/2026/10/06/ngofs2.t21z.20261006.regulargrid.f000.nc,0.0,a35efafd89c8c60821aa7c6740a638843fb330aba7b5d73879f8854f4678c3d5,ngofs2_regulargrid_v1
noaa_ngofs2_mobile_bay_regulargrid,MODEL,ngofs2_grid_875_993,noaa_ngofs2_mobile_bay_model,Fairhope/Fly Creek/Pier,3.0,30.52,-87.94999999999999,4.08614297131185,eastward_current,0.0358876995742321,m/s,bottom,4.0,standard_depth_positive_down,model_grid_or_not_applicable,MODEL_WET_GRID_NODE,,2026-10-06T21:00:00+00:00,2026-10-07T06:31:11.819952+00:00,2026-10-07T06:31:11.819952+00:00,UTC,2026-10-06T21:00:00+00:00,forecast,0,https://opendap.co-ops.nos.noaa.gov/thredds/dodsC/NOAA/NGOFS2/MODELS/2026/10/06/ngofs2.t21z.20261006.regulargrid.f000.nc,0.0,a35efafd89c8c60821aa7c6740a638843fb330aba7b5d73879f8854f4678c3d5,ngofs2_regulargrid_v1
noaa_ngofs2_mobile_bay_regulargrid,MODEL,ngofs2_grid_875_993,noaa_ngofs2_mobile_bay_model,Fairhope/Fly Creek/Pier,3.0,30.52,-87.94999999999999,4.08614297131185,northward_current,0.027133556082844734,m/s,bottom,4.0,standard_depth_positive_down,model_grid_or_not_applicable,MODEL_WET_GRID_NODE,,2026-10-06T21:00:00+00:00,2026-10-07T06:31:11.819952+00:00,2026-10-07T06:31:11.819952+00:00,UTC,2026-10-06T21:00:00+00:00,forecast,0,https://opendap.co-ops.nos.noaa.gov/thredds/dodsC/NOAA/NGOFS2/MODELS/2026/10/06/ngofs2.t21z.20261006.regulargrid.f000.nc,0.0,a35efafd89c8c60821aa7c6740a638843fb330aba7b5d73879f8854f4678c3d5,ngofs2_regulargrid_v1
noaa_ngofs2_mobile_bay_regulargrid,MODEL,ngofs2_grid_875_993,noaa_ngofs2_mobile_bay_model,Fairhope/Fly Creek/Pier,3.0,30.52,-87.94999999999999,4.08614297131185,shoreward_current,0.0358876995742321,m/s,bottom,4.0,standard_depth_positive_down,model_grid_or_not_applicable,MODEL_WET_GRID_NODE,,2026-10-06T21:00:00+00:00,2026-10-07T06:31:11.819952+00:00,2026-10-07T06:31:11.819952+00:00,UTC,2026-10-06T21:00:00+00:00,forecast,0,https://opendap.co-ops.nos.noaa.gov/thredds/dodsC/NOAA/NGOFS2/MODELS/2026/10/06/ngofs2.t21z.20261006.regulargrid.f000.nc,0.0,a35efafd89c8c60821aa7c6740a638843fb330aba7b5d73879f8854f4678c3d5,ngofs2_regulargrid_v1
noaa_ngofs2_mobile_bay_regulargrid,MODEL,ngofs2_grid_875_993,noaa_ngofs2_mobile_bay_model,Fairhope/Fly Creek/Pier,3.0,30.52,-87.94999999999999,4.08614297131185,water_temperature,29.510726928710938,degC,bottom,4.0,standard_depth_positive_down,model_grid_or_not_applicable,MODEL_WET_GRID_NODE,,2026-10-06T21:00:00+00:00,2026-10-07T06:31:11.819952+00:00,2026-10-07T06:31:11.819952+00:00,UTC,2026-10-06T21:00:00+00:00,forecast,0,https://opendap.co-ops.nos.noaa.gov/thredds/dodsC/NOAA/NGOFS2/MODELS/2026/10/06/ngofs2.t21z.20261006.regulargrid.f000.nc,0.0,a35efafd89c8c60821aa7c6740a638843fb330aba7b5d73879f8854f4678c3d5,ngofs2_regulargrid_v1
noaa_ngofs2_mobile_bay_regulargrid,MODEL,ngofs2_grid_875_993,noaa_ngofs2_mobile_bay_model,Fairhope/Fly Creek/Pier,3.0,30.52,-87.94999999999999,4.08614297131185,salinity,18.875938415527344,PSU,bottom,4.0,standard_depth_positive_down,model_grid_or_not_applicable,MODEL_WET_GRID_NODE,,2026-10-06T21:00:00+00:00,2026-10-07T06:31:11.819952+00:00,2026-10-07T06:31:11.819952+00:00,UTC,2026-10-06T21:00:00+00:00,forecast,0,https://opendap.co-ops.nos.noaa.gov/thredds/dodsC/NOAA/NGOFS2/MODELS/2026/10/06/ngofs2.t21z.20261006.regulargrid.f000.nc,0.0,a35efafd89c8c60821aa7c6740a638843fb330aba7b5d73879f8854f4678c3d5,ngofs2_regulargrid_v1
noaa_ngofs2_mobile_bay_regulargrid,MODEL,ngofs2_grid_875_993,noaa_ngofs2_mobile_bay_model,Fairhope/Fly Creek/Pier,3.0,30.52,-87.94999999999999,4.08614297131185,water_surface_elevation,0.09762774407863617,m,surface,0.0,surface,model_mean_sea_level,MODEL_WET_GRID_NODE,,2026-10-06T21:00:00+00:00,2026-10-07T06:31:11.819952+00:00,2026-10-07T06:31:11.819952+00:00,UTC,2026-10-06T21:00:00+00:00,forecast,0,https://opendap.co-ops.nos.noaa.gov/thredds/dodsC/NOAA/NGOFS2/MODELS/2026/10/06/ngofs2.t21z.20261006.regulargrid.f000.nc,0.0,a35efafd89c8c60821aa7c6740a638843fb330aba7b5d73879f8854f4678c3d5,ngofs2_regulargrid_v1
noaa_ngofs2_mobile_bay_regulargrid,MODEL,ngofs2_grid_873_995,noaa_ngofs2_mobile_bay_model,Battles Wharf,0.25,30.5,-87.92999999999999,1.5247603851571427,eastward_current,-0.057937584817409515,m/s,surface,0.0,standard_depth_positive_down,model_grid_or_not_applicable,MODEL_WET_GRID_NODE,,2026-10-06T21:00:00+00:00,2026-10-07T06:31:11.819952+00:00,2026-10-07T06:31:11.819952+00:00,UTC,2026-10-06T21:00:00+00:00,forecast,0,https://opendap.co-ops.nos.noaa.gov/thredds/dodsC/NOAA/NGOFS2/MODELS/2026/10/06/ngofs2.t21z.20261006.regulargrid.f000.nc,0.0,a35efafd89c8c60821aa7c6740a638843fb330aba7b5d73879f8854f4678c3d5,ngofs2_regulargrid_v1
noaa_ngofs2_mobile_bay_regulargrid,MODEL,ngofs2_grid_873_995,noaa_ngofs2_mobile_bay_model,Battles Wharf,0.25,30.5,-87.92999999999999,1.5247603851571427,northward_current,-0.12475145608186722,m/s,surface,0.0,standard_depth_positive_down,model_grid_or_not_applicable,MODEL_WET_GRID_NODE,,2026-10-06T21:00:00+00:00,2026-10-07T06:31:11.819952+00:00,2026-10-07T06:31:11.819952+00:00,UTC,2026-10-06T21:00:00+00:00,forecast,0,https://opendap.co-ops.nos.noaa.gov/thredds/dodsC/NOAA/NGOFS2/MODELS/2026/10/06/ngofs2.t21z.20261006.regulargrid.f000.nc,0.0,a35efafd89c8c60821aa7c6740a638843fb330aba7b5d73879f8854f4678c3d5,ngofs2_regulargrid_v1
noaa_ngofs2_mobile_bay_regulargrid,MODEL,ngofs2_grid_873_995,noaa_ngofs2_mobile_bay_model,Battles Wharf,0.25,30.5,-87.92999999999999,1.5247603851571427,shoreward_current,-0.05793758481740952,m/s,surface,0.0,standard_depth_positive_down,model_grid_or_not_applicable,MODEL_WET_GRID_NODE,,2026-10-06T21:00:00+00:00,2026-10-07T06:31:11.819952+00:00,2026-10-07T06:31:11.819952+00:00,UTC,2026-10-06T21:00:00+00:00,forecast,0,https://opendap.co-ops.nos.noaa.gov/thredds/dodsC/NOAA/NGOFS2/MODELS/2026/10/06/ngofs2.t21z.20261006.regulargrid.f000.nc,0.0,a35efafd89c8c60821aa7c6740a638843fb330aba7b5d73879f8854f4678c3d5,ngofs2_regulargrid_v1
noaa_ngofs2_mobile_bay_regulargrid,MODEL,ngofs2_grid_873_995,noaa_ngofs2_mobile_bay_model,Battles Wharf,0.25,30.5,-87.92999999999999,1.5247603851571427,water_temperature,29.60763931274414,degC,surface,0.0,standard_depth_positive_down,model_grid_or_not_applicable,MODEL_WET_GRID_NODE,,2026-10-06T21:00:00+00:00,2026-10-07T06:31:11.819952+00:00,2026-10-07T06:31:11.819952+00:00,UTC,2026-10-06T21:00:00+00:00,forecast,0,https://opendap.co-ops.nos.noaa.gov/thredds/dodsC/NOAA/NGOFS2/MODELS/2026/10/06/ngofs2.t21z.20261006.regulargrid.f000.nc,0.0,a35efafd89c8c60821aa7c6740a638843fb330aba7b5d73879f8854f4678c3d5,ngofs2_regulargrid_v1
noaa_ngofs2_mobile_bay_regulargrid,MODEL,ngofs2_grid_873_995,noaa_ngofs2_mobile_bay_model,Battles Wharf,0.25,30.5,-87.92999999999999,1.5247603851571427,salinity,14.119233131408691,PSU,surface,0.0,standard_depth_positive_down,model_grid_or_not_applicable,MODEL_WET_GRID_NODE,,2026-10-06T21:00:00+00:00,2026-10-07T06:31:11.819952+00:00,2026-10-07T06:31:11.819952+00:00,UTC,2026-10-06T21:00:00+00:00,forecast,0,https://opendap.co-ops.nos.noaa.gov/thredds/dodsC/NOAA/NGOFS2/MODELS/2026/10/06/ngofs2.t21z.20261006.regulargrid.f000.nc,0.0,a35efafd89c8c60821aa7c6740a638843fb330aba7b5d73879f8854f4678c3d5,ngofs2_regulargrid_v1
noaa_ngofs2_mobile_bay_regulargrid,MODEL,ngofs2_grid_873_995,noaa_ngofs2_mobile_bay_model,Battles Wharf,0.25,30.5,-87.92999999999999,1.5247603851571427,eastward_current,-0.022541312500834465,m/s,bottom,1.0,standard_depth_positive_down,model_grid_or_not_applicable,MODEL_WET_GRID_NODE,,2026-10-06T21:00:00+00:00,2026-10-07T06:31:11.819952+00:00,2026-10-07T06:31:11.819952+00:00,UTC,2026-10-06T21:00:00+00:00,forecast,0,https://opendap.co-ops.nos.noaa.gov/thredds/dodsC/NOAA/NGOFS2/MODELS/2026/10/06/ngofs2.t21z.20261006.regulargrid.f000.nc,0.0,a35efafd89c8c60821aa7c6740a638843fb330aba7b5d73879f8854f4678c3d5,ngofs2_regulargrid_v1
noaa_ngofs2_mobile_bay_regulargrid,MODEL,ngofs2_grid_873_995,noaa_ngofs2_mobile_bay_model,Battles Wharf,0.25,30.5,-87.92999999999999,1.5247603851571427,northward_current,-0.08673091232776642,m/s,bottom,1.0,standard_depth_positive_down,model_grid_or_not_applicable,MODEL_WET_GRID_NODE,,2026-10-06T21:00:00+00:00,2026-10-07T06:31:11.819952+00:00,2026-10-07T06:31:11.819952+00:00,UTC,2026-10-06T21:00:00+00:00,forecast,0,https://opendap.co-ops.nos.noaa.gov/thredds/dodsC/NOAA/NGOFS2/MODELS/2026/10/06/ngofs2.t21z.20261006.regulargrid.f000.nc,0.0,a35efafd89c8c60821aa7c6740a638843fb330aba7b5d73879f8854f4678c3d5,ngofs2_regulargrid_v1
noaa_ngofs2_mobile_bay_regulargrid,MODEL,ngofs2_grid_873_995,noaa_ngofs2_mobile_bay_model,Battles Wharf,0.25,30.5,-87.92999999999999,1.5247603851571427,shoreward_current,-0.022541312500834472,m/s,bottom,1.0,standard_depth_positive_down,model_grid_or_not_applicable,MODEL_WET_GRID_NODE,,2026-10-06T21:00:00+00:00,2026-10-07T06:31:11.819952+00:00,2026-10-07T06:31:11.819952+00:00,UTC,2026-10-06T21:00:00+00:00,forecast,0,https://opendap.co-ops.nos.noaa.gov/thredds/dodsC/NOAA/NGOFS2/MODELS/2026/10/06/ngofs2.t21z.20261006.regulargrid.f000.nc,0.0,a35efafd89c8c60821aa7c6740a638843fb330aba7b5d73879f8854f4678c3d5,ngofs2_regulargrid_v1
noaa_ngofs2_mobile_bay_regulargrid,MODEL,ngofs2_grid_873_995,noaa_ngofs2_mobile_bay_model,Battles Wharf,0.25,30.5,-87.92999999999999,1.5247603851571427,water_temperature,29.632856369018555,degC,bottom,1.0,standard_depth_positive_down,model_grid_or_not_applicable,MODEL_WET_GRID_NODE,,2026-10-06T21:00:00+00:00,2026-10-07T06:31:11.819952+00:00,2026-10-07T06:31:11.819952+00:00,UTC,2026-10-06T21:00:00+00:00,forecast,0,https://opendap.co-ops.nos.noaa.gov/thredds/dodsC/NOAA/NGOFS2/MODELS/2026/10/06/ngofs2.t21z.20261006.regulargrid.f000.nc,0.0,a35efafd89c8c60821aa7c6740a638843fb330aba7b5d73879f8854f4678c3d5,ngofs2_regulargrid_v1
noaa_ngofs2_mobile_bay_regulargrid,MODEL,ngofs2_grid_873_995,noaa_ngofs2_mobile_bay_model,Battles Wharf,0.25,30.5,-87.92999999999999,1.5247603851571427,salinity,14.120587348937988,PSU,bottom,1.0,standard_depth_positive_down,model_grid_or_not_applicable,MODEL_WET_GRID_NODE,,2026-10-06T21:00:00+00:00,2026-10-07T06:31:11.819952+00:00,2026-10-07T06:31:11.819952+00:00,UTC,2026-10-06T21:00:00+00:00,forecast,0,https://opendap.co-ops.nos.noaa.gov/thredds/dodsC/NOAA/NGOFS2/MODELS/2026/10/06/ngofs2.t21z.20261006.regulargrid.f000.nc,0.0,a35efafd89c8c60821aa7c6740a638843fb330aba7b5d73879f8854f4678c3d5,ngofs2_regulargrid_v1
noaa_ngofs2_mobile_bay_regulargrid,MODEL,ngofs2_grid_873_995,noaa_ngofs2_mobile_bay_model,Battles Wharf,0.25,30.5,-87.92999999999999,1.5247603851571427,water_surface_elevation,0.09305879473686218,m,surface,0.0,surface,model_mean_sea_level,MODEL_WET_GRID_NODE,,2026-10-06T21:00:00+00:00,2026-10-07T06:31:11.819952+00:00,2026-10-07T06:31:11.819952+00:00,UTC,2026-10-06T21:00:00+00:00,forecast,0,https://opendap.co-ops.nos.noaa.gov/thredds/dodsC/NOAA/NGOFS2/MODELS/2026/10/06/ngofs2.t21z.20261006.regulargrid.f000.nc,0.0,a35efafd89c8c60821aa7c6740a638843fb330aba7b5d73879f8854f4678c3d5,ngofs2_regulargrid_v1
noaa_ngofs2_mobile_bay_regulargrid,MODEL,ngofs2_grid_872_994,noaa_ngofs2_mobile_bay_model,Battles Wharf,0.75,30.490000000000002,-87.94,1.9933871290190823,eastward_current,-0.06207067891955376,m/s,surface,0.0,standard_depth_positive_down,model_grid_or_not_applicable,MODEL_WET_GRID_NODE,,2026-10-06T21:00:00+00:00,2026-10-07T06:31:11.819952+00:00,2026-10-07T06:31:11.819952+00:00,UTC,2026-10-06T21:00:00+00:00,forecast,0,https://opendap.co-ops.nos.noaa.gov/thredds/dodsC/NOAA/NGOFS2/MODELS/2026/10/06/ngofs2.t21z.20261006.regulargrid.f000.nc,0.0,a35efafd89c8c60821aa7c6740a638843fb330aba7b5d73879f8854f4678c3d5,ngofs2_regulargrid_v1
noaa_ngofs2_mobile_bay_regulargrid,MODEL,ngofs2_grid_872_994,noaa_ngofs2_mobile_bay_model,Battles Wharf,0.75,30.490000000000002,-87.94,1.9933871290190823,northward_current,-0.12243200093507767,m/s,surface,0.0,standard_depth_positive_down,model_grid_or_not_applicable,MODEL_WET_GRID_NODE,,2026-10-06T21:00:00+00:00,2026-10-07T06:31:11.819952+00:00,2026-10-07T06:31:11.819952+00:00,UTC,2026-10-06T21:00:00+00:00,forecast,0,https://opendap.co-ops.nos.noaa.gov/thredds/dodsC/NOAA/NGOFS2/MODELS/2026/10/06/ngofs2.t21z.20261006.regulargrid.f000.nc,0.0,a35efafd89c8c60821aa7c6740a638843fb330aba7b5d73879f8854f4678c3d5,ngofs2_regulargrid_v1
noaa_ngofs2_mobile_bay_regulargrid,MODEL,ngofs2_grid_872_994,noaa_ngofs2_mobile_bay_model,Battles Wharf,0.75,30.490000000000002,-87.94,1.9933871290190823,shoreward_current,-0.062070678919553764,m/s,surface,0.0,standard_depth_positive_down,model_grid_or_not_applicable,MODEL_WET_GRID_NODE,,2026-10-06T21:00:00+00:00,2026-10-07T06:31:11.819952+00:00,2026-10-07T06:31:11.819952+00:00,UTC,2026-10-06T21:00:00+00:00,forecast,0,https://opendap.co-ops.nos.noaa.gov/thredds/dodsC/NOAA/NGOFS2/MODELS/2026/10/06/ngofs2.t21z.20261006.regulargrid.f000.nc,0.0,a35efafd89c8c60821aa7c6740a638843fb330aba7b5d73879f8854f4678c3d5,ngofs2_regulargrid_v1
noaa_ngofs2_mobile_bay_regulargrid,MODEL,ngofs2_grid_872_994,noaa_ngofs2_mobile_bay_model,Battles Wharf,0.75,30.490000000000002,-87.94,1.9933871290190823,water_temperature,29.621723175048828,degC,surface,0.0,standard_depth_positive_down,model_grid_or_not_applicable,MODEL_WET_GRID_NODE,,2026-10-06T21:00:00+00:00,2026-10-07T06:31:11.819952+00:00,2026-10-07T06:31:11.819952+00:00,UTC,2026-10-06T21:00:00+00:00,forecast,0,https://opendap.co-ops.nos.noaa.gov/thredds/dodsC/NOAA/NGOFS2/MODELS/2026/10/06/ngofs2.t21z.20261006.regulargrid.f000.nc,0.0,a35efafd89c8c60821aa7c6740a638843fb330aba7b5d73879f8854f4678c3d5,ngofs2_regulargrid_v1
noaa_ngofs2_mobile_bay_regulargrid,MODEL,ngofs2_grid_872_994,noaa_ngofs2_mobile_bay_model,Battles Wharf,0.75,30.490000000000002,-87.94,1.9933871290190823,salinity,14.714481353759766,PSU,surface,0.0,standard_depth_positive_down,model_grid_or_not_applicable,MODEL_WET_GRID_NODE,,2026-10-06T21:00:00+00:00,2026-10-07T06:31:11.819952+00:00,2026-10-07T06:31:11.819952+00:00,UTC,2026-10-06T21:00:00+00:00,forecast,0,https://opendap.co-ops.nos.noaa.gov/thredds/dodsC/NOAA/NGOFS2/MODELS/2026/10/06/ngofs2.t21z.20261006.regulargrid.f000.nc,0.0,a35efafd89c8c60821aa7c6740a638843fb330aba7b5d73879f8854f4678c3d5,ngofs2_regulargrid_v1
noaa_ngofs2_mobile_bay_regulargrid,MODEL,ngofs2_grid_872_994,noaa_ngofs2_mobile_bay_model,Battles Wharf,0.75,30.490000000000002,-87.94,1.9933871290190823,eastward_current,-0.04531456530094147,m/s,bottom,1.0,standard_depth_positive_down,model_grid_or_not_applicable,MODEL_WET_GRID_NODE,,2026-10-06T21:00:00+00:00,2026-10-07T06:31:11.819952+00:00,2026-10-07T06:31:11.819952+00:00,UTC,2026-10-06T21:00:00+00:00,forecast,0,https://opendap.co-ops.nos.noaa.gov/thredds/dodsC/NOAA/NGOFS2/MODELS/2026/10/06/ngofs2.t21z.20261006.regulargrid.f000.nc,0.0,a35efafd89c8c60821aa7c6740a638843fb330aba7b5d73879f8854f4678c3d5,ngofs2_regulargrid_v1
noaa_ngofs2_mobile_bay_regulargrid,MODEL,ngofs2_grid_872_994,noaa_ngofs2_mobile_bay_model,Battles Wharf,0.75,30.490000000000002,-87.94,1.9933871290190823,northward_current,-0.10994941741228104,m/s,bottom,1.0,standard_depth_positive_down,model_grid_or_not_applicable,MODEL_WET_GRID_NODE,,2026-10-06T21:00:00+00:00,2026-10-07T06:31:11.819952+00:00,2026-10-07T06:31:11.819952+00:00,UTC,2026-10-06T21:00:00+00:00,forecast,0,https://opendap.co-ops.nos.noaa.gov/thredds/dodsC/NOAA/NGOFS2/MODELS/2026/10/06/ngofs2.t21z.20261006.regulargrid.f000.nc,0.0,a35efafd89c8c60821aa7c6740a638843fb330aba7b5d73879f8854f4678c3d5,ngofs2_regulargrid_v1
noaa_ngofs2_mobile_bay_regulargrid,MODEL,ngofs2_grid_872_994,noaa_ngofs2_mobile_bay_model,Battles Wharf,0.75,30.490000000000002,-87.94,1.9933871290190823,shoreward_current,-0.045314565300941474,m/s,bottom,1.0,standard_depth_positive_down,model_grid_or_not_applicable,MODEL_WET_GRID_NODE,,2026-10-06T21:00:00+00:00,2026-10-07T06:31:11.819952+00:00,2026-10-07T06:31:11.819952+00:00,UTC,2026-10-06T21:00:00+00:00,forecast,0,https://opendap.co-ops.nos.noaa.gov/thredds/dodsC/NOAA/NGOFS2/MODELS/2026/10/06/ngofs2.t21z.20261006.regulargrid.f000.nc,0.0,a35efafd89c8c60821aa7c6740a638843fb330aba7b5d73879f8854f4678c3d5,ngofs2_regulargrid_v1
noaa_ngofs2_mobile_bay_regulargrid,MODEL,ngofs2_grid_872_994,noaa_ngofs2_mobile_bay_model,Battles Wharf,0.75,30.490000000000002,-87.94,1.9933871290190823,water_temperature,29.63256072998047,degC,bottom,1.0,standard_depth_positive_down,model_grid_or_not_applicable,MODEL_WET_GRID_NODE,,2026-10-06T21:00:00+00:00,2026-10-07T06:31:11.819952+00:00,2026-10-07T06:31:11.819952+00:00,UTC,2026-10-06T21:00:00+00:00,forecast,0,https://opendap.co-ops.nos.noaa.gov/thredds/dodsC/NOAA/NGOFS2/MODELS/2026/10/06/ngofs2.t21z.20261006.regulargrid.f000.nc,0.0,a35efafd89c8c60821aa7c6740a638843fb330aba7b5d73879f8854f4678c3d5,ngofs2_regulargrid_v1
noaa_ngofs2_mobile_bay_regulargrid,MODEL,ngofs2_grid_872_994,noaa_ngofs2_mobile_bay_model,Battles Wharf,0.75,30.490000000000002,-87.94,1.9933871290190823,salinity,14.741575241088867,PSU,bottom,1.0,standard_depth_positive_down,model_grid_or_not_applicable,MODEL_WET_GRID_NODE,,2026-10-06T21:00:00+00:00,2026-10-07T06:31:11.819952+00:00,2026-10-07T06:31:11.819952+00:00,UTC,2026-10-06T21:00:00+00:00,forecast,0,https://opendap.co-ops.nos.noaa.gov/thredds/dodsC/NOAA/NGOFS2/MODELS/2026/10/06/ngofs2.t21z.20261006.regulargrid.f000.nc,0.0,a35efafd89c8c60821aa7c6740a638843fb330aba7b5d73879f8854f4678c3d5,ngofs2_regulargrid_v1
noaa_ngofs2_mobile_bay_regulargrid,MODEL,ngofs2_grid_872_994,noaa_ngofs2_mobile_bay_model,Battles Wharf,0.75,30.490000000000002,-87.94,1.9933871290190823,water_surface_elevation,0.09575270116329193,m,surface,0.0,surface,model_mean_sea_level,MODEL_WET_GRID_NODE,,2026-10-06T21:00:00+00:00,2026-10-07T06:31:11.819952+00:00,2026-10-07T06:31:11.819952+00:00,UTC,2026-10-06T21:00:00+00:00,forecast,0,https://opendap.co-ops.nos.noaa.gov/thredds/dodsC/NOAA/NGOFS2/MODELS/2026/10/06/ngofs2.t21z.20261006.regulargrid.f000.nc,0.0,a35efafd89c8c60821aa7c6740a638843fb330aba7b5d73879f8854f4678c3d5,ngofs2_regulargrid_v1
noaa_ngofs2_mobile_bay_regulargrid,MODEL,ngofs2_grid_873_994,noaa_ngofs2_mobile_bay_model,Battles Wharf,1.5,30.5,-87.94,2.0816017084332157,eastward_current,-0.07964197546243668,m/s,surface,0.0,standard_depth_positive_down,model_grid_or_not_applicable,MODEL_WET_GRID_NODE,,2026-10-06T21:00:00+00:00,2026-10-07T06:31:11.819952+00:00,2026-10-07T06:31:11.819952+00:00,UTC,2026-10-06T21:00:00+00:00,forecast,0,https://opendap.co-ops.nos.noaa.gov/thredds/dodsC/NOAA/NGOFS2/MODELS/2026/10/06/ngofs2.t21z.20261006.regulargrid.f000.nc,0.0,a35efafd89c8c60821aa7c6740a638843fb330aba7b5d73879f8854f4678c3d5,ngofs2_regulargrid_v1
noaa_ngofs2_mobile_bay_regulargrid,MODEL,ngofs2_grid_873_994,noaa_ngofs2_mobile_bay_model,Battles Wharf,1.5,30.5,-87.94,2.0816017084332157,northward_current,-0.13545860350131989,m/s,surface,0.0,standard_depth_positive_down,model_grid_or_not_applicable,MODEL_WET_GRID_NODE,,2026-10-06T21:00:00+00:00,2026-10-07T06:31:11.819952+00:00,2026-10-07T06:31:11.819952+00:00,UTC,2026-10-06T21:00:00+00:00,forecast,0,https://opendap.co-ops.nos.noaa.gov/thredds/dodsC/NOAA/NGOFS2/MODELS/2026/10/06/ngofs2.t21z.20261006.regulargrid.f000.nc,0.0,a35efafd89c8c60821aa7c6740a638843fb330aba7b5d73879f8854f4678c3d5,ngofs2_regulargrid_v1
noaa_ngofs2_mobile_bay_regulargrid,MODEL,ngofs2_grid_873_994,noaa_ngofs2_mobile_bay_model,Battles Wharf,1.5,30.5,-87.94,2.0816017084332157,shoreward_current,-0.07964197546243669,m/s,surface,0.0,standard_depth_positive_down,model_grid_or_not_applicable,MODEL_WET_GRID_NODE,,2026-10-06T21:00:00+00:00,2026-10-07T06:31:11.819952+00:00,2026-10-07T06:31:11.819952+00:00,UTC,2026-10-06T21:00:00+00:00,forecast,0,https://opendap.co-ops.nos.noaa.gov/thredds/dodsC/NOAA/NGOFS2/MODELS/2026/10/06/ngofs2.t21z.20261006.regulargrid.f000.nc,0.0,a35efafd89c8c60821aa7c6740a638843fb330aba7b5d73879f8854f4678c3d5,ngofs2_regulargrid_v1
noaa_ngofs2_mobile_bay_regulargrid,MODEL,ngofs2_grid_873_994,noaa_ngofs2_mobile_bay_model,Battles Wharf,1.5,30.5,-87.94,2.0816017084332157,water_temperature,29.702726364135742,degC,surface,0.0,standard_depth_positive_down,model_grid_or_not_applicable,MODEL_WET_GRID_NODE,,2026-10-06T21:00:00+00:00,2026-10-07T06:31:11.819952+00:00,2026-10-07T06:31:11.819952+00:00,UTC,2026-10-06T21:00:00+00:00,forecast,0,https://opendap.co-ops.nos.noaa.gov/thredds/dodsC/NOAA/NGOFS2/MODELS/2026/10/06/ngofs2.t21z.20261006.regulargrid.f000.nc,0.0,a35efafd89c8c60821aa7c6740a638843fb330aba7b5d73879f8854f4678c3d5,ngofs2_regulargrid_v1
noaa_ngofs2_mobile_bay_regulargrid,MODEL,ngofs2_grid_873_994,noaa_ngofs2_mobile_bay_model,Battles Wharf,1.5,30.5,-87.94,2.0816017084332157,salinity,15.026196479797363,PSU,surface,0.0,standard_depth_positive_down,model_grid_or_not_applicable,MODEL_WET_GRID_NODE,,2026-10-06T21:00:00+00:00,2026-10-07T06:31:11.819952+00:00,2026-10-07T06:31:11.819952+00:00,UTC,2026-10-06T21:00:00+00:00,forecast,0,https://opendap.co-ops.nos.noaa.gov/thredds/dodsC/NOAA/NGOFS2/MODELS/2026/10/06/ngofs2.t21z.20261006.regulargrid.f000.nc,0.0,a35efafd89c8c60821aa7c6740a638843fb330aba7b5d73879f8854f4678c3d5,ngofs2_regulargrid_v1
noaa_ngofs2_mobile_bay_regulargrid,MODEL,ngofs2_grid_873_994,noaa_ngofs2_mobile_bay_model,Battles Wharf,1.5,30.5,-87.94,2.0816017084332157,eastward_current,-0.011693849228322506,m/s,bottom,2.0,standard_depth_positive_down,model_grid_or_not_applicable,MODEL_WET_GRID_NODE,,2026-10-06T21:00:00+00:00,2026-10-07T06:31:11.819952+00:00,2026-10-07T06:31:11.819952+00:00,UTC,2026-10-06T21:00:00+00:00,forecast,0,https://opendap.co-ops.nos.noaa.gov/thredds/dodsC/NOAA/NGOFS2/MODELS/2026/10/06/ngofs2.t21z.20261006.regulargrid.f000.nc,0.0,a35efafd89c8c60821aa7c6740a638843fb330aba7b5d73879f8854f4678c3d5,ngofs2_regulargrid_v1
noaa_ngofs2_mobile_bay_regulargrid,MODEL,ngofs2_grid_873_994,noaa_ngofs2_mobile_bay_model,Battles Wharf,1.5,30.5,-87.94,2.0816017084332157,northward_current,-0.05519900098443031,m/s,bottom,2.0,standard_depth_positive_down,model_grid_or_not_applicable,MODEL_WET_GRID_NODE,,2026-10-06T21:00:00+00:00,2026-10-07T06:31:11.819952+00:00,2026-10-07T06:31:11.819952+00:00,UTC,2026-10-06T21:00:00+00:00,forecast,0,https://opendap.co-ops.nos.noaa.gov/thredds/dodsC/NOAA/NGOFS2/MODELS/2026/10/06/ngofs2.t21z.20261006.regulargrid.f000.nc,0.0,a35efafd89c8c60821aa7c6740a638843fb330aba7b5d73879f8854f4678c3d5,ngofs2_regulargrid_v1
noaa_ngofs2_mobile_bay_regulargrid,MODEL,ngofs2_grid_873_994,noaa_ngofs2_mobile_bay_model,Battles Wharf,1.5,30.5,-87.94,2.0816017084332157,shoreward_current,-0.01169384922832251,m/s,bottom,2.0,standard_depth_positive_down,model_grid_or_not_applicable,MODEL_WET_GRID_NODE,,2026-10-06T21:00:00+00:00,2026-10-07T06:31:11.819952+00:00,2026-10-07T06:31:11.819952+00:00,UTC,2026-10-06T21:00:00+00:00,forecast,0,https://opendap.co-ops.nos.noaa.gov/thredds/dodsC/NOAA/NGOFS2/MODELS/2026/10/06/ngofs2.t21z.20261006.regulargrid.f000.nc,0.0,a35efafd89c8c60821aa7c6740a638843fb330aba7b5d73879f8854f4678c3d5,ngofs2_regulargrid_v1
noaa_ngofs2_mobile_bay_regulargrid,MODEL,ngofs2_grid_873_994,noaa_ngofs2_mobile_bay_model,Battles Wharf,1.5,30.5,-87.94,2.0816017084332157,water_temperature,29.753189086914062,degC,bottom,2.0,standard_depth_positive_down,model_grid_or_not_applicable,MODEL_WET_GRID_NODE,,2026-10-06T21:00:00+00:00,2026-10-07T06:31:11.819952+00:00,2026-10-07T06:31:11.819952+00:00,UTC,2026-10-06T21:00:00+00:00,forecast,0,https://opendap.co-ops.nos.noaa.gov/thredds/dodsC/NOAA/NGOFS2/MODELS/2026/10/06/ngofs2.t21z.20261006.regulargrid.f000.nc,0.0,a35efafd89c8c60821aa7c6740a638843fb330aba7b5d73879f8854f4678c3d5,ngofs2_regulargrid_v1
noaa_ngofs2_mobile_bay_regulargrid,MODEL,ngofs2_grid_873_994,noaa_ngofs2_mobile_bay_model,Battles Wharf,1.5,30.5,-87.94,2.0816017084332157,salinity,15.451079368591309,PSU,bottom,2.0,standard_depth_positive_down,model_grid_or_not_applicable,MODEL_WET_GRID_NODE,,2026-10-06T21:00:00+00:00,2026-10-07T06:31:11.819952+00:00,2026-10-07T06:31:11.819952+00:00,UTC,2026-10-06T21:00:00+00:00,forecast,0,https://opendap.co-ops.nos.noaa.gov/thredds/dodsC/NOAA/NGOFS2/MODELS/2026/10/06/ngofs2.t21z.20261006.regulargrid.f000.nc,0.0,a35efafd89c8c60821aa7c6740a638843fb330aba7b5d73879f8854f4678c3d5,ngofs2_regulargrid_v1
noaa_ngofs2_mobile_bay_regulargrid,MODEL,ngofs2_grid_873_994,noaa_ngofs2_mobile_bay_model,Battles Wharf,1.5,30.5,-87.94,2.0816017084332157,water_surface_elevation,0.09513507783412933,m,surface,0.0,surface,model_mean_sea_level,MODEL_WET_GRID_NODE,,2026-10-06T21:00:00+00:00,2026-10-07T06:31:11.819952+00:00,2026-10-07T06:31:11.819952+00:00,UTC,2026-10-06T21:00:00+00:00,forecast,0,https://opendap.co-ops.nos.noaa.gov/thredds/dodsC/NOAA/NGOFS2/MODELS/2026/10/06/ngofs2.t21z.20261006.regulargrid.f000.nc,0.0,a35efafd89c8c60821aa7c6740a638843fb330aba7b5d73879f8854f4678c3d5,ngofs2_regulargrid_v1
noaa_ngofs2_mobile_bay_regulargrid,MODEL,ngofs2_grid_872_992,noaa_ngofs2_mobile_bay_model,Battles Wharf,3.0,30.490000000000002,-87.96,3.4602185355355095,eastward_current,-0.12196514755487442,m/s,surface,0.0,standard_depth_positive_down,model_grid_or_not_applicable,MODEL_WET_GRID_NODE,,2026-10-06T21:00:00+00:00,2026-10-07T06:31:11.819952+00:00,2026-10-07T06:31:11.819952+00:00,UTC,2026-10-06T21:00:00+00:00,forecast,0,https://opendap.co-ops.nos.noaa.gov/thredds/dodsC/NOAA/NGOFS2/MODELS/2026/10/06/ngofs2.t21z.20261006.regulargrid.f000.nc,0.0,a35efafd89c8c60821aa7c6740a638843fb330aba7b5d73879f8854f4678c3d5,ngofs2_regulargrid_v1
noaa_ngofs2_mobile_bay_regulargrid,MODEL,ngofs2_grid_872_992,noaa_ngofs2_mobile_bay_model,Battles Wharf,3.0,30.490000000000002,-87.96,3.4602185355355095,northward_current,-0.22125951945781708,m/s,surface,0.0,standard_depth_positive_down,model_grid_or_not_applicable,MODEL_WET_GRID_NODE,,2026-10-06T21:00:00+00:00,2026-10-07T06:31:11.819952+00:00,2026-10-07T06:31:11.819952+00:00,UTC,2026-10-06T21:00:00+00:00,forecast,0,https://opendap.co-ops.nos.noaa.gov/thredds/dodsC/NOAA/NGOFS2/MODELS/2026/10/06/ngofs2.t21z.20261006.regulargrid.f000.nc,0.0,a35efafd89c8c60821aa7c6740a638843fb330aba7b5d73879f8854f4678c3d5,ngofs2_regulargrid_v1
noaa_ngofs2_mobile_bay_regulargrid,MODEL,ngofs2_grid_872_992,noaa_ngofs2_mobile_bay_model,Battles Wharf,3.0,30.490000000000002,-87.96,3.4602185355355095,shoreward_current,-0.12196514755487443,m/s,surface,0.0,standard_depth_positive_down,model_grid_or_not_applicable,MODEL_WET_GRID_NODE,,2026-10-06T21:00:00+00:00,2026-10-07T06:31:11.819952+00:00,2026-10-07T06:31:11.819952+00:00,UTC,2026-10-06T21:00:00+00:00,forecast,0,https://opendap.co-ops.nos.noaa.gov/thredds/dodsC/NOAA/NGOFS2/MODELS/2026/10/06/ngofs2.t21z.20261006.regulargrid.f000.nc,0.0,a35efafd89c8c60821aa7c6740a638843fb330aba7b5d73879f8854f4678c3d5,ngofs2_regulargrid_v1
noaa_ngofs2_mobile_bay_regulargrid,MODEL,ngofs2_grid_872_992,noaa_ngofs2_mobile_bay_model,Battles Wharf,3.0,30.490000000000002,-87.96,3.4602185355355095,water_temperature,29.517045974731445,degC,surface,0.0,standard_depth_positive_down,model_grid_or_not_applicable,MODEL_WET_GRID_NODE,,2026-10-06T21:00:00+00:00,2026-10-07T06:31:11.819952+00:00,2026-10-07T06:31:11.819952+00:00,UTC,2026-10-06T21:00:00+00:00,forecast,0,https://opendap.co-ops.nos.noaa.gov/thredds/dodsC/NOAA/NGOFS2/MODELS/2026/10/06/ngofs2.t21z.20261006.regulargrid.f000.nc,0.0,a35efafd89c8c60821aa7c6740a638843fb330aba7b5d73879f8854f4678c3d5,ngofs2_regulargrid_v1
noaa_ngofs2_mobile_bay_regulargrid,MODEL,ngofs2_grid_872_992,noaa_ngofs2_mobile_bay_model,Battles Wharf,3.0,30.490000000000002,-87.96,3.4602185355355095,salinity,15.26256275177002,PSU,surface,0.0,standard_depth_positive_down,model_grid_or_not_applicable,MODEL_WET_GRID_NODE,,2026-10-06T21:00:00+00:00,2026-10-07T06:31:11.819952+00:00,2026-10-07T06:31:11.819952+00:00,UTC,2026-10-06T21:00:00+00:00,forecast,0,https://opendap.co-ops.nos.noaa.gov/thredds/dodsC/NOAA/NGOFS2/MODELS/2026/10/06/ngofs2.t21z.20261006.regulargrid.f000.nc,0.0,a35efafd89c8c60821aa7c6740a638843fb330aba7b5d73879f8854f4678c3d5,ngofs2_regulargrid_v1
noaa_ngofs2_mobile_bay_regulargrid,MODEL,ngofs2_grid_872_992,noaa_ngofs2_mobile_bay_model,Battles Wharf,3.0,30.490000000000002,-87.96,3.4602185355355095,eastward_current,0.03318814933300018,m/s,bottom,2.0,standard_depth_positive_down,model_grid_or_not_applicable,MODEL_WET_GRID_NODE,,2026-10-06T21:00:00+00:00,2026-10-07T06:31:11.819952+00:00,2026-10-07T06:31:11.819952+00:00,UTC,2026-10-06T21:00:00+00:00,forecast,0,https://opendap.co-ops.nos.noaa.gov/thredds/dodsC/NOAA/NGOFS2/MODELS/2026/10/06/ngofs2.t21z.20261006.regulargrid.f000.nc,0.0,a35efafd89c8c60821aa7c6740a638843fb330aba7b5d73879f8854f4678c3d5,ngofs2_regulargrid_v1
noaa_ngofs2_mobile_bay_regulargrid,MODEL,ngofs2_grid_872_992,noaa_ngofs2_mobile_bay_model,Battles Wharf,3.0,30.490000000000002,-87.96,3.4602185355355095,northward_current,-0.12926237285137177,m/s,bottom,2.0,standard_depth_positive_down,model_grid_or_not_applicable,MODEL_WET_GRID_NODE,,2026-10-06T21:00:00+00:00,2026-10-07T06:31:11.819952+00:00,2026-10-07T06:31:11.819952+00:00,UTC,2026-10-06T21:00:00+00:00,forecast,0,https://opendap.co-ops.nos.noaa.gov/thredds/dodsC/NOAA/NGOFS2/MODELS/2026/10/06/ngofs2.t21z.20261006.regulargrid.f000.nc,0.0,a35efafd89c8c60821aa7c6740a638843fb330aba7b5d73879f8854f4678c3d5,ngofs2_regulargrid_v1
noaa_ngofs2_mobile_bay_regulargrid,MODEL,ngofs2_grid_872_992,noaa_ngofs2_mobile_bay_model,Battles Wharf,3.0,30.490000000000002,-87.96,3.4602185355355095,shoreward_current,0.033188149333000176,m/s,bottom,2.0,standard_depth_positive_down,model_grid_or_not_applicable,MODEL_WET_GRID_NODE,,2026-10-06T21:00:00+00:00,2026-10-07T06:31:11.819952+00:00,2026-10-07T06:31:11.819952+00:00,UTC,2026-10-06T21:00:00+00:00,forecast,0,https://opendap.co-ops.nos.noaa.gov/thredds/dodsC/NOAA/NGOFS2/MODELS/2026/10/06/ngofs2.t21z.20261006.regulargrid.f000.nc,0.0,a35efafd89c8c60821aa7c6740a638843fb330aba7b5d73879f8854f4678c3d5,ngofs2_regulargrid_v1
noaa_ngofs2_mobile_bay_regulargrid,MODEL,ngofs2_grid_872_992,noaa_ngofs2_mobile_bay_model,Battles Wharf,3.0,30.490000000000002,-87.96,3.4602185355355095,water_temperature,29.379114151000977,degC,bottom,2.0,standard_depth_positive_down,model_grid_or_not_applicable,MODEL_WET_GRID_NODE,,2026-10-06T21:00:00+00:00,2026-10-07T06:31:11.819952+00:00,2026-10-07T06:31:11.819952+00:00,UTC,2026-10-06T21:00:00+00:00,forecast,0,https://opendap.co-ops.nos.noaa.gov/thredds/dodsC/NOAA/NGOFS2/MODELS/2026/10/06/ngofs2.t21z.20261006.regulargrid.f000.nc,0.0,a35efafd89c8c60821aa7c6740a638843fb330aba7b5d73879f8854f4678c3d5,ngofs2_regulargrid_v1
noaa_ngofs2_mobile_bay_regulargrid,MODEL,ngofs2_grid_872_992,noaa_ngofs2_mobile_bay_model,Battles Wharf,3.0,30.490000000000002,-87.96,3.4602185355355095,salinity,16.931928634643555,PSU,bottom,2.0,standard_depth_positive_down,model_grid_or_not_applicable,MODEL_WET_GRID_NODE,,2026-10-06T21:00:00+00:00,2026-10-07T06:31:11.819952+00:00,2026-10-07T06:31:11.819952+00:00,UTC,2026-10-06T21:00:00+00:00,forecast,0,https://opendap.co-ops.nos.noaa.gov/thredds/dodsC/NOAA/NGOFS2/MODELS/2026/10/06/ngofs2.t21z.20261006.regulargrid.f000.nc,0.0,a35efafd89c8c60821aa7c6740a638843fb330aba7b5d73879f8854f4678c3d5,ngofs2_regulargrid_v1
noaa_ngofs2_mobile_bay_regulargrid,MODEL,ngofs2_grid_872_992,noaa_ngofs2_mobile_bay_model,Battles Wharf,3.0,30.490000000000002,-87.96,3.4602185355355095,water_surface_elevation,0.10126086324453354,m,surface,0.0,surface,model_mean_sea_level,MODEL_WET_GRID_NODE,,2026-10-06T21:00:00+00:00,2026-10-07T06:31:11.819952+00:00,2026-10-07T06:31:11.819952+00:00,UTC,2026-10-06T21:00:00+00:00,forecast,0,https://opendap.co-ops.nos.noaa.gov/thredds/dodsC/NOAA/NGOFS2/MODELS/2026/10/06/ngofs2.t21z.20261006.regulargrid.f000.nc,0.0,a35efafd89c8c60821aa7c6740a638843fb330aba7b5d73879f8854f4678c3d5,ngofs2_regulargrid_v1
noaa_ngofs2_mobile_bay_regulargrid,MODEL,ngofs2_grid_872_994,noaa_ngofs2_mobile_bay_model,Point Clear/Grand Hotel,0.25,30.490000000000002,-87.94,1.9933871290190823,eastward_current,-0.06207067891955376,m/s,surface,0.0,standard_depth_positive_down,model_grid_or_not_applicable,MODEL_WET_GRID_NODE,,2026-10-06T21:00:00+00:00,2026-10-07T06:31:11.819952+00:00,2026-10-07T06:31:11.819952+00:00,UTC,2026-10-06T21:00:00+00:00,forecast,0,https://opendap.co-ops.nos.noaa.gov/thredds/dodsC/NOAA/NGOFS2/MODELS/2026/10/06/ngofs2.t21z.20261006.regulargrid.f000.nc,0.0,a35efafd89c8c60821aa7c6740a638843fb330aba7b5d73879f8854f4678c3d5,ngofs2_regulargrid_v1
noaa_ngofs2_mobile_bay_regulargrid,MODEL,ngofs2_grid_872_994,noaa_ngofs2_mobile_bay_model,Point Clear/Grand Hotel,0.25,30.490000000000002,-87.94,1.9933871290190823,northward_current,-0.12243200093507767,m/s,surface,0.0,standard_depth_positive_down,model_grid_or_not_applicable,MODEL_WET_GRID_NODE,,2026-10-06T21:00:00+00:00,2026-10-07T06:31:11.819952+00:00,2026-10-07T06:31:11.819952+00:00,UTC,2026-10-06T21:00:00+00:00,forecast,0,https://opendap.co-ops.nos.noaa.gov/thredds/dodsC/NOAA/NGOFS2/MODELS/2026/10/06/ngofs2.t21z.20261006.regulargrid.f000.nc,0.0,a35efafd89c8c60821aa7c6740a638843fb330aba7b5d73879f8854f4678c3d5,ngofs2_regulargrid_v1
noaa_ngofs2_mobile_bay_regulargrid,MODEL,ngofs2_grid_872_994,noaa_ngofs2_mobile_bay_model,Point Clear/Grand Hotel,0.25,30.490000000000002,-87.94,1.9933871290190823,shoreward_current,-0.062070678919553764,m/s,surface,0.0,standard_depth_positive_down,model_grid_or_not_applicable,MODEL_WET_GRID_NODE,,2026-10-06T21:00:00+00:00,2026-10-07T06:31:11.819952+00:00,2026-10-07T06:31:11.819952+00:00,UTC,2026-10-06T21:00:00+00:00,forecast,0,https://opendap.co-ops.nos.noaa.gov/thredds/dodsC/NOAA/NGOFS2/MODELS/2026/10/06/ngofs2.t21z.20261006.regulargrid.f000.nc,0.0,a35efafd89c8c60821aa7c6740a638843fb330aba7b5d73879f8854f4678c3d5,ngofs2_regulargrid_v1
noaa_ngofs2_mobile_bay_regulargrid,MODEL,ngofs2_grid_872_994,noaa_ngofs2_mobile_bay_model,Point Clear/Grand Hotel,0.25,30.490000000000002,-87.94,1.9933871290190823,water_temperature,29.621723175048828,degC,surface,0.0,standard_depth_positive_down,model_grid_or_not_applicable,MODEL_WET_GRID_NODE,,2026-10-06T21:00:00+00:00,2026-10-07T06:31:11.819952+00:00,2026-10-07T06:31:11.819952+00:00,UTC,2026-10-06T21:00:00+00:00,forecast,0,https://opendap.co-ops.nos.noaa.gov/thredds/dodsC/NOAA/NGOFS2/MODELS/2026/10/06/ngofs2.t21z.20261006.regulargrid.f000.nc,0.0,a35efafd89c8c60821aa7c6740a638843fb330aba7b5d73879f8854f4678c3d5,ngofs2_regulargrid_v1
noaa_ngofs2_mobile_bay_regulargrid,MODEL,ngofs2_grid_872_994,noaa_ngofs2_mobile_bay_model,Point Clear/Grand Hotel,0.25,30.490000000000002,-87.94,1.9933871290190823,salinity,14.714481353759766,PSU,surface,0.0,standard_depth_positive_down,model_grid_or_not_applicable,MODEL_WET_GRID_NODE,,2026-10-06T21:00:00+00:00,2026-10-07T06:31:11.819952+00:00,2026-10-07T06:31:11.819952+00:00,UTC,2026-10-06T21:00:00+00:00,forecast,0,https://opendap.co-ops.nos.noaa.gov/thredds/dodsC/NOAA/NGOFS2/MODELS/2026/10/06/ngofs2.t21z.20261006.regulargrid.f000.nc,0.0,a35efafd89c8c60821aa7c6740a638843fb330aba7b5d73879f8854f4678c3d5,ngofs2_regulargrid_v1
noaa_ngofs2_mobile_bay_regulargrid,MODEL,ngofs2_grid_872_994,noaa_ngofs2_mobile_bay_model,Point Clear/Grand Hotel,0.25,30.490000000000002,-87.94,1.9933871290190823,eastward_current,-0.04531456530094147,m/s,bottom,1.0,standard_depth_positive_down,model_grid_or_not_applicable,MODEL_WET_GRID_NODE,,2026-10-06T21:00:00+00:00,2026-10-07T06:31:11.819952+00:00,2026-10-07T06:31:11.819952+00:00,UTC,2026-10-06T21:00:00+00:00,forecast,0,https://opendap.co-ops.nos.noaa.gov/thredds/dodsC/NOAA/NGOFS2/MODELS/2026/10/06/ngofs2.t21z.20261006.regulargrid.f000.nc,0.0,a35efafd89c8c60821aa7c6740a638843fb330aba7b5d73879f8854f4678c3d5,ngofs2_regulargrid_v1
noaa_ngofs2_mobile_bay_regulargrid,MODEL,ngofs2_grid_872_994,noaa_ngofs2_mobile_bay_model,Point Clear/Grand Hotel,0.25,30.490000000000002,-87.94,1.9933871290190823,northward_current,-0.10994941741228104,m/s,bottom,1.0,standard_depth_positive_down,model_grid_or_not_applicable,MODEL_WET_GRID_NODE,,2026-10-06T21:00:00+00:00,2026-10-07T06:31:11.819952+00:00,2026-10-07T06:31:11.819952+00:00,UTC,2026-10-06T21:00:00+00:00,forecast,0,https://opendap.co-ops.nos.noaa.gov/thredds/dodsC/NOAA/NGOFS2/MODELS/2026/10/06/ngofs2.t21z.20261006.regulargrid.f000.nc,0.0,a35efafd89c8c60821aa7c6740a638843fb330aba7b5d73879f8854f4678c3d5,ngofs2_regulargrid_v1
noaa_ngofs2_mobile_bay_regulargrid,MODEL,ngofs2_grid_872_994,noaa_ngofs2_mobile_bay_model,Point Clear/Grand Hotel,0.25,30.490000000000002,-87.94,1.9933871290190823,shoreward_current,-0.045314565300941474,m/s,bottom,1.0,standard_depth_positive_down,model_grid_or_not_applicable,MODEL_WET_GRID_NODE,,2026-10-06T21:00:00+00:00,2026-10-07T06:31:11.819952+00:00,2026-10-07T06:31:11.819952+00:00,UTC,2026-10-06T21:00:00+00:00,forecast,0,https://opendap.co-ops.nos.noaa.gov/thredds/dodsC/NOAA/NGOFS2/MODELS/2026/10/06/ngofs2.t21z.20261006.regulargrid.f000.nc,0.0,a35efafd89c8c60821aa7c6740a638843fb330aba7b5d73879f8854f4678c3d5,ngofs2_regulargrid_v1
noaa_ngofs2_mobile_bay_regulargrid,MODEL,ngofs2_grid_872_994,noaa_ngofs2_mobile_bay_model,Point Clear/Grand Hotel,0.25,30.490000000000002,-87.94,1.9933871290190823,water_temperature,29.63256072998047,degC,bottom,1.0,standard_depth_positive_down,model_grid_or_not_applicable,MODEL_WET_GRID_NODE,,2026-10-06T21:00:00+00:00,2026-10-07T06:31:11.819952+00:00,2026-10-07T06:31:11.819952+00:00,UTC,2026-10-06T21:00:00+00:00,forecast,0,https://opendap.co-ops.nos.noaa.gov/thredds/dodsC/NOAA/NGOFS2/MODELS/2026/10/06/ngofs2.t21z.20261006.regulargrid.f000.nc,0.0,a35efafd89c8c60821aa7c6740a638843fb330aba7b5d73879f8854f4678c3d5,ngofs2_regulargrid_v1
noaa_ngofs2_mobile_bay_regulargrid,MODEL,ngofs2_grid_872_994,noaa_ngofs2_mobile_bay_model,Point Clear/Grand Hotel,0.25,30.490000000000002,-87.94,1.9933871290190823,salinity,14.741575241088867,PSU,bottom,1.0,standard_depth_positive_down,model_grid_or_not_applicable,MODEL_WET_GRID_NODE,,2026-10-06T21:00:00+00:00,2026-10-07T06:31:11.819952+00:00,2026-10-07T06:31:11.819952+00:00,UTC,2026-10-06T21:00:00+00:00,forecast,0,https://opendap.co-ops.nos.noaa.gov/thredds/dodsC/NOAA/NGOFS2/MODELS/2026/10/06/ngofs2.t21z.20261006.regulargrid.f000.nc,0.0,a35efafd89c8c60821aa7c6740a638843fb330aba7b5d73879f8854f4678c3d5,ngofs2_regulargrid_v1
noaa_ngofs2_mobile_bay_regulargrid,MODEL,ngofs2_grid_872_994,noaa_ngofs2_mobile_bay_model,Point Clear/Grand Hotel,0.25,30.490000000000002,-87.94,1.9933871290190823,water_surface_elevation,0.09575270116329193,m,surface,0.0,surface,model_mean_sea_level,MODEL_WET_GRID_NODE,,2026-10-06T21:00:00+00:00,2026-10-07T06:31:11.819952+00:00,2026-10-07T06:31:11.819952+00:00,UTC,2026-10-06T21:00:00+00:00,forecast,0,https://opendap.co-ops.nos.noaa.gov/thredds/dodsC/NOAA/NGOFS2/MODELS/2026/10/06/ngofs2.t21z.20261006.regulargrid.f000.nc,0.0,a35efafd89c8c60821aa7c6740a638843fb330aba7b5d73879f8854f4678c3d5,ngofs2_regulargrid_v1
noaa_ngofs2_mobile_bay_regulargrid,MODEL,ngofs2_grid_871_994,noaa_ngofs2_mobile_bay_model,Point Clear/Grand Hotel,0.75,30.48,-87.94,1.9644354040917433,eastward_current,0.0015687572304159403,m/s,surface,0.0,standard_depth_positive_down,model_grid_or_not_applicable,MODEL_WET_GRID_NODE,,2026-10-06T21:00:00+00:00,2026-10-07T06:31:11.819952+00:00,2026-10-07T06:31:11.819952+00:00,UTC,2026-10-06T21:00:00+00:00,forecast,0,https://opendap.co-ops.nos.noaa.gov/thredds/dodsC/NOAA/NGOFS2/MODELS/2026/10/06/ngofs2.t21z.20261006.regulargrid.f000.nc,0.0,a35efafd89c8c60821aa7c6740a638843fb330aba7b5d73879f8854f4678c3d5,ngofs2_regulargrid_v1
noaa_ngofs2_mobile_bay_regulargrid,MODEL,ngofs2_grid_871_994,noaa_ngofs2_mobile_bay_model,Point Clear/Grand Hotel,0.75,30.48,-87.94,1.9644354040917433,northward_current,-0.14597149193286896,m/s,surface,0.0,standard_depth_positive_down,model_grid_or_not_applicable,MODEL_WET_GRID_NODE,,2026-10-06T21:00:00+00:00,2026-10-07T06:31:11.819952+00:00,2026-10-07T06:31:11.819952+00:00,UTC,2026-10-06T21:00:00+00:00,forecast,0,https://opendap.co-ops.nos.noaa.gov/thredds/dodsC/NOAA/NGOFS2/MODELS/2026/10/06/ngofs2.t21z.20261006.regulargrid.f000.nc,0.0,a35efafd89c8c60821aa7c6740a638843fb330aba7b5d73879f8854f4678c3d5,ngofs2_regulargrid_v1
noaa_ngofs2_mobile_bay_regulargrid,MODEL,ngofs2_grid_871_994,noaa_ngofs2_mobile_bay_model,Point Clear/Grand Hotel,0.75,30.48,-87.94,1.9644354040917433,shoreward_current,0.0015687572304159314,m/s,surface,0.0,standard_depth_positive_down,model_grid_or_not_applicable,MODEL_WET_GRID_NODE,,2026-10-06T21:00:00+00:00,2026-10-07T06:31:11.819952+00:00,2026-10-07T06:31:11.819952+00:00,UTC,2026-10-06T21:00:00+00:00,forecast,0,https://opendap.co-ops.nos.noaa.gov/thredds/dodsC/NOAA/NGOFS2/MODELS/2026/10/06/ngofs2.t21z.20261006.regulargrid.f000.nc,0.0,a35efafd89c8c60821aa7c6740a638843fb330aba7b5d73879f8854f4678c3d5,ngofs2_regulargrid_v1
noaa_ngofs2_mobile_bay_regulargrid,MODEL,ngofs2_grid_871_994,noaa_ngofs2_mobile_bay_model,Point Clear/Grand Hotel,0.75,30.48,-87.94,1.9644354040917433,water_temperature,29.53603172302246,degC,surface,0.0,standard_depth_positive_down,model_grid_or_not_applicable,MODEL_WET_GRID_NODE,,2026-10-06T21:00:00+00:00,2026-10-07T06:31:11.819952+00:00,2026-10-07T06:31:11.819952+00:00,UTC,2026-10-06T21:00:00+00:00,forecast,0,https://opendap.co-ops.nos.noaa.gov/thredds/dodsC/NOAA/NGOFS2/MODELS/2026/10/06/ngofs2.t21z.20261006.regulargrid.f000.nc,0.0,a35efafd89c8c60821aa7c6740a638843fb330aba7b5d73879f8854f4678c3d5,ngofs2_regulargrid_v1
noaa_ngofs2_mobile_bay_regulargrid,MODEL,ngofs2_grid_871_994,noaa_ngofs2_mobile_bay_model,Point Clear/Grand Hotel,0.75,30.48,-87.94,1.9644354040917433,salinity,14.844928741455078,PSU,surface,0.0,standard_depth_positive_down,model_grid_or_not_applicable,MODEL_WET_GRID_NODE,,2026-10-06T21:00:00+00:00,2026-10-07T06:31:11.819952+00:00,2026-10-07T06:31:11.819952+00:00,UTC,2026-10-06T21:00:00+00:00,forecast,0,https://opendap.co-ops.nos.noaa.gov/thredds/dodsC/NOAA/NGOFS2/MODELS/2026/10/06/ngofs2.t21z.20261006.regulargrid.f000.nc,0.0,a35efafd89c8c60821aa7c6740a638843fb330aba7b5d73879f8854f4678c3d5,ngofs2_regulargrid_v1
noaa_ngofs2_mobile_bay_regulargrid,MODEL,ngofs2_grid_871_994,noaa_ngofs2_mobile_bay_model,Point Clear/Grand Hotel,0.75,30.48,-87.94,1.9644354040917433,eastward_current,0.01752300187945366,m/s,bottom,1.0,standard_depth_positive_down,model_grid_or_not_applicable,MODEL_WET_GRID_NODE,,2026-10-06T21:00:00+00:00,2026-10-07T06:31:11.819952+00:00,2026-10-07T06:31:11.819952+00:00,UTC,2026-10-06T21:00:00+00:00,forecast,0,https://opendap.co-ops.nos.noaa.gov/thredds/dodsC/NOAA/NGOFS2/MODELS/2026/10/06/ngofs2.t21z.20261006.regulargrid.f000.nc,0.0,a35efafd89c8c60821aa7c6740a638843fb330aba7b5d73879f8854f4678c3d5,ngofs2_regulargrid_v1
noaa_ngofs2_mobile_bay_regulargrid,MODEL,ngofs2_grid_871_994,noaa_ngofs2_mobile_bay_model,Point Clear/Grand Hotel,0.75,30.48,-87.94,1.9644354040917433,northward_current,-0.12122251093387604,m/s,bottom,1.0,standard_depth_positive_down,model_grid_or_not_applicable,MODEL_WET_GRID_NODE,,2026-10-06T21:00:00+00:00,2026-10-07T06:31:11.819952+00:00,2026-10-07T06:31:11.819952+00:00,UTC,2026-10-06T21:00:00+00:00,forecast,0,https://opendap.co-ops.nos.noaa.gov/thredds/dodsC/NOAA/NGOFS2/MODELS/2026/10/06/ngofs2.t21z.20261006.regulargrid.f000.nc,0.0,a35efafd89c8c60821aa7c6740a638843fb330aba7b5d73879f8854f4678c3d5,ngofs2_regulargrid_v1
noaa_ngofs2_mobile_bay_regulargrid,MODEL,ngofs2_grid_871_994,noaa_ngofs2_mobile_bay_model,Point Clear/Grand Hotel,0.75,30.48,-87.94,1.9644354040917433,shoreward_current,0.017523001879453652,m/s,bottom,1.0,standard_depth_positive_down,model_grid_or_not_applicable,MODEL_WET_GRID_NODE,,2026-10-06T21:00:00+00:00,2026-10-07T06:31:11.819952+00:00,2026-10-07T06:31:11.819952+00:00,UTC,2026-10-06T21:00:00+00:00,forecast,0,https://opendap.co-ops.nos.noaa.gov/thredds/dodsC/NOAA/NGOFS2/MODELS/2026/10/06/ngofs2.t21z.20261006.regulargrid.f000.nc,0.0,a35efafd89c8c60821aa7c6740a638843fb330aba7b5d73879f8854f4678c3d5,ngofs2_regulargrid_v1
noaa_ngofs2_mobile_bay_regulargrid,MODEL,ngofs2_grid_871_994,noaa_ngofs2_mobile_bay_model,Point Clear/Grand Hotel,0.75,30.48,-87.94,1.9644354040917433,water_temperature,29.548282623291016,degC,bottom,1.0,standard_depth_positive_down,model_grid_or_not_applicable,MODEL_WET_GRID_NODE,,2026-10-06T21:00:00+00:00,2026-10-07T06:31:11.819952+00:00,2026-10-07T06:31:11.819952+00:00,UTC,2026-10-06T21:00:00+00:00,forecast,0,https://opendap.co-ops.nos.noaa.gov/thredds/dodsC/NOAA/NGOFS2/MODELS/2026/10/06/ngofs2.t21z.20261006.regulargrid.f000.nc,0.0,a35efafd89c8c60821aa7c6740a638843fb330aba7b5d73879f8854f4678c3d5,ngofs2_regulargrid_v1
noaa_ngofs2_mobile_bay_regulargrid,MODEL,ngofs2_grid_871_994,noaa_ngofs2_mobile_bay_model,Point Clear/Grand Hotel,0.75,30.48,-87.94,1.9644354040917433,salinity,14.874615669250488,PSU,bottom,1.0,standard_depth_positive_down,model_grid_or_not_applicable,MODEL_WET_GRID_NODE,,2026-10-06T21:00:00+00:00,2026-10-07T06:31:11.819952+00:00,2026-10-07T06:31:11.819952+00:00,UTC,2026-10-06T21:00:00+00:00,forecast,0,https://opendap.co-ops.nos.noaa.gov/thredds/dodsC/NOAA/NGOFS2/MODELS/2026/10/06/ngofs2.t21z.20261006.regulargrid.f000.nc,0.0,a35efafd89c8c60821aa7c6740a638843fb330aba7b5d73879f8854f4678c3d5,ngofs2_regulargrid_v1
noaa_ngofs2_mobile_bay_regulargrid,MODEL,ngofs2_grid_871_994,noaa_ngofs2_mobile_bay_model,Point Clear/Grand Hotel,0.75,30.48,-87.94,1.9644354040917433,water_surface_elevation,0.0955161303281784,m,surface,0.0,surface,model_mean_sea_level,MODEL_WET_GRID_NODE,,2026-10-06T21:00:00+00:00,2026-10-07T06:31:11.819952+00:00,2026-10-07T06:31:11.819952+00:00,UTC,2026-10-06T21:00:00+00:00,forecast,0,https://opendap.co-ops.nos.noaa.gov/thredds/dodsC/NOAA/NGOFS2/MODELS/2026/10/06/ngofs2.t21z.20261006.regulargrid.f000.nc,0.0,a35efafd89c8c60821aa7c6740a638843fb330aba7b5d73879f8854f4678c3d5,ngofs2_regulargrid_v1
noaa_ngofs2_mobile_bay_regulargrid,MODEL,ngofs2_grid_872_993,noaa_ngofs2_mobile_bay_model,Point Clear/Grand Hotel,1.5,30.490000000000002,-87.94999999999999,2.9992221163113646,eastward_current,-0.1292411834001541,m/s,surface,0.0,standard_depth_positive_down,model_grid_or_not_applicable,MODEL_WET_GRID_NODE,,2026-10-06T21:00:00+00:00,2026-10-07T06:31:11.819952+00:00,2026-10-07T06:31:11.819952+00:00,UTC,2026-10-06T21:00:00+00:00,forecast,0,https://opendap.co-ops.nos.noaa.gov/thredds/dodsC/NOAA/NGOFS2/MODELS/2026/10/06/ngofs2.t21z.20261006.regulargrid.f000.nc,0.0,a35efafd89c8c60821aa7c6740a638843fb330aba7b5d73879f8854f4678c3d5,ngofs2_regulargrid_v1
noaa_ngofs2_mobile_bay_regulargrid,MODEL,ngofs2_grid_872_993,noaa_ngofs2_mobile_bay_model,Point Clear/Grand Hotel,1.5,30.490000000000002,-87.94999999999999,2.9992221163113646,northward_current,-0.20532113313674927,m/s,surface,0.0,standard_depth_positive_down,model_grid_or_not_applicable,MODEL_WET_GRID_NODE,,2026-10-06T21:00:00+00:00,2026-10-07T06:31:11.819952+00:00,2026-10-07T06:31:11.819952+00:00,UTC,2026-10-06T21:00:00+00:00,forecast,0,https://opendap.co-ops.nos.noaa.gov/thredds/dodsC/NOAA/NGOFS2/MODELS/2026/10/06/ngofs2.t21z.20261006.regulargrid.f000.nc,0.0,a35efafd89c8c60821aa7c6740a638843fb330aba7b5d73879f8854f4678c3d5,ngofs2_regulargrid_v1
noaa_ngofs2_mobile_bay_regulargrid,MODEL,ngofs2_grid_872_993,noaa_ngofs2_mobile_bay_model,Point Clear/Grand Hotel,1.5,30.490000000000002,-87.94999999999999,2.9992221163113646,shoreward_current,-0.1292411834001541,m/s,surface,0.0,standard_depth_positive_down,model_grid_or_not_applicable,MODEL_WET_GRID_NODE,,2026-10-06T21:00:00+00:00,2026-10-07T06:31:11.819952+00:00,2026-10-07T06:31:11.819952+00:00,UTC,2026-10-06T21:00:00+00:00,forecast,0,https://opendap.co-ops.nos.noaa.gov/thredds/dodsC/NOAA/NGOFS2/MODELS/2026/10/06/ngofs2.t21z.20261006.regulargrid.f000.nc,0.0,a35efafd89c8c60821aa7c6740a638843fb330aba7b5d73879f8854f4678c3d5,ngofs2_regulargrid_v1
noaa_ngofs2_mobile_bay_regulargrid,MODEL,ngofs2_grid_872_993,noaa_ngofs2_mobile_bay_model,Point Clear/Grand Hotel,1.5,30.490000000000002,-87.94999999999999,2.9992221163113646,water_temperature,29.610597610473633,degC,surface,0.0,standard_depth_positive_down,model_grid_or_not_applicable,MODEL_WET_GRID_NODE,,2026-10-06T21:00:00+00:00,2026-10-07T06:31:11.819952+00:00,2026-10-07T06:31:11.819952+00:00,UTC,2026-10-06T21:00:00+00:00,forecast,0,https://opendap.co-ops.nos.noaa.gov/thredds/dodsC/NOAA/NGOFS2/MODELS/2026/10/06/ngofs2.t21z.20261006.regulargrid.f000.nc,0.0,a35efafd89c8c60821aa7c6740a638843fb330aba7b5d73879f8854f4678c3d5,ngofs2_regulargrid_v1
noaa_ngofs2_mobile_bay_regulargrid,MODEL,ngofs2_grid_872_993,noaa_ngofs2_mobile_bay_model,Point Clear/Grand Hotel,1.5,30.490000000000002,-87.94999999999999,2.9992221163113646,salinity,15.609455108642578,PSU,surface,0.0,standard_depth_positive_down,model_grid_or_not_applicable,MODEL_WET_GRID_NODE,,2026-10-06T21:00:00+00:00,2026-10-07T06:31:11.819952+00:00,2026-10-07T06:31:11.819952+00:00,UTC,2026-10-06T21:00:00+00:00,forecast,0,https://opendap.co-ops.nos.noaa.gov/thredds/dodsC/NOAA/NGOFS2/MODELS/2026/10/06/ngofs2.t21z.20261006.regulargrid.f000.nc,0.0,a35efafd89c8c60821aa7c6740a638843fb330aba7b5d73879f8854f4678c3d5,ngofs2_regulargrid_v1
noaa_ngofs2_mobile_bay_regulargrid,MODEL,ngofs2_grid_872_993,noaa_ngofs2_mobile_bay_model,Point Clear/Grand Hotel,1.5,30.490000000000002,-87.94999999999999,2.9992221163113646,eastward_current,0.05836988613009453,m/s,bottom,2.0,standard_depth_positive_down,model_grid_or_not_applicable,MODEL_WET_GRID_NODE,,2026-10-06T21:00:00+00:00,2026-10-07T06:31:11.819952+00:00,2026-10-07T06:31:11.819952+00:00,UTC,2026-10-06T21:00:00+00:00,forecast,0,https://opendap.co-ops.nos.noaa.gov/thredds/dodsC/NOAA/NGOFS2/MODELS/2026/10/06/ngofs2.t21z.20261006.regulargrid.f000.nc,0.0,a35efafd89c8c60821aa7c6740a638843fb330aba7b5d73879f8854f4678c3d5,ngofs2_regulargrid_v1
noaa_ngofs2_mobile_bay_regulargrid,MODEL,ngofs2_grid_872_993,noaa_ngofs2_mobile_bay_model,Point Clear/Grand Hotel,1.5,30.490000000000002,-87.94999999999999,2.9992221163113646,northward_current,-0.09675446152687073,m/s,bottom,2.0,standard_depth_positive_down,model_grid_or_not_applicable,MODEL_WET_GRID_NODE,,2026-10-06T21:00:00+00:00,2026-10-07T06:31:11.819952+00:00,2026-10-07T06:31:11.819952+00:00,UTC,2026-10-06T21:00:00+00:00,forecast,0,https://opendap.co-ops.nos.noaa.gov/thredds/dodsC/NOAA/NGOFS2/MODELS/2026/10/06/ngofs2.t21z.20261006.regulargrid.f000.nc,0.0,a35efafd89c8c60821aa7c6740a638843fb330aba7b5d73879f8854f4678c3d5,ngofs2_regulargrid_v1
noaa_ngofs2_mobile_bay_regulargrid,MODEL,ngofs2_grid_872_993,noaa_ngofs2_mobile_bay_model,Point Clear/Grand Hotel,1.5,30.490000000000002,-87.94999999999999,2.9992221163113646,shoreward_current,0.05836988613009452,m/s,bottom,2.0,standard_depth_positive_down,model_grid_or_not_applicable,MODEL_WET_GRID_NODE,,2026-10-06T21:00:00+00:00,2026-10-07T06:31:11.819952+00:00,2026-10-07T06:31:11.819952+00:00,UTC,2026-10-06T21:00:00+00:00,forecast,0,https://opendap.co-ops.nos.noaa.gov/thredds/dodsC/NOAA/NGOFS2/MODELS/2026/10/06/ngofs2.t21z.20261006.regulargrid.f000.nc,0.0,a35efafd89c8c60821aa7c6740a638843fb330aba7b5d73879f8854f4678c3d5,ngofs2_regulargrid_v1
noaa_ngofs2_mobile_bay_regulargrid,MODEL,ngofs2_grid_872_993,noaa_ngofs2_mobile_bay_model,Point Clear/Grand Hotel,1.5,30.490000000000002,-87.94999999999999,2.9992221163113646,water_temperature,29.489545822143555,degC,bottom,2.0,standard_depth_positive_down,model_grid_or_not_applicable,MODEL_WET_GRID_NODE,,2026-10-06T21:00:00+00:00,2026-10-07T06:31:11.819952+00:00,2026-10-07T06:31:11.819952+00:00,UTC,2026-10-06T21:00:00+00:00,forecast,0,https://opendap.co-ops.nos.noaa.gov/thredds/dodsC/NOAA/NGOFS2/MODELS/2026/10/06/ngofs2.t21z.20261006.regulargrid.f000.nc,0.0,a35efafd89c8c60821aa7c6740a638843fb330aba7b5d73879f8854f4678c3d5,ngofs2_regulargrid_v1
noaa_ngofs2_mobile_bay_regulargrid,MODEL,ngofs2_grid_872_993,noaa_ngofs2_mobile_bay_model,Point Clear/Grand Hotel,1.5,30.490000000000002,-87.94999999999999,2.9992221163113646,salinity,18.27857780456543,PSU,bottom,2.0,standard_depth_positive_down,model_grid_or_not_applicable,MODEL_WET_GRID_NODE,,2026-10-06T21:00:00+00:00,2026-10-07T06:31:11.819952+00:00,2026-10-07T06:31:11.819952+00:00,UTC,2026-10-06T21:00:00+00:00,forecast,0,https://opendap.co-ops.nos.noaa.gov/thredds/dodsC/NOAA/NGOFS2/MODELS/2026/10/06/ngofs2.t21z.20261006.regulargrid.f000.nc,0.0,a35efafd89c8c60821aa7c6740a638843fb330aba7b5d73879f8854f4678c3d5,ngofs2_regulargrid_v1
noaa_ngofs2_mobile_bay_regulargrid,MODEL,ngofs2_grid_872_993,noaa_ngofs2_mobile_bay_model,Point Clear/Grand Hotel,1.5,30.490000000000002,-87.94999999999999,2.9992221163113646,water_surface_elevation,0.09751330316066742,m,surface,0.0,surface,model_mean_sea_level,MODEL_WET_GRID_NODE,,2026-10-06T21:00:00+00:00,2026-10-07T06:31:11.819952+00:00,2026-10-07T06:31:11.819952+00:00,UTC,2026-10-06T21:00:00+00:00,forecast,0,https://opendap.co-ops.nos.noaa.gov/thredds/dodsC/NOAA/NGOFS2/MODELS/2026/10/06/ngofs2.t21z.20261006.regulargrid.f000.nc,0.0,a35efafd89c8c60821aa7c6740a638843fb330aba7b5d73879f8854f4678c3d5,ngofs2_regulargrid_v1
noaa_ngofs2_mobile_bay_regulargrid,MODEL,ngofs2_grid_872_991,noaa_ngofs2_mobile_bay_model,Point Clear/Grand Hotel,3.0,30.490000000000002,-87.97,3.969153288834054,eastward_current,-0.10974481701850891,m/s,surface,0.0,standard_depth_positive_down,model_grid_or_not_applicable,MODEL_WET_GRID_NODE,,2026-10-06T21:00:00+00:00,2026-10-07T06:31:11.819952+00:00,2026-10-07T06:31:11.819952+00:00,UTC,2026-10-06T21:00:00+00:00,forecast,0,https://opendap.co-ops.nos.noaa.gov/thredds/dodsC/NOAA/NGOFS2/MODELS/2026/10/06/ngofs2.t21z.20261006.regulargrid.f000.nc,0.0,a35efafd89c8c60821aa7c6740a638843fb330aba7b5d73879f8854f4678c3d5,ngofs2_regulargrid_v1
noaa_ngofs2_mobile_bay_regulargrid,MODEL,ngofs2_grid_872_991,noaa_ngofs2_mobile_bay_model,Point Clear/Grand Hotel,3.0,30.490000000000002,-87.97,3.969153288834054,northward_current,-0.1940460503101349,m/s,surface,0.0,standard_depth_positive_down,model_grid_or_not_applicable,MODEL_WET_GRID_NODE,,2026-10-06T21:00:00+00:00,2026-10-07T06:31:11.819952+00:00,2026-10-07T06:31:11.819952+00:00,UTC,2026-10-06T21:00:00+00:00,forecast,0,https://opendap.co-ops.nos.noaa.gov/thredds/dodsC/NOAA/NGOFS2/MODELS/2026/10/06/ngofs2.t21z.20261006.regulargrid.f000.nc,0.0,a35efafd89c8c60821aa7c6740a638843fb330aba7b5d73879f8854f4678c3d5,ngofs2_regulargrid_v1
noaa_ngofs2_mobile_bay_regulargrid,MODEL,ngofs2_grid_872_991,noaa_ngofs2_mobile_bay_model,Point Clear/Grand Hotel,3.0,30.490000000000002,-87.97,3.969153288834054,shoreward_current,-0.10974481701850893,m/s,surface,0.0,standard_depth_positive_down,model_grid_or_not_applicable,MODEL_WET_GRID_NODE,,2026-10-06T21:00:00+00:00,2026-10-07T06:31:11.819952+00:00,2026-10-07T06:31:11.819952+00:00,UTC,2026-10-06T21:00:00+00:00,forecast,0,https://opendap.co-ops.nos.noaa.gov/thredds/dodsC/NOAA/NGOFS2/MODELS/2026/10/06/ngofs2.t21z.20261006.regulargrid.f000.nc,0.0,a35efafd89c8c60821aa7c6740a638843fb330aba7b5d73879f8854f4678c3d5,ngofs2_regulargrid_v1
noaa_ngofs2_mobile_bay_regulargrid,MODEL,ngofs2_grid_872_991,noaa_ngofs2_mobile_bay_model,Point Clear/Grand Hotel,3.0,30.490000000000002,-87.97,3.969153288834054,water_temperature,29.363800048828125,degC,surface,0.0,standard_depth_positive_down,model_grid_or_not_applicable,MODEL_WET_GRID_NODE,,2026-10-06T21:00:00+00:00,2026-10-07T06:31:11.819952+00:00,2026-10-07T06:31:11.819952+00:00,UTC,2026-10-06T21:00:00+00:00,forecast,0,https://opendap.co-ops.nos.noaa.gov/thredds/dodsC/NOAA/NGOFS2/MODELS/2026/10/06/ngofs2.t21z.20261006.regulargrid.f000.nc,0.0,a35efafd89c8c60821aa7c6740a638843fb330aba7b5d73879f8854f4678c3d5,ngofs2_regulargrid_v1
noaa_ngofs2_mobile_bay_regulargrid,MODEL,ngofs2_grid_872_991,noaa_ngofs2_mobile_bay_model,Point Clear/Grand Hotel,3.0,30.490000000000002,-87.97,3.969153288834054,salinity,14.901716232299805,PSU,surface,0.0,standard_depth_positive_down,model_grid_or_not_applicable,MODEL_WET_GRID_NODE,,2026-10-06T21:00:00+00:00,2026-10-07T06:31:11.819952+00:00,2026-10-07T06:31:11.819952+00:00,UTC,2026-10-06T21:00:00+00:00,forecast,0,https://opendap.co-ops.nos.noaa.gov/thredds/dodsC/NOAA/NGOFS2/MODELS/2026/10/06/ngofs2.t21z.20261006.regulargrid.f000.nc,0.0,a35efafd89c8c60821aa7c6740a638843fb330aba7b5d73879f8854f4678c3d5,ngofs2_regulargrid_v1
noaa_ngofs2_mobile_bay_regulargrid,MODEL,ngofs2_grid_872_991,noaa_ngofs2_mobile_bay_model,Point Clear/Grand Hotel,3.0,30.490000000000002,-87.97,3.969153288834054,eastward_current,0.0023032240569591522,m/s,bottom,2.0,standard_depth_positive_down,model_grid_or_not_applicable,MODEL_WET_GRID_NODE,,2026-10-06T21:00:00+00:00,2026-10-07T06:31:11.819952+00:00,2026-10-07T06:31:11.819952+00:00,UTC,2026-10-06T21:00:00+00:00,forecast,0,https://opendap.co-ops.nos.noaa.gov/thredds/dodsC/NOAA/NGOFS2/MODELS/2026/10/06/ngofs2.t21z.20261006.regulargrid.f000.nc,0.0,a35efafd89c8c60821aa7c6740a638843fb330aba7b5d73879f8854f4678c3d5,ngofs2_regulargrid_v1
noaa_ngofs2_mobile_bay_regulargrid,MODEL,ngofs2_grid_872_991,noaa_ngofs2_mobile_bay_model,Point Clear/Grand Hotel,3.0,30.490000000000002,-87.97,3.969153288834054,northward_current,-0.12978121638298035,m/s,bottom,2.0,standard_depth_positive_down,model_grid_or_not_applicable,MODEL_WET_GRID_NODE,,2026-10-06T21:00:00+00:00,2026-10-07T06:31:11.819952+00:00,2026-10-07T06:31:11.819952+00:00,UTC,2026-10-06T21:00:00+00:00,forecast,0,https://opendap.co-ops.nos.noaa.gov/thredds/dodsC/NOAA/NGOFS2/MODELS/2026/10/06/ngofs2.t21z.20261006.regulargrid.f000.nc,0.0,a35efafd89c8c60821aa7c6740a638843fb330aba7b5d73879f8854f4678c3d5,ngofs2_regulargrid_v1
noaa_ngofs2_mobile_bay_regulargrid,MODEL,ngofs2_grid_872_991,noaa_ngofs2_mobile_bay_model,Point Clear/Grand Hotel,3.0,30.490000000000002,-87.97,3.969153288834054,shoreward_current,0.0023032240569591444,m/s,bottom,2.0,standard_depth_positive_down,model_grid_or_not_applicable,MODEL_WET_GRID_NODE,,2026-10-06T21:00:00+00:00,2026-10-07T06:31:11.819952+00:00,2026-10-07T06:31:11.819952+00:00,UTC,2026-10-06T21:00:00+00:00,forecast,0,https://opendap.co-ops.nos.noaa.gov/thredds/dodsC/NOAA/NGOFS2/MODELS/2026/10/06/ngofs2.t21z.20261006.regulargrid.f000.nc,0.0,a35efafd89c8c60821aa7c6740a638843fb330aba7b5d73879f8854f4678c3d5,ngofs2_regulargrid_v1
noaa_ngofs2_mobile_bay_regulargrid,MODEL,ngofs2_grid_872_991,noaa_ngofs2_mobile_bay_model,Point Clear/Grand Hotel,3.0,30.490000000000002,-87.97,3.969153288834054,water_temperature,29.286643981933594,degC,bottom,2.0,standard_depth_positive_down,model_grid_or_not_applicable,MODEL_WET_GRID_NODE,,2026-10-06T21:00:00+00:00,2026-10-07T06:31:11.819952+00:00,2026-10-07T06:31:11.819952+00:00,UTC,2026-10-06T21:00:00+00:00,forecast,0,https://opendap.co-ops.nos.noaa.gov/thredds/dodsC/NOAA/NGOFS2/MODELS/2026/10/06/ngofs2.t21z.20261006.regulargrid.f000.nc,0.0,a35efafd89c8c60821aa7c6740a638843fb330aba7b5d73879f8854f4678c3d5,ngofs2_regulargrid_v1
noaa_ngofs2_mobile_bay_regulargrid,MODEL,ngofs2_grid_872_991,noaa_ngofs2_mobile_bay_model,Point Clear/Grand Hotel,3.0,30.490000000000002,-87.97,3.969153288834054,salinity,16.144201278686523,PSU,bottom,2.0,standard_depth_positive_down,model_grid_or_not_applicable,MODEL_WET_GRID_NODE,,2026-10-06T21:00:00+00:00,2026-10-07T06:31:11.819952+00:00,2026-10-07T06:31:11.819952+00:00,UTC,2026-10-06T21:00:00+00:00,forecast,0,https://opendap.co-ops.nos.noaa.gov/thredds/dodsC/NOAA/NGOFS2/MODELS/2026/10/06/ngofs2.t21z.20261006.regulargrid.f000.nc,0.0,a35efafd89c8c60821aa7c6740a638843fb330aba7b5d73879f8854f4678c3d5,ngofs2_regulargrid_v1
noaa_ngofs2_mobile_bay_regulargrid,MODEL,ngofs2_grid_872_991,noaa_ngofs2_mobile_bay_model,Point Clear/Grand Hotel,3.0,30.490000000000002,-87.97,3.969153288834054,water_surface_elevation,0.10412555187940598,m,surface,0.0,surface,model_mean_sea_level,MODEL_WET_GRID_NODE,,2026-10-06T21:00:00+00:00,2026-10-07T06:31:11.819952+00:00,2026-10-07T06:31:11.819952+00:00,UTC,2026-10-06T21:00:00+00:00,forecast,0,https://opendap.co-ops.nos.noaa.gov/thredds/dodsC/NOAA/NGOFS2/MODELS/2026/10/06/ngofs2.t21z.20261006.regulargrid.f000.nc,0.0,a35efafd89c8c60821aa7c6740a638843fb330aba7b5d73879f8854f4678c3d5,ngofs2_regulargrid_v1
noaa_ngofs2_mobile_bay_regulargrid,MODEL,ngofs2_grid_864_997,noaa_ngofs2_mobile_bay_model,Mullet Point,0.25,30.41,-87.91,2.502617325949256,eastward_current,0.021075919270515442,m/s,surface,0.0,standard_depth_positive_down,model_grid_or_not_applicable,MODEL_WET_GRID_NODE,,2026-10-06T21:00:00+00:00,2026-10-07T06:31:11.819952+00:00,2026-10-07T06:31:11.819952+00:00,UTC,2026-10-06T21:00:00+00:00,forecast,0,https://opendap.co-ops.nos.noaa.gov/thredds/dodsC/NOAA/NGOFS2/MODELS/2026/10/06/ngofs2.t21z.20261006.regulargrid.f000.nc,0.0,a35efafd89c8c60821aa7c6740a638843fb330aba7b5d73879f8854f4678c3d5,ngofs2_regulargrid_v1
noaa_ngofs2_mobile_bay_regulargrid,MODEL,ngofs2_grid_864_997,noaa_ngofs2_mobile_bay_model,Mullet Point,0.25,30.41,-87.91,2.502617325949256,northward_current,-0.11944764852523804,m/s,surface,0.0,standard_depth_positive_down,model_grid_or_not_applicable,MODEL_WET_GRID_NODE,,2026-10-06T21:00:00+00:00,2026-10-07T06:31:11.819952+00:00,2026-10-07T06:31:11.819952+00:00,UTC,2026-10-06T21:00:00+00:00,forecast,0,https://opendap.co-ops.nos.noaa.gov/thredds/dodsC/NOAA/NGOFS2/MODELS/2026/10/06/ngofs2.t21z.20261006.regulargrid.f000.nc,0.0,a35efafd89c8c60821aa7c6740a638843fb330aba7b5d73879f8854f4678c3d5,ngofs2_regulargrid_v1
noaa_ngofs2_mobile_bay_regulargrid,MODEL,ngofs2_grid_864_997,noaa_ngofs2_mobile_bay_model,Mullet Point,0.25,30.41,-87.91,2.502617325949256,shoreward_current,0.021075919270515435,m/s,surface,0.0,standard_depth_positive_down,model_grid_or_not_applicable,MODEL_WET_GRID_NODE,,2026-10-06T21:00:00+00:00,2026-10-07T06:31:11.819952+00:00,2026-10-07T06:31:11.819952+00:00,UTC,2026-10-06T21:00:00+00:00,forecast,0,https://opendap.co-ops.nos.noaa.gov/thredds/dodsC/NOAA/NGOFS2/MODELS/2026/10/06/ngofs2.t21z.20261006.regulargrid.f000.nc,0.0,a35efafd89c8c60821aa7c6740a638843fb330aba7b5d73879f8854f4678c3d5,ngofs2_regulargrid_v1
noaa_ngofs2_mobile_bay_regulargrid,MODEL,ngofs2_grid_864_997,noaa_ngofs2_mobile_bay_model,Mullet Point,0.25,30.41,-87.91,2.502617325949256,water_temperature,29.433244705200195,degC,surface,0.0,standard_depth_positive_down,model_grid_or_not_applicable,MODEL_WET_GRID_NODE,,2026-10-06T21:00:00+00:00,2026-10-07T06:31:11.819952+00:00,2026-10-07T06:31:11.819952+00:00,UTC,2026-10-06T21:00:00+00:00,forecast,0,https://opendap.co-ops.nos.noaa.gov/thredds/dodsC/NOAA/NGOFS2/MODELS/2026/10/06/ngofs2.t21z.20261006.regulargrid.f000.nc,0.0,a35efafd89c8c60821aa7c6740a638843fb330aba7b5d73879f8854f4678c3d5,ngofs2_regulargrid_v1
noaa_ngofs2_mobile_bay_regulargrid,MODEL,ngofs2_grid_864_997,noaa_ngofs2_mobile_bay_model,Mullet Point,0.25,30.41,-87.91,2.502617325949256,salinity,20.939189910888672,PSU,surface,0.0,standard_depth_positive_down,model_grid_or_not_applicable,MODEL_WET_GRID_NODE,,2026-10-06T21:00:00+00:00,2026-10-07T06:31:11.819952+00:00,2026-10-07T06:31:11.819952+00:00,UTC,2026-10-06T21:00:00+00:00,forecast,0,https://opendap.co-ops.nos.noaa.gov/thredds/dodsC/NOAA/NGOFS2/MODELS/2026/10/06/ngofs2.t21z.20261006.regulargrid.f000.nc,0.0,a35efafd89c8c60821aa7c6740a638843fb330aba7b5d73879f8854f4678c3d5,ngofs2_regulargrid_v1
noaa_ngofs2_mobile_bay_regulargrid,MODEL,ngofs2_grid_864_997,noaa_ngofs2_mobile_bay_model,Mullet Point,0.25,30.41,-87.91,2.502617325949256,eastward_current,0.044320784509181976,m/s,bottom,2.0,standard_depth_positive_down,model_grid_or_not_applicable,MODEL_WET_GRID_NODE,,2026-10-06T21:00:00+00:00,2026-10-07T06:31:11.819952+00:00,2026-10-07T06:31:11.819952+00:00,UTC,2026-10-06T21:00:00+00:00,forecast,0,https://opendap.co-ops.nos.noaa.gov/thredds/dodsC/NOAA/NGOFS2/MODELS/2026/10/06/ngofs2.t21z.20261006.regulargrid.f000.nc,0.0,a35efafd89c8c60821aa7c6740a638843fb330aba7b5d73879f8854f4678c3d5,ngofs2_regulargrid_v1
noaa_ngofs2_mobile_bay_regulargrid,MODEL,ngofs2_grid_864_997,noaa_ngofs2_mobile_bay_model,Mullet Point,0.25,30.41,-87.91,2.502617325949256,northward_current,-0.05171613022685051,m/s,bottom,2.0,standard_depth_positive_down,model_grid_or_not_applicable,MODEL_WET_GRID_NODE,,2026-10-06T21:00:00+00:00,2026-10-07T06:31:11.819952+00:00,2026-10-07T06:31:11.819952+00:00,UTC,2026-10-06T21:00:00+00:00,forecast,0,https://opendap.co-ops.nos.noaa.gov/thredds/dodsC/NOAA/NGOFS2/MODELS/2026/10/06/ngofs2.t21z.20261006.regulargrid.f000.nc,0.0,a35efafd89c8c60821aa7c6740a638843fb330aba7b5d73879f8854f4678c3d5,ngofs2_regulargrid_v1
noaa_ngofs2_mobile_bay_regulargrid,MODEL,ngofs2_grid_864_997,noaa_ngofs2_mobile_bay_model,Mullet Point,0.25,30.41,-87.91,2.502617325949256,shoreward_current,0.044320784509181976,m/s,bottom,2.0,standard_depth_positive_down,model_grid_or_not_applicable,MODEL_WET_GRID_NODE,,2026-10-06T21:00:00+00:00,2026-10-07T06:31:11.819952+00:00,2026-10-07T06:31:11.819952+00:00,UTC,2026-10-06T21:00:00+00:00,forecast,0,https://opendap.co-ops.nos.noaa.gov/thredds/dodsC/NOAA/NGOFS2/MODELS/2026/10/06/ngofs2.t21z.20261006.regulargrid.f000.nc,0.0,a35efafd89c8c60821aa7c6740a638843fb330aba7b5d73879f8854f4678c3d5,ngofs2_regulargrid_v1
noaa_ngofs2_mobile_bay_regulargrid,MODEL,ngofs2_grid_864_997,noaa_ngofs2_mobile_bay_model,Mullet Point,0.25,30.41,-87.91,2.502617325949256,water_temperature,29.451215744018555,degC,bottom,2.0,standard_depth_positive_down,model_grid_or_not_applicable,MODEL_WET_GRID_NODE,,2026-10-06T21:00:00+00:00,2026-10-07T06:31:11.819952+00:00,2026-10-07T06:31:11.819952+00:00,UTC,2026-10-06T21:00:00+00:00,forecast,0,https://opendap.co-ops.nos.noaa.gov/thredds/dodsC/NOAA/NGOFS2/MODELS/2026/10/06/ngofs2.t21z.20261006.regulargrid.f000.nc,0.0,a35efafd89c8c60821aa7c6740a638843fb330aba7b5d73879f8854f4678c3d5,ngofs2_regulargrid_v1
noaa_ngofs2_mobile_bay_regulargrid,MODEL,ngofs2_grid_864_997,noaa_ngofs2_mobile_bay_model,Mullet Point,0.25,30.41,-87.91,2.502617325949256,salinity,21.19168472290039,PSU,bottom,2.0,standard_depth_positive_down,model_grid_or_not_applicable,MODEL_WET_GRID_NODE,,2026-10-06T21:00:00+00:00,2026-10-07T06:31:11.819952+00:00,2026-10-07T06:31:11.819952+00:00,UTC,2026-10-06T21:00:00+00:00,forecast,0,https://opendap.co-ops.nos.noaa.gov/thredds/dodsC/NOAA/NGOFS2/MODELS/2026/10/06/ngofs2.t21z.20261006.regulargrid.f000.nc,0.0,a35efafd89c8c60821aa7c6740a638843fb330aba7b5d73879f8854f4678c3d5,ngofs2_regulargrid_v1
noaa_ngofs2_mobile_bay_regulargrid,MODEL,ngofs2_grid_864_997,noaa_ngofs2_mobile_bay_model,Mullet Point,0.25,30.41,-87.91,2.502617325949256,water_surface_elevation,0.09850700944662094,m,surface,0.0,surface,model_mean_sea_level,MODEL_WET_GRID_NODE,,2026-10-06T21:00:00+00:00,2026-10-07T06:31:11.819952+00:00,2026-10-07T06:31:11.819952+00:00,UTC,2026-10-06T21:00:00+00:00,forecast,0,https://opendap.co-ops.nos.noaa.gov/thredds/dodsC/NOAA/NGOFS2/MODELS/2026/10/06/ngofs2.t21z.20261006.regulargrid.f000.nc,0.0,a35efafd89c8c60821aa7c6740a638843fb330aba7b5d73879f8854f4678c3d5,ngofs2_regulargrid_v1
noaa_ngofs2_mobile_bay_regulargrid,MODEL,ngofs2_grid_865_996,noaa_ngofs2_mobile_bay_model,Mullet Point,0.75,30.42,-87.91999999999999,2.4181508833466974,eastward_current,0.0007442429778166115,m/s,surface,0.0,standard_depth_positive_down,model_grid_or_not_applicable,MODEL_WET_GRID_NODE,,2026-10-06T21:00:00+00:00,2026-10-07T06:31:11.819952+00:00,2026-10-07T06:31:11.819952+00:00,UTC,2026-10-06T21:00:00+00:00,forecast,0,https://opendap.co-ops.nos.noaa.gov/thredds/dodsC/NOAA/NGOFS2/MODELS/2026/10/06/ngofs2.t21z.20261006.regulargrid.f000.nc,0.0,a35efafd89c8c60821aa7c6740a638843fb330aba7b5d73879f8854f4678c3d5,ngofs2_regulargrid_v1
noaa_ngofs2_mobile_bay_regulargrid,MODEL,ngofs2_grid_865_996,noaa_ngofs2_mobile_bay_model,Mullet Point,0.75,30.42,-87.91999999999999,2.4181508833466974,northward_current,-0.12317550927400589,m/s,surface,0.0,standard_depth_positive_down,model_grid_or_not_applicable,MODEL_WET_GRID_NODE,,2026-10-06T21:00:00+00:00,2026-10-07T06:31:11.819952+00:00,2026-10-07T06:31:11.819952+00:00,UTC,2026-10-06T21:00:00+00:00,forecast,0,https://opendap.co-ops.nos.noaa.gov/thredds/dodsC/NOAA/NGOFS2/MODELS/2026/10/06/ngofs2.t21z.20261006.regulargrid.f000.nc,0.0,a35efafd89c8c60821aa7c6740a638843fb330aba7b5d73879f8854f4678c3d5,ngofs2_regulargrid_v1
noaa_ngofs2_mobile_bay_regulargrid,MODEL,ngofs2_grid_865_996,noaa_ngofs2_mobile_bay_model,Mullet Point,0.75,30.42,-87.91999999999999,2.4181508833466974,shoreward_current,0.0007442429778166039,m/s,surface,0.0,standard_depth_positive_down,model_grid_or_not_applicable,MODEL_WET_GRID_NODE,,2026-10-06T21:00:00+00:00,2026-10-07T06:31:11.819952+00:00,2026-10-07T06:31:11.819952+00:00,UTC,2026-10-06T21:00:00+00:00,forecast,0,https://opendap.co-ops.nos.noaa.gov/thredds/dodsC/NOAA/NGOFS2/MODELS/2026/10/06/ngofs2.t21z.20261006.regulargrid.f000.nc,0.0,a35efafd89c8c60821aa7c6740a638843fb330aba7b5d73879f8854f4678c3d5,ngofs2_regulargrid_v1
noaa_ngofs2_mobile_bay_regulargrid,MODEL,ngofs2_grid_865_996,noaa_ngofs2_mobile_bay_model,Mullet Point,0.75,30.42,-87.91999999999999,2.4181508833466974,water_temperature,29.416576385498047,degC,surface,0.0,standard_depth_positive_down,model_grid_or_not_applicable,MODEL_WET_GRID_NODE,,2026-10-06T21:00:00+00:00,2026-10-07T06:31:11.819952+00:00,2026-10-07T06:31:11.819952+00:00,UTC,2026-10-06T21:00:00+00:00,forecast,0,https://opendap.co-ops.nos.noaa.gov/thredds/dodsC/NOAA/NGOFS2/MODELS/2026/10/06/ngofs2.t21z.20261006.regulargrid.f000.nc,0.0,a35efafd89c8c60821aa7c6740a638843fb330aba7b5d73879f8854f4678c3d5,ngofs2_regulargrid_v1
noaa_ngofs2_mobile_bay_regulargrid,MODEL,ngofs2_grid_865_996,noaa_ngofs2_mobile_bay_model,Mullet Point,0.75,30.42,-87.91999999999999,2.4181508833466974,salinity,20.960729598999023,PSU,surface,0.0,standard_depth_positive_down,model_grid_or_not_applicable,MODEL_WET_GRID_NODE,,2026-10-06T21:00:00+00:00,2026-10-07T06:31:11.819952+00:00,2026-10-07T06:31:11.819952+00:00,UTC,2026-10-06T21:00:00+00:00,forecast,0,https://opendap.co-ops.nos.noaa.gov/thredds/dodsC/NOAA/NGOFS2/MODELS/2026/10/06/ngofs2.t21z.20261006.regulargrid.f000.nc,0.0,a35efafd89c8c60821aa7c6740a638843fb330aba7b5d73879f8854f4678c3d5,ngofs2_regulargrid_v1
noaa_ngofs2_mobile_bay_regulargrid,MODEL,ngofs2_grid_865_996,noaa_ngofs2_mobile_bay_model,Mullet Point,0.75,30.42,-87.91999999999999,2.4181508833466974,eastward_current,0.047137826681137085,m/s,bottom,2.0,standard_depth_positive_down,model_grid_or_not_applicable,MODEL_WET_GRID_NODE,,2026-10-06T21:00:00+00:00,2026-10-07T06:31:11.819952+00:00,2026-10-07T06:31:11.819952+00:00,UTC,2026-10-06T21:00:00+00:00,forecast,0,https://opendap.co-ops.nos.noaa.gov/thredds/dodsC/NOAA/NGOFS2/MODELS/2026/10/06/ngofs2.t21z.20261006.regulargrid.f000.nc,0.0,a35efafd89c8c60821aa7c6740a638843fb330aba7b5d73879f8854f4678c3d5,ngofs2_regulargrid_v1
noaa_ngofs2_mobile_bay_regulargrid,MODEL,ngofs2_grid_865_996,noaa_ngofs2_mobile_bay_model,Mullet Point,0.75,30.42,-87.91999999999999,2.4181508833466974,northward_current,-0.04631808400154114,m/s,bottom,2.0,standard_depth_positive_down,model_grid_or_not_applicable,MODEL_WET_GRID_NODE,,2026-10-06T21:00:00+00:00,2026-10-07T06:31:11.819952+00:00,2026-10-07T06:31:11.819952+00:00,UTC,2026-10-06T21:00:00+00:00,forecast,0,https://opendap.co-ops.nos.noaa.gov/thredds/dodsC/NOAA/NGOFS2/MODELS/2026/10/06/ngofs2.t21z.20261006.regulargrid.f000.nc,0.0,a35efafd89c8c60821aa7c6740a638843fb330aba7b5d73879f8854f4678c3d5,ngofs2_regulargrid_v1
noaa_ngofs2_mobile_bay_regulargrid,MODEL,ngofs2_grid_865_996,noaa_ngofs2_mobile_bay_model,Mullet Point,0.75,30.42,-87.91999999999999,2.4181508833466974,shoreward_current,0.047137826681137085,m/s,bottom,2.0,standard_depth_positive_down,model_grid_or_not_applicable,MODEL_WET_GRID_NODE,,2026-10-06T21:00:00+00:00,2026-10-07T06:31:11.819952+00:00,2026-10-07T06:31:11.819952+00:00,UTC,2026-10-06T21:00:00+00:00,forecast,0,https://opendap.co-ops.nos.noaa.gov/thredds/dodsC/NOAA/NGOFS2/MODELS/2026/10/06/ngofs2.t21z.20261006.regulargrid.f000.nc,0.0,a35efafd89c8c60821aa7c6740a638843fb330aba7b5d73879f8854f4678c3d5,ngofs2_regulargrid_v1
noaa_ngofs2_mobile_bay_regulargrid,MODEL,ngofs2_grid_865_996,noaa_ngofs2_mobile_bay_model,Mullet Point,0.75,30.42,-87.91999999999999,2.4181508833466974,water_temperature,29.47496795654297,degC,bottom,2.0,standard_depth_positive_down,model_grid_or_not_applicable,MODEL_WET_GRID_NODE,,2026-10-06T21:00:00+00:00,2026-10-07T06:31:11.819952+00:00,2026-10-07T06:31:11.819952+00:00,UTC,2026-10-06T21:00:00+00:00,forecast,0,https://opendap.co-ops.nos.noaa.gov/thredds/dodsC/NOAA/NGOFS2/MODELS/2026/10/06/ngofs2.t21z.20261006.regulargrid.f000.nc,0.0,a35efafd89c8c60821aa7c6740a638843fb330aba7b5d73879f8854f4678c3d5,ngofs2_regulargrid_v1
noaa_ngofs2_mobile_bay_regulargrid,MODEL,ngofs2_grid_865_996,noaa_ngofs2_mobile_bay_model,Mullet Point,0.75,30.42,-87.91999999999999,2.4181508833466974,salinity,22.011669158935547,PSU,bottom,2.0,standard_depth_positive_down,model_grid_or_not_applicable,MODEL_WET_GRID_NODE,,2026-10-06T21:00:00+00:00,2026-10-07T06:31:11.819952+00:00,2026-10-07T06:31:11.819952+00:00,UTC,2026-10-06T21:00:00+00:00,forecast,0,https://opendap.co-ops.nos.noaa.gov/thredds/dodsC/NOAA/NGOFS2/MODELS/2026/10/06/ngofs2.t21z.20261006.regulargrid.f000.nc,0.0,a35efafd89c8c60821aa7c6740a638843fb330aba7b5d73879f8854f4678c3d5,ngofs2_regulargrid_v1
noaa_ngofs2_mobile_bay_regulargrid,MODEL,ngofs2_grid_865_996,noaa_ngofs2_mobile_bay_model,Mullet Point,0.75,30.42,-87.91999999999999,2.4181508833466974,water_surface_elevation,0.09972183406352997,m,surface,0.0,surface,model_mean_sea_level,MODEL_WET_GRID_NODE,,2026-10-06T21:00:00+00:00,2026-10-07T06:31:11.819952+00:00,2026-10-07T06:31:11.819952+00:00,UTC,2026-10-06T21:00:00+00:00,forecast,0,https://opendap.co-ops.nos.noaa.gov/thredds/dodsC/NOAA/NGOFS2/MODELS/2026/10/06/ngofs2.t21z.20261006.regulargrid.f000.nc,0.0,a35efafd89c8c60821aa7c6740a638843fb330aba7b5d73879f8854f4678c3d5,ngofs2_regulargrid_v1
noaa_ngofs2_mobile_bay_regulargrid,MODEL,ngofs2_grid_865_995,noaa_ngofs2_mobile_bay_model,Mullet Point,1.5,30.42,-87.92999999999999,3.100659617984664,eastward_current,-0.02191329374909401,m/s,surface,0.0,standard_depth_positive_down,model_grid_or_not_applicable,MODEL_WET_GRID_NODE,,2026-10-06T21:00:00+00:00,2026-10-07T06:31:11.819952+00:00,2026-10-07T06:31:11.819952+00:00,UTC,2026-10-06T21:00:00+00:00,forecast,0,https://opendap.co-ops.nos.noaa.gov/thredds/dodsC/NOAA/NGOFS2/MODELS/2026/10/06/ngofs2.t21z.20261006.regulargrid.f000.nc,0.0,a35efafd89c8c60821aa7c6740a638843fb330aba7b5d73879f8854f4678c3d5,ngofs2_regulargrid_v1
noaa_ngofs2_mobile_bay_regulargrid,MODEL,ngofs2_grid_865_995,noaa_ngofs2_mobile_bay_model,Mullet Point,1.5,30.42,-87.92999999999999,3.100659617984664,northward_current,-0.1735096424818039,m/s,surface,0.0,standard_depth_positive_down,model_grid_or_not_applicable,MODEL_WET_GRID_NODE,,2026-10-06T21:00:00+00:00,2026-10-07T06:31:11.819952+00:00,2026-10-07T06:31:11.819952+00:00,UTC,2026-10-06T21:00:00+00:00,forecast,0,https://opendap.co-ops.nos.noaa.gov/thredds/dodsC/NOAA/NGOFS2/MODELS/2026/10/06/ngofs2.t21z.20261006.regulargrid.f000.nc,0.0,a35efafd89c8c60821aa7c6740a638843fb330aba7b5d73879f8854f4678c3d5,ngofs2_regulargrid_v1
noaa_ngofs2_mobile_bay_regulargrid,MODEL,ngofs2_grid_865_995,noaa_ngofs2_mobile_bay_model,Mullet Point,1.5,30.42,-87.92999999999999,3.100659617984664,shoreward_current,-0.02191329374909402,m/s,surface,0.0,standard_depth_positive_down,model_grid_or_not_applicable,MODEL_WET_GRID_NODE,,2026-10-06T21:00:00+00:00,2026-10-07T06:31:11.819952+00:00,2026-10-07T06:31:11.819952+00:00,UTC,2026-10-06T21:00:00+00:00,forecast,0,https://opendap.co-ops.nos.noaa.gov/thredds/dodsC/NOAA/NGOFS2/MODELS/2026/10/06/ngofs2.t21z.20261006.regulargrid.f000.nc,0.0,a35efafd89c8c60821aa7c6740a638843fb330aba7b5d73879f8854f4678c3d5,ngofs2_regulargrid_v1
noaa_ngofs2_mobile_bay_regulargrid,MODEL,ngofs2_grid_865_995,noaa_ngofs2_mobile_bay_model,Mullet Point,1.5,30.42,-87.92999999999999,3.100659617984664,water_temperature,29.323514938354492,degC,surface,0.0,standard_depth_positive_down,model_grid_or_not_applicable,MODEL_WET_GRID_NODE,,2026-10-06T21:00:00+00:00,2026-10-07T06:31:11.819952+00:00,2026-10-07T06:31:11.819952+00:00,UTC,2026-10-06T21:00:00+00:00,forecast,0,https://opendap.co-ops.nos.noaa.gov/thredds/dodsC/NOAA/NGOFS2/MODELS/2026/10/06/ngofs2.t21z.20261006.regulargrid.f000.nc,0.0,a35efafd89c8c60821aa7c6740a638843fb330aba7b5d73879f8854f4678c3d5,ngofs2_regulargrid_v1
noaa_ngofs2_mobile_bay_regulargrid,MODEL,ngofs2_grid_865_995,noaa_ngofs2_mobile_bay_model,Mullet Point,1.5,30.42,-87.92999999999999,3.100659617984664,salinity,20.852149963378906,PSU,surface,0.0,standard_depth_positive_down,model_grid_or_not_applicable,MODEL_WET_GRID_NODE,,2026-10-06T21:00:00+00:00,2026-10-07T06:31:11.819952+00:00,2026-10-07T06:31:11.819952+00:00,UTC,2026-10-06T21:00:00+00:00,forecast,0,https://opendap.co-ops.nos.noaa.gov/thredds/dodsC/NOAA/NGOFS2/MODELS/2026/10/06/ngofs2.t21z.20261006.regulargrid.f000.nc,0.0,a35efafd89c8c60821aa7c6740a638843fb330aba7b5d73879f8854f4678c3d5,ngofs2_regulargrid_v1
noaa_ngofs2_mobile_bay_regulargrid,MODEL,ngofs2_grid_865_995,noaa_ngofs2_mobile_bay_model,Mullet Point,1.5,30.42,-87.92999999999999,3.100659617984664,eastward_current,0.06758427619934082,m/s,bottom,2.0,standard_depth_positive_down,model_grid_or_not_applicable,MODEL_WET_GRID_NODE,,2026-10-06T21:00:00+00:00,2026-10-07T06:31:11.819952+00:00,2026-10-07T06:31:11.819952+00:00,UTC,2026-10-06T21:00:00+00:00,forecast,0,https://opendap.co-ops.nos.noaa.gov/thredds/dodsC/NOAA/NGOFS2/MODELS/2026/10/06/ngofs2.t21z.20261006.regulargrid.f000.nc,0.0,a35efafd89c8c60821aa7c6740a638843fb330aba7b5d73879f8854f4678c3d5,ngofs2_regulargrid_v1
noaa_ngofs2_mobile_bay_regulargrid,MODEL,ngofs2_grid_865_995,noaa_ngofs2_mobile_bay_model,Mullet Point,1.5,30.42,-87.92999999999999,3.100659617984664,northward_current,-0.07169657945632935,m/s,bottom,2.0,standard_depth_positive_down,model_grid_or_not_applicable,MODEL_WET_GRID_NODE,,2026-10-06T21:00:00+00:00,2026-10-07T06:31:11.819952+00:00,2026-10-07T06:31:11.819952+00:00,UTC,2026-10-06T21:00:00+00:00,forecast,0,https://opendap.co-ops.nos.noaa.gov/thredds/dodsC/NOAA/NGOFS2/MODELS/2026/10/06/ngofs2.t21z.20261006.regulargrid.f000.nc,0.0,a35efafd89c8c60821aa7c6740a638843fb330aba7b5d73879f8854f4678c3d5,ngofs2_regulargrid_v1
noaa_ngofs2_mobile_bay_regulargrid,MODEL,ngofs2_grid_865_995,noaa_ngofs2_mobile_bay_model,Mullet Point,1.5,30.42,-87.92999999999999,3.100659617984664,shoreward_current,0.06758427619934082,m/s,bottom,2.0,standard_depth_positive_down,model_grid_or_not_applicable,MODEL_WET_GRID_NODE,,2026-10-06T21:00:00+00:00,2026-10-07T06:31:11.819952+00:00,2026-10-07T06:31:11.819952+00:00,UTC,2026-10-06T21:00:00+00:00,forecast,0,https://opendap.co-ops.nos.noaa.gov/thredds/dodsC/NOAA/NGOFS2/MODELS/2026/10/06/ngofs2.t21z.20261006.regulargrid.f000.nc,0.0,a35efafd89c8c60821aa7c6740a638843fb330aba7b5d73879f8854f4678c3d5,ngofs2_regulargrid_v1
noaa_ngofs2_mobile_bay_regulargrid,MODEL,ngofs2_grid_865_995,noaa_ngofs2_mobile_bay_model,Mullet Point,1.5,30.42,-87.92999999999999,3.100659617984664,water_temperature,29.306753158569336,degC,bottom,2.0,standard_depth_positive_down,model_grid_or_not_applicable,MODEL_WET_GRID_NODE,,2026-10-06T21:00:00+00:00,2026-10-07T06:31:11.819952+00:00,2026-10-07T06:31:11.819952+00:00,UTC,2026-10-06T21:00:00+00:00,forecast,0,https://opendap.co-ops.nos.noaa.gov/thredds/dodsC/NOAA/NGOFS2/MODELS/2026/10/06/ngofs2.t21z.20261006.regulargrid.f000.nc,0.0,a35efafd89c8c60821aa7c6740a638843fb330aba7b5d73879f8854f4678c3d5,ngofs2_regulargrid_v1
noaa_ngofs2_mobile_bay_regulargrid,MODEL,ngofs2_grid_865_995,noaa_ngofs2_mobile_bay_model,Mullet Point,1.5,30.42,-87.92999999999999,3.100659617984664,salinity,22.27131462097168,PSU,bottom,2.0,standard_depth_positive_down,model_grid_or_not_applicable,MODEL_WET_GRID_NODE,,2026-10-06T21:00:00+00:00,2026-10-07T06:31:11.819952+00:00,2026-10-07T06:31:11.819952+00:00,UTC,2026-10-06T21:00:00+00:00,forecast,0,https://opendap.co-ops.nos.noaa.gov/thredds/dodsC/NOAA/NGOFS2/MODELS/2026/10/06/ngofs2.t21z.20261006.regulargrid.f000.nc,0.0,a35efafd89c8c60821aa7c6740a638843fb330aba7b5d73879f8854f4678c3d5,ngofs2_regulargrid_v1
noaa_ngofs2_mobile_bay_regulargrid,MODEL,ngofs2_grid_865_995,noaa_ngofs2_mobile_bay_model,Mullet Point,1.5,30.42,-87.92999999999999,3.100659617984664,water_surface_elevation,0.10234013944864273,m,surface,0.0,surface,model_mean_sea_level,MODEL_WET_GRID_NODE,,2026-10-06T21:00:00+00:00,2026-10-07T06:31:11.819952+00:00,2026-10-07T06:31:11.819952+00:00,UTC,2026-10-06T21:00:00+00:00,forecast,0,https://opendap.co-ops.nos.noaa.gov/thredds/dodsC/NOAA/NGOFS2/MODELS/2026/10/06/ngofs2.t21z.20261006.regulargrid.f000.nc,0.0,a35efafd89c8c60821aa7c6740a638843fb330aba7b5d73879f8854f4678c3d5,ngofs2_regulargrid_v1
noaa_ngofs2_mobile_bay_regulargrid,MODEL,ngofs2_grid_865_994,noaa_ngofs2_mobile_bay_model,Mullet Point,3.0,30.42,-87.94,3.6294734668212425,eastward_current,-0.044893112033605576,m/s,surface,0.0,standard_depth_positive_down,model_grid_or_not_applicable,MODEL_WET_GRID_NODE,,2026-10-06T21:00:00+00:00,2026-10-07T06:31:11.819952+00:00,2026-10-07T06:31:11.819952+00:00,UTC,2026-10-06T21:00:00+00:00,forecast,0,https://opendap.co-ops.nos.noaa.gov/thredds/dodsC/NOAA/NGOFS2/MODELS/2026/10/06/ngofs2.t21z.20261006.regulargrid.f000.nc,0.0,a35efafd89c8c60821aa7c6740a638843fb330aba7b5d73879f8854f4678c3d5,ngofs2_regulargrid_v1
noaa_ngofs2_mobile_bay_regulargrid,MODEL,ngofs2_grid_865_994,noaa_ngofs2_mobile_bay_model,Mullet Point,3.0,30.42,-87.94,3.6294734668212425,northward_current,-0.20175155997276306,m/s,surface,0.0,standard_depth_positive_down,model_grid_or_not_applicable,MODEL_WET_GRID_NODE,,2026-10-06T21:00:00+00:00,2026-10-07T06:31:11.819952+00:00,2026-10-07T06:31:11.819952+00:00,UTC,2026-10-06T21:00:00+00:00,forecast,0,https://opendap.co-ops.nos.noaa.gov/thredds/dodsC/NOAA/NGOFS2/MODELS/2026/10/06/ngofs2.t21z.20261006.regulargrid.f000.nc,0.0,a35efafd89c8c60821aa7c6740a638843fb330aba7b5d73879f8854f4678c3d5,ngofs2_regulargrid_v1
noaa_ngofs2_mobile_bay_regulargrid,MODEL,ngofs2_grid_865_994,noaa_ngofs2_mobile_bay_model,Mullet Point,3.0,30.42,-87.94,3.6294734668212425,shoreward_current,-0.04489311203360559,m/s,surface,0.0,standard_depth_positive_down,model_grid_or_not_applicable,MODEL_WET_GRID_NODE,,2026-10-06T21:00:00+00:00,2026-10-07T06:31:11.819952+00:00,2026-10-07T06:31:11.819952+00:00,UTC,2026-10-06T21:00:00+00:00,forecast,0,https://opendap.co-ops.nos.noaa.gov/thredds/dodsC/NOAA/NGOFS2/MODELS/2026/10/06/ngofs2.t21z.20261006.regulargrid.f000.nc,0.0,a35efafd89c8c60821aa7c6740a638843fb330aba7b5d73879f8854f4678c3d5,ngofs2_regulargrid_v1
noaa_ngofs2_mobile_bay_regulargrid,MODEL,ngofs2_grid_865_994,noaa_ngofs2_mobile_bay_model,Mullet Point,3.0,30.42,-87.94,3.6294734668212425,water_temperature,29.229976654052734,degC,surface,0.0,standard_depth_positive_down,model_grid_or_not_applicable,MODEL_WET_GRID_NODE,,2026-10-06T21:00:00+00:00,2026-10-07T06:31:11.819952+00:00,2026-10-07T06:31:11.819952+00:00,UTC,2026-10-06T21:00:00+00:00,forecast,0,https://opendap.co-ops.nos.noaa.gov/thredds/dodsC/NOAA/NGOFS2/MODELS/2026/10/06/ngofs2.t21z.20261006.regulargrid.f000.nc,0.0,a35efafd89c8c60821aa7c6740a638843fb330aba7b5d73879f8854f4678c3d5,ngofs2_regulargrid_v1
noaa_ngofs2_mobile_bay_regulargrid,MODEL,ngofs2_grid_865_994,noaa_ngofs2_mobile_bay_model,Mullet Point,3.0,30.42,-87.94,3.6294734668212425,salinity,19.799352645874023,PSU,surface,0.0,standard_depth_positive_down,model_grid_or_not_applicable,MODEL_WET_GRID_NODE,,2026-10-06T21:00:00+00:00,2026-10-07T06:31:11.819952+00:00,2026-10-07T06:31:11.819952+00:00,UTC,2026-10-06T21:00:00+00:00,forecast,0,https://opendap.co-ops.nos.noaa.gov/thredds/dodsC/NOAA/NGOFS2/MODELS/2026/10/06/ngofs2.t21z.20261006.regulargrid.f000.nc,0.0,a35efafd89c8c60821aa7c6740a638843fb330aba7b5d73879f8854f4678c3d5,ngofs2_regulargrid_v1
noaa_ngofs2_mobile_bay_regulargrid,MODEL,ngofs2_grid_865_994,noaa_ngofs2_mobile_bay_model,Mullet Point,3.0,30.42,-87.94,3.6294734668212425,eastward_current,0.045426324009895325,m/s,bottom,2.0,standard_depth_positive_down,model_grid_or_not_applicable,MODEL_WET_GRID_NODE,,2026-10-06T21:00:00+00:00,2026-10-07T06:31:11.819952+00:00,2026-10-07T06:31:11.819952+00:00,UTC,2026-10-06T21:00:00+00:00,forecast,0,https://opendap.co-ops.nos.noaa.gov/thredds/dodsC/NOAA/NGOFS2/MODELS/2026/10/06/ngofs2.t21z.20261006.regulargrid.f000.nc,0.0,a35efafd89c8c60821aa7c6740a638843fb330aba7b5d73879f8854f4678c3d5,ngofs2_regulargrid_v1
noaa_ngofs2_mobile_bay_regulargrid,MODEL,ngofs2_grid_865_994,noaa_ngofs2_mobile_bay_model,Mullet Point,3.0,30.42,-87.94,3.6294734668212425,northward_current,-0.1053856909275055,m/s,bottom,2.0,standard_depth_positive_down,model_grid_or_not_applicable,MODEL_WET_GRID_NODE,,2026-10-06T21:00:00+00:00,2026-10-07T06:31:11.819952+00:00,2026-10-07T06:31:11.819952+00:00,UTC,2026-10-06T21:00:00+00:00,forecast,0,https://opendap.co-ops.nos.noaa.gov/thredds/dodsC/NOAA/NGOFS2/MODELS/2026/10/06/ngofs2.t21z.20261006.regulargrid.f000.nc,0.0,a35efafd89c8c60821aa7c6740a638843fb330aba7b5d73879f8854f4678c3d5,ngofs2_regulargrid_v1
noaa_ngofs2_mobile_bay_regulargrid,MODEL,ngofs2_grid_865_994,noaa_ngofs2_mobile_bay_model,Mullet Point,3.0,30.42,-87.94,3.6294734668212425,shoreward_current,0.04542632400989532,m/s,bottom,2.0,standard_depth_positive_down,model_grid_or_not_applicable,MODEL_WET_GRID_NODE,,2026-10-06T21:00:00+00:00,2026-10-07T06:31:11.819952+00:00,2026-10-07T06:31:11.819952+00:00,UTC,2026-10-06T21:00:00+00:00,forecast,0,https://opendap.co-ops.nos.noaa.gov/thredds/dodsC/NOAA/NGOFS2/MODELS/2026/10/06/ngofs2.t21z.20261006.regulargrid.f000.nc,0.0,a35efafd89c8c60821aa7c6740a638843fb330aba7b5d73879f8854f4678c3d5,ngofs2_regulargrid_v1
noaa_ngofs2_mobile_bay_regulargrid,MODEL,ngofs2_grid_865_994,noaa_ngofs2_mobile_bay_model,Mullet Point,3.0,30.42,-87.94,3.6294734668212425,water_temperature,29.204896926879883,degC,bottom,2.0,standard_depth_positive_down,model_grid_or_not_applicable,MODEL_WET_GRID_NODE,,2026-10-06T21:00:00+00:00,2026-10-07T06:31:11.819952+00:00,2026-10-07T06:31:11.819952+00:00,UTC,2026-10-06T21:00:00+00:00,forecast,0,https://opendap.co-ops.nos.noaa.gov/thredds/dodsC/NOAA/NGOFS2/MODELS/2026/10/06/ngofs2.t21z.20261006.regulargrid.f000.nc,0.0,a35efafd89c8c60821aa7c6740a638843fb330aba7b5d73879f8854f4678c3d5,ngofs2_regulargrid_v1
noaa_ngofs2_mobile_bay_regulargrid,MODEL,ngofs2_grid_865_994,noaa_ngofs2_mobile_bay_model,Mullet Point,3.0,30.42,-87.94,3.6294734668212425,salinity,21.125194549560547,PSU,bottom,2.0,standard_depth_positive_down,model_grid_or_not_applicable,MODEL_WET_GRID_NODE,,2026-10-06T21:00:00+00:00,2026-10-07T06:31:11.819952+00:00,2026-10-07T06:31:11.819952+00:00,UTC,2026-10-06T21:00:00+00:00,forecast,0,https://opendap.co-ops.nos.noaa.gov/thredds/dodsC/NOAA/NGOFS2/MODELS/2026/10/06/ngofs2.t21z.20261006.regulargrid.f000.nc,0.0,a35efafd89c8c60821aa7c6740a638843fb330aba7b5d73879f8854f4678c3d5,ngofs2_regulargrid_v1
noaa_ngofs2_mobile_bay_regulargrid,MODEL,ngofs2_grid_865_994,noaa_ngofs2_mobile_bay_model,Mullet Point,3.0,30.42,-87.94,3.6294734668212425,water_surface_elevation,0.10577744245529175,m,surface,0.0,surface,model_mean_sea_level,MODEL_WET_GRID_NODE,,2026-10-06T21:00:00+00:00,2026-10-07T06:31:11.819952+00:00,2026-10-07T06:31:11.819952+00:00,UTC,2026-10-06T21:00:00+00:00,forecast,0,https://opendap.co-ops.nos.noaa.gov/thredds/dodsC/NOAA/NGOFS2/MODELS/2026/10/06/ngofs2.t21z.20261006.regulargrid.f000.nc,0.0,a35efafd89c8c60821aa7c6740a638843fb330aba7b5d73879f8854f4678c3d5,ngofs2_regulargrid_v1
noaa_ngofs2_mobile_bay_regulargrid,MODEL,ngofs2_grid_883_996,noaa_ngofs2_mobile_bay_model,Daphne/May Day,0.25,30.6,-87.91999999999999,2.2672366437253064,eastward_current,0.009021074511110783,m/s,surface,0.0,standard_depth_positive_down,model_grid_or_not_applicable,MODEL_WET_GRID_NODE,,2026-10-07T00:00:00+00:00,2026-10-07T06:31:11.819952+00:00,2026-10-07T06:31:11.819952+00:00,UTC,2026-10-06T21:00:00+00:00,forecast,3,https://opendap.co-ops.nos.noaa.gov/thredds/dodsC/NOAA/NGOFS2/MODELS/2026/10/06/ngofs2.t21z.20261006.regulargrid.f003.nc,0.0,a35efafd89c8c60821aa7c6740a638843fb330aba7b5d73879f8854f4678c3d5,ngofs2_regulargrid_v1
noaa_ngofs2_mobile_bay_regulargrid,MODEL,ngofs2_grid_883_996,noaa_ngofs2_mobile_bay_model,Daphne/May Day,0.25,30.6,-87.91999999999999,2.2672366437253064,northward_current,0.006062594708055258,m/s,surface,0.0,standard_depth_positive_down,model_grid_or_not_applicable,MODEL_WET_GRID_NODE,,2026-10-07T00:00:00+00:00,2026-10-07T06:31:11.819952+00:00,2026-10-07T06:31:11.819952+00:00,UTC,2026-10-06T21:00:00+00:00,forecast,3,https://opendap.co-ops.nos.noaa.gov/thredds/dodsC/NOAA/NGOFS2/MODELS/2026/10/06/ngofs2.t21z.20261006.regulargrid.f003.nc,0.0,a35efafd89c8c60821aa7c6740a638843fb330aba7b5d73879f8854f4678c3d5,ngofs2_regulargrid_v1
noaa_ngofs2_mobile_bay_regulargrid,MODEL,ngofs2_grid_883_996,noaa_ngofs2_mobile_bay_model,Daphne/May Day,0.25,30.6,-87.91999999999999,2.2672366437253064,shoreward_current,0.009021074511110783,m/s,surface,0.0,standard_depth_positive_down,model_grid_or_not_applicable,MODEL_WET_GRID_NODE,,2026-10-07T00:00:00+00:00,2026-10-07T06:31:11.819952+00:00,2026-10-07T06:31:11.819952+00:00,UTC,2026-10-06T21:00:00+00:00,forecast,3,https://opendap.co-ops.nos.noaa.gov/thredds/dodsC/NOAA/NGOFS2/MODELS/2026/10/06/ngofs2.t21z.20261006.regulargrid.f003.nc,0.0,a35efafd89c8c60821aa7c6740a638843fb330aba7b5d73879f8854f4678c3d5,ngofs2_regulargrid_v1
noaa_ngofs2_mobile_bay_regulargrid,MODEL,ngofs2_grid_883_996,noaa_ngofs2_mobile_bay_model,Daphne/May Day,0.25,30.6,-87.91999999999999,2.2672366437253064,water_temperature,29.21247673034668,degC,surface,0.0,standard_depth_positive_down,model_grid_or_not_applicable,MODEL_WET_GRID_NODE,,2026-10-07T00:00:00+00:00,2026-10-07T06:31:11.819952+00:00,2026-10-07T06:31:11.819952+00:00,UTC,2026-10-06T21:00:00+00:00,forecast,3,https://opendap.co-ops.nos.noaa.gov/thredds/dodsC/NOAA/NGOFS2/MODELS/2026/10/06/ngofs2.t21z.20261006.regulargrid.f003.nc,0.0,a35efafd89c8c60821aa7c6740a638843fb330aba7b5d73879f8854f4678c3d5,ngofs2_regulargrid_v1
noaa_ngofs2_mobile_bay_regulargrid,MODEL,ngofs2_grid_883_996,noaa_ngofs2_mobile_bay_model,Daphne/May Day,0.25,30.6,-87.91999999999999,2.2672366437253064,salinity,9.715265274047852,PSU,surface,0.0,standard_depth_positive_down,model_grid_or_not_applicable,MODEL_WET_GRID_NODE,,2026-10-07T00:00:00+00:00,2026-10-07T06:31:11.819952+00:00,2026-10-07T06:31:11.819952+00:00,UTC,2026-10-06T21:00:00+00:00,forecast,3,https://opendap.co-ops.nos.noaa.gov/thredds/dodsC/NOAA/NGOFS2/MODELS/2026/10/06/ngofs2.t21z.20261006.regulargrid.f003.nc,0.0,a35efafd89c8c60821aa7c6740a638843fb330aba7b5d73879f8854f4678c3d5,ngofs2_regulargrid_v1
noaa_ngofs2_mobile_bay_regulargrid,MODEL,ngofs2_grid_883_996,noaa_ngofs2_mobile_bay_model,Daphne/May Day,0.25,30.6,-87.91999999999999,2.2672366437253064,eastward_current,0.03155182674527168,m/s,bottom,2.0,standard_depth_positive_down,model_grid_or_not_applicable,MODEL_WET_GRID_NODE,,2026-10-07T00:00:00+00:00,2026-10-07T06:31:11.819952+00:00,2026-10-07T06:31:11.819952+00:00,UTC,2026-10-06T21:00:00+00:00,forecast,3,https://opendap.co-ops.nos.noaa.gov/thredds/dodsC/NOAA/NGOFS2/MODELS/2026/10/06/ngofs2.t21z.20261006.regulargrid.f003.nc,0.0,a35efafd89c8c60821aa7c6740a638843fb330aba7b5d73879f8854f4678c3d5,ngofs2_regulargrid_v1
noaa_ngofs2_mobile_bay_regulargrid,MODEL,ngofs2_grid_883_996,noaa_ngofs2_mobile_bay_model,Daphne/May Day,0.25,30.6,-87.91999999999999,2.2672366437253064,northward_current,0.03871294483542442,m/s,bottom,2.0,standard_depth_positive_down,model_grid_or_not_applicable,MODEL_WET_GRID_NODE,,2026-10-07T00:00:00+00:00,2026-10-07T06:31:11.819952+00:00,2026-10-07T06:31:11.819952+00:00,UTC,2026-10-06T21:00:00+00:00,forecast,3,https://opendap.co-ops.nos.noaa.gov/thredds/dodsC/NOAA/NGOFS2/MODELS/2026/10/06/ngofs2.t21z.20261006.regulargrid.f003.nc,0.0,a35efafd89c8c60821aa7c6740a638843fb330aba7b5d73879f8854f4678c3d5,ngofs2_regulargrid_v1
noaa_ngofs2_mobile_bay_regulargrid,MODEL,ngofs2_grid_883_996,noaa_ngofs2_mobile_bay_model,Daphne/May Day,0.25,30.6,-87.91999999999999,2.2672366437253064,shoreward_current,0.03155182674527168,m/s,bottom,2.0,standard_depth_positive_down,model_grid_or_not_applicable,MODEL_WET_GRID_NODE,,2026-10-07T00:00:00+00:00,2026-10-07T06:31:11.819952+00:00,2026-10-07T06:31:11.819952+00:00,UTC,2026-10-06T21:00:00+00:00,forecast,3,https://opendap.co-ops.nos.noaa.gov/thredds/dodsC/NOAA/NGOFS2/MODELS/2026/10/06/ngofs2.t21z.20261006.regulargrid.f003.nc,0.0,a35efafd89c8c60821aa7c6740a638843fb330aba7b5d73879f8854f4678c3d5,ngofs2_regulargrid_v1
noaa_ngofs2_mobile_bay_regulargrid,MODEL,ngofs2_grid_883_996,noaa_ngofs2_mobile_bay_model,Daphne/May Day,0.25,30.6,-87.91999999999999,2.2672366437253064,water_temperature,29.73457908630371,degC,bottom,2.0,standard_depth_positive_down,model_grid_or_not_applicable,MODEL_WET_GRID_NODE,,2026-10-07T00:00:00+00:00,2026-10-07T06:31:11.819952+00:00,2026-10-07T06:31:11.819952+00:00,UTC,2026-10-06T21:00:00+00:00,forecast,3,https://opendap.co-ops.nos.noaa.gov/thredds/dodsC/NOAA/NGOFS2/MODELS/2026/10/06/ngofs2.t21z.20261006.regulargrid.f003.nc,0.0,a35efafd89c8c60821aa7c6740a638843fb330aba7b5d73879f8854f4678c3d5,ngofs2_regulargrid_v1
noaa_ngofs2_mobile_bay_regulargrid,MODEL,ngofs2_grid_883_996,noaa_ngofs2_mobile_bay_model,Daphne/May Day,0.25,30.6,-87.91999999999999,2.2672366437253064,salinity,10.915787696838379,PSU,bottom,2.0,standard_depth_positive_down,model_grid_or_not_applicable,MODEL_WET_GRID_NODE,,2026-10-07T00:00:00+00:00,2026-10-07T06:31:11.819952+00:00,2026-10-07T06:31:11.819952+00:00,UTC,2026-10-06T21:00:00+00:00,forecast,3,https://opendap.co-ops.nos.noaa.gov/thredds/dodsC/NOAA/NGOFS2/MODELS/2026/10/06/ngofs2.t21z.20261006.regulargrid.f003.nc,0.0,a35efafd89c8c60821aa7c6740a638843fb330aba7b5d73879f8854f4678c3d5,ngofs2_regulargrid_v1
noaa_ngofs2_mobile_bay_regulargrid,MODEL,ngofs2_grid_883_996,noaa_ngofs2_mobile_bay_model,Daphne/May Day,0.25,30.6,-87.91999999999999,2.2672366437253064,water_surface_elevation,0.06486005336046219,m,surface,0.0,surface,model_mean_sea_level,MODEL_WET_GRID_NODE,,2026-10-07T00:00:00+00:00,2026-10-07T06:31:11.819952+00:00,2026-10-07T06:31:11.819952+00:00,UTC,2026-10-06T21:00:00+00:00,forecast,3,https://opendap.co-ops.nos.noaa.gov/thredds/dodsC/NOAA/NGOFS2/MODELS/2026/10/06/ngofs2.t21z.20261006.regulargrid.f003.nc,0.0,a35efafd89c8c60821aa7c6740a638843fb330aba7b5d73879f8854f4678c3d5,ngofs2_regulargrid_v1
noaa_ngofs2_mobile_bay_regulargrid,MODEL,ngofs2_grid_883_995,noaa_ngofs2_mobile_bay_model,Daphne/May Day,0.75,30.6,-87.92999999999999,2.3878223836243047,eastward_current,-0.02070487104356289,m/s,surface,0.0,standard_depth_positive_down,model_grid_or_not_applicable,MODEL_WET_GRID_NODE,,2026-10-07T00:00:00+00:00,2026-10-07T06:31:11.819952+00:00,2026-10-07T06:31:11.819952+00:00,UTC,2026-10-06T21:00:00+00:00,forecast,3,https://opendap.co-ops.nos.noaa.gov/thredds/dodsC/NOAA/NGOFS2/MODELS/2026/10/06/ngofs2.t21z.20261006.regulargrid.f003.nc,0.0,a35efafd89c8c60821aa7c6740a638843fb330aba7b5d73879f8854f4678c3d5,ngofs2_regulargrid_v1
noaa_ngofs2_mobile_bay_regulargrid,MODEL,ngofs2_grid_883_995,noaa_ngofs2_mobile_bay_model,Daphne/May Day,0.75,30.6,-87.92999999999999,2.3878223836243047,northward_current,-0.035239316523075104,m/s,surface,0.0,standard_depth_positive_down,model_grid_or_not_applicable,MODEL_WET_GRID_NODE,,2026-10-07T00:00:00+00:00,2026-10-07T06:31:11.819952+00:00,2026-10-07T06:31:11.819952+00:00,UTC,2026-10-06T21:00:00+00:00,forecast,3,https://opendap.co-ops.nos.noaa.gov/thredds/dodsC/NOAA/NGOFS2/MODELS/2026/10/06/ngofs2.t21z.20261006.regulargrid.f003.nc,0.0,a35efafd89c8c60821aa7c6740a638843fb330aba7b5d73879f8854f4678c3d5,ngofs2_regulargrid_v1
noaa_ngofs2_mobile_bay_regulargrid,MODEL,ngofs2_grid_883_995,noaa_ngofs2_mobile_bay_model,Daphne/May Day,0.75,30.6,-87.92999999999999,2.3878223836243047,shoreward_current,-0.020704871043562893,m/s,surface,0.0,standard_depth_positive_down,model_grid_or_not_applicable,MODEL_WET_GRID_NODE,,2026-10-07T00:00:00+00:00,2026-10-07T06:31:11.819952+00:00,2026-10-07T06:31:11.819952+00:00,UTC,2026-10-06T21:00:00+00:00,forecast,3,https://opendap.co-ops.nos.noaa.gov/thredds/dodsC/NOAA/NGOFS2/MODELS/2026/10/06/ngofs2.t21z.20261006.regulargrid.f003.nc,0.0,a35efafd89c8c60821aa7c6740a638843fb330aba7b5d73879f8854f4678c3d5,ngofs2_regulargrid_v1
noaa_ngofs2_mobile_bay_regulargrid,MODEL,ngofs2_grid_883_995,noaa_ngofs2_mobile_bay_model,Daphne/May Day,0.75,30.6,-87.92999999999999,2.3878223836243047,water_temperature,29.04937744140625,degC,surface,0.0,standard_depth_positive_down,model_grid_or_not_applicable,MODEL_WET_GRID_NODE,,2026-10-07T00:00:00+00:00,2026-10-07T06:31:11.819952+00:00,2026-10-07T06:31:11.819952+00:00,UTC,2026-10-06T21:00:00+00:00,forecast,3,https://opendap.co-ops.nos.noaa.gov/thredds/dodsC/NOAA/NGOFS2/MODELS/2026/10/06/ngofs2.t21z.20261006.regulargrid.f003.nc,0.0,a35efafd89c8c60821aa7c6740a638843fb330aba7b5d73879f8854f4678c3d5,ngofs2_regulargrid_v1
noaa_ngofs2_mobile_bay_regulargrid,MODEL,ngofs2_grid_883_995,noaa_ngofs2_mobile_bay_model,Daphne/May Day,0.75,30.6,-87.92999999999999,2.3878223836243047,salinity,8.647161483764648,PSU,surface,0.0,standard_depth_positive_down,model_grid_or_not_applicable,MODEL_WET_GRID_NODE,,2026-10-07T00:00:00+00:00,2026-10-07T06:31:11.819952+00:00,2026-10-07T06:31:11.819952+00:00,UTC,2026-10-06T21:00:00+00:00,forecast,3,https://opendap.co-ops.nos.noaa.gov/thredds/dodsC/NOAA/NGOFS2/MODELS/2026/10/06/ngofs2.t21z.20261006.regulargrid.f003.nc,0.0,a35efafd89c8c60821aa7c6740a638843fb330aba7b5d73879f8854f4678c3d5,ngofs2_regulargrid_v1
noaa_ngofs2_mobile_bay_regulargrid,MODEL,ngofs2_grid_883_995,noaa_ngofs2_mobile_bay_model,Daphne/May Day,0.75,30.6,-87.92999999999999,2.3878223836243047,eastward_current,0.030660593882203102,m/s,bottom,2.0,standard_depth_positive_down,model_grid_or_not_applicable,MODEL_WET_GRID_NODE,,2026-10-07T00:00:00+00:00,2026-10-07T06:31:11.819952+00:00,2026-10-07T06:31:11.819952+00:00,UTC,2026-10-06T21:00:00+00:00,forecast,3,https://opendap.co-ops.nos.noaa.gov/thredds/dodsC/NOAA/NGOFS2/MODELS/2026/10/06/ngofs2.t21z.20261006.regulargrid.f003.nc,0.0,a35efafd89c8c60821aa7c6740a638843fb330aba7b5d73879f8854f4678c3d5,ngofs2_regulargrid_v1
noaa_ngofs2_mobile_bay_regulargrid,MODEL,ngofs2_grid_883_995,noaa_ngofs2_mobile_bay_model,Daphne/May Day,0.75,30.6,-87.92999999999999,2.3878223836243047,northward_current,0.03813540190458298,m/s,bottom,2.0,standard_depth_positive_down,model_grid_or_not_applicable,MODEL_WET_GRID_NODE,,2026-10-07T00:00:00+00:00,2026-10-07T06:31:11.819952+00:00,2026-10-07T06:31:11.819952+00:00,UTC,2026-10-06T21:00:00+00:00,forecast,3,https://opendap.co-ops.nos.noaa.gov/thredds/dodsC/NOAA/NGOFS2/MODELS/2026/10/06/ngofs2.t21z.20261006.regulargrid.f003.nc,0.0,a35efafd89c8c60821aa7c6740a638843fb330aba7b5d73879f8854f4678c3d5,ngofs2_regulargrid_v1
noaa_ngofs2_mobile_bay_regulargrid,MODEL,ngofs2_grid_883_995,noaa_ngofs2_mobile_bay_model,Daphne/May Day,0.75,30.6,-87.92999999999999,2.3878223836243047,shoreward_current,0.030660593882203106,m/s,bottom,2.0,standard_depth_positive_down,model_grid_or_not_applicable,MODEL_WET_GRID_NODE,,2026-10-07T00:00:00+00:00,2026-10-07T06:31:11.819952+00:00,2026-10-07T06:31:11.819952+00:00,UTC,2026-10-06T21:00:00+00:00,forecast,3,https://opendap.co-ops.nos.noaa.gov/thredds/dodsC/NOAA/NGOFS2/MODELS/2026/10/06/ngofs2.t21z.20261006.regulargrid.f003.nc,0.0,a35efafd89c8c60821aa7c6740a638843fb330aba7b5d73879f8854f4678c3d5,ngofs2_regulargrid_v1
noaa_ngofs2_mobile_bay_regulargrid,MODEL,ngofs2_grid_883_995,noaa_ngofs2_mobile_bay_model,Daphne/May Day,0.75,30.6,-87.92999999999999,2.3878223836243047,water_temperature,29.65493392944336,degC,bottom,2.0,standard_depth_positive_down,model_grid_or_not_applicable,MODEL_WET_GRID_NODE,,2026-10-07T00:00:00+00:00,2026-10-07T06:31:11.819952+00:00,2026-10-07T06:31:11.819952+00:00,UTC,2026-10-06T21:00:00+00:00,forecast,3,https://opendap.co-ops.nos.noaa.gov/thredds/dodsC/NOAA/NGOFS2/MODELS/2026/10/06/ngofs2.t21z.20261006.regulargrid.f003.nc,0.0,a35efafd89c8c60821aa7c6740a638843fb330aba7b5d73879f8854f4678c3d5,ngofs2_regulargrid_v1
noaa_ngofs2_mobile_bay_regulargrid,MODEL,ngofs2_grid_883_995,noaa_ngofs2_mobile_bay_model,Daphne/May Day,0.75,30.6,-87.92999999999999,2.3878223836243047,salinity,10.996268272399902,PSU,bottom,2.0,standard_depth_positive_down,model_grid_or_not_applicable,MODEL_WET_GRID_NODE,,2026-10-07T00:00:00+00:00,2026-10-07T06:31:11.819952+00:00,2026-10-07T06:31:11.819952+00:00,UTC,2026-10-06T21:00:00+00:00,forecast,3,https://opendap.co-ops.nos.noaa.gov/thredds/dodsC/NOAA/NGOFS2/MODELS/2026/10/06/ngofs2.t21z.20261006.regulargrid.f003.nc,0.0,a35efafd89c8c60821aa7c6740a638843fb330aba7b5d73879f8854f4678c3d5,ngofs2_regulargrid_v1
noaa_ngofs2_mobile_bay_regulargrid,MODEL,ngofs2_grid_883_995,noaa_ngofs2_mobile_bay_model,Daphne/May Day,0.75,30.6,-87.92999999999999,2.3878223836243047,water_surface_elevation,0.06641638278961182,m,surface,0.0,surface,model_mean_sea_level,MODEL_WET_GRID_NODE,,2026-10-07T00:00:00+00:00,2026-10-07T06:31:11.819952+00:00,2026-10-07T06:31:11.819952+00:00,UTC,2026-10-06T21:00:00+00:00,forecast,3,https://opendap.co-ops.nos.noaa.gov/thredds/dodsC/NOAA/NGOFS2/MODELS/2026/10/06/ngofs2.t21z.20261006.regulargrid.f003.nc,0.0,a35efafd89c8c60821aa7c6740a638843fb330aba7b5d73879f8854f4678c3d5,ngofs2_regulargrid_v1
noaa_ngofs2_mobile_bay_regulargrid,MODEL,ngofs2_grid_882_995,noaa_ngofs2_mobile_bay_model,Daphne/May Day,1.5,30.59,-87.92999999999999,2.7600579039603113,eastward_current,-0.020245740190148354,m/s,surface,0.0,standard_depth_positive_down,model_grid_or_not_applicable,MODEL_WET_GRID_NODE,,2026-10-07T00:00:00+00:00,2026-10-07T06:31:11.819952+00:00,2026-10-07T06:31:11.819952+00:00,UTC,2026-10-06T21:00:00+00:00,forecast,3,https://opendap.co-ops.nos.noaa.gov/thredds/dodsC/NOAA/NGOFS2/MODELS/2026/10/06/ngofs2.t21z.20261006.regulargrid.f003.nc,0.0,a35efafd89c8c60821aa7c6740a638843fb330aba7b5d73879f8854f4678c3d5,ngofs2_regulargrid_v1
noaa_ngofs2_mobile_bay_regulargrid,MODEL,ngofs2_grid_882_995,noaa_ngofs2_mobile_bay_model,Daphne/May Day,1.5,30.59,-87.92999999999999,2.7600579039603113,northward_current,-0.040585264563560486,m/s,surface,0.0,standard_depth_positive_down,model_grid_or_not_applicable,MODEL_WET_GRID_NODE,,2026-10-07T00:00:00+00:00,2026-10-07T06:31:11.819952+00:00,2026-10-07T06:31:11.819952+00:00,UTC,2026-10-06T21:00:00+00:00,forecast,3,https://opendap.co-ops.nos.noaa.gov/thredds/dodsC/NOAA/NGOFS2/MODELS/2026/10/06/ngofs2.t21z.20261006.regulargrid.f003.nc,0.0,a35efafd89c8c60821aa7c6740a638843fb330aba7b5d73879f8854f4678c3d5,ngofs2_regulargrid_v1
noaa_ngofs2_mobile_bay_regulargrid,MODEL,ngofs2_grid_882_995,noaa_ngofs2_mobile_bay_model,Daphne/May Day,1.5,30.59,-87.92999999999999,2.7600579039603113,shoreward_current,-0.020245740190148357,m/s,surface,0.0,standard_depth_positive_down,model_grid_or_not_applicable,MODEL_WET_GRID_NODE,,2026-10-07T00:00:00+00:00,2026-10-07T06:31:11.819952+00:00,2026-10-07T06:31:11.819952+00:00,UTC,2026-10-06T21:00:00+00:00,forecast,3,https://opendap.co-ops.nos.noaa.gov/thredds/dodsC/NOAA/NGOFS2/MODELS/2026/10/06/ngofs2.t21z.20261006.regulargrid.f003.nc,0.0,a35efafd89c8c60821aa7c6740a638843fb330aba7b5d73879f8854f4678c3d5,ngofs2_regulargrid_v1
noaa_ngofs2_mobile_bay_regulargrid,MODEL,ngofs2_grid_882_995,noaa_ngofs2_mobile_bay_model,Daphne/May Day,1.5,30.59,-87.92999999999999,2.7600579039603113,water_temperature,29.135391235351562,degC,surface,0.0,standard_depth_positive_down,model_grid_or_not_applicable,MODEL_WET_GRID_NODE,,2026-10-07T00:00:00+00:00,2026-10-07T06:31:11.819952+00:00,2026-10-07T06:31:11.819952+00:00,UTC,2026-10-06T21:00:00+00:00,forecast,3,https://opendap.co-ops.nos.noaa.gov/thredds/dodsC/NOAA/NGOFS2/MODELS/2026/10/06/ngofs2.t21z.20261006.regulargrid.f003.nc,0.0,a35efafd89c8c60821aa7c6740a638843fb330aba7b5d73879f8854f4678c3d5,ngofs2_regulargrid_v1
noaa_ngofs2_mobile_bay_regulargrid,MODEL,ngofs2_grid_882_995,noaa_ngofs2_mobile_bay_model,Daphne/May Day,1.5,30.59,-87.92999999999999,2.7600579039603113,salinity,9.471186637878418,PSU,surface,0.0,standard_depth_positive_down,model_grid_or_not_applicable,MODEL_WET_GRID_NODE,,2026-10-07T00:00:00+00:00,2026-10-07T06:31:11.819952+00:00,2026-10-07T06:31:11.819952+00:00,UTC,2026-10-06T21:00:00+00:00,forecast,3,https://opendap.co-ops.nos.noaa.gov/thredds/dodsC/NOAA/NGOFS2/MODELS/2026/10/06/ngofs2.t21z.20261006.regulargrid.f003.nc,0.0,a35efafd89c8c60821aa7c6740a638843fb330aba7b5d73879f8854f4678c3d5,ngofs2_regulargrid_v1
noaa_ngofs2_mobile_bay_regulargrid,MODEL,ngofs2_grid_882_995,noaa_ngofs2_mobile_bay_model,Daphne/May Day,1.5,30.59,-87.92999999999999,2.7600579039603113,eastward_current,0.06427087634801865,m/s,bottom,2.0,standard_depth_positive_down,model_grid_or_not_applicable,MODEL_WET_GRID_NODE,,2026-10-07T00:00:00+00:00,2026-10-07T06:31:11.819952+00:00,2026-10-07T06:31:11.819952+00:00,UTC,2026-10-06T21:00:00+00:00,forecast,3,https://opendap.co-ops.nos.noaa.gov/thredds/dodsC/NOAA/NGOFS2/MODELS/2026/10/06/ngofs2.t21z.20261006.regulargrid.f003.nc,0.0,a35efafd89c8c60821aa7c6740a638843fb330aba7b5d73879f8854f4678c3d5,ngofs2_regulargrid_v1
noaa_ngofs2_mobile_bay_regulargrid,MODEL,ngofs2_grid_882_995,noaa_ngofs2_mobile_bay_model,Daphne/May Day,1.5,30.59,-87.92999999999999,2.7600579039603113,northward_current,0.05038248747587204,m/s,bottom,2.0,standard_depth_positive_down,model_grid_or_not_applicable,MODEL_WET_GRID_NODE,,2026-10-07T00:00:00+00:00,2026-10-07T06:31:11.819952+00:00,2026-10-07T06:31:11.819952+00:00,UTC,2026-10-06T21:00:00+00:00,forecast,3,https://opendap.co-ops.nos.noaa.gov/thredds/dodsC/NOAA/NGOFS2/MODELS/2026/10/06/ngofs2.t21z.20261006.regulargrid.f003.nc,0.0,a35efafd89c8c60821aa7c6740a638843fb330aba7b5d73879f8854f4678c3d5,ngofs2_regulargrid_v1
noaa_ngofs2_mobile_bay_regulargrid,MODEL,ngofs2_grid_882_995,noaa_ngofs2_mobile_bay_model,Daphne/May Day,1.5,30.59,-87.92999999999999,2.7600579039603113,shoreward_current,0.06427087634801865,m/s,bottom,2.0,standard_depth_positive_down,model_grid_or_not_applicable,MODEL_WET_GRID_NODE,,2026-10-07T00:00:00+00:00,2026-10-07T06:31:11.819952+00:00,2026-10-07T06:31:11.819952+00:00,UTC,2026-10-06T21:00:00+00:00,forecast,3,https://opendap.co-ops.nos.noaa.gov/thredds/dodsC/NOAA/NGOFS2/MODELS/2026/10/06/ngofs2.t21z.20261006.regulargrid.f003.nc,0.0,a35efafd89c8c60821aa7c6740a638843fb330aba7b5d73879f8854f4678c3d5,ngofs2_regulargrid_v1
noaa_ngofs2_mobile_bay_regulargrid,MODEL,ngofs2_grid_882_995,noaa_ngofs2_mobile_bay_model,Daphne/May Day,1.5,30.59,-87.92999999999999,2.7600579039603113,water_temperature,29.653818130493164,degC,bottom,2.0,standard_depth_positive_down,model_grid_or_not_applicable,MODEL_WET_GRID_NODE,,2026-10-07T00:00:00+00:00,2026-10-07T06:31:11.819952+00:00,2026-10-07T06:31:11.819952+00:00,UTC,2026-10-06T21:00:00+00:00,forecast,3,https://opendap.co-ops.nos.noaa.gov/thredds/dodsC/NOAA/NGOFS2/MODELS/2026/10/06/ngofs2.t21z.20261006.regulargrid.f003.nc,0.0,a35efafd89c8c60821aa7c6740a638843fb330aba7b5d73879f8854f4678c3d5,ngofs2_regulargrid_v1
noaa_ngofs2_mobile_bay_regulargrid,MODEL,ngofs2_grid_882_995,noaa_ngofs2_mobile_bay_model,Daphne/May Day,1.5,30.59,-87.92999999999999,2.7600579039603113,salinity,12.132904052734375,PSU,bottom,2.0,standard_depth_positive_down,model_grid_or_not_applicable,MODEL_WET_GRID_NODE,,2026-10-07T00:00:00+00:00,2026-10-07T06:31:11.819952+00:00,2026-10-07T06:31:11.819952+00:00,UTC,2026-10-06T21:00:00+00:00,forecast,3,https://opendap.co-ops.nos.noaa.gov/thredds/dodsC/NOAA/NGOFS2/MODELS/2026/10/06/ngofs2.t21z.20261006.regulargrid.f003.nc,0.0,a35efafd89c8c60821aa7c6740a638843fb330aba7b5d73879f8854f4678c3d5,ngofs2_regulargrid_v1
noaa_ngofs2_mobile_bay_regulargrid,MODEL,ngofs2_grid_882_995,noaa_ngofs2_mobile_bay_model,Daphne/May Day,1.5,30.59,-87.92999999999999,2.7600579039603113,water_surface_elevation,0.06712492555379868,m,surface,0.0,surface,model_mean_sea_level,MODEL_WET_GRID_NODE,,2026-10-07T00:00:00+00:00,2026-10-07T06:31:11.819952+00:00,2026-10-07T06:31:11.819952+00:00,UTC,2026-10-06T21:00:00+00:00,forecast,3,https://opendap.co-ops.nos.noaa.gov/thredds/dodsC/NOAA/NGOFS2/MODELS/2026/10/06/ngofs2.t21z.20261006.regulargrid.f003.nc,0.0,a35efafd89c8c60821aa7c6740a638843fb330aba7b5d73879f8854f4678c3d5,ngofs2_regulargrid_v1
noaa_ngofs2_mobile_bay_regulargrid,MODEL,ngofs2_grid_883_994,noaa_ngofs2_mobile_bay_model,Daphne/May Day,3.0,30.6,-87.94,2.3371018155435084,eastward_current,-0.04259473830461502,m/s,surface,0.0,standard_depth_positive_down,model_grid_or_not_applicable,MODEL_WET_GRID_NODE,,2026-10-07T00:00:00+00:00,2026-10-07T06:31:11.819952+00:00,2026-10-07T06:31:11.819952+00:00,UTC,2026-10-06T21:00:00+00:00,forecast,3,https://opendap.co-ops.nos.noaa.gov/thredds/dodsC/NOAA/NGOFS2/MODELS/2026/10/06/ngofs2.t21z.20261006.regulargrid.f003.nc,0.0,a35efafd89c8c60821aa7c6740a638843fb330aba7b5d73879f8854f4678c3d5,ngofs2_regulargrid_v1
noaa_ngofs2_mobile_bay_regulargrid,MODEL,ngofs2_grid_883_994,noaa_ngofs2_mobile_bay_model,Daphne/May Day,3.0,30.6,-87.94,2.3371018155435084,northward_current,-0.08031419664621353,m/s,surface,0.0,standard_depth_positive_down,model_grid_or_not_applicable,MODEL_WET_GRID_NODE,,2026-10-07T00:00:00+00:00,2026-10-07T06:31:11.819952+00:00,2026-10-07T06:31:11.819952+00:00,UTC,2026-10-06T21:00:00+00:00,forecast,3,https://opendap.co-ops.nos.noaa.gov/thredds/dodsC/NOAA/NGOFS2/MODELS/2026/10/06/ngofs2.t21z.20261006.regulargrid.f003.nc,0.0,a35efafd89c8c60821aa7c6740a638843fb330aba7b5d73879f8854f4678c3d5,ngofs2_regulargrid_v1
noaa_ngofs2_mobile_bay_regulargrid,MODEL,ngofs2_grid_883_994,noaa_ngofs2_mobile_bay_model,Daphne/May Day,3.0,30.6,-87.94,2.3371018155435084,shoreward_current,-0.04259473830461503,m/s,surface,0.0,standard_depth_positive_down,model_grid_or_not_applicable,MODEL_WET_GRID_NODE,,2026-10-07T00:00:00+00:00,2026-10-07T06:31:11.819952+00:00,2026-10-07T06:31:11.819952+00:00,UTC,2026-10-06T21:00:00+00:00,forecast,3,https://opendap.co-ops.nos.noaa.gov/thredds/dodsC/NOAA/NGOFS2/MODELS/2026/10/06/ngofs2.t21z.20261006.regulargrid.f003.nc,0.0,a35efafd89c8c60821aa7c6740a638843fb330aba7b5d73879f8854f4678c3d5,ngofs2_regulargrid_v1
noaa_ngofs2_mobile_bay_regulargrid,MODEL,ngofs2_grid_883_994,noaa_ngofs2_mobile_bay_model,Daphne/May Day,3.0,30.6,-87.94,2.3371018155435084,water_temperature,29.02823257446289,degC,surface,0.0,standard_depth_positive_down,model_grid_or_not_applicable,MODEL_WET_GRID_NODE,,2026-10-07T00:00:00+00:00,2026-10-07T06:31:11.819952+00:00,2026-10-07T06:31:11.819952+00:00,UTC,2026-10-06T21:00:00+00:00,forecast,3,https://opendap.co-ops.nos.noaa.gov/thredds/dodsC/NOAA/NGOFS2/MODELS/2026/10/06/ngofs2.t21z.20261006.regulargrid.f003.nc,0.0,a35efafd89c8c60821aa7c6740a638843fb330aba7b5d73879f8854f4678c3d5,ngofs2_regulargrid_v1
noaa_ngofs2_mobile_bay_regulargrid,MODEL,ngofs2_grid_883_994,noaa_ngofs2_mobile_bay_model,Daphne/May Day,3.0,30.6,-87.94,2.3371018155435084,salinity,8.532890319824219,PSU,surface,0.0,standard_depth_positive_down,model_grid_or_not_applicable,MODEL_WET_GRID_NODE,,2026-10-07T00:00:00+00:00,2026-10-07T06:31:11.819952+00:00,2026-10-07T06:31:11.819952+00:00,UTC,2026-10-06T21:00:00+00:00,forecast,3,https://opendap.co-ops.nos.noaa.gov/thredds/dodsC/NOAA/NGOFS2/MODELS/2026/10/06/ngofs2.t21z.20261006.regulargrid.f003.nc,0.0,a35efafd89c8c60821aa7c6740a638843fb330aba7b5d73879f8854f4678c3d5,ngofs2_regulargrid_v1
noaa_ngofs2_mobile_bay_regulargrid,MODEL,ngofs2_grid_883_994,noaa_ngofs2_mobile_bay_model,Daphne/May Day,3.0,30.6,-87.94,2.3371018155435084,eastward_current,0.0558030903339386,m/s,bottom,2.0,standard_depth_positive_down,model_grid_or_not_applicable,MODEL_WET_GRID_NODE,,2026-10-07T00:00:00+00:00,2026-10-07T06:31:11.819952+00:00,2026-10-07T06:31:11.819952+00:00,UTC,2026-10-06T21:00:00+00:00,forecast,3,https://opendap.co-ops.nos.noaa.gov/thredds/dodsC/NOAA/NGOFS2/MODELS/2026/10/06/ngofs2.t21z.20261006.regulargrid.f003.nc,0.0,a35efafd89c8c60821aa7c6740a638843fb330aba7b5d73879f8854f4678c3d5,ngofs2_regulargrid_v1
noaa_ngofs2_mobile_bay_regulargrid,MODEL,ngofs2_grid_883_994,noaa_ngofs2_mobile_bay_model,Daphne/May Day,3.0,30.6,-87.94,2.3371018155435084,northward_current,0.010615270584821701,m/s,bottom,2.0,standard_depth_positive_down,model_grid_or_not_applicable,MODEL_WET_GRID_NODE,,2026-10-07T00:00:00+00:00,2026-10-07T06:31:11.819952+00:00,2026-10-07T06:31:11.819952+00:00,UTC,2026-10-06T21:00:00+00:00,forecast,3,https://opendap.co-ops.nos.noaa.gov/thredds/dodsC/NOAA/NGOFS2/MODELS/2026/10/06/ngofs2.t21z.20261006.regulargrid.f003.nc,0.0,a35efafd89c8c60821aa7c6740a638843fb330aba7b5d73879f8854f4678c3d5,ngofs2_regulargrid_v1
noaa_ngofs2_mobile_bay_regulargrid,MODEL,ngofs2_grid_883_994,noaa_ngofs2_mobile_bay_model,Daphne/May Day,3.0,30.6,-87.94,2.3371018155435084,shoreward_current,0.0558030903339386,m/s,bottom,2.0,standard_depth_positive_down,model_grid_or_not_applicable,MODEL_WET_GRID_NODE,,2026-10-07T00:00:00+00:00,2026-10-07T06:31:11.819952+00:00,2026-10-07T06:31:11.819952+00:00,UTC,2026-10-06T21:00:00+00:00,forecast,3,https://opendap.co-ops.nos.noaa.gov/thredds/dodsC/NOAA/NGOFS2/MODELS/2026/10/06/ngofs2.t21z.20261006.regulargrid.f003.nc,0.0,a35efafd89c8c60821aa7c6740a638843fb330aba7b5d73879f8854f4678c3d5,ngofs2_regulargrid_v1
noaa_ngofs2_mobile_bay_regulargrid,MODEL,ngofs2_grid_883_994,noaa_ngofs2_mobile_bay_model,Daphne/May Day,3.0,30.6,-87.94,2.3371018155435084,water_temperature,29.57950782775879,degC,bottom,2.0,standard_depth_positive_down,model_grid_or_not_applicable,MODEL_WET_GRID_NODE,,2026-10-07T00:00:00+00:00,2026-10-07T06:31:11.819952+00:00,2026-10-07T06:31:11.819952+00:00,UTC,2026-10-06T21:00:00+00:00,forecast,3,https://opendap.co-ops.nos.noaa.gov/thredds/dodsC/NOAA/NGOFS2/MODELS/2026/10/06/ngofs2.t21z.20261006.regulargrid.f003.nc,0.0,a35efafd89c8c60821aa7c6740a638843fb330aba7b5d73879f8854f4678c3d5,ngofs2_regulargrid_v1
noaa_ngofs2_mobile_bay_regulargrid,MODEL,ngofs2_grid_883_994,noaa_ngofs2_mobile_bay_model,Daphne/May Day,3.0,30.6,-87.94,2.3371018155435084,salinity,11.370688438415527,PSU,bottom,2.0,standard_depth_positive_down,model_grid_or_not_applicable,MODEL_WET_GRID_NODE,,2026-10-07T00:00:00+00:00,2026-10-07T06:31:11.819952+00:00,2026-10-07T06:31:11.819952+00:00,UTC,2026-10-06T21:00:00+00:00,forecast,3,https://opendap.co-ops.nos.noaa.gov/thredds/dodsC/NOAA/NGOFS2/MODELS/2026/10/06/ngofs2.t21z.20261006.regulargrid.f003.nc,0.0,a35efafd89c8c60821aa7c6740a638843fb330aba7b5d73879f8854f4678c3d5,ngofs2_regulargrid_v1
noaa_ngofs2_mobile_bay_regulargrid,MODEL,ngofs2_grid_883_994,noaa_ngofs2_mobile_bay_model,Daphne/May Day,3.0,30.6,-87.94,2.3371018155435084,water_surface_elevation,0.06723258644342422,m,surface,0.0,surface,model_mean_sea_level,MODEL_WET_GRID_NODE,,2026-10-07T00:00:00+00:00,2026-10-07T06:31:11.819952+00:00,2026-10-07T06:31:11.819952+00:00,UTC,2026-10-06T21:00:00+00:00,forecast,3,https://opendap.co-ops.nos.noaa.gov/thredds/dodsC/NOAA/NGOFS2/MODELS/2026/10/06/ngofs2.t21z.20261006.regulargrid.f003.nc,0.0,a35efafd89c8c60821aa7c6740a638843fb330aba7b5d73879f8854f4678c3d5,ngofs2_regulargrid_v1
noaa_ngofs2_mobile_bay_regulargrid,MODEL,ngofs2_grid_880_997,noaa_ngofs2_mobile_bay_model,Montrose,0.25,30.57,-87.91,1.790073012681098,eastward_current,-0.006610693410038948,m/s,surface,0.0,standard_depth_positive_down,model_grid_or_not_applicable,MODEL_WET_GRID_NODE,,2026-10-07T00:00:00+00:00,2026-10-07T06:31:11.819952+00:00,2026-10-07T06:31:11.819952+00:00,UTC,2026-10-06T21:00:00+00:00,forecast,3,https://opendap.co-ops.nos.noaa.gov/thredds/dodsC/NOAA/NGOFS2/MODELS/2026/10/06/ngofs2.t21z.20261006.regulargrid.f003.nc,0.0,a35efafd89c8c60821aa7c6740a638843fb330aba7b5d73879f8854f4678c3d5,ngofs2_regulargrid_v1
noaa_ngofs2_mobile_bay_regulargrid,MODEL,ngofs2_grid_880_997,noaa_ngofs2_mobile_bay_model,Montrose,0.25,30.57,-87.91,1.790073012681098,northward_current,-0.039788056164979935,m/s,surface,0.0,standard_depth_positive_down,model_grid_or_not_applicable,MODEL_WET_GRID_NODE,,2026-10-07T00:00:00+00:00,2026-10-07T06:31:11.819952+00:00,2026-10-07T06:31:11.819952+00:00,UTC,2026-10-06T21:00:00+00:00,forecast,3,https://opendap.co-ops.nos.noaa.gov/thredds/dodsC/NOAA/NGOFS2/MODELS/2026/10/06/ngofs2.t21z.20261006.regulargrid.f003.nc,0.0,a35efafd89c8c60821aa7c6740a638843fb330aba7b5d73879f8854f4678c3d5,ngofs2_regulargrid_v1
noaa_ngofs2_mobile_bay_regulargrid,MODEL,ngofs2_grid_880_997,noaa_ngofs2_mobile_bay_model,Montrose,0.25,30.57,-87.91,1.790073012681098,shoreward_current,-0.006610693410038951,m/s,surface,0.0,standard_depth_positive_down,model_grid_or_not_applicable,MODEL_WET_GRID_NODE,,2026-10-07T00:00:00+00:00,2026-10-07T06:31:11.819952+00:00,2026-10-07T06:31:11.819952+00:00,UTC,2026-10-06T21:00:00+00:00,forecast,3,https://opendap.co-ops.nos.noaa.gov/thredds/dodsC/NOAA/NGOFS2/MODELS/2026/10/06/ngofs2.t21z.20261006.regulargrid.f003.nc,0.0,a35efafd89c8c60821aa7c6740a638843fb330aba7b5d73879f8854f4678c3d5,ngofs2_regulargrid_v1
noaa_ngofs2_mobile_bay_regulargrid,MODEL,ngofs2_grid_880_997,noaa_ngofs2_mobile_bay_model,Montrose,0.25,30.57,-87.91,1.790073012681098,water_temperature,29.42090606689453,degC,surface,0.0,standard_depth_positive_down,model_grid_or_not_applicable,MODEL_WET_GRID_NODE,,2026-10-07T00:00:00+00:00,2026-10-07T06:31:11.819952+00:00,2026-10-07T06:31:11.819952+00:00,UTC,2026-10-06T21:00:00+00:00,forecast,3,https://opendap.co-ops.nos.noaa.gov/thredds/dodsC/NOAA/NGOFS2/MODELS/2026/10/06/ngofs2.t21z.20261006.regulargrid.f003.nc,0.0,a35efafd89c8c60821aa7c6740a638843fb330aba7b5d73879f8854f4678c3d5,ngofs2_regulargrid_v1
noaa_ngofs2_mobile_bay_regulargrid,MODEL,ngofs2_grid_880_997,noaa_ngofs2_mobile_bay_model,Montrose,0.25,30.57,-87.91,1.790073012681098,salinity,12.131987571716309,PSU,surface,0.0,standard_depth_positive_down,model_grid_or_not_applicable,MODEL_WET_GRID_NODE,,2026-10-07T00:00:00+00:00,2026-10-07T06:31:11.819952+00:00,2026-10-07T06:31:11.819952+00:00,UTC,2026-10-06T21:00:00+00:00,forecast,3,https://opendap.co-ops.nos.noaa.gov/thredds/dodsC/NOAA/NGOFS2/MODELS/2026/10/06/ngofs2.t21z.20261006.regulargrid.f003.nc,0.0,a35efafd89c8c60821aa7c6740a638843fb330aba7b5d73879f8854f4678c3d5,ngofs2_regulargrid_v1
noaa_ngofs2_mobile_bay_regulargrid,MODEL,ngofs2_grid_880_997,noaa_ngofs2_mobile_bay_model,Montrose,0.25,30.57,-87.91,1.790073012681098,eastward_current,0.024065492674708366,m/s,bottom,1.0,standard_depth_positive_down,model_grid_or_not_applicable,MODEL_WET_GRID_NODE,,2026-10-07T00:00:00+00:00,2026-10-07T06:31:11.819952+00:00,2026-10-07T06:31:11.819952+00:00,UTC,2026-10-06T21:00:00+00:00,forecast,3,https://opendap.co-ops.nos.noaa.gov/thredds/dodsC/NOAA/NGOFS2/MODELS/2026/10/06/ngofs2.t21z.20261006.regulargrid.f003.nc,0.0,a35efafd89c8c60821aa7c6740a638843fb330aba7b5d73879f8854f4678c3d5,ngofs2_regulargrid_v1
noaa_ngofs2_mobile_bay_regulargrid,MODEL,ngofs2_grid_880_997,noaa_ngofs2_mobile_bay_model,Montrose,0.25,30.57,-87.91,1.790073012681098,northward_current,-0.003438993589952588,m/s,bottom,1.0,standard_depth_positive_down,model_grid_or_not_applicable,MODEL_WET_GRID_NODE,,2026-10-07T00:00:00+00:00,2026-10-07T06:31:11.819952+00:00,2026-10-07T06:31:11.819952+00:00,UTC,2026-10-06T21:00:00+00:00,forecast,3,https://opendap.co-ops.nos.noaa.gov/thredds/dodsC/NOAA/NGOFS2/MODELS/2026/10/06/ngofs2.t21z.20261006.regulargrid.f003.nc,0.0,a35efafd89c8c60821aa7c6740a638843fb330aba7b5d73879f8854f4678c3d5,ngofs2_regulargrid_v1
noaa_ngofs2_mobile_bay_regulargrid,MODEL,ngofs2_grid_880_997,noaa_ngofs2_mobile_bay_model,Montrose,0.25,30.57,-87.91,1.790073012681098,shoreward_current,0.024065492674708366,m/s,bottom,1.0,standard_depth_positive_down,model_grid_or_not_applicable,MODEL_WET_GRID_NODE,,2026-10-07T00:00:00+00:00,2026-10-07T06:31:11.819952+00:00,2026-10-07T06:31:11.819952+00:00,UTC,2026-10-06T21:00:00+00:00,forecast,3,https://opendap.co-ops.nos.noaa.gov/thredds/dodsC/NOAA/NGOFS2/MODELS/2026/10/06/ngofs2.t21z.20261006.regulargrid.f003.nc,0.0,a35efafd89c8c60821aa7c6740a638843fb330aba7b5d73879f8854f4678c3d5,ngofs2_regulargrid_v1
noaa_ngofs2_mobile_bay_regulargrid,MODEL,ngofs2_grid_880_997,noaa_ngofs2_mobile_bay_model,Montrose,0.25,30.57,-87.91,1.790073012681098,water_temperature,29.863908767700195,degC,bottom,1.0,standard_depth_positive_down,model_grid_or_not_applicable,MODEL_WET_GRID_NODE,,2026-10-07T00:00:00+00:00,2026-10-07T06:31:11.819952+00:00,2026-10-07T06:31:11.819952+00:00,UTC,2026-10-06T21:00:00+00:00,forecast,3,https://opendap.co-ops.nos.noaa.gov/thredds/dodsC/NOAA/NGOFS2/MODELS/2026/10/06/ngofs2.t21z.20261006.regulargrid.f003.nc,0.0,a35efafd89c8c60821aa7c6740a638843fb330aba7b5d73879f8854f4678c3d5,ngofs2_regulargrid_v1
noaa_ngofs2_mobile_bay_regulargrid,MODEL,ngofs2_grid_880_997,noaa_ngofs2_mobile_bay_model,Montrose,0.25,30.57,-87.91,1.790073012681098,salinity,12.771210670471191,PSU,bottom,1.0,standard_depth_positive_down,model_grid_or_not_applicable,MODEL_WET_GRID_NODE,,2026-10-07T00:00:00+00:00,2026-10-07T06:31:11.819952+00:00,2026-10-07T06:31:11.819952+00:00,UTC,2026-10-06T21:00:00+00:00,forecast,3,https://opendap.co-ops.nos.noaa.gov/thredds/dodsC/NOAA/NGOFS2/MODELS/2026/10/06/ngofs2.t21z.20261006.regulargrid.f003.nc,0.0,a35efafd89c8c60821aa7c6740a638843fb330aba7b5d73879f8854f4678c3d5,ngofs2_regulargrid_v1
noaa_ngofs2_mobile_bay_regulargrid,MODEL,ngofs2_grid_880_997,noaa_ngofs2_mobile_bay_model,Montrose,0.25,30.57,-87.91,1.790073012681098,water_surface_elevation,0.06623080372810364,m,surface,0.0,surface,model_mean_sea_level,MODEL_WET_GRID_NODE,,2026-10-07T00:00:00+00:00,2026-10-07T06:31:11.819952+00:00,2026-10-07T06:31:11.819952+00:00,UTC,2026-10-06T21:00:00+00:00,forecast,3,https://opendap.co-ops.nos.noaa.gov/thredds/dodsC/NOAA/NGOFS2/MODELS/2026/10/06/ngofs2.t21z.20261006.regulargrid.f003.nc,0.0,a35efafd89c8c60821aa7c6740a638843fb330aba7b5d73879f8854f4678c3d5,ngofs2_regulargrid_v1
noaa_ngofs2_mobile_bay_regulargrid,MODEL,ngofs2_grid_879_997,noaa_ngofs2_mobile_bay_model,Montrose,0.75,30.560000000000002,-87.91,2.558887792657144,eastward_current,-0.026558058336377144,m/s,surface,0.0,standard_depth_positive_down,model_grid_or_not_applicable,MODEL_WET_GRID_NODE,,2026-10-07T00:00:00+00:00,2026-10-07T06:31:11.819952+00:00,2026-10-07T06:31:11.819952+00:00,UTC,2026-10-06T21:00:00+00:00,forecast,3,https://opendap.co-ops.nos.noaa.gov/thredds/dodsC/NOAA/NGOFS2/MODELS/2026/10/06/ngofs2.t21z.20261006.regulargrid.f003.nc,0.0,a35efafd89c8c60821aa7c6740a638843fb330aba7b5d73879f8854f4678c3d5,ngofs2_regulargrid_v1
noaa_ngofs2_mobile_bay_regulargrid,MODEL,ngofs2_grid_879_997,noaa_ngofs2_mobile_bay_model,Montrose,0.75,30.560000000000002,-87.91,2.558887792657144,northward_current,-0.05402476340532303,m/s,surface,0.0,standard_depth_positive_down,model_grid_or_not_applicable,MODEL_WET_GRID_NODE,,2026-10-07T00:00:00+00:00,2026-10-07T06:31:11.819952+00:00,2026-10-07T06:31:11.819952+00:00,UTC,2026-10-06T21:00:00+00:00,forecast,3,https://opendap.co-ops.nos.noaa.gov/thredds/dodsC/NOAA/NGOFS2/MODELS/2026/10/06/ngofs2.t21z.20261006.regulargrid.f003.nc,0.0,a35efafd89c8c60821aa7c6740a638843fb330aba7b5d73879f8854f4678c3d5,ngofs2_regulargrid_v1
noaa_ngofs2_mobile_bay_regulargrid,MODEL,ngofs2_grid_879_997,noaa_ngofs2_mobile_bay_model,Montrose,0.75,30.560000000000002,-87.91,2.558887792657144,shoreward_current,-0.026558058336377147,m/s,surface,0.0,standard_depth_positive_down,model_grid_or_not_applicable,MODEL_WET_GRID_NODE,,2026-10-07T00:00:00+00:00,2026-10-07T06:31:11.819952+00:00,2026-10-07T06:31:11.819952+00:00,UTC,2026-10-06T21:00:00+00:00,forecast,3,https://opendap.co-ops.nos.noaa.gov/thredds/dodsC/NOAA/NGOFS2/MODELS/2026/10/06/ngofs2.t21z.20261006.regulargrid.f003.nc,0.0,a35efafd89c8c60821aa7c6740a638843fb330aba7b5d73879f8854f4678c3d5,ngofs2_regulargrid_v1
noaa_ngofs2_mobile_bay_regulargrid,MODEL,ngofs2_grid_879_997,noaa_ngofs2_mobile_bay_model,Montrose,0.75,30.560000000000002,-87.91,2.558887792657144,water_temperature,29.471996307373047,degC,surface,0.0,standard_depth_positive_down,model_grid_or_not_applicable,MODEL_WET_GRID_NODE,,2026-10-07T00:00:00+00:00,2026-10-07T06:31:11.819952+00:00,2026-10-07T06:31:11.819952+00:00,UTC,2026-10-06T21:00:00+00:00,forecast,3,https://opendap.co-ops.nos.noaa.gov/thredds/dodsC/NOAA/NGOFS2/MODELS/2026/10/06/ngofs2.t21z.20261006.regulargrid.f003.nc,0.0,a35efafd89c8c60821aa7c6740a638843fb330aba7b5d73879f8854f4678c3d5,ngofs2_regulargrid_v1
noaa_ngofs2_mobile_bay_regulargrid,MODEL,ngofs2_grid_879_997,noaa_ngofs2_mobile_bay_model,Montrose,0.75,30.560000000000002,-87.91,2.558887792657144,salinity,12.607218742370605,PSU,surface,0.0,standard_depth_positive_down,model_grid_or_not_applicable,MODEL_WET_GRID_NODE,,2026-10-07T00:00:00+00:00,2026-10-07T06:31:11.819952+00:00,2026-10-07T06:31:11.819952+00:00,UTC,2026-10-06T21:00:00+00:00,forecast,3,https://opendap.co-ops.nos.noaa.gov/thredds/dodsC/NOAA/NGOFS2/MODELS/2026/10/06/ngofs2.t21z.20261006.regulargrid.f003.nc,0.0,a35efafd89c8c60821aa7c6740a638843fb330aba7b5d73879f8854f4678c3d5,ngofs2_regulargrid_v1
noaa_ngofs2_mobile_bay_regulargrid,MODEL,ngofs2_grid_879_997,noaa_ngofs2_mobile_bay_model,Montrose,0.75,30.560000000000002,-87.91,2.558887792657144,eastward_current,0.04847216233611107,m/s,bottom,2.0,standard_depth_positive_down,model_grid_or_not_applicable,MODEL_WET_GRID_NODE,,2026-10-07T00:00:00+00:00,2026-10-07T06:31:11.819952+00:00,2026-10-07T06:31:11.819952+00:00,UTC,2026-10-06T21:00:00+00:00,forecast,3,https://opendap.co-ops.nos.noaa.gov/thredds/dodsC/NOAA/NGOFS2/MODELS/2026/10/06/ngofs2.t21z.20261006.regulargrid.f003.nc,0.0,a35efafd89c8c60821aa7c6740a638843fb330aba7b5d73879f8854f4678c3d5,ngofs2_regulargrid_v1
noaa_ngofs2_mobile_bay_regulargrid,MODEL,ngofs2_grid_879_997,noaa_ngofs2_mobile_bay_model,Montrose,0.75,30.560000000000002,-87.91,2.558887792657144,northward_current,0.01747756265103817,m/s,bottom,2.0,standard_depth_positive_down,model_grid_or_not_applicable,MODEL_WET_GRID_NODE,,2026-10-07T00:00:00+00:00,2026-10-07T06:31:11.819952+00:00,2026-10-07T06:31:11.819952+00:00,UTC,2026-10-06T21:00:00+00:00,forecast,3,https://opendap.co-ops.nos.noaa.gov/thredds/dodsC/NOAA/NGOFS2/MODELS/2026/10/06/ngofs2.t21z.20261006.regulargrid.f003.nc,0.0,a35efafd89c8c60821aa7c6740a638843fb330aba7b5d73879f8854f4678c3d5,ngofs2_regulargrid_v1
noaa_ngofs2_mobile_bay_regulargrid,MODEL,ngofs2_grid_879_997,noaa_ngofs2_mobile_bay_model,Montrose,0.75,30.560000000000002,-87.91,2.558887792657144,shoreward_current,0.04847216233611107,m/s,bottom,2.0,standard_depth_positive_down,model_grid_or_not_applicable,MODEL_WET_GRID_NODE,,2026-10-07T00:00:00+00:00,2026-10-07T06:31:11.819952+00:00,2026-10-07T06:31:11.819952+00:00,UTC,2026-10-06T21:00:00+00:00,forecast,3,https://opendap.co-ops.nos.noaa.gov/thredds/dodsC/NOAA/NGOFS2/MODELS/2026/10/06/ngofs2.t21z.20261006.regulargrid.f003.nc,0.0,a35efafd89c8c60821aa7c6740a638843fb330aba7b5d73879f8854f4678c3d5,ngofs2_regulargrid_v1
noaa_ngofs2_mobile_bay_regulargrid,MODEL,ngofs2_grid_879_997,noaa_ngofs2_mobile_bay_model,Montrose,0.75,30.560000000000002,-87.91,2.558887792657144,water_temperature,29.91071319580078,degC,bottom,2.0,standard_depth_positive_down,model_grid_or_not_applicable,MODEL_WET_GRID_NODE,,2026-10-07T00:00:00+00:00,2026-10-07T06:31:11.819952+00:00,2026-10-07T06:31:11.819952+00:00,UTC,2026-10-06T21:00:00+00:00,forecast,3,https://opendap.co-ops.nos.noaa.gov/thredds/dodsC/NOAA/NGOFS2/MODELS/2026/10/06/ngofs2.t21z.20261006.regulargrid.f003.nc,0.0,a35efafd89c8c60821aa7c6740a638843fb330aba7b5d73879f8854f4678c3d5,ngofs2_regulargrid_v1
noaa_ngofs2_mobile_bay_regulargrid,MODEL,ngofs2_grid_879_997,noaa_ngofs2_mobile_bay_model,Montrose,0.75,30.560000000000002,-87.91,2.558887792657144,salinity,13.872300148010254,PSU,bottom,2.0,standard_depth_positive_down,model_grid_or_not_applicable,MODEL_WET_GRID_NODE,,2026-10-07T00:00:00+00:00,2026-10-07T06:31:11.819952+00:00,2026-10-07T06:31:11.819952+00:00,UTC,2026-10-06T21:00:00+00:00,forecast,3,https://opendap.co-ops.nos.noaa.gov/thredds/dodsC/NOAA/NGOFS2/MODELS/2026/10/06/ngofs2.t21z.20261006.regulargrid.f003.nc,0.0,a35efafd89c8c60821aa7c6740a638843fb330aba7b5d73879f8854f4678c3d5,ngofs2_regulargrid_v1
noaa_ngofs2_mobile_bay_regulargrid,MODEL,ngofs2_grid_879_997,noaa_ngofs2_mobile_bay_model,Montrose,0.75,30.560000000000002,-87.91,2.558887792657144,water_surface_elevation,0.0671306774020195,m,surface,0.0,surface,model_mean_sea_level,MODEL_WET_GRID_NODE,,2026-10-07T00:00:00+00:00,2026-10-07T06:31:11.819952+00:00,2026-10-07T06:31:11.819952+00:00,UTC,2026-10-06T21:00:00+00:00,forecast,3,https://opendap.co-ops.nos.noaa.gov/thredds/dodsC/NOAA/NGOFS2/MODELS/2026/10/06/ngofs2.t21z.20261006.regulargrid.f003.nc,0.0,a35efafd89c8c60821aa7c6740a638843fb330aba7b5d73879f8854f4678c3d5,ngofs2_regulargrid_v1
noaa_ngofs2_mobile_bay_regulargrid,MODEL,ngofs2_grid_880_996,noaa_ngofs2_mobile_bay_model,Montrose,1.5,30.57,-87.91999999999999,2.8518318470436084,eastward_current,-0.035286080092191696,m/s,surface,0.0,standard_depth_positive_down,model_grid_or_not_applicable,MODEL_WET_GRID_NODE,,2026-10-07T00:00:00+00:00,2026-10-07T06:31:11.819952+00:00,2026-10-07T06:31:11.819952+00:00,UTC,2026-10-06T21:00:00+00:00,forecast,3,https://opendap.co-ops.nos.noaa.gov/thredds/dodsC/NOAA/NGOFS2/MODELS/2026/10/06/ngofs2.t21z.20261006.regulargrid.f003.nc,0.0,a35efafd89c8c60821aa7c6740a638843fb330aba7b5d73879f8854f4678c3d5,ngofs2_regulargrid_v1
noaa_ngofs2_mobile_bay_regulargrid,MODEL,ngofs2_grid_880_996,noaa_ngofs2_mobile_bay_model,Montrose,1.5,30.57,-87.91999999999999,2.8518318470436084,northward_current,-0.05950517579913139,m/s,surface,0.0,standard_depth_positive_down,model_grid_or_not_applicable,MODEL_WET_GRID_NODE,,2026-10-07T00:00:00+00:00,2026-10-07T06:31:11.819952+00:00,2026-10-07T06:31:11.819952+00:00,UTC,2026-10-06T21:00:00+00:00,forecast,3,https://opendap.co-ops.nos.noaa.gov/thredds/dodsC/NOAA/NGOFS2/MODELS/2026/10/06/ngofs2.t21z.20261006.regulargrid.f003.nc,0.0,a35efafd89c8c60821aa7c6740a638843fb330aba7b5d73879f8854f4678c3d5,ngofs2_regulargrid_v1
noaa_ngofs2_mobile_bay_regulargrid,MODEL,ngofs2_grid_880_996,noaa_ngofs2_mobile_bay_model,Montrose,1.5,30.57,-87.91999999999999,2.8518318470436084,shoreward_current,-0.0352860800921917,m/s,surface,0.0,standard_depth_positive_down,model_grid_or_not_applicable,MODEL_WET_GRID_NODE,,2026-10-07T00:00:00+00:00,2026-10-07T06:31:11.819952+00:00,2026-10-07T06:31:11.819952+00:00,UTC,2026-10-06T21:00:00+00:00,forecast,3,https://opendap.co-ops.nos.noaa.gov/thredds/dodsC/NOAA/NGOFS2/MODELS/2026/10/06/ngofs2.t21z.20261006.regulargrid.f003.nc,0.0,a35efafd89c8c60821aa7c6740a638843fb330aba7b5d73879f8854f4678c3d5,ngofs2_regulargrid_v1
noaa_ngofs2_mobile_bay_regulargrid,MODEL,ngofs2_grid_880_996,noaa_ngofs2_mobile_bay_model,Montrose,1.5,30.57,-87.91999999999999,2.8518318470436084,water_temperature,29.386070251464844,degC,surface,0.0,standard_depth_positive_down,model_grid_or_not_applicable,MODEL_WET_GRID_NODE,,2026-10-07T00:00:00+00:00,2026-10-07T06:31:11.819952+00:00,2026-10-07T06:31:11.819952+00:00,UTC,2026-10-06T21:00:00+00:00,forecast,3,https://opendap.co-ops.nos.noaa.gov/thredds/dodsC/NOAA/NGOFS2/MODELS/2026/10/06/ngofs2.t21z.20261006.regulargrid.f003.nc,0.0,a35efafd89c8c60821aa7c6740a638843fb330aba7b5d73879f8854f4678c3d5,ngofs2_regulargrid_v1
noaa_ngofs2_mobile_bay_regulargrid,MODEL,ngofs2_grid_880_996,noaa_ngofs2_mobile_bay_model,Montrose,1.5,30.57,-87.91999999999999,2.8518318470436084,salinity,11.732192993164062,PSU,surface,0.0,standard_depth_positive_down,model_grid_or_not_applicable,MODEL_WET_GRID_NODE,,2026-10-07T00:00:00+00:00,2026-10-07T06:31:11.819952+00:00,2026-10-07T06:31:11.819952+00:00,UTC,2026-10-06T21:00:00+00:00,forecast,3,https://opendap.co-ops.nos.noaa.gov/thredds/dodsC/NOAA/NGOFS2/MODELS/2026/10/06/ngofs2.t21z.20261006.regulargrid.f003.nc,0.0,a35efafd89c8c60821aa7c6740a638843fb330aba7b5d73879f8854f4678c3d5,ngofs2_regulargrid_v1
noaa_ngofs2_mobile_bay_regulargrid,MODEL,ngofs2_grid_880_996,noaa_ngofs2_mobile_bay_model,Montrose,1.5,30.57,-87.91999999999999,2.8518318470436084,eastward_current,0.06062653288245201,m/s,bottom,2.0,standard_depth_positive_down,model_grid_or_not_applicable,MODEL_WET_GRID_NODE,,2026-10-07T00:00:00+00:00,2026-10-07T06:31:11.819952+00:00,2026-10-07T06:31:11.819952+00:00,UTC,2026-10-06T21:00:00+00:00,forecast,3,https://opendap.co-ops.nos.noaa.gov/thredds/dodsC/NOAA/NGOFS2/MODELS/2026/10/06/ngofs2.t21z.20261006.regulargrid.f003.nc,0.0,a35efafd89c8c60821aa7c6740a638843fb330aba7b5d73879f8854f4678c3d5,ngofs2_regulargrid_v1
noaa_ngofs2_mobile_bay_regulargrid,MODEL,ngofs2_grid_880_996,noaa_ngofs2_mobile_bay_model,Montrose,1.5,30.57,-87.91999999999999,2.8518318470436084,northward_current,0.023040205240249634,m/s,bottom,2.0,standard_depth_positive_down,model_grid_or_not_applicable,MODEL_WET_GRID_NODE,,2026-10-07T00:00:00+00:00,2026-10-07T06:31:11.819952+00:00,2026-10-07T06:31:11.819952+00:00,UTC,2026-10-06T21:00:00+00:00,forecast,3,https://opendap.co-ops.nos.noaa.gov/thredds/dodsC/NOAA/NGOFS2/MODELS/2026/10/06/ngofs2.t21z.20261006.regulargrid.f003.nc,0.0,a35efafd89c8c60821aa7c6740a638843fb330aba7b5d73879f8854f4678c3d5,ngofs2_regulargrid_v1
noaa_ngofs2_mobile_bay_regulargrid,MODEL,ngofs2_grid_880_996,noaa_ngofs2_mobile_bay_model,Montrose,1.5,30.57,-87.91999999999999,2.8518318470436084,shoreward_current,0.06062653288245201,m/s,bottom,2.0,standard_depth_positive_down,model_grid_or_not_applicable,MODEL_WET_GRID_NODE,,2026-10-07T00:00:00+00:00,2026-10-07T06:31:11.819952+00:00,2026-10-07T06:31:11.819952+00:00,UTC,2026-10-06T21:00:00+00:00,forecast,3,https://opendap.co-ops.nos.noaa.gov/thredds/dodsC/NOAA/NGOFS2/MODELS/2026/10/06/ngofs2.t21z.20261006.regulargrid.f003.nc,0.0,a35efafd89c8c60821aa7c6740a638843fb330aba7b5d73879f8854f4678c3d5,ngofs2_regulargrid_v1
noaa_ngofs2_mobile_bay_regulargrid,MODEL,ngofs2_grid_880_996,noaa_ngofs2_mobile_bay_model,Montrose,1.5,30.57,-87.91999999999999,2.8518318470436084,water_temperature,29.78643226623535,degC,bottom,2.0,standard_depth_positive_down,model_grid_or_not_applicable,MODEL_WET_GRID_NODE,,2026-10-07T00:00:00+00:00,2026-10-07T06:31:11.819952+00:00,2026-10-07T06:31:11.819952+00:00,UTC,2026-10-06T21:00:00+00:00,forecast,3,https://opendap.co-ops.nos.noaa.gov/thredds/dodsC/NOAA/NGOFS2/MODELS/2026/10/06/ngofs2.t21z.20261006.regulargrid.f003.nc,0.0,a35efafd89c8c60821aa7c6740a638843fb330aba7b5d73879f8854f4678c3d5,ngofs2_regulargrid_v1
noaa_ngofs2_mobile_bay_regulargrid,MODEL,ngofs2_grid_880_996,noaa_ngofs2_mobile_bay_model,Montrose,1.5,30.57,-87.91999999999999,2.8518318470436084,salinity,13.504668235778809,PSU,bottom,2.0,standard_depth_positive_down,model_grid_or_not_applicable,MODEL_WET_GRID_NODE,,2026-10-07T00:00:00+00:00,2026-10-07T06:31:11.819952+00:00,2026-10-07T06:31:11.819952+00:00,UTC,2026-10-06T21:00:00+00:00,forecast,3,https://opendap.co-ops.nos.noaa.gov/thredds/dodsC/NOAA/NGOFS2/MODELS/2026/10/06/ngofs2.t21z.20261006.regulargrid.f003.nc,0.0,a35efafd89c8c60821aa7c6740a638843fb330aba7b5d73879f8854f4678c3d5,ngofs2_regulargrid_v1
noaa_ngofs2_mobile_bay_regulargrid,MODEL,ngofs2_grid_880_996,noaa_ngofs2_mobile_bay_model,Montrose,1.5,30.57,-87.91999999999999,2.8518318470436084,water_surface_elevation,0.06730833649635315,m,surface,0.0,surface,model_mean_sea_level,MODEL_WET_GRID_NODE,,2026-10-07T00:00:00+00:00,2026-10-07T06:31:11.819952+00:00,2026-10-07T06:31:11.819952+00:00,UTC,2026-10-06T21:00:00+00:00,forecast,3,https://opendap.co-ops.nos.noaa.gov/thredds/dodsC/NOAA/NGOFS2/MODELS/2026/10/06/ngofs2.t21z.20261006.regulargrid.f003.nc,0.0,a35efafd89c8c60821aa7c6740a638843fb330aba7b5d73879f8854f4678c3d5,ngofs2_regulargrid_v1
noaa_ngofs2_mobile_bay_regulargrid,MODEL,ngofs2_grid_880_995,noaa_ngofs2_mobile_bay_model,Montrose,3.0,30.57,-87.92999999999999,3.1854552996525065,eastward_current,-0.0446648970246315,m/s,surface,0.0,standard_depth_positive_down,model_grid_or_not_applicable,MODEL_WET_GRID_NODE,,2026-10-07T00:00:00+00:00,2026-10-07T06:31:11.819952+00:00,2026-10-07T06:31:11.819952+00:00,UTC,2026-10-06T21:00:00+00:00,forecast,3,https://opendap.co-ops.nos.noaa.gov/thredds/dodsC/NOAA/NGOFS2/MODELS/2026/10/06/ngofs2.t21z.20261006.regulargrid.f003.nc,0.0,a35efafd89c8c60821aa7c6740a638843fb330aba7b5d73879f8854f4678c3d5,ngofs2_regulargrid_v1
noaa_ngofs2_mobile_bay_regulargrid,MODEL,ngofs2_grid_880_995,noaa_ngofs2_mobile_bay_model,Montrose,3.0,30.57,-87.92999999999999,3.1854552996525065,northward_current,-0.08277738839387894,m/s,surface,0.0,standard_depth_positive_down,model_grid_or_not_applicable,MODEL_WET_GRID_NODE,,2026-10-07T00:00:00+00:00,2026-10-07T06:31:11.819952+00:00,2026-10-07T06:31:11.819952+00:00,UTC,2026-10-06T21:00:00+00:00,forecast,3,https://opendap.co-ops.nos.noaa.gov/thredds/dodsC/NOAA/NGOFS2/MODELS/2026/10/06/ngofs2.t21z.20261006.regulargrid.f003.nc,0.0,a35efafd89c8c60821aa7c6740a638843fb330aba7b5d73879f8854f4678c3d5,ngofs2_regulargrid_v1
noaa_ngofs2_mobile_bay_regulargrid,MODEL,ngofs2_grid_880_995,noaa_ngofs2_mobile_bay_model,Montrose,3.0,30.57,-87.92999999999999,3.1854552996525065,shoreward_current,-0.04466489702463151,m/s,surface,0.0,standard_depth_positive_down,model_grid_or_not_applicable,MODEL_WET_GRID_NODE,,2026-10-07T00:00:00+00:00,2026-10-07T06:31:11.819952+00:00,2026-10-07T06:31:11.819952+00:00,UTC,2026-10-06T21:00:00+00:00,forecast,3,https://opendap.co-ops.nos.noaa.gov/thredds/dodsC/NOAA/NGOFS2/MODELS/2026/10/06/ngofs2.t21z.20261006.regulargrid.f003.nc,0.0,a35efafd89c8c60821aa7c6740a638843fb330aba7b5d73879f8854f4678c3d5,ngofs2_regulargrid_v1
noaa_ngofs2_mobile_bay_regulargrid,MODEL,ngofs2_grid_880_995,noaa_ngofs2_mobile_bay_model,Montrose,3.0,30.57,-87.92999999999999,3.1854552996525065,water_temperature,29.245662689208984,degC,surface,0.0,standard_depth_positive_down,model_grid_or_not_applicable,MODEL_WET_GRID_NODE,,2026-10-07T00:00:00+00:00,2026-10-07T06:31:11.819952+00:00,2026-10-07T06:31:11.819952+00:00,UTC,2026-10-06T21:00:00+00:00,forecast,3,https://opendap.co-ops.nos.noaa.gov/thredds/dodsC/NOAA/NGOFS2/MODELS/2026/10/06/ngofs2.t21z.20261006.regulargrid.f003.nc,0.0,a35efafd89c8c60821aa7c6740a638843fb330aba7b5d73879f8854f4678c3d5,ngofs2_regulargrid_v1
noaa_ngofs2_mobile_bay_regulargrid,MODEL,ngofs2_grid_880_995,noaa_ngofs2_mobile_bay_model,Montrose,3.0,30.57,-87.92999999999999,3.1854552996525065,salinity,10.776029586791992,PSU,surface,0.0,standard_depth_positive_down,model_grid_or_not_applicable,MODEL_WET_GRID_NODE,,2026-10-07T00:00:00+00:00,2026-10-07T06:31:11.819952+00:00,2026-10-07T06:31:11.819952+00:00,UTC,2026-10-06T21:00:00+00:00,forecast,3,https://opendap.co-ops.nos.noaa.gov/thredds/dodsC/NOAA/NGOFS2/MODELS/2026/10/06/ngofs2.t21z.20261006.regulargrid.f003.nc,0.0,a35efafd89c8c60821aa7c6740a638843fb330aba7b5d73879f8854f4678c3d5,ngofs2_regulargrid_v1
noaa_ngofs2_mobile_bay_regulargrid,MODEL,ngofs2_grid_880_995,noaa_ngofs2_mobile_bay_model,Montrose,3.0,30.57,-87.92999999999999,3.1854552996525065,eastward_current,0.11959704756736755,m/s,bottom,2.0,standard_depth_positive_down,model_grid_or_not_applicable,MODEL_WET_GRID_NODE,,2026-10-07T00:00:00+00:00,2026-10-07T06:31:11.819952+00:00,2026-10-07T06:31:11.819952+00:00,UTC,2026-10-06T21:00:00+00:00,forecast,3,https://opendap.co-ops.nos.noaa.gov/thredds/dodsC/NOAA/NGOFS2/MODELS/2026/10/06/ngofs2.t21z.20261006.regulargrid.f003.nc,0.0,a35efafd89c8c60821aa7c6740a638843fb330aba7b5d73879f8854f4678c3d5,ngofs2_regulargrid_v1
noaa_ngofs2_mobile_bay_regulargrid,MODEL,ngofs2_grid_880_995,noaa_ngofs2_mobile_bay_model,Montrose,3.0,30.57,-87.92999999999999,3.1854552996525065,northward_current,0.006815213710069656,m/s,bottom,2.0,standard_depth_positive_down,model_grid_or_not_applicable,MODEL_WET_GRID_NODE,,2026-10-07T00:00:00+00:00,2026-10-07T06:31:11.819952+00:00,2026-10-07T06:31:11.819952+00:00,UTC,2026-10-06T21:00:00+00:00,forecast,3,https://opendap.co-ops.nos.noaa.gov/thredds/dodsC/NOAA/NGOFS2/MODELS/2026/10/06/ngofs2.t21z.20261006.regulargrid.f003.nc,0.0,a35efafd89c8c60821aa7c6740a638843fb330aba7b5d73879f8854f4678c3d5,ngofs2_regulargrid_v1
noaa_ngofs2_mobile_bay_regulargrid,MODEL,ngofs2_grid_880_995,noaa_ngofs2_mobile_bay_model,Montrose,3.0,30.57,-87.92999999999999,3.1854552996525065,shoreward_current,0.11959704756736755,m/s,bottom,2.0,standard_depth_positive_down,model_grid_or_not_applicable,MODEL_WET_GRID_NODE,,2026-10-07T00:00:00+00:00,2026-10-07T06:31:11.819952+00:00,2026-10-07T06:31:11.819952+00:00,UTC,2026-10-06T21:00:00+00:00,forecast,3,https://opendap.co-ops.nos.noaa.gov/thredds/dodsC/NOAA/NGOFS2/MODELS/2026/10/06/ngofs2.t21z.20261006.regulargrid.f003.nc,0.0,a35efafd89c8c60821aa7c6740a638843fb330aba7b5d73879f8854f4678c3d5,ngofs2_regulargrid_v1
noaa_ngofs2_mobile_bay_regulargrid,MODEL,ngofs2_grid_880_995,noaa_ngofs2_mobile_bay_model,Montrose,3.0,30.57,-87.92999999999999,3.1854552996525065,water_temperature,29.592010498046875,degC,bottom,2.0,standard_depth_positive_down,model_grid_or_not_applicable,MODEL_WET_GRID_NODE,,2026-10-07T00:00:00+00:00,2026-10-07T06:31:11.819952+00:00,2026-10-07T06:31:11.819952+00:00,UTC,2026-10-06T21:00:00+00:00,forecast,3,https://opendap.co-ops.nos.noaa.gov/thredds/dodsC/NOAA/NGOFS2/MODELS/2026/10/06/ngofs2.t21z.20261006.regulargrid.f003.nc,0.0,a35efafd89c8c60821aa7c6740a638843fb330aba7b5d73879f8854f4678c3d5,ngofs2_regulargrid_v1
noaa_ngofs2_mobile_bay_regulargrid,MODEL,ngofs2_grid_880_995,noaa_ngofs2_mobile_bay_model,Montrose,3.0,30.57,-87.92999999999999,3.1854552996525065,salinity,12.841721534729004,PSU,bottom,2.0,standard_depth_positive_down,model_grid_or_not_applicable,MODEL_WET_GRID_NODE,,2026-10-07T00:00:00+00:00,2026-10-07T06:31:11.819952+00:00,2026-10-07T06:31:11.819952+00:00,UTC,2026-10-06T21:00:00+00:00,forecast,3,https://opendap.co-ops.nos.noaa.gov/thredds/dodsC/NOAA/NGOFS2/MODELS/2026/10/06/ngofs2.t21z.20261006.regulargrid.f003.nc,0.0,a35efafd89c8c60821aa7c6740a638843fb330aba7b5d73879f8854f4678c3d5,ngofs2_regulargrid_v1
noaa_ngofs2_mobile_bay_regulargrid,MODEL,ngofs2_grid_880_995,noaa_ngofs2_mobile_bay_model,Montrose,3.0,30.57,-87.92999999999999,3.1854552996525065,water_surface_elevation,0.06879828125238419,m,surface,0.0,surface,model_mean_sea_level,MODEL_WET_GRID_NODE,,2026-10-07T00:00:00+00:00,2026-10-07T06:31:11.819952+00:00,2026-10-07T06:31:11.819952+00:00,UTC,2026-10-06T21:00:00+00:00,forecast,3,https://opendap.co-ops.nos.noaa.gov/thredds/dodsC/NOAA/NGOFS2/MODELS/2026/10/06/ngofs2.t21z.20261006.regulargrid.f003.nc,0.0,a35efafd89c8c60821aa7c6740a638843fb330aba7b5d73879f8854f4678c3d5,ngofs2_regulargrid_v1
noaa_ngofs2_mobile_bay_regulargrid,MODEL,ngofs2_grid_875_996,noaa_ngofs2_mobile_bay_model,Fairhope/Fly Creek/Pier,0.25,30.52,-87.91999999999999,2.218344355235801,eastward_current,-0.05714575573801994,m/s,surface,0.0,standard_depth_positive_down,model_grid_or_not_applicable,MODEL_WET_GRID_NODE,,2026-10-07T00:00:00+00:00,2026-10-07T06:31:11.819952+00:00,2026-10-07T06:31:11.819952+00:00,UTC,2026-10-06T21:00:00+00:00,forecast,3,https://opendap.co-ops.nos.noaa.gov/thredds/dodsC/NOAA/NGOFS2/MODELS/2026/10/06/ngofs2.t21z.20261006.regulargrid.f003.nc,0.0,a35efafd89c8c60821aa7c6740a638843fb330aba7b5d73879f8854f4678c3d5,ngofs2_regulargrid_v1
noaa_ngofs2_mobile_bay_regulargrid,MODEL,ngofs2_grid_875_996,noaa_ngofs2_mobile_bay_model,Fairhope/Fly Creek/Pier,0.25,30.52,-87.91999999999999,2.218344355235801,northward_current,-0.06885170191526413,m/s,surface,0.0,standard_depth_positive_down,model_grid_or_not_applicable,MODEL_WET_GRID_NODE,,2026-10-07T00:00:00+00:00,2026-10-07T06:31:11.819952+00:00,2026-10-07T06:31:11.819952+00:00,UTC,2026-10-06T21:00:00+00:00,forecast,3,https://opendap.co-ops.nos.noaa.gov/thredds/dodsC/NOAA/NGOFS2/MODELS/2026/10/06/ngofs2.t21z.20261006.regulargrid.f003.nc,0.0,a35efafd89c8c60821aa7c6740a638843fb330aba7b5d73879f8854f4678c3d5,ngofs2_regulargrid_v1
noaa_ngofs2_mobile_bay_regulargrid,MODEL,ngofs2_grid_875_996,noaa_ngofs2_mobile_bay_model,Fairhope/Fly Creek/Pier,0.25,30.52,-87.91999999999999,2.218344355235801,shoreward_current,-0.05714575573801995,m/s,surface,0.0,standard_depth_positive_down,model_grid_or_not_applicable,MODEL_WET_GRID_NODE,,2026-10-07T00:00:00+00:00,2026-10-07T06:31:11.819952+00:00,2026-10-07T06:31:11.819952+00:00,UTC,2026-10-06T21:00:00+00:00,forecast,3,https://opendap.co-ops.nos.noaa.gov/thredds/dodsC/NOAA/NGOFS2/MODELS/2026/10/06/ngofs2.t21z.20261006.regulargrid.f003.nc,0.0,a35efafd89c8c60821aa7c6740a638843fb330aba7b5d73879f8854f4678c3d5,ngofs2_regulargrid_v1
noaa_ngofs2_mobile_bay_regulargrid,MODEL,ngofs2_grid_875_996,noaa_ngofs2_mobile_bay_model,Fairhope/Fly Creek/Pier,0.25,30.52,-87.91999999999999,2.218344355235801,water_temperature,29.474712371826172,degC,surface,0.0,standard_depth_positive_down,model_grid_or_not_applicable,MODEL_WET_GRID_NODE,,2026-10-07T00:00:00+00:00,2026-10-07T06:31:11.819952+00:00,2026-10-07T06:31:11.819952+00:00,UTC,2026-10-06T21:00:00+00:00,forecast,3,https://opendap.co-ops.nos.noaa.gov/thredds/dodsC/NOAA/NGOFS2/MODELS/2026/10/06/ngofs2.t21z.20261006.regulargrid.f003.nc,0.0,a35efafd89c8c60821aa7c6740a638843fb330aba7b5d73879f8854f4678c3d5,ngofs2_regulargrid_v1
noaa_ngofs2_mobile_bay_regulargrid,MODEL,ngofs2_grid_875_996,noaa_ngofs2_mobile_bay_model,Fairhope/Fly Creek/Pier,0.25,30.52,-87.91999999999999,2.218344355235801,salinity,14.10094165802002,PSU,surface,0.0,standard_depth_positive_down,model_grid_or_not_applicable,MODEL_WET_GRID_NODE,,2026-10-07T00:00:00+00:00,2026-10-07T06:31:11.819952+00:00,2026-10-07T06:31:11.819952+00:00,UTC,2026-10-06T21:00:00+00:00,forecast,3,https://opendap.co-ops.nos.noaa.gov/thredds/dodsC/NOAA/NGOFS2/MODELS/2026/10/06/ngofs2.t21z.20261006.regulargrid.f003.nc,0.0,a35efafd89c8c60821aa7c6740a638843fb330aba7b5d73879f8854f4678c3d5,ngofs2_regulargrid_v1
noaa_ngofs2_mobile_bay_regulargrid,MODEL,ngofs2_grid_875_996,noaa_ngofs2_mobile_bay_model,Fairhope/Fly Creek/Pier,0.25,30.52,-87.91999999999999,2.218344355235801,eastward_current,0.018778599798679352,m/s,bottom,2.0,standard_depth_positive_down,model_grid_or_not_applicable,MODEL_WET_GRID_NODE,,2026-10-07T00:00:00+00:00,2026-10-07T06:31:11.819952+00:00,2026-10-07T06:31:11.819952+00:00,UTC,2026-10-06T21:00:00+00:00,forecast,3,https://opendap.co-ops.nos.noaa.gov/thredds/dodsC/NOAA/NGOFS2/MODELS/2026/10/06/ngofs2.t21z.20261006.regulargrid.f003.nc,0.0,a35efafd89c8c60821aa7c6740a638843fb330aba7b5d73879f8854f4678c3d5,ngofs2_regulargrid_v1
noaa_ngofs2_mobile_bay_regulargrid,MODEL,ngofs2_grid_875_996,noaa_ngofs2_mobile_bay_model,Fairhope/Fly Creek/Pier,0.25,30.52,-87.91999999999999,2.218344355235801,northward_current,-0.019022686406970024,m/s,bottom,2.0,standard_depth_positive_down,model_grid_or_not_applicable,MODEL_WET_GRID_NODE,,2026-10-07T00:00:00+00:00,2026-10-07T06:31:11.819952+00:00,2026-10-07T06:31:11.819952+00:00,UTC,2026-10-06T21:00:00+00:00,forecast,3,https://opendap.co-ops.nos.noaa.gov/thredds/dodsC/NOAA/NGOFS2/MODELS/2026/10/06/ngofs2.t21z.20261006.regulargrid.f003.nc,0.0,a35efafd89c8c60821aa7c6740a638843fb330aba7b5d73879f8854f4678c3d5,ngofs2_regulargrid_v1
noaa_ngofs2_mobile_bay_regulargrid,MODEL,ngofs2_grid_875_996,noaa_ngofs2_mobile_bay_model,Fairhope/Fly Creek/Pier,0.25,30.52,-87.91999999999999,2.218344355235801,shoreward_current,0.018778599798679352,m/s,bottom,2.0,standard_depth_positive_down,model_grid_or_not_applicable,MODEL_WET_GRID_NODE,,2026-10-07T00:00:00+00:00,2026-10-07T06:31:11.819952+00:00,2026-10-07T06:31:11.819952+00:00,UTC,2026-10-06T21:00:00+00:00,forecast,3,https://opendap.co-ops.nos.noaa.gov/thredds/dodsC/NOAA/NGOFS2/MODELS/2026/10/06/ngofs2.t21z.20261006.regulargrid.f003.nc,0.0,a35efafd89c8c60821aa7c6740a638843fb330aba7b5d73879f8854f4678c3d5,ngofs2_regulargrid_v1
noaa_ngofs2_mobile_bay_regulargrid,MODEL,ngofs2_grid_875_996,noaa_ngofs2_mobile_bay_model,Fairhope/Fly Creek/Pier,0.25,30.52,-87.91999999999999,2.218344355235801,water_temperature,29.78547477722168,degC,bottom,2.0,standard_depth_positive_down,model_grid_or_not_applicable,MODEL_WET_GRID_NODE,,2026-10-07T00:00:00+00:00,2026-10-07T06:31:11.819952+00:00,2026-10-07T06:31:11.819952+00:00,UTC,2026-10-06T21:00:00+00:00,forecast,3,https://opendap.co-ops.nos.noaa.gov/thredds/dodsC/NOAA/NGOFS2/MODELS/2026/10/06/ngofs2.t21z.20261006.regulargrid.f003.nc,0.0,a35efafd89c8c60821aa7c6740a638843fb330aba7b5d73879f8854f4678c3d5,ngofs2_regulargrid_v1
noaa_ngofs2_mobile_bay_regulargrid,MODEL,ngofs2_grid_875_996,noaa_ngofs2_mobile_bay_model,Fairhope/Fly Creek/Pier,0.25,30.52,-87.91999999999999,2.218344355235801,salinity,15.293367385864258,PSU,bottom,2.0,standard_depth_positive_down,model_grid_or_not_applicable,MODEL_WET_GRID_NODE,,2026-10-07T00:00:00+00:00,2026-10-07T06:31:11.819952+00:00,2026-10-07T06:31:11.819952+00:00,UTC,2026-10-06T21:00:00+00:00,forecast,3,https://opendap.co-ops.nos.noaa.gov/thredds/dodsC/NOAA/NGOFS2/MODELS/2026/10/06/ngofs2.t21z.20261006.regulargrid.f003.nc,0.0,a35efafd89c8c60821aa7c6740a638843fb330aba7b5d73879f8854f4678c3d5,ngofs2_regulargrid_v1
noaa_ngofs2_mobile_bay_regulargrid,MODEL,ngofs2_grid_875_996,noaa_ngofs2_mobile_bay_model,Fairhope/Fly Creek/Pier,0.25,30.52,-87.91999999999999,2.218344355235801,water_surface_elevation,0.06895854324102402,m,surface,0.0,surface,model_mean_sea_level,MODEL_WET_GRID_NODE,,2026-10-07T00:00:00+00:00,2026-10-07T06:31:11.819952+00:00,2026-10-07T06:31:11.819952+00:00,UTC,2026-10-06T21:00:00+00:00,forecast,3,https://opendap.co-ops.nos.noaa.gov/thredds/dodsC/NOAA/NGOFS2/MODELS/2026/10/06/ngofs2.t21z.20261006.regulargrid.f003.nc,0.0,a35efafd89c8c60821aa7c6740a638843fb330aba7b5d73879f8854f4678c3d5,ngofs2_regulargrid_v1
noaa_ngofs2_mobile_bay_regulargrid,MODEL,ngofs2_grid_876_996,noaa_ngofs2_mobile_bay_model,Fairhope/Fly Creek/Pier,0.75,30.53,-87.91999999999999,3.0932896910937813,eastward_current,-0.07154221087694168,m/s,surface,0.0,standard_depth_positive_down,model_grid_or_not_applicable,MODEL_WET_GRID_NODE,,2026-10-07T00:00:00+00:00,2026-10-07T06:31:11.819952+00:00,2026-10-07T06:31:11.819952+00:00,UTC,2026-10-06T21:00:00+00:00,forecast,3,https://opendap.co-ops.nos.noaa.gov/thredds/dodsC/NOAA/NGOFS2/MODELS/2026/10/06/ngofs2.t21z.20261006.regulargrid.f003.nc,0.0,a35efafd89c8c60821aa7c6740a638843fb330aba7b5d73879f8854f4678c3d5,ngofs2_regulargrid_v1
noaa_ngofs2_mobile_bay_regulargrid,MODEL,ngofs2_grid_876_996,noaa_ngofs2_mobile_bay_model,Fairhope/Fly Creek/Pier,0.75,30.53,-87.91999999999999,3.0932896910937813,northward_current,-0.06425365060567856,m/s,surface,0.0,standard_depth_positive_down,model_grid_or_not_applicable,MODEL_WET_GRID_NODE,,2026-10-07T00:00:00+00:00,2026-10-07T06:31:11.819952+00:00,2026-10-07T06:31:11.819952+00:00,UTC,2026-10-06T21:00:00+00:00,forecast,3,https://opendap.co-ops.nos.noaa.gov/thredds/dodsC/NOAA/NGOFS2/MODELS/2026/10/06/ngofs2.t21z.20261006.regulargrid.f003.nc,0.0,a35efafd89c8c60821aa7c6740a638843fb330aba7b5d73879f8854f4678c3d5,ngofs2_regulargrid_v1
noaa_ngofs2_mobile_bay_regulargrid,MODEL,ngofs2_grid_876_996,noaa_ngofs2_mobile_bay_model,Fairhope/Fly Creek/Pier,0.75,30.53,-87.91999999999999,3.0932896910937813,shoreward_current,-0.07154221087694168,m/s,surface,0.0,standard_depth_positive_down,model_grid_or_not_applicable,MODEL_WET_GRID_NODE,,2026-10-07T00:00:00+00:00,2026-10-07T06:31:11.819952+00:00,2026-10-07T06:31:11.819952+00:00,UTC,2026-10-06T21:00:00+00:00,forecast,3,https://opendap.co-ops.nos.noaa.gov/thredds/dodsC/NOAA/NGOFS2/MODELS/2026/10/06/ngofs2.t21z.20261006.regulargrid.f003.nc,0.0,a35efafd89c8c60821aa7c6740a638843fb330aba7b5d73879f8854f4678c3d5,ngofs2_regulargrid_v1
noaa_ngofs2_mobile_bay_regulargrid,MODEL,ngofs2_grid_876_996,noaa_ngofs2_mobile_bay_model,Fairhope/Fly Creek/Pier,0.75,30.53,-87.91999999999999,3.0932896910937813,water_temperature,29.51041030883789,degC,surface,0.0,standard_depth_positive_down,model_grid_or_not_applicable,MODEL_WET_GRID_NODE,,2026-10-07T00:00:00+00:00,2026-10-07T06:31:11.819952+00:00,2026-10-07T06:31:11.819952+00:00,UTC,2026-10-06T21:00:00+00:00,forecast,3,https://opendap.co-ops.nos.noaa.gov/thredds/dodsC/NOAA/NGOFS2/MODELS/2026/10/06/ngofs2.t21z.20261006.regulargrid.f003.nc,0.0,a35efafd89c8c60821aa7c6740a638843fb330aba7b5d73879f8854f4678c3d5,ngofs2_regulargrid_v1
noaa_ngofs2_mobile_bay_regulargrid,MODEL,ngofs2_grid_876_996,noaa_ngofs2_mobile_bay_model,Fairhope/Fly Creek/Pier,0.75,30.53,-87.91999999999999,3.0932896910937813,salinity,13.995752334594727,PSU,surface,0.0,standard_depth_positive_down,model_grid_or_not_applicable,MODEL_WET_GRID_NODE,,2026-10-07T00:00:00+00:00,2026-10-07T06:31:11.819952+00:00,2026-10-07T06:31:11.819952+00:00,UTC,2026-10-06T21:00:00+00:00,forecast,3,https://opendap.co-ops.nos.noaa.gov/thredds/dodsC/NOAA/NGOFS2/MODELS/2026/10/06/ngofs2.t21z.20261006.regulargrid.f003.nc,0.0,a35efafd89c8c60821aa7c6740a638843fb330aba7b5d73879f8854f4678c3d5,ngofs2_regulargrid_v1
noaa_ngofs2_mobile_bay_regulargrid,MODEL,ngofs2_grid_876_996,noaa_ngofs2_mobile_bay_model,Fairhope/Fly Creek/Pier,0.75,30.53,-87.91999999999999,3.0932896910937813,eastward_current,0.05637764558196068,m/s,bottom,2.0,standard_depth_positive_down,model_grid_or_not_applicable,MODEL_WET_GRID_NODE,,2026-10-07T00:00:00+00:00,2026-10-07T06:31:11.819952+00:00,2026-10-07T06:31:11.819952+00:00,UTC,2026-10-06T21:00:00+00:00,forecast,3,https://opendap.co-ops.nos.noaa.gov/thredds/dodsC/NOAA/NGOFS2/MODELS/2026/10/06/ngofs2.t21z.20261006.regulargrid.f003.nc,0.0,a35efafd89c8c60821aa7c6740a638843fb330aba7b5d73879f8854f4678c3d5,ngofs2_regulargrid_v1
noaa_ngofs2_mobile_bay_regulargrid,MODEL,ngofs2_grid_876_996,noaa_ngofs2_mobile_bay_model,Fairhope/Fly Creek/Pier,0.75,30.53,-87.91999999999999,3.0932896910937813,northward_current,0.008470738306641579,m/s,bottom,2.0,standard_depth_positive_down,model_grid_or_not_applicable,MODEL_WET_GRID_NODE,,2026-10-07T00:00:00+00:00,2026-10-07T06:31:11.819952+00:00,2026-10-07T06:31:11.819952+00:00,UTC,2026-10-06T21:00:00+00:00,forecast,3,https://opendap.co-ops.nos.noaa.gov/thredds/dodsC/NOAA/NGOFS2/MODELS/2026/10/06/ngofs2.t21z.20261006.regulargrid.f003.nc,0.0,a35efafd89c8c60821aa7c6740a638843fb330aba7b5d73879f8854f4678c3d5,ngofs2_regulargrid_v1
noaa_ngofs2_mobile_bay_regulargrid,MODEL,ngofs2_grid_876_996,noaa_ngofs2_mobile_bay_model,Fairhope/Fly Creek/Pier,0.75,30.53,-87.91999999999999,3.0932896910937813,shoreward_current,0.05637764558196068,m/s,bottom,2.0,standard_depth_positive_down,model_grid_or_not_applicable,MODEL_WET_GRID_NODE,,2026-10-07T00:00:00+00:00,2026-10-07T06:31:11.819952+00:00,2026-10-07T06:31:11.819952+00:00,UTC,2026-10-06T21:00:00+00:00,forecast,3,https://opendap.co-ops.nos.noaa.gov/thredds/dodsC/NOAA/NGOFS2/MODELS/2026/10/06/ngofs2.t21z.20261006.regulargrid.f003.nc,0.0,a35efafd89c8c60821aa7c6740a638843fb330aba7b5d73879f8854f4678c3d5,ngofs2_regulargrid_v1
noaa_ngofs2_mobile_bay_regulargrid,MODEL,ngofs2_grid_876_996,noaa_ngofs2_mobile_bay_model,Fairhope/Fly Creek/Pier,0.75,30.53,-87.91999999999999,3.0932896910937813,water_temperature,29.76225471496582,degC,bottom,2.0,standard_depth_positive_down,model_grid_or_not_applicable,MODEL_WET_GRID_NODE,,2026-10-07T00:00:00+00:00,2026-10-07T06:31:11.819952+00:00,2026-10-07T06:31:11.819952+00:00,UTC,2026-10-06T21:00:00+00:00,forecast,3,https://opendap.co-ops.nos.noaa.gov/thredds/dodsC/NOAA/NGOFS2/MODELS/2026/10/06/ngofs2.t21z.20261006.regulargrid.f003.nc,0.0,a35efafd89c8c60821aa7c6740a638843fb330aba7b5d73879f8854f4678c3d5,ngofs2_regulargrid_v1
noaa_ngofs2_mobile_bay_regulargrid,MODEL,ngofs2_grid_876_996,noaa_ngofs2_mobile_bay_model,Fairhope/Fly Creek/Pier,0.75,30.53,-87.91999999999999,3.0932896910937813,salinity,15.301603317260742,PSU,bottom,2.0,standard_depth_positive_down,model_grid_or_not_applicable,MODEL_WET_GRID_NODE,,2026-10-07T00:00:00+00:00,2026-10-07T06:31:11.819952+00:00,2026-10-07T06:31:11.819952+00:00,UTC,2026-10-06T21:00:00+00:00,forecast,3,https://opendap.co-ops.nos.noaa.gov/thredds/dodsC/NOAA/NGOFS2/MODELS/2026/10/06/ngofs2.t21z.20261006.regulargrid.f003.nc,0.0,a35efafd89c8c60821aa7c6740a638843fb330aba7b5d73879f8854f4678c3d5,ngofs2_regulargrid_v1
noaa_ngofs2_mobile_bay_regulargrid,MODEL,ngofs2_grid_876_996,noaa_ngofs2_mobile_bay_model,Fairhope/Fly Creek/Pier,0.75,30.53,-87.91999999999999,3.0932896910937813,water_surface_elevation,0.06874872744083405,m,surface,0.0,surface,model_mean_sea_level,MODEL_WET_GRID_NODE,,2026-10-07T00:00:00+00:00,2026-10-07T06:31:11.819952+00:00,2026-10-07T06:31:11.819952+00:00,UTC,2026-10-06T21:00:00+00:00,forecast,3,https://opendap.co-ops.nos.noaa.gov/thredds/dodsC/NOAA/NGOFS2/MODELS/2026/10/06/ngofs2.t21z.20261006.regulargrid.f003.nc,0.0,a35efafd89c8c60821aa7c6740a638843fb330aba7b5d73879f8854f4678c3d5,ngofs2_regulargrid_v1
noaa_ngofs2_mobile_bay_regulargrid,MODEL,ngofs2_grid_875_995,noaa_ngofs2_mobile_bay_model,Fairhope/Fly Creek/Pier,1.5,30.52,-87.92999999999999,3.361578206118958,eastward_current,-0.08218444138765335,m/s,surface,0.0,standard_depth_positive_down,model_grid_or_not_applicable,MODEL_WET_GRID_NODE,,2026-10-07T00:00:00+00:00,2026-10-07T06:31:11.819952+00:00,2026-10-07T06:31:11.819952+00:00,UTC,2026-10-06T21:00:00+00:00,forecast,3,https://opendap.co-ops.nos.noaa.gov/thredds/dodsC/NOAA/NGOFS2/MODELS/2026/10/06/ngofs2.t21z.20261006.regulargrid.f003.nc,0.0,a35efafd89c8c60821aa7c6740a638843fb330aba7b5d73879f8854f4678c3d5,ngofs2_regulargrid_v1
noaa_ngofs2_mobile_bay_regulargrid,MODEL,ngofs2_grid_875_995,noaa_ngofs2_mobile_bay_model,Fairhope/Fly Creek/Pier,1.5,30.52,-87.92999999999999,3.361578206118958,northward_current,-0.07771318405866623,m/s,surface,0.0,standard_depth_positive_down,model_grid_or_not_applicable,MODEL_WET_GRID_NODE,,2026-10-07T00:00:00+00:00,2026-10-07T06:31:11.819952+00:00,2026-10-07T06:31:11.819952+00:00,UTC,2026-10-06T21:00:00+00:00,forecast,3,https://opendap.co-ops.nos.noaa.gov/thredds/dodsC/NOAA/NGOFS2/MODELS/2026/10/06/ngofs2.t21z.20261006.regulargrid.f003.nc,0.0,a35efafd89c8c60821aa7c6740a638843fb330aba7b5d73879f8854f4678c3d5,ngofs2_regulargrid_v1
noaa_ngofs2_mobile_bay_regulargrid,MODEL,ngofs2_grid_875_995,noaa_ngofs2_mobile_bay_model,Fairhope/Fly Creek/Pier,1.5,30.52,-87.92999999999999,3.361578206118958,shoreward_current,-0.08218444138765335,m/s,surface,0.0,standard_depth_positive_down,model_grid_or_not_applicable,MODEL_WET_GRID_NODE,,2026-10-07T00:00:00+00:00,2026-10-07T06:31:11.819952+00:00,2026-10-07T06:31:11.819952+00:00,UTC,2026-10-06T21:00:00+00:00,forecast,3,https://opendap.co-ops.nos.noaa.gov/thredds/dodsC/NOAA/NGOFS2/MODELS/2026/10/06/ngofs2.t21z.20261006.regulargrid.f003.nc,0.0,a35efafd89c8c60821aa7c6740a638843fb330aba7b5d73879f8854f4678c3d5,ngofs2_regulargrid_v1
noaa_ngofs2_mobile_bay_regulargrid,MODEL,ngofs2_grid_875_995,noaa_ngofs2_mobile_bay_model,Fairhope/Fly Creek/Pier,1.5,30.52,-87.92999999999999,3.361578206118958,water_temperature,29.510549545288086,degC,surface,0.0,standard_depth_positive_down,model_grid_or_not_applicable,MODEL_WET_GRID_NODE,,2026-10-07T00:00:00+00:00,2026-10-07T06:31:11.819952+00:00,2026-10-07T06:31:11.819952+00:00,UTC,2026-10-06T21:00:00+00:00,forecast,3,https://opendap.co-ops.nos.noaa.gov/thredds/dodsC/NOAA/NGOFS2/MODELS/2026/10/06/ngofs2.t21z.20261006.regulargrid.f003.nc,0.0,a35efafd89c8c60821aa7c6740a638843fb330aba7b5d73879f8854f4678c3d5,ngofs2_regulargrid_v1
noaa_ngofs2_mobile_bay_regulargrid,MODEL,ngofs2_grid_875_995,noaa_ngofs2_mobile_bay_model,Fairhope/Fly Creek/Pier,1.5,30.52,-87.92999999999999,3.361578206118958,salinity,14.453171730041504,PSU,surface,0.0,standard_depth_positive_down,model_grid_or_not_applicable,MODEL_WET_GRID_NODE,,2026-10-07T00:00:00+00:00,2026-10-07T06:31:11.819952+00:00,2026-10-07T06:31:11.819952+00:00,UTC,2026-10-06T21:00:00+00:00,forecast,3,https://opendap.co-ops.nos.noaa.gov/thredds/dodsC/NOAA/NGOFS2/MODELS/2026/10/06/ngofs2.t21z.20261006.regulargrid.f003.nc,0.0,a35efafd89c8c60821aa7c6740a638843fb330aba7b5d73879f8854f4678c3d5,ngofs2_regulargrid_v1
noaa_ngofs2_mobile_bay_regulargrid,MODEL,ngofs2_grid_875_995,noaa_ngofs2_mobile_bay_model,Fairhope/Fly Creek/Pier,1.5,30.52,-87.92999999999999,3.361578206118958,eastward_current,0.044113218784332275,m/s,bottom,2.0,standard_depth_positive_down,model_grid_or_not_applicable,MODEL_WET_GRID_NODE,,2026-10-07T00:00:00+00:00,2026-10-07T06:31:11.819952+00:00,2026-10-07T06:31:11.819952+00:00,UTC,2026-10-06T21:00:00+00:00,forecast,3,https://opendap.co-ops.nos.noaa.gov/thredds/dodsC/NOAA/NGOFS2/MODELS/2026/10/06/ngofs2.t21z.20261006.regulargrid.f003.nc,0.0,a35efafd89c8c60821aa7c6740a638843fb330aba7b5d73879f8854f4678c3d5,ngofs2_regulargrid_v1
noaa_ngofs2_mobile_bay_regulargrid,MODEL,ngofs2_grid_875_995,noaa_ngofs2_mobile_bay_model,Fairhope/Fly Creek/Pier,1.5,30.52,-87.92999999999999,3.361578206118958,northward_current,-0.013541930355131626,m/s,bottom,2.0,standard_depth_positive_down,model_grid_or_not_applicable,MODEL_WET_GRID_NODE,,2026-10-07T00:00:00+00:00,2026-10-07T06:31:11.819952+00:00,2026-10-07T06:31:11.819952+00:00,UTC,2026-10-06T21:00:00+00:00,forecast,3,https://opendap.co-ops.nos.noaa.gov/thredds/dodsC/NOAA/NGOFS2/MODELS/2026/10/06/ngofs2.t21z.20261006.regulargrid.f003.nc,0.0,a35efafd89c8c60821aa7c6740a638843fb330aba7b5d73879f8854f4678c3d5,ngofs2_regulargrid_v1
noaa_ngofs2_mobile_bay_regulargrid,MODEL,ngofs2_grid_875_995,noaa_ngofs2_mobile_bay_model,Fairhope/Fly Creek/Pier,1.5,30.52,-87.92999999999999,3.361578206118958,shoreward_current,0.044113218784332275,m/s,bottom,2.0,standard_depth_positive_down,model_grid_or_not_applicable,MODEL_WET_GRID_NODE,,2026-10-07T00:00:00+00:00,2026-10-07T06:31:11.819952+00:00,2026-10-07T06:31:11.819952+00:00,UTC,2026-10-06T21:00:00+00:00,forecast,3,https://opendap.co-ops.nos.noaa.gov/thredds/dodsC/NOAA/NGOFS2/MODELS/2026/10/06/ngofs2.t21z.20261006.regulargrid.f003.nc,0.0,a35efafd89c8c60821aa7c6740a638843fb330aba7b5d73879f8854f4678c3d5,ngofs2_regulargrid_v1
noaa_ngofs2_mobile_bay_regulargrid,MODEL,ngofs2_grid_875_995,noaa_ngofs2_mobile_bay_model,Fairhope/Fly Creek/Pier,1.5,30.52,-87.92999999999999,3.361578206118958,water_temperature,29.68524932861328,degC,bottom,2.0,standard_depth_positive_down,model_grid_or_not_applicable,MODEL_WET_GRID_NODE,,2026-10-07T00:00:00+00:00,2026-10-07T06:31:11.819952+00:00,2026-10-07T06:31:11.819952+00:00,UTC,2026-10-06T21:00:00+00:00,forecast,3,https://opendap.co-ops.nos.noaa.gov/thredds/dodsC/NOAA/NGOFS2/MODELS/2026/10/06/ngofs2.t21z.20261006.regulargrid.f003.nc,0.0,a35efafd89c8c60821aa7c6740a638843fb330aba7b5d73879f8854f4678c3d5,ngofs2_regulargrid_v1
noaa_ngofs2_mobile_bay_regulargrid,MODEL,ngofs2_grid_875_995,noaa_ngofs2_mobile_bay_model,Fairhope/Fly Creek/Pier,1.5,30.52,-87.92999999999999,3.361578206118958,salinity,15.569952011108398,PSU,bottom,2.0,standard_depth_positive_down,model_grid_or_not_applicable,MODEL_WET_GRID_NODE,,2026-10-07T00:00:00+00:00,2026-10-07T06:31:11.819952+00:00,2026-10-07T06:31:11.819952+00:00,UTC,2026-10-06T21:00:00+00:00,forecast,3,https://opendap.co-ops.nos.noaa.gov/thredds/dodsC/NOAA/NGOFS2/MODELS/2026/10/06/ngofs2.t21z.20261006.regulargrid.f003.nc,0.0,a35efafd89c8c60821aa7c6740a638843fb330aba7b5d73879f8854f4678c3d5,ngofs2_regulargrid_v1
noaa_ngofs2_mobile_bay_regulargrid,MODEL,ngofs2_grid_875_995,noaa_ngofs2_mobile_bay_model,Fairhope/Fly Creek/Pier,1.5,30.52,-87.92999999999999,3.361578206118958,water_surface_elevation,0.06976312398910522,m,surface,0.0,surface,model_mean_sea_level,MODEL_WET_GRID_NODE,,2026-10-07T00:00:00+00:00,2026-10-07T06:31:11.819952+00:00,2026-10-07T06:31:11.819952+00:00,UTC,2026-10-06T21:00:00+00:00,forecast,3,https://opendap.co-ops.nos.noaa.gov/thredds/dodsC/NOAA/NGOFS2/MODELS/2026/10/06/ngofs2.t21z.20261006.regulargrid.f003.nc,0.0,a35efafd89c8c60821aa7c6740a638843fb330aba7b5d73879f8854f4678c3d5,ngofs2_regulargrid_v1
noaa_ngofs2_mobile_bay_regulargrid,MODEL,ngofs2_grid_875_993,noaa_ngofs2_mobile_bay_model,Fairhope/Fly Creek/Pier,3.0,30.52,-87.94999999999999,4.08614297131185,eastward_current,-0.09330496937036514,m/s,surface,0.0,standard_depth_positive_down,model_grid_or_not_applicable,MODEL_WET_GRID_NODE,,2026-10-07T00:00:00+00:00,2026-10-07T06:31:11.819952+00:00,2026-10-07T06:31:11.819952+00:00,UTC,2026-10-06T21:00:00+00:00,forecast,3,https://opendap.co-ops.nos.noaa.gov/thredds/dodsC/NOAA/NGOFS2/MODELS/2026/10/06/ngofs2.t21z.20261006.regulargrid.f003.nc,0.0,a35efafd89c8c60821aa7c6740a638843fb330aba7b5d73879f8854f4678c3d5,ngofs2_regulargrid_v1
noaa_ngofs2_mobile_bay_regulargrid,MODEL,ngofs2_grid_875_993,noaa_ngofs2_mobile_bay_model,Fairhope/Fly Creek/Pier,3.0,30.52,-87.94999999999999,4.08614297131185,northward_current,-0.06646044552326202,m/s,surface,0.0,standard_depth_positive_down,model_grid_or_not_applicable,MODEL_WET_GRID_NODE,,2026-10-07T00:00:00+00:00,2026-10-07T06:31:11.819952+00:00,2026-10-07T06:31:11.819952+00:00,UTC,2026-10-06T21:00:00+00:00,forecast,3,https://opendap.co-ops.nos.noaa.gov/thredds/dodsC/NOAA/NGOFS2/MODELS/2026/10/06/ngofs2.t21z.20261006.regulargrid.f003.nc,0.0,a35efafd89c8c60821aa7c6740a638843fb330aba7b5d73879f8854f4678c3d5,ngofs2_regulargrid_v1
noaa_ngofs2_mobile_bay_regulargrid,MODEL,ngofs2_grid_875_993,noaa_ngofs2_mobile_bay_model,Fairhope/Fly Creek/Pier,3.0,30.52,-87.94999999999999,4.08614297131185,shoreward_current,-0.09330496937036514,m/s,surface,0.0,standard_depth_positive_down,model_grid_or_not_applicable,MODEL_WET_GRID_NODE,,2026-10-07T00:00:00+00:00,2026-10-07T06:31:11.819952+00:00,2026-10-07T06:31:11.819952+00:00,UTC,2026-10-06T21:00:00+00:00,forecast,3,https://opendap.co-ops.nos.noaa.gov/thredds/dodsC/NOAA/NGOFS2/MODELS/2026/10/06/ngofs2.t21z.20261006.regulargrid.f003.nc,0.0,a35efafd89c8c60821aa7c6740a638843fb330aba7b5d73879f8854f4678c3d5,ngofs2_regulargrid_v1
noaa_ngofs2_mobile_bay_regulargrid,MODEL,ngofs2_grid_875_993,noaa_ngofs2_mobile_bay_model,Fairhope/Fly Creek/Pier,3.0,30.52,-87.94999999999999,4.08614297131185,water_temperature,29.363115310668945,degC,surface,0.0,standard_depth_positive_down,model_grid_or_not_applicable,MODEL_WET_GRID_NODE,,2026-10-07T00:00:00+00:00,2026-10-07T06:31:11.819952+00:00,2026-10-07T06:31:11.819952+00:00,UTC,2026-10-06T21:00:00+00:00,forecast,3,https://opendap.co-ops.nos.noaa.gov/thredds/dodsC/NOAA/NGOFS2/MODELS/2026/10/06/ngofs2.t21z.20261006.regulargrid.f003.nc,0.0,a35efafd89c8c60821aa7c6740a638843fb330aba7b5d73879f8854f4678c3d5,ngofs2_regulargrid_v1
noaa_ngofs2_mobile_bay_regulargrid,MODEL,ngofs2_grid_875_993,noaa_ngofs2_mobile_bay_model,Fairhope/Fly Creek/Pier,3.0,30.52,-87.94999999999999,4.08614297131185,salinity,13.870728492736816,PSU,surface,0.0,standard_depth_positive_down,model_grid_or_not_applicable,MODEL_WET_GRID_NODE,,2026-10-07T00:00:00+00:00,2026-10-07T06:31:11.819952+00:00,2026-10-07T06:31:11.819952+00:00,UTC,2026-10-06T21:00:00+00:00,forecast,3,https://opendap.co-ops.nos.noaa.gov/thredds/dodsC/NOAA/NGOFS2/MODELS/2026/10/06/ngofs2.t21z.20261006.regulargrid.f003.nc,0.0,a35efafd89c8c60821aa7c6740a638843fb330aba7b5d73879f8854f4678c3d5,ngofs2_regulargrid_v1
noaa_ngofs2_mobile_bay_regulargrid,MODEL,ngofs2_grid_875_993,noaa_ngofs2_mobile_bay_model,Fairhope/Fly Creek/Pier,3.0,30.52,-87.94999999999999,4.08614297131185,eastward_current,0.027779513970017433,m/s,bottom,4.0,standard_depth_positive_down,model_grid_or_not_applicable,MODEL_WET_GRID_NODE,,2026-10-07T00:00:00+00:00,2026-10-07T06:31:11.819952+00:00,2026-10-07T06:31:11.819952+00:00,UTC,2026-10-06T21:00:00+00:00,forecast,3,https://opendap.co-ops.nos.noaa.gov/thredds/dodsC/NOAA/NGOFS2/MODELS/2026/10/06/ngofs2.t21z.20261006.regulargrid.f003.nc,0.0,a35efafd89c8c60821aa7c6740a638843fb330aba7b5d73879f8854f4678c3d5,ngofs2_regulargrid_v1
noaa_ngofs2_mobile_bay_regulargrid,MODEL,ngofs2_grid_875_993,noaa_ngofs2_mobile_bay_model,Fairhope/Fly Creek/Pier,3.0,30.52,-87.94999999999999,4.08614297131185,northward_current,0.03578926622867584,m/s,bottom,4.0,standard_depth_positive_down,model_grid_or_not_applicable,MODEL_WET_GRID_NODE,,2026-10-07T00:00:00+00:00,2026-10-07T06:31:11.819952+00:00,2026-10-07T06:31:11.819952+00:00,UTC,2026-10-06T21:00:00+00:00,forecast,3,https://opendap.co-ops.nos.noaa.gov/thredds/dodsC/NOAA/NGOFS2/MODELS/2026/10/06/ngofs2.t21z.20261006.regulargrid.f003.nc,0.0,a35efafd89c8c60821aa7c6740a638843fb330aba7b5d73879f8854f4678c3d5,ngofs2_regulargrid_v1
noaa_ngofs2_mobile_bay_regulargrid,MODEL,ngofs2_grid_875_993,noaa_ngofs2_mobile_bay_model,Fairhope/Fly Creek/Pier,3.0,30.52,-87.94999999999999,4.08614297131185,shoreward_current,0.027779513970017437,m/s,bottom,4.0,standard_depth_positive_down,model_grid_or_not_applicable,MODEL_WET_GRID_NODE,,2026-10-07T00:00:00+00:00,2026-10-07T06:31:11.819952+00:00,2026-10-07T06:31:11.819952+00:00,UTC,2026-10-06T21:00:00+00:00,forecast,3,https://opendap.co-ops.nos.noaa.gov/thredds/dodsC/NOAA/NGOFS2/MODELS/2026/10/06/ngofs2.t21z.20261006.regulargrid.f003.nc,0.0,a35efafd89c8c60821aa7c6740a638843fb330aba7b5d73879f8854f4678c3d5,ngofs2_regulargrid_v1
noaa_ngofs2_mobile_bay_regulargrid,MODEL,ngofs2_grid_875_993,noaa_ngofs2_mobile_bay_model,Fairhope/Fly Creek/Pier,3.0,30.52,-87.94999999999999,4.08614297131185,water_temperature,29.48072624206543,degC,bottom,4.0,standard_depth_positive_down,model_grid_or_not_applicable,MODEL_WET_GRID_NODE,,2026-10-07T00:00:00+00:00,2026-10-07T06:31:11.819952+00:00,2026-10-07T06:31:11.819952+00:00,UTC,2026-10-06T21:00:00+00:00,forecast,3,https://opendap.co-ops.nos.noaa.gov/thredds/dodsC/NOAA/NGOFS2/MODELS/2026/10/06/ngofs2.t21z.20261006.regulargrid.f003.nc,0.0,a35efafd89c8c60821aa7c6740a638843fb330aba7b5d73879f8854f4678c3d5,ngofs2_regulargrid_v1
noaa_ngofs2_mobile_bay_regulargrid,MODEL,ngofs2_grid_875_993,noaa_ngofs2_mobile_bay_model,Fairhope/Fly Creek/Pier,3.0,30.52,-87.94999999999999,4.08614297131185,salinity,18.860010147094727,PSU,bottom,4.0,standard_depth_positive_down,model_grid_or_not_applicable,MODEL_WET_GRID_NODE,,2026-10-07T00:00:00+00:00,2026-10-07T06:31:11.819952+00:00,2026-10-07T06:31:11.819952+00:00,UTC,2026-10-06T21:00:00+00:00,forecast,3,https://opendap.co-ops.nos.noaa.gov/thredds/dodsC/NOAA/NGOFS2/MODELS/2026/10/06/ngofs2.t21z.20261006.regulargrid.f003.nc,0.0,a35efafd89c8c60821aa7c6740a638843fb330aba7b5d73879f8854f4678c3d5,ngofs2_regulargrid_v1
noaa_ngofs2_mobile_bay_regulargrid,MODEL,ngofs2_grid_875_993,noaa_ngofs2_mobile_bay_model,Fairhope/Fly Creek/Pier,3.0,30.52,-87.94999999999999,4.08614297131185,water_surface_elevation,0.07277379930019379,m,surface,0.0,surface,model_mean_sea_level,MODEL_WET_GRID_NODE,,2026-10-07T00:00:00+00:00,2026-10-07T06:31:11.819952+00:00,2026-10-07T06:31:11.819952+00:00,UTC,2026-10-06T21:00:00+00:00,forecast,3,https://opendap.co-ops.nos.noaa.gov/thredds/dodsC/NOAA/NGOFS2/MODELS/2026/10/06/ngofs2.t21z.20261006.regulargrid.f003.nc,0.0,a35efafd89c8c60821aa7c6740a638843fb330aba7b5d73879f8854f4678c3d5,ngofs2_regulargrid_v1
noaa_ngofs2_mobile_bay_regulargrid,MODEL,ngofs2_grid_873_995,noaa_ngofs2_mobile_bay_model,Battles Wharf,0.25,30.5,-87.92999999999999,1.5247603851571427,eastward_current,-0.034387774765491486,m/s,surface,0.0,standard_depth_positive_down,model_grid_or_not_applicable,MODEL_WET_GRID_NODE,,2026-10-07T00:00:00+00:00,2026-10-07T06:31:11.819952+00:00,2026-10-07T06:31:11.819952+00:00,UTC,2026-10-06T21:00:00+00:00,forecast,3,https://opendap.co-ops.nos.noaa.gov/thredds/dodsC/NOAA/NGOFS2/MODELS/2026/10/06/ngofs2.t21z.20261006.regulargrid.f003.nc,0.0,a35efafd89c8c60821aa7c6740a638843fb330aba7b5d73879f8854f4678c3d5,ngofs2_regulargrid_v1
noaa_ngofs2_mobile_bay_regulargrid,MODEL,ngofs2_grid_873_995,noaa_ngofs2_mobile_bay_model,Battles Wharf,0.25,30.5,-87.92999999999999,1.5247603851571427,northward_current,-0.054769132286310196,m/s,surface,0.0,standard_depth_positive_down,model_grid_or_not_applicable,MODEL_WET_GRID_NODE,,2026-10-07T00:00:00+00:00,2026-10-07T06:31:11.819952+00:00,2026-10-07T06:31:11.819952+00:00,UTC,2026-10-06T21:00:00+00:00,forecast,3,https://opendap.co-ops.nos.noaa.gov/thredds/dodsC/NOAA/NGOFS2/MODELS/2026/10/06/ngofs2.t21z.20261006.regulargrid.f003.nc,0.0,a35efafd89c8c60821aa7c6740a638843fb330aba7b5d73879f8854f4678c3d5,ngofs2_regulargrid_v1
noaa_ngofs2_mobile_bay_regulargrid,MODEL,ngofs2_grid_873_995,noaa_ngofs2_mobile_bay_model,Battles Wharf,0.25,30.5,-87.92999999999999,1.5247603851571427,shoreward_current,-0.034387774765491486,m/s,surface,0.0,standard_depth_positive_down,model_grid_or_not_applicable,MODEL_WET_GRID_NODE,,2026-10-07T00:00:00+00:00,2026-10-07T06:31:11.819952+00:00,2026-10-07T06:31:11.819952+00:00,UTC,2026-10-06T21:00:00+00:00,forecast,3,https://opendap.co-ops.nos.noaa.gov/thredds/dodsC/NOAA/NGOFS2/MODELS/2026/10/06/ngofs2.t21z.20261006.regulargrid.f003.nc,0.0,a35efafd89c8c60821aa7c6740a638843fb330aba7b5d73879f8854f4678c3d5,ngofs2_regulargrid_v1
noaa_ngofs2_mobile_bay_regulargrid,MODEL,ngofs2_grid_873_995,noaa_ngofs2_mobile_bay_model,Battles Wharf,0.25,30.5,-87.92999999999999,1.5247603851571427,water_temperature,29.385986328125,degC,surface,0.0,standard_depth_positive_down,model_grid_or_not_applicable,MODEL_WET_GRID_NODE,,2026-10-07T00:00:00+00:00,2026-10-07T06:31:11.819952+00:00,2026-10-07T06:31:11.819952+00:00,UTC,2026-10-06T21:00:00+00:00,forecast,3,https://opendap.co-ops.nos.noaa.gov/thredds/dodsC/NOAA/NGOFS2/MODELS/2026/10/06/ngofs2.t21z.20261006.regulargrid.f003.nc,0.0,a35efafd89c8c60821aa7c6740a638843fb330aba7b5d73879f8854f4678c3d5,ngofs2_regulargrid_v1
noaa_ngofs2_mobile_bay_regulargrid,MODEL,ngofs2_grid_873_995,noaa_ngofs2_mobile_bay_model,Battles Wharf,0.25,30.5,-87.92999999999999,1.5247603851571427,salinity,14.19963550567627,PSU,surface,0.0,standard_depth_positive_down,model_grid_or_not_applicable,MODEL_WET_GRID_NODE,,2026-10-07T00:00:00+00:00,2026-10-07T06:31:11.819952+00:00,2026-10-07T06:31:11.819952+00:00,UTC,2026-10-06T21:00:00+00:00,forecast,3,https://opendap.co-ops.nos.noaa.gov/thredds/dodsC/NOAA/NGOFS2/MODELS/2026/10/06/ngofs2.t21z.20261006.regulargrid.f003.nc,0.0,a35efafd89c8c60821aa7c6740a638843fb330aba7b5d73879f8854f4678c3d5,ngofs2_regulargrid_v1
noaa_ngofs2_mobile_bay_regulargrid,MODEL,ngofs2_grid_873_995,noaa_ngofs2_mobile_bay_model,Battles Wharf,0.25,30.5,-87.92999999999999,1.5247603851571427,eastward_current,-0.016865961253643036,m/s,bottom,1.0,standard_depth_positive_down,model_grid_or_not_applicable,MODEL_WET_GRID_NODE,,2026-10-07T00:00:00+00:00,2026-10-07T06:31:11.819952+00:00,2026-10-07T06:31:11.819952+00:00,UTC,2026-10-06T21:00:00+00:00,forecast,3,https://opendap.co-ops.nos.noaa.gov/thredds/dodsC/NOAA/NGOFS2/MODELS/2026/10/06/ngofs2.t21z.20261006.regulargrid.f003.nc,0.0,a35efafd89c8c60821aa7c6740a638843fb330aba7b5d73879f8854f4678c3d5,ngofs2_regulargrid_v1
noaa_ngofs2_mobile_bay_regulargrid,MODEL,ngofs2_grid_873_995,noaa_ngofs2_mobile_bay_model,Battles Wharf,0.25,30.5,-87.92999999999999,1.5247603851571427,northward_current,-0.04090338200330734,m/s,bottom,1.0,standard_depth_positive_down,model_grid_or_not_applicable,MODEL_WET_GRID_NODE,,2026-10-07T00:00:00+00:00,2026-10-07T06:31:11.819952+00:00,2026-10-07T06:31:11.819952+00:00,UTC,2026-10-06T21:00:00+00:00,forecast,3,https://opendap.co-ops.nos.noaa.gov/thredds/dodsC/NOAA/NGOFS2/MODELS/2026/10/06/ngofs2.t21z.20261006.regulargrid.f003.nc,0.0,a35efafd89c8c60821aa7c6740a638843fb330aba7b5d73879f8854f4678c3d5,ngofs2_regulargrid_v1
noaa_ngofs2_mobile_bay_regulargrid,MODEL,ngofs2_grid_873_995,noaa_ngofs2_mobile_bay_model,Battles Wharf,0.25,30.5,-87.92999999999999,1.5247603851571427,shoreward_current,-0.01686596125364304,m/s,bottom,1.0,standard_depth_positive_down,model_grid_or_not_applicable,MODEL_WET_GRID_NODE,,2026-10-07T00:00:00+00:00,2026-10-07T06:31:11.819952+00:00,2026-10-07T06:31:11.819952+00:00,UTC,2026-10-06T21:00:00+00:00,forecast,3,https://opendap.co-ops.nos.noaa.gov/thredds/dodsC/NOAA/NGOFS2/MODELS/2026/10/06/ngofs2.t21z.20261006.regulargrid.f003.nc,0.0,a35efafd89c8c60821aa7c6740a638843fb330aba7b5d73879f8854f4678c3d5,ngofs2_regulargrid_v1
noaa_ngofs2_mobile_bay_regulargrid,MODEL,ngofs2_grid_873_995,noaa_ngofs2_mobile_bay_model,Battles Wharf,0.25,30.5,-87.92999999999999,1.5247603851571427,water_temperature,29.415782928466797,degC,bottom,1.0,standard_depth_positive_down,model_grid_or_not_applicable,MODEL_WET_GRID_NODE,,2026-10-07T00:00:00+00:00,2026-10-07T06:31:11.819952+00:00,2026-10-07T06:31:11.819952+00:00,UTC,2026-10-06T21:00:00+00:00,forecast,3,https://opendap.co-ops.nos.noaa.gov/thredds/dodsC/NOAA/NGOFS2/MODELS/2026/10/06/ngofs2.t21z.20261006.regulargrid.f003.nc,0.0,a35efafd89c8c60821aa7c6740a638843fb330aba7b5d73879f8854f4678c3d5,ngofs2_regulargrid_v1
noaa_ngofs2_mobile_bay_regulargrid,MODEL,ngofs2_grid_873_995,noaa_ngofs2_mobile_bay_model,Battles Wharf,0.25,30.5,-87.92999999999999,1.5247603851571427,salinity,14.2003173828125,PSU,bottom,1.0,standard_depth_positive_down,model_grid_or_not_applicable,MODEL_WET_GRID_NODE,,2026-10-07T00:00:00+00:00,2026-10-07T06:31:11.819952+00:00,2026-10-07T06:31:11.819952+00:00,UTC,2026-10-06T21:00:00+00:00,forecast,3,https://opendap.co-ops.nos.noaa.gov/thredds/dodsC/NOAA/NGOFS2/MODELS/2026/10/06/ngofs2.t21z.20261006.regulargrid.f003.nc,0.0,a35efafd89c8c60821aa7c6740a638843fb330aba7b5d73879f8854f4678c3d5,ngofs2_regulargrid_v1
noaa_ngofs2_mobile_bay_regulargrid,MODEL,ngofs2_grid_873_995,noaa_ngofs2_mobile_bay_model,Battles Wharf,0.25,30.5,-87.92999999999999,1.5247603851571427,water_surface_elevation,0.07125844061374664,m,surface,0.0,surface,model_mean_sea_level,MODEL_WET_GRID_NODE,,2026-10-07T00:00:00+00:00,2026-10-07T06:31:11.819952+00:00,2026-10-07T06:31:11.819952+00:00,UTC,2026-10-06T21:00:00+00:00,forecast,3,https://opendap.co-ops.nos.noaa.gov/thredds/dodsC/NOAA/NGOFS2/MODELS/2026/10/06/ngofs2.t21z.20261006.regulargrid.f003.nc,0.0,a35efafd89c8c60821aa7c6740a638843fb330aba7b5d73879f8854f4678c3d5,ngofs2_regulargrid_v1
noaa_ngofs2_mobile_bay_regulargrid,MODEL,ngofs2_grid_872_994,noaa_ngofs2_mobile_bay_model,Battles Wharf,0.75,30.490000000000002,-87.94,1.9933871290190823,eastward_current,-0.04922366514801979,m/s,surface,0.0,standard_depth_positive_down,model_grid_or_not_applicable,MODEL_WET_GRID_NODE,,2026-10-07T00:00:00+00:00,2026-10-07T06:31:11.819952+00:00,2026-10-07T06:31:11.819952+00:00,UTC,2026-10-06T21:00:00+00:00,forecast,3,https://opendap.co-ops.nos.noaa.gov/thredds/dodsC/NOAA/NGOFS2/MODELS/2026/10/06/ngofs2.t21z.20261006.regulargrid.f003.nc,0.0,a35efafd89c8c60821aa7c6740a638843fb330aba7b5d73879f8854f4678c3d5,ngofs2_regulargrid_v1
noaa_ngofs2_mobile_bay_regulargrid,MODEL,ngofs2_grid_872_994,noaa_ngofs2_mobile_bay_model,Battles Wharf,0.75,30.490000000000002,-87.94,1.9933871290190823,northward_current,-0.03851642459630966,m/s,surface,0.0,standard_depth_positive_down,model_grid_or_not_applicable,MODEL_WET_GRID_NODE,,2026-10-07T00:00:00+00:00,2026-10-07T06:31:11.819952+00:00,2026-10-07T06:31:11.819952+00:00,UTC,2026-10-06T21:00:00+00:00,forecast,3,https://opendap.co-ops.nos.noaa.gov/thredds/dodsC/NOAA/NGOFS2/MODELS/2026/10/06/ngofs2.t21z.20261006.regulargrid.f003.nc,0.0,a35efafd89c8c60821aa7c6740a638843fb330aba7b5d73879f8854f4678c3d5,ngofs2_regulargrid_v1
noaa_ngofs2_mobile_bay_regulargrid,MODEL,ngofs2_grid_872_994,noaa_ngofs2_mobile_bay_model,Battles Wharf,0.75,30.490000000000002,-87.94,1.9933871290190823,shoreward_current,-0.04922366514801979,m/s,surface,0.0,standard_depth_positive_down,model_grid_or_not_applicable,MODEL_WET_GRID_NODE,,2026-10-07T00:00:00+00:00,2026-10-07T06:31:11.819952+00:00,2026-10-07T06:31:11.819952+00:00,UTC,2026-10-06T21:00:00+00:00,forecast,3,https://opendap.co-ops.nos.noaa.gov/thredds/dodsC/NOAA/NGOFS2/MODELS/2026/10/06/ngofs2.t21z.20261006.regulargrid.f003.nc,0.0,a35efafd89c8c60821aa7c6740a638843fb330aba7b5d73879f8854f4678c3d5,ngofs2_regulargrid_v1
noaa_ngofs2_mobile_bay_regulargrid,MODEL,ngofs2_grid_872_994,noaa_ngofs2_mobile_bay_model,Battles Wharf,0.75,30.490000000000002,-87.94,1.9933871290190823,water_temperature,29.388113021850586,degC,surface,0.0,standard_depth_positive_down,model_grid_or_not_applicable,MODEL_WET_GRID_NODE,,2026-10-07T00:00:00+00:00,2026-10-07T06:31:11.819952+00:00,2026-10-07T06:31:11.819952+00:00,UTC,2026-10-06T21:00:00+00:00,forecast,3,https://opendap.co-ops.nos.noaa.gov/thredds/dodsC/NOAA/NGOFS2/MODELS/2026/10/06/ngofs2.t21z.20261006.regulargrid.f003.nc,0.0,a35efafd89c8c60821aa7c6740a638843fb330aba7b5d73879f8854f4678c3d5,ngofs2_regulargrid_v1
noaa_ngofs2_mobile_bay_regulargrid,MODEL,ngofs2_grid_872_994,noaa_ngofs2_mobile_bay_model,Battles Wharf,0.75,30.490000000000002,-87.94,1.9933871290190823,salinity,14.603174209594727,PSU,surface,0.0,standard_depth_positive_down,model_grid_or_not_applicable,MODEL_WET_GRID_NODE,,2026-10-07T00:00:00+00:00,2026-10-07T06:31:11.819952+00:00,2026-10-07T06:31:11.819952+00:00,UTC,2026-10-06T21:00:00+00:00,forecast,3,https://opendap.co-ops.nos.noaa.gov/thredds/dodsC/NOAA/NGOFS2/MODELS/2026/10/06/ngofs2.t21z.20261006.regulargrid.f003.nc,0.0,a35efafd89c8c60821aa7c6740a638843fb330aba7b5d73879f8854f4678c3d5,ngofs2_regulargrid_v1
noaa_ngofs2_mobile_bay_regulargrid,MODEL,ngofs2_grid_872_994,noaa_ngofs2_mobile_bay_model,Battles Wharf,0.75,30.490000000000002,-87.94,1.9933871290190823,eastward_current,-0.032911159098148346,m/s,bottom,1.0,standard_depth_positive_down,model_grid_or_not_applicable,MODEL_WET_GRID_NODE,,2026-10-07T00:00:00+00:00,2026-10-07T06:31:11.819952+00:00,2026-10-07T06:31:11.819952+00:00,UTC,2026-10-06T21:00:00+00:00,forecast,3,https://opendap.co-ops.nos.noaa.gov/thredds/dodsC/NOAA/NGOFS2/MODELS/2026/10/06/ngofs2.t21z.20261006.regulargrid.f003.nc,0.0,a35efafd89c8c60821aa7c6740a638843fb330aba7b5d73879f8854f4678c3d5,ngofs2_regulargrid_v1
noaa_ngofs2_mobile_bay_regulargrid,MODEL,ngofs2_grid_872_994,noaa_ngofs2_mobile_bay_model,Battles Wharf,0.75,30.490000000000002,-87.94,1.9933871290190823,northward_current,-0.03087066300213337,m/s,bottom,1.0,standard_depth_positive_down,model_grid_or_not_applicable,MODEL_WET_GRID_NODE,,2026-10-07T00:00:00+00:00,2026-10-07T06:31:11.819952+00:00,2026-10-07T06:31:11.819952+00:00,UTC,2026-10-06T21:00:00+00:00,forecast,3,https://opendap.co-ops.nos.noaa.gov/thredds/dodsC/NOAA/NGOFS2/MODELS/2026/10/06/ngofs2.t21z.20261006.regulargrid.f003.nc,0.0,a35efafd89c8c60821aa7c6740a638843fb330aba7b5d73879f8854f4678c3d5,ngofs2_regulargrid_v1
noaa_ngofs2_mobile_bay_regulargrid,MODEL,ngofs2_grid_872_994,noaa_ngofs2_mobile_bay_model,Battles Wharf,0.75,30.490000000000002,-87.94,1.9933871290190823,shoreward_current,-0.032911159098148346,m/s,bottom,1.0,standard_depth_positive_down,model_grid_or_not_applicable,MODEL_WET_GRID_NODE,,2026-10-07T00:00:00+00:00,2026-10-07T06:31:11.819952+00:00,2026-10-07T06:31:11.819952+00:00,UTC,2026-10-06T21:00:00+00:00,forecast,3,https://opendap.co-ops.nos.noaa.gov/thredds/dodsC/NOAA/NGOFS2/MODELS/2026/10/06/ngofs2.t21z.20261006.regulargrid.f003.nc,0.0,a35efafd89c8c60821aa7c6740a638843fb330aba7b5d73879f8854f4678c3d5,ngofs2_regulargrid_v1
noaa_ngofs2_mobile_bay_regulargrid,MODEL,ngofs2_grid_872_994,noaa_ngofs2_mobile_bay_model,Battles Wharf,0.75,30.490000000000002,-87.94,1.9933871290190823,water_temperature,29.436119079589844,degC,bottom,1.0,standard_depth_positive_down,model_grid_or_not_applicable,MODEL_WET_GRID_NODE,,2026-10-07T00:00:00+00:00,2026-10-07T06:31:11.819952+00:00,2026-10-07T06:31:11.819952+00:00,UTC,2026-10-06T21:00:00+00:00,forecast,3,https://opendap.co-ops.nos.noaa.gov/thredds/dodsC/NOAA/NGOFS2/MODELS/2026/10/06/ngofs2.t21z.20261006.regulargrid.f003.nc,0.0,a35efafd89c8c60821aa7c6740a638843fb330aba7b5d73879f8854f4678c3d5,ngofs2_regulargrid_v1
noaa_ngofs2_mobile_bay_regulargrid,MODEL,ngofs2_grid_872_994,noaa_ngofs2_mobile_bay_model,Battles Wharf,0.75,30.490000000000002,-87.94,1.9933871290190823,salinity,14.70230770111084,PSU,bottom,1.0,standard_depth_positive_down,model_grid_or_not_applicable,MODEL_WET_GRID_NODE,,2026-10-07T00:00:00+00:00,2026-10-07T06:31:11.819952+00:00,2026-10-07T06:31:11.819952+00:00,UTC,2026-10-06T21:00:00+00:00,forecast,3,https://opendap.co-ops.nos.noaa.gov/thredds/dodsC/NOAA/NGOFS2/MODELS/2026/10/06/ngofs2.t21z.20261006.regulargrid.f003.nc,0.0,a35efafd89c8c60821aa7c6740a638843fb330aba7b5d73879f8854f4678c3d5,ngofs2_regulargrid_v1
noaa_ngofs2_mobile_bay_regulargrid,MODEL,ngofs2_grid_872_994,noaa_ngofs2_mobile_bay_model,Battles Wharf,0.75,30.490000000000002,-87.94,1.9933871290190823,water_surface_elevation,0.07339338213205338,m,surface,0.0,surface,model_mean_sea_level,MODEL_WET_GRID_NODE,,2026-10-07T00:00:00+00:00,2026-10-07T06:31:11.819952+00:00,2026-10-07T06:31:11.819952+00:00,UTC,2026-10-06T21:00:00+00:00,forecast,3,https://opendap.co-ops.nos.noaa.gov/thredds/dodsC/NOAA/NGOFS2/MODELS/2026/10/06/ngofs2.t21z.20261006.regulargrid.f003.nc,0.0,a35efafd89c8c60821aa7c6740a638843fb330aba7b5d73879f8854f4678c3d5,ngofs2_regulargrid_v1
noaa_ngofs2_mobile_bay_regulargrid,MODEL,ngofs2_grid_873_994,noaa_ngofs2_mobile_bay_model,Battles Wharf,1.5,30.5,-87.94,2.0816017084332157,eastward_current,-0.055961716920137405,m/s,surface,0.0,standard_depth_positive_down,model_grid_or_not_applicable,MODEL_WET_GRID_NODE,,2026-10-07T00:00:00+00:00,2026-10-07T06:31:11.819952+00:00,2026-10-07T06:31:11.819952+00:00,UTC,2026-10-06T21:00:00+00:00,forecast,3,https://opendap.co-ops.nos.noaa.gov/thredds/dodsC/NOAA/NGOFS2/MODELS/2026/10/06/ngofs2.t21z.20261006.regulargrid.f003.nc,0.0,a35efafd89c8c60821aa7c6740a638843fb330aba7b5d73879f8854f4678c3d5,ngofs2_regulargrid_v1
noaa_ngofs2_mobile_bay_regulargrid,MODEL,ngofs2_grid_873_994,noaa_ngofs2_mobile_bay_model,Battles Wharf,1.5,30.5,-87.94,2.0816017084332157,northward_current,-0.04549514129757881,m/s,surface,0.0,standard_depth_positive_down,model_grid_or_not_applicable,MODEL_WET_GRID_NODE,,2026-10-07T00:00:00+00:00,2026-10-07T06:31:11.819952+00:00,2026-10-07T06:31:11.819952+00:00,UTC,2026-10-06T21:00:00+00:00,forecast,3,https://opendap.co-ops.nos.noaa.gov/thredds/dodsC/NOAA/NGOFS2/MODELS/2026/10/06/ngofs2.t21z.20261006.regulargrid.f003.nc,0.0,a35efafd89c8c60821aa7c6740a638843fb330aba7b5d73879f8854f4678c3d5,ngofs2_regulargrid_v1
noaa_ngofs2_mobile_bay_regulargrid,MODEL,ngofs2_grid_873_994,noaa_ngofs2_mobile_bay_model,Battles Wharf,1.5,30.5,-87.94,2.0816017084332157,shoreward_current,-0.055961716920137405,m/s,surface,0.0,standard_depth_positive_down,model_grid_or_not_applicable,MODEL_WET_GRID_NODE,,2026-10-07T00:00:00+00:00,2026-10-07T06:31:11.819952+00:00,2026-10-07T06:31:11.819952+00:00,UTC,2026-10-06T21:00:00+00:00,forecast,3,https://opendap.co-ops.nos.noaa.gov/thredds/dodsC/NOAA/NGOFS2/MODELS/2026/10/06/ngofs2.t21z.20261006.regulargrid.f003.nc,0.0,a35efafd89c8c60821aa7c6740a638843fb330aba7b5d73879f8854f4678c3d5,ngofs2_regulargrid_v1
noaa_ngofs2_mobile_bay_regulargrid,MODEL,ngofs2_grid_873_994,noaa_ngofs2_mobile_bay_model,Battles Wharf,1.5,30.5,-87.94,2.0816017084332157,water_temperature,29.451339721679688,degC,surface,0.0,standard_depth_positive_down,model_grid_or_not_applicable,MODEL_WET_GRID_NODE,,2026-10-07T00:00:00+00:00,2026-10-07T06:31:11.819952+00:00,2026-10-07T06:31:11.819952+00:00,UTC,2026-10-06T21:00:00+00:00,forecast,3,https://opendap.co-ops.nos.noaa.gov/thredds/dodsC/NOAA/NGOFS2/MODELS/2026/10/06/ngofs2.t21z.20261006.regulargrid.f003.nc,0.0,a35efafd89c8c60821aa7c6740a638843fb330aba7b5d73879f8854f4678c3d5,ngofs2_regulargrid_v1
noaa_ngofs2_mobile_bay_regulargrid,MODEL,ngofs2_grid_873_994,noaa_ngofs2_mobile_bay_model,Battles Wharf,1.5,30.5,-87.94,2.0816017084332157,salinity,15.05903434753418,PSU,surface,0.0,standard_depth_positive_down,model_grid_or_not_applicable,MODEL_WET_GRID_NODE,,2026-10-07T00:00:00+00:00,2026-10-07T06:31:11.819952+00:00,2026-10-07T06:31:11.819952+00:00,UTC,2026-10-06T21:00:00+00:00,forecast,3,https://opendap.co-ops.nos.noaa.gov/thredds/dodsC/NOAA/NGOFS2/MODELS/2026/10/06/ngofs2.t21z.20261006.regulargrid.f003.nc,0.0,a35efafd89c8c60821aa7c6740a638843fb330aba7b5d73879f8854f4678c3d5,ngofs2_regulargrid_v1
noaa_ngofs2_mobile_bay_regulargrid,MODEL,ngofs2_grid_873_994,noaa_ngofs2_mobile_bay_model,Battles Wharf,1.5,30.5,-87.94,2.0816017084332157,eastward_current,0.022430524230003357,m/s,bottom,2.0,standard_depth_positive_down,model_grid_or_not_applicable,MODEL_WET_GRID_NODE,,2026-10-07T00:00:00+00:00,2026-10-07T06:31:11.819952+00:00,2026-10-07T06:31:11.819952+00:00,UTC,2026-10-06T21:00:00+00:00,forecast,3,https://opendap.co-ops.nos.noaa.gov/thredds/dodsC/NOAA/NGOFS2/MODELS/2026/10/06/ngofs2.t21z.20261006.regulargrid.f003.nc,0.0,a35efafd89c8c60821aa7c6740a638843fb330aba7b5d73879f8854f4678c3d5,ngofs2_regulargrid_v1
noaa_ngofs2_mobile_bay_regulargrid,MODEL,ngofs2_grid_873_994,noaa_ngofs2_mobile_bay_model,Battles Wharf,1.5,30.5,-87.94,2.0816017084332157,northward_current,-0.0016562837408855557,m/s,bottom,2.0,standard_depth_positive_down,model_grid_or_not_applicable,MODEL_WET_GRID_NODE,,2026-10-07T00:00:00+00:00,2026-10-07T06:31:11.819952+00:00,2026-10-07T06:31:11.819952+00:00,UTC,2026-10-06T21:00:00+00:00,forecast,3,https://opendap.co-ops.nos.noaa.gov/thredds/dodsC/NOAA/NGOFS2/MODELS/2026/10/06/ngofs2.t21z.20261006.regulargrid.f003.nc,0.0,a35efafd89c8c60821aa7c6740a638843fb330aba7b5d73879f8854f4678c3d5,ngofs2_regulargrid_v1
noaa_ngofs2_mobile_bay_regulargrid,MODEL,ngofs2_grid_873_994,noaa_ngofs2_mobile_bay_model,Battles Wharf,1.5,30.5,-87.94,2.0816017084332157,shoreward_current,0.022430524230003357,m/s,bottom,2.0,standard_depth_positive_down,model_grid_or_not_applicable,MODEL_WET_GRID_NODE,,2026-10-07T00:00:00+00:00,2026-10-07T06:31:11.819952+00:00,2026-10-07T06:31:11.819952+00:00,UTC,2026-10-06T21:00:00+00:00,forecast,3,https://opendap.co-ops.nos.noaa.gov/thredds/dodsC/NOAA/NGOFS2/MODELS/2026/10/06/ngofs2.t21z.20261006.regulargrid.f003.nc,0.0,a35efafd89c8c60821aa7c6740a638843fb330aba7b5d73879f8854f4678c3d5,ngofs2_regulargrid_v1
noaa_ngofs2_mobile_bay_regulargrid,MODEL,ngofs2_grid_873_994,noaa_ngofs2_mobile_bay_model,Battles Wharf,1.5,30.5,-87.94,2.0816017084332157,water_temperature,29.693408966064453,degC,bottom,2.0,standard_depth_positive_down,model_grid_or_not_applicable,MODEL_WET_GRID_NODE,,2026-10-07T00:00:00+00:00,2026-10-07T06:31:11.819952+00:00,2026-10-07T06:31:11.819952+00:00,UTC,2026-10-06T21:00:00+00:00,forecast,3,https://opendap.co-ops.nos.noaa.gov/thredds/dodsC/NOAA/NGOFS2/MODELS/2026/10/06/ngofs2.t21z.20261006.regulargrid.f003.nc,0.0,a35efafd89c8c60821aa7c6740a638843fb330aba7b5d73879f8854f4678c3d5,ngofs2_regulargrid_v1
noaa_ngofs2_mobile_bay_regulargrid,MODEL,ngofs2_grid_873_994,noaa_ngofs2_mobile_bay_model,Battles Wharf,1.5,30.5,-87.94,2.0816017084332157,salinity,15.787012100219727,PSU,bottom,2.0,standard_depth_positive_down,model_grid_or_not_applicable,MODEL_WET_GRID_NODE,,2026-10-07T00:00:00+00:00,2026-10-07T06:31:11.819952+00:00,2026-10-07T06:31:11.819952+00:00,UTC,2026-10-06T21:00:00+00:00,forecast,3,https://opendap.co-ops.nos.noaa.gov/thredds/dodsC/NOAA/NGOFS2/MODELS/2026/10/06/ngofs2.t21z.20261006.regulargrid.f003.nc,0.0,a35efafd89c8c60821aa7c6740a638843fb330aba7b5d73879f8854f4678c3d5,ngofs2_regulargrid_v1
noaa_ngofs2_mobile_bay_regulargrid,MODEL,ngofs2_grid_873_994,noaa_ngofs2_mobile_bay_model,Battles Wharf,1.5,30.5,-87.94,2.0816017084332157,water_surface_elevation,0.07210567593574524,m,surface,0.0,surface,model_mean_sea_level,MODEL_WET_GRID_NODE,,2026-10-07T00:00:00+00:00,2026-10-07T06:31:11.819952+00:00,2026-10-07T06:31:11.819952+00:00,UTC,2026-10-06T21:00:00+00:00,forecast,3,https://opendap.co-ops.nos.noaa.gov/thredds/dodsC/NOAA/NGOFS2/MODELS/2026/10/06/ngofs2.t21z.20261006.regulargrid.f003.nc,0.0,a35efafd89c8c60821aa7c6740a638843fb330aba7b5d73879f8854f4678c3d5,ngofs2_regulargrid_v1
noaa_ngofs2_mobile_bay_regulargrid,MODEL,ngofs2_grid_872_992,noaa_ngofs2_mobile_bay_model,Battles Wharf,3.0,30.490000000000002,-87.96,3.4602185355355095,eastward_current,-0.07334224134683609,m/s,surface,0.0,standard_depth_positive_down,model_grid_or_not_applicable,MODEL_WET_GRID_NODE,,2026-10-07T00:00:00+00:00,2026-10-07T06:31:11.819952+00:00,2026-10-07T06:31:11.819952+00:00,UTC,2026-10-06T21:00:00+00:00,forecast,3,https://opendap.co-ops.nos.noaa.gov/thredds/dodsC/NOAA/NGOFS2/MODELS/2026/10/06/ngofs2.t21z.20261006.regulargrid.f003.nc,0.0,a35efafd89c8c60821aa7c6740a638843fb330aba7b5d73879f8854f4678c3d5,ngofs2_regulargrid_v1
noaa_ngofs2_mobile_bay_regulargrid,MODEL,ngofs2_grid_872_992,noaa_ngofs2_mobile_bay_model,Battles Wharf,3.0,30.490000000000002,-87.96,3.4602185355355095,northward_current,-0.06452761590480804,m/s,surface,0.0,standard_depth_positive_down,model_grid_or_not_applicable,MODEL_WET_GRID_NODE,,2026-10-07T00:00:00+00:00,2026-10-07T06:31:11.819952+00:00,2026-10-07T06:31:11.819952+00:00,UTC,2026-10-06T21:00:00+00:00,forecast,3,https://opendap.co-ops.nos.noaa.gov/thredds/dodsC/NOAA/NGOFS2/MODELS/2026/10/06/ngofs2.t21z.20261006.regulargrid.f003.nc,0.0,a35efafd89c8c60821aa7c6740a638843fb330aba7b5d73879f8854f4678c3d5,ngofs2_regulargrid_v1
noaa_ngofs2_mobile_bay_regulargrid,MODEL,ngofs2_grid_872_992,noaa_ngofs2_mobile_bay_model,Battles Wharf,3.0,30.490000000000002,-87.96,3.4602185355355095,shoreward_current,-0.07334224134683609,m/s,surface,0.0,standard_depth_positive_down,model_grid_or_not_applicable,MODEL_WET_GRID_NODE,,2026-10-07T00:00:00+00:00,2026-10-07T06:31:11.819952+00:00,2026-10-07T06:31:11.819952+00:00,UTC,2026-10-06T21:00:00+00:00,forecast,3,https://opendap.co-ops.nos.noaa.gov/thredds/dodsC/NOAA/NGOFS2/MODELS/2026/10/06/ngofs2.t21z.20261006.regulargrid.f003.nc,0.0,a35efafd89c8c60821aa7c6740a638843fb330aba7b5d73879f8854f4678c3d5,ngofs2_regulargrid_v1
noaa_ngofs2_mobile_bay_regulargrid,MODEL,ngofs2_grid_872_992,noaa_ngofs2_mobile_bay_model,Battles Wharf,3.0,30.490000000000002,-87.96,3.4602185355355095,water_temperature,29.350059509277344,degC,surface,0.0,standard_depth_positive_down,model_grid_or_not_applicable,MODEL_WET_GRID_NODE,,2026-10-07T00:00:00+00:00,2026-10-07T06:31:11.819952+00:00,2026-10-07T06:31:11.819952+00:00,UTC,2026-10-06T21:00:00+00:00,forecast,3,https://opendap.co-ops.nos.noaa.gov/thredds/dodsC/NOAA/NGOFS2/MODELS/2026/10/06/ngofs2.t21z.20261006.regulargrid.f003.nc,0.0,a35efafd89c8c60821aa7c6740a638843fb330aba7b5d73879f8854f4678c3d5,ngofs2_regulargrid_v1
noaa_ngofs2_mobile_bay_regulargrid,MODEL,ngofs2_grid_872_992,noaa_ngofs2_mobile_bay_model,Battles Wharf,3.0,30.490000000000002,-87.96,3.4602185355355095,salinity,15.906537055969238,PSU,surface,0.0,standard_depth_positive_down,model_grid_or_not_applicable,MODEL_WET_GRID_NODE,,2026-10-07T00:00:00+00:00,2026-10-07T06:31:11.819952+00:00,2026-10-07T06:31:11.819952+00:00,UTC,2026-10-06T21:00:00+00:00,forecast,3,https://opendap.co-ops.nos.noaa.gov/thredds/dodsC/NOAA/NGOFS2/MODELS/2026/10/06/ngofs2.t21z.20261006.regulargrid.f003.nc,0.0,a35efafd89c8c60821aa7c6740a638843fb330aba7b5d73879f8854f4678c3d5,ngofs2_regulargrid_v1
noaa_ngofs2_mobile_bay_regulargrid,MODEL,ngofs2_grid_872_992,noaa_ngofs2_mobile_bay_model,Battles Wharf,3.0,30.490000000000002,-87.96,3.4602185355355095,eastward_current,-0.0013503407826647162,m/s,bottom,2.0,standard_depth_positive_down,model_grid_or_not_applicable,MODEL_WET_GRID_NODE,,2026-10-07T00:00:00+00:00,2026-10-07T06:31:11.819952+00:00,2026-10-07T06:31:11.819952+00:00,UTC,2026-10-06T21:00:00+00:00,forecast,3,https://opendap.co-ops.nos.noaa.gov/thredds/dodsC/NOAA/NGOFS2/MODELS/2026/10/06/ngofs2.t21z.20261006.regulargrid.f003.nc,0.0,a35efafd89c8c60821aa7c6740a638843fb330aba7b5d73879f8854f4678c3d5,ngofs2_regulargrid_v1
noaa_ngofs2_mobile_bay_regulargrid,MODEL,ngofs2_grid_872_992,noaa_ngofs2_mobile_bay_model,Battles Wharf,3.0,30.490000000000002,-87.96,3.4602185355355095,northward_current,-0.023813888430595398,m/s,bottom,2.0,standard_depth_positive_down,model_grid_or_not_applicable,MODEL_WET_GRID_NODE,,2026-10-07T00:00:00+00:00,2026-10-07T06:31:11.819952+00:00,2026-10-07T06:31:11.819952+00:00,UTC,2026-10-06T21:00:00+00:00,forecast,3,https://opendap.co-ops.nos.noaa.gov/thredds/dodsC/NOAA/NGOFS2/MODELS/2026/10/06/ngofs2.t21z.20261006.regulargrid.f003.nc,0.0,a35efafd89c8c60821aa7c6740a638843fb330aba7b5d73879f8854f4678c3d5,ngofs2_regulargrid_v1
noaa_ngofs2_mobile_bay_regulargrid,MODEL,ngofs2_grid_872_992,noaa_ngofs2_mobile_bay_model,Battles Wharf,3.0,30.490000000000002,-87.96,3.4602185355355095,shoreward_current,-0.0013503407826647178,m/s,bottom,2.0,standard_depth_positive_down,model_grid_or_not_applicable,MODEL_WET_GRID_NODE,,2026-10-07T00:00:00+00:00,2026-10-07T06:31:11.819952+00:00,2026-10-07T06:31:11.819952+00:00,UTC,2026-10-06T21:00:00+00:00,forecast,3,https://opendap.co-ops.nos.noaa.gov/thredds/dodsC/NOAA/NGOFS2/MODELS/2026/10/06/ngofs2.t21z.20261006.regulargrid.f003.nc,0.0,a35efafd89c8c60821aa7c6740a638843fb330aba7b5d73879f8854f4678c3d5,ngofs2_regulargrid_v1
noaa_ngofs2_mobile_bay_regulargrid,MODEL,ngofs2_grid_872_992,noaa_ngofs2_mobile_bay_model,Battles Wharf,3.0,30.490000000000002,-87.96,3.4602185355355095,water_temperature,29.425065994262695,degC,bottom,2.0,standard_depth_positive_down,model_grid_or_not_applicable,MODEL_WET_GRID_NODE,,2026-10-07T00:00:00+00:00,2026-10-07T06:31:11.819952+00:00,2026-10-07T06:31:11.819952+00:00,UTC,2026-10-06T21:00:00+00:00,forecast,3,https://opendap.co-ops.nos.noaa.gov/thredds/dodsC/NOAA/NGOFS2/MODELS/2026/10/06/ngofs2.t21z.20261006.regulargrid.f003.nc,0.0,a35efafd89c8c60821aa7c6740a638843fb330aba7b5d73879f8854f4678c3d5,ngofs2_regulargrid_v1
noaa_ngofs2_mobile_bay_regulargrid,MODEL,ngofs2_grid_872_992,noaa_ngofs2_mobile_bay_model,Battles Wharf,3.0,30.490000000000002,-87.96,3.4602185355355095,salinity,16.634008407592773,PSU,bottom,2.0,standard_depth_positive_down,model_grid_or_not_applicable,MODEL_WET_GRID_NODE,,2026-10-07T00:00:00+00:00,2026-10-07T06:31:11.819952+00:00,2026-10-07T06:31:11.819952+00:00,UTC,2026-10-06T21:00:00+00:00,forecast,3,https://opendap.co-ops.nos.noaa.gov/thredds/dodsC/NOAA/NGOFS2/MODELS/2026/10/06/ngofs2.t21z.20261006.regulargrid.f003.nc,0.0,a35efafd89c8c60821aa7c6740a638843fb330aba7b5d73879f8854f4678c3d5,ngofs2_regulargrid_v1
noaa_ngofs2_mobile_bay_regulargrid,MODEL,ngofs2_grid_872_992,noaa_ngofs2_mobile_bay_model,Battles Wharf,3.0,30.490000000000002,-87.96,3.4602185355355095,water_surface_elevation,0.07550022006034851,m,surface,0.0,surface,model_mean_sea_level,MODEL_WET_GRID_NODE,,2026-10-07T00:00:00+00:00,2026-10-07T06:31:11.819952+00:00,2026-10-07T06:31:11.819952+00:00,UTC,2026-10-06T21:00:00+00:00,forecast,3,https://opendap.co-ops.nos.noaa.gov/thredds/dodsC/NOAA/NGOFS2/MODELS/2026/10/06/ngofs2.t21z.20261006.regulargrid.f003.nc,0.0,a35efafd89c8c60821aa7c6740a638843fb330aba7b5d73879f8854f4678c3d5,ngofs2_regulargrid_v1
noaa_ngofs2_mobile_bay_regulargrid,MODEL,ngofs2_grid_872_994,noaa_ngofs2_mobile_bay_model,Point Clear/Grand Hotel,0.25,30.490000000000002,-87.94,1.9933871290190823,eastward_current,-0.04922366514801979,m/s,surface,0.0,standard_depth_positive_down,model_grid_or_not_applicable,MODEL_WET_GRID_NODE,,2026-10-07T00:00:00+00:00,2026-10-07T06:31:11.819952+00:00,2026-10-07T06:31:11.819952+00:00,UTC,2026-10-06T21:00:00+00:00,forecast,3,https://opendap.co-ops.nos.noaa.gov/thredds/dodsC/NOAA/NGOFS2/MODELS/2026/10/06/ngofs2.t21z.20261006.regulargrid.f003.nc,0.0,a35efafd89c8c60821aa7c6740a638843fb330aba7b5d73879f8854f4678c3d5,ngofs2_regulargrid_v1
noaa_ngofs2_mobile_bay_regulargrid,MODEL,ngofs2_grid_872_994,noaa_ngofs2_mobile_bay_model,Point Clear/Grand Hotel,0.25,30.490000000000002,-87.94,1.9933871290190823,northward_current,-0.03851642459630966,m/s,surface,0.0,standard_depth_positive_down,model_grid_or_not_applicable,MODEL_WET_GRID_NODE,,2026-10-07T00:00:00+00:00,2026-10-07T06:31:11.819952+00:00,2026-10-07T06:31:11.819952+00:00,UTC,2026-10-06T21:00:00+00:00,forecast,3,https://opendap.co-ops.nos.noaa.gov/thredds/dodsC/NOAA/NGOFS2/MODELS/2026/10/06/ngofs2.t21z.20261006.regulargrid.f003.nc,0.0,a35efafd89c8c60821aa7c6740a638843fb330aba7b5d73879f8854f4678c3d5,ngofs2_regulargrid_v1
noaa_ngofs2_mobile_bay_regulargrid,MODEL,ngofs2_grid_872_994,noaa_ngofs2_mobile_bay_model,Point Clear/Grand Hotel,0.25,30.490000000000002,-87.94,1.9933871290190823,shoreward_current,-0.04922366514801979,m/s,surface,0.0,standard_depth_positive_down,model_grid_or_not_applicable,MODEL_WET_GRID_NODE,,2026-10-07T00:00:00+00:00,2026-10-07T06:31:11.819952+00:00,2026-10-07T06:31:11.819952+00:00,UTC,2026-10-06T21:00:00+00:00,forecast,3,https://opendap.co-ops.nos.noaa.gov/thredds/dodsC/NOAA/NGOFS2/MODELS/2026/10/06/ngofs2.t21z.20261006.regulargrid.f003.nc,0.0,a35efafd89c8c60821aa7c6740a638843fb330aba7b5d73879f8854f4678c3d5,ngofs2_regulargrid_v1
noaa_ngofs2_mobile_bay_regulargrid,MODEL,ngofs2_grid_872_994,noaa_ngofs2_mobile_bay_model,Point Clear/Grand Hotel,0.25,30.490000000000002,-87.94,1.9933871290190823,water_temperature,29.388113021850586,degC,surface,0.0,standard_depth_positive_down,model_grid_or_not_applicable,MODEL_WET_GRID_NODE,,2026-10-07T00:00:00+00:00,2026-10-07T06:31:11.819952+00:00,2026-10-07T06:31:11.819952+00:00,UTC,2026-10-06T21:00:00+00:00,forecast,3,https://opendap.co-ops.nos.noaa.gov/thredds/dodsC/NOAA/NGOFS2/MODELS/2026/10/06/ngofs2.t21z.20261006.regulargrid.f003.nc,0.0,a35efafd89c8c60821aa7c6740a638843fb330aba7b5d73879f8854f4678c3d5,ngofs2_regulargrid_v1
noaa_ngofs2_mobile_bay_regulargrid,MODEL,ngofs2_grid_872_994,noaa_ngofs2_mobile_bay_model,Point Clear/Grand Hotel,0.25,30.490000000000002,-87.94,1.9933871290190823,salinity,14.603174209594727,PSU,surface,0.0,standard_depth_positive_down,model_grid_or_not_applicable,MODEL_WET_GRID_NODE,,2026-10-07T00:00:00+00:00,2026-10-07T06:31:11.819952+00:00,2026-10-07T06:31:11.819952+00:00,UTC,2026-10-06T21:00:00+00:00,forecast,3,https://opendap.co-ops.nos.noaa.gov/thredds/dodsC/NOAA/NGOFS2/MODELS/2026/10/06/ngofs2.t21z.20261006.regulargrid.f003.nc,0.0,a35efafd89c8c60821aa7c6740a638843fb330aba7b5d73879f8854f4678c3d5,ngofs2_regulargrid_v1
noaa_ngofs2_mobile_bay_regulargrid,MODEL,ngofs2_grid_872_994,noaa_ngofs2_mobile_bay_model,Point Clear/Grand Hotel,0.25,30.490000000000002,-87.94,1.9933871290190823,eastward_current,-0.032911159098148346,m/s,bottom,1.0,standard_depth_positive_down,model_grid_or_not_applicable,MODEL_WET_GRID_NODE,,2026-10-07T00:00:00+00:00,2026-10-07T06:31:11.819952+00:00,2026-10-07T06:31:11.819952+00:00,UTC,2026-10-06T21:00:00+00:00,forecast,3,https://opendap.co-ops.nos.noaa.gov/thredds/dodsC/NOAA/NGOFS2/MODELS/2026/10/06/ngofs2.t21z.20261006.regulargrid.f003.nc,0.0,a35efafd89c8c60821aa7c6740a638843fb330aba7b5d73879f8854f4678c3d5,ngofs2_regulargrid_v1
noaa_ngofs2_mobile_bay_regulargrid,MODEL,ngofs2_grid_872_994,noaa_ngofs2_mobile_bay_model,Point Clear/Grand Hotel,0.25,30.490000000000002,-87.94,1.9933871290190823,northward_current,-0.03087066300213337,m/s,bottom,1.0,standard_depth_positive_down,model_grid_or_not_applicable,MODEL_WET_GRID_NODE,,2026-10-07T00:00:00+00:00,2026-10-07T06:31:11.819952+00:00,2026-10-07T06:31:11.819952+00:00,UTC,2026-10-06T21:00:00+00:00,forecast,3,https://opendap.co-ops.nos.noaa.gov/thredds/dodsC/NOAA/NGOFS2/MODELS/2026/10/06/ngofs2.t21z.20261006.regulargrid.f003.nc,0.0,a35efafd89c8c60821aa7c6740a638843fb330aba7b5d73879f8854f4678c3d5,ngofs2_regulargrid_v1
noaa_ngofs2_mobile_bay_regulargrid,MODEL,ngofs2_grid_872_994,noaa_ngofs2_mobile_bay_model,Point Clear/Grand Hotel,0.25,30.490000000000002,-87.94,1.9933871290190823,shoreward_current,-0.032911159098148346,m/s,bottom,1.0,standard_depth_positive_down,model_grid_or_not_applicable,MODEL_WET_GRID_NODE,,2026-10-07T00:00:00+00:00,2026-10-07T06:31:11.819952+00:00,2026-10-07T06:31:11.819952+00:00,UTC,2026-10-06T21:00:00+00:00,forecast,3,https://opendap.co-ops.nos.noaa.gov/thredds/dodsC/NOAA/NGOFS2/MODELS/2026/10/06/ngofs2.t21z.20261006.regulargrid.f003.nc,0.0,a35efafd89c8c60821aa7c6740a638843fb330aba7b5d73879f8854f4678c3d5,ngofs2_regulargrid_v1
noaa_ngofs2_mobile_bay_regulargrid,MODEL,ngofs2_grid_872_994,noaa_ngofs2_mobile_bay_model,Point Clear/Grand Hotel,0.25,30.490000000000002,-87.94,1.9933871290190823,water_temperature,29.436119079589844,degC,bottom,1.0,standard_depth_positive_down,model_grid_or_not_applicable,MODEL_WET_GRID_NODE,,2026-10-07T00:00:00+00:00,2026-10-07T06:31:11.819952+00:00,2026-10-07T06:31:11.819952+00:00,UTC,2026-10-06T21:00:00+00:00,forecast,3,https://opendap.co-ops.nos.noaa.gov/thredds/dodsC/NOAA/NGOFS2/MODELS/2026/10/06/ngofs2.t21z.20261006.regulargrid.f003.nc,0.0,a35efafd89c8c60821aa7c6740a638843fb330aba7b5d73879f8854f4678c3d5,ngofs2_regulargrid_v1
noaa_ngofs2_mobile_bay_regulargrid,MODEL,ngofs2_grid_872_994,noaa_ngofs2_mobile_bay_model,Point Clear/Grand Hotel,0.25,30.490000000000002,-87.94,1.9933871290190823,salinity,14.70230770111084,PSU,bottom,1.0,standard_depth_positive_down,model_grid_or_not_applicable,MODEL_WET_GRID_NODE,,2026-10-07T00:00:00+00:00,2026-10-07T06:31:11.819952+00:00,2026-10-07T06:31:11.819952+00:00,UTC,2026-10-06T21:00:00+00:00,forecast,3,https://opendap.co-ops.nos.noaa.gov/thredds/dodsC/NOAA/NGOFS2/MODELS/2026/10/06/ngofs2.t21z.20261006.regulargrid.f003.nc,0.0,a35efafd89c8c60821aa7c6740a638843fb330aba7b5d73879f8854f4678c3d5,ngofs2_regulargrid_v1
noaa_ngofs2_mobile_bay_regulargrid,MODEL,ngofs2_grid_872_994,noaa_ngofs2_mobile_bay_model,Point Clear/Grand Hotel,0.25,30.490000000000002,-87.94,1.9933871290190823,water_surface_elevation,0.07339338213205338,m,surface,0.0,surface,model_mean_sea_level,MODEL_WET_GRID_NODE,,2026-10-07T00:00:00+00:00,2026-10-07T06:31:11.819952+00:00,2026-10-07T06:31:11.819952+00:00,UTC,2026-10-06T21:00:00+00:00,forecast,3,https://opendap.co-ops.nos.noaa.gov/thredds/dodsC/NOAA/NGOFS2/MODELS/2026/10/06/ngofs2.t21z.20261006.regulargrid.f003.nc,0.0,a35efafd89c8c60821aa7c6740a638843fb330aba7b5d73879f8854f4678c3d5,ngofs2_regulargrid_v1
noaa_ngofs2_mobile_bay_regulargrid,MODEL,ngofs2_grid_871_994,noaa_ngofs2_mobile_bay_model,Point Clear/Grand Hotel,0.75,30.48,-87.94,1.9644354040917433,eastward_current,-0.046022675931453705,m/s,surface,0.0,standard_depth_positive_down,model_grid_or_not_applicable,MODEL_WET_GRID_NODE,,2026-10-07T00:00:00+00:00,2026-10-07T06:31:11.819952+00:00,2026-10-07T06:31:11.819952+00:00,UTC,2026-10-06T21:00:00+00:00,forecast,3,https://opendap.co-ops.nos.noaa.gov/thredds/dodsC/NOAA/NGOFS2/MODELS/2026/10/06/ngofs2.t21z.20261006.regulargrid.f003.nc,0.0,a35efafd89c8c60821aa7c6740a638843fb330aba7b5d73879f8854f4678c3d5,ngofs2_regulargrid_v1
noaa_ngofs2_mobile_bay_regulargrid,MODEL,ngofs2_grid_871_994,noaa_ngofs2_mobile_bay_model,Point Clear/Grand Hotel,0.75,30.48,-87.94,1.9644354040917433,northward_current,-0.02026917040348053,m/s,surface,0.0,standard_depth_positive_down,model_grid_or_not_applicable,MODEL_WET_GRID_NODE,,2026-10-07T00:00:00+00:00,2026-10-07T06:31:11.819952+00:00,2026-10-07T06:31:11.819952+00:00,UTC,2026-10-06T21:00:00+00:00,forecast,3,https://opendap.co-ops.nos.noaa.gov/thredds/dodsC/NOAA/NGOFS2/MODELS/2026/10/06/ngofs2.t21z.20261006.regulargrid.f003.nc,0.0,a35efafd89c8c60821aa7c6740a638843fb330aba7b5d73879f8854f4678c3d5,ngofs2_regulargrid_v1
noaa_ngofs2_mobile_bay_regulargrid,MODEL,ngofs2_grid_871_994,noaa_ngofs2_mobile_bay_model,Point Clear/Grand Hotel,0.75,30.48,-87.94,1.9644354040917433,shoreward_current,-0.046022675931453705,m/s,surface,0.0,standard_depth_positive_down,model_grid_or_not_applicable,MODEL_WET_GRID_NODE,,2026-10-07T00:00:00+00:00,2026-10-07T06:31:11.819952+00:00,2026-10-07T06:31:11.819952+00:00,UTC,2026-10-06T21:00:00+00:00,forecast,3,https://opendap.co-ops.nos.noaa.gov/thredds/dodsC/NOAA/NGOFS2/MODELS/2026/10/06/ngofs2.t21z.20261006.regulargrid.f003.nc,0.0,a35efafd89c8c60821aa7c6740a638843fb330aba7b5d73879f8854f4678c3d5,ngofs2_regulargrid_v1
noaa_ngofs2_mobile_bay_regulargrid,MODEL,ngofs2_grid_871_994,noaa_ngofs2_mobile_bay_model,Point Clear/Grand Hotel,0.75,30.48,-87.94,1.9644354040917433,water_temperature,29.337017059326172,degC,surface,0.0,standard_depth_positive_down,model_grid_or_not_applicable,MODEL_WET_GRID_NODE,,2026-10-07T00:00:00+00:00,2026-10-07T06:31:11.819952+00:00,2026-10-07T06:31:11.819952+00:00,UTC,2026-10-06T21:00:00+00:00,forecast,3,https://opendap.co-ops.nos.noaa.gov/thredds/dodsC/NOAA/NGOFS2/MODELS/2026/10/06/ngofs2.t21z.20261006.regulargrid.f003.nc,0.0,a35efafd89c8c60821aa7c6740a638843fb330aba7b5d73879f8854f4678c3d5,ngofs2_regulargrid_v1
noaa_ngofs2_mobile_bay_regulargrid,MODEL,ngofs2_grid_871_994,noaa_ngofs2_mobile_bay_model,Point Clear/Grand Hotel,0.75,30.48,-87.94,1.9644354040917433,salinity,14.886955261230469,PSU,surface,0.0,standard_depth_positive_down,model_grid_or_not_applicable,MODEL_WET_GRID_NODE,,2026-10-07T00:00:00+00:00,2026-10-07T06:31:11.819952+00:00,2026-10-07T06:31:11.819952+00:00,UTC,2026-10-06T21:00:00+00:00,forecast,3,https://opendap.co-ops.nos.noaa.gov/thredds/dodsC/NOAA/NGOFS2/MODELS/2026/10/06/ngofs2.t21z.20261006.regulargrid.f003.nc,0.0,a35efafd89c8c60821aa7c6740a638843fb330aba7b5d73879f8854f4678c3d5,ngofs2_regulargrid_v1
noaa_ngofs2_mobile_bay_regulargrid,MODEL,ngofs2_grid_871_994,noaa_ngofs2_mobile_bay_model,Point Clear/Grand Hotel,0.75,30.48,-87.94,1.9644354040917433,eastward_current,-0.0348813533782959,m/s,bottom,1.0,standard_depth_positive_down,model_grid_or_not_applicable,MODEL_WET_GRID_NODE,,2026-10-07T00:00:00+00:00,2026-10-07T06:31:11.819952+00:00,2026-10-07T06:31:11.819952+00:00,UTC,2026-10-06T21:00:00+00:00,forecast,3,https://opendap.co-ops.nos.noaa.gov/thredds/dodsC/NOAA/NGOFS2/MODELS/2026/10/06/ngofs2.t21z.20261006.regulargrid.f003.nc,0.0,a35efafd89c8c60821aa7c6740a638843fb330aba7b5d73879f8854f4678c3d5,ngofs2_regulargrid_v1
noaa_ngofs2_mobile_bay_regulargrid,MODEL,ngofs2_grid_871_994,noaa_ngofs2_mobile_bay_model,Point Clear/Grand Hotel,0.75,30.48,-87.94,1.9644354040917433,northward_current,-0.012231945060193539,m/s,bottom,1.0,standard_depth_positive_down,model_grid_or_not_applicable,MODEL_WET_GRID_NODE,,2026-10-07T00:00:00+00:00,2026-10-07T06:31:11.819952+00:00,2026-10-07T06:31:11.819952+00:00,UTC,2026-10-06T21:00:00+00:00,forecast,3,https://opendap.co-ops.nos.noaa.gov/thredds/dodsC/NOAA/NGOFS2/MODELS/2026/10/06/ngofs2.t21z.20261006.regulargrid.f003.nc,0.0,a35efafd89c8c60821aa7c6740a638843fb330aba7b5d73879f8854f4678c3d5,ngofs2_regulargrid_v1
noaa_ngofs2_mobile_bay_regulargrid,MODEL,ngofs2_grid_871_994,noaa_ngofs2_mobile_bay_model,Point Clear/Grand Hotel,0.75,30.48,-87.94,1.9644354040917433,shoreward_current,-0.0348813533782959,m/s,bottom,1.0,standard_depth_positive_down,model_grid_or_not_applicable,MODEL_WET_GRID_NODE,,2026-10-07T00:00:00+00:00,2026-10-07T06:31:11.819952+00:00,2026-10-07T06:31:11.819952+00:00,UTC,2026-10-06T21:00:00+00:00,forecast,3,https://opendap.co-ops.nos.noaa.gov/thredds/dodsC/NOAA/NGOFS2/MODELS/2026/10/06/ngofs2.t21z.20261006.regulargrid.f003.nc,0.0,a35efafd89c8c60821aa7c6740a638843fb330aba7b5d73879f8854f4678c3d5,ngofs2_regulargrid_v1
noaa_ngofs2_mobile_bay_regulargrid,MODEL,ngofs2_grid_871_994,noaa_ngofs2_mobile_bay_model,Point Clear/Grand Hotel,0.75,30.48,-87.94,1.9644354040917433,water_temperature,29.359254837036133,degC,bottom,1.0,standard_depth_positive_down,model_grid_or_not_applicable,MODEL_WET_GRID_NODE,,2026-10-07T00:00:00+00:00,2026-10-07T06:31:11.819952+00:00,2026-10-07T06:31:11.819952+00:00,UTC,2026-10-06T21:00:00+00:00,forecast,3,https://opendap.co-ops.nos.noaa.gov/thredds/dodsC/NOAA/NGOFS2/MODELS/2026/10/06/ngofs2.t21z.20261006.regulargrid.f003.nc,0.0,a35efafd89c8c60821aa7c6740a638843fb330aba7b5d73879f8854f4678c3d5,ngofs2_regulargrid_v1
noaa_ngofs2_mobile_bay_regulargrid,MODEL,ngofs2_grid_871_994,noaa_ngofs2_mobile_bay_model,Point Clear/Grand Hotel,0.75,30.48,-87.94,1.9644354040917433,salinity,14.901593208312988,PSU,bottom,1.0,standard_depth_positive_down,model_grid_or_not_applicable,MODEL_WET_GRID_NODE,,2026-10-07T00:00:00+00:00,2026-10-07T06:31:11.819952+00:00,2026-10-07T06:31:11.819952+00:00,UTC,2026-10-06T21:00:00+00:00,forecast,3,https://opendap.co-ops.nos.noaa.gov/thredds/dodsC/NOAA/NGOFS2/MODELS/2026/10/06/ngofs2.t21z.20261006.regulargrid.f003.nc,0.0,a35efafd89c8c60821aa7c6740a638843fb330aba7b5d73879f8854f4678c3d5,ngofs2_regulargrid_v1
noaa_ngofs2_mobile_bay_regulargrid,MODEL,ngofs2_grid_871_994,noaa_ngofs2_mobile_bay_model,Point Clear/Grand Hotel,0.75,30.48,-87.94,1.9644354040917433,water_surface_elevation,0.07447539269924164,m,surface,0.0,surface,model_mean_sea_level,MODEL_WET_GRID_NODE,,2026-10-07T00:00:00+00:00,2026-10-07T06:31:11.819952+00:00,2026-10-07T06:31:11.819952+00:00,UTC,2026-10-06T21:00:00+00:00,forecast,3,https://opendap.co-ops.nos.noaa.gov/thredds/dodsC/NOAA/NGOFS2/MODELS/2026/10/06/ngofs2.t21z.20261006.regulargrid.f003.nc,0.0,a35efafd89c8c60821aa7c6740a638843fb330aba7b5d73879f8854f4678c3d5,ngofs2_regulargrid_v1
noaa_ngofs2_mobile_bay_regulargrid,MODEL,ngofs2_grid_872_993,noaa_ngofs2_mobile_bay_model,Point Clear/Grand Hotel,1.5,30.490000000000002,-87.94999999999999,2.9992221163113646,eastward_current,-0.10077306628227234,m/s,surface,0.0,standard_depth_positive_down,model_grid_or_not_applicable,MODEL_WET_GRID_NODE,,2026-10-07T00:00:00+00:00,2026-10-07T06:31:11.819952+00:00,2026-10-07T06:31:11.819952+00:00,UTC,2026-10-06T21:00:00+00:00,forecast,3,https://opendap.co-ops.nos.noaa.gov/thredds/dodsC/NOAA/NGOFS2/MODELS/2026/10/06/ngofs2.t21z.20261006.regulargrid.f003.nc,0.0,a35efafd89c8c60821aa7c6740a638843fb330aba7b5d73879f8854f4678c3d5,ngofs2_regulargrid_v1
noaa_ngofs2_mobile_bay_regulargrid,MODEL,ngofs2_grid_872_993,noaa_ngofs2_mobile_bay_model,Point Clear/Grand Hotel,1.5,30.490000000000002,-87.94999999999999,2.9992221163113646,northward_current,-0.04451970010995865,m/s,surface,0.0,standard_depth_positive_down,model_grid_or_not_applicable,MODEL_WET_GRID_NODE,,2026-10-07T00:00:00+00:00,2026-10-07T06:31:11.819952+00:00,2026-10-07T06:31:11.819952+00:00,UTC,2026-10-06T21:00:00+00:00,forecast,3,https://opendap.co-ops.nos.noaa.gov/thredds/dodsC/NOAA/NGOFS2/MODELS/2026/10/06/ngofs2.t21z.20261006.regulargrid.f003.nc,0.0,a35efafd89c8c60821aa7c6740a638843fb330aba7b5d73879f8854f4678c3d5,ngofs2_regulargrid_v1
noaa_ngofs2_mobile_bay_regulargrid,MODEL,ngofs2_grid_872_993,noaa_ngofs2_mobile_bay_model,Point Clear/Grand Hotel,1.5,30.490000000000002,-87.94999999999999,2.9992221163113646,shoreward_current,-0.10077306628227234,m/s,surface,0.0,standard_depth_positive_down,model_grid_or_not_applicable,MODEL_WET_GRID_NODE,,2026-10-07T00:00:00+00:00,2026-10-07T06:31:11.819952+00:00,2026-10-07T06:31:11.819952+00:00,UTC,2026-10-06T21:00:00+00:00,forecast,3,https://opendap.co-ops.nos.noaa.gov/thredds/dodsC/NOAA/NGOFS2/MODELS/2026/10/06/ngofs2.t21z.20261006.regulargrid.f003.nc,0.0,a35efafd89c8c60821aa7c6740a638843fb330aba7b5d73879f8854f4678c3d5,ngofs2_regulargrid_v1
noaa_ngofs2_mobile_bay_regulargrid,MODEL,ngofs2_grid_872_993,noaa_ngofs2_mobile_bay_model,Point Clear/Grand Hotel,1.5,30.490000000000002,-87.94999999999999,2.9992221163113646,water_temperature,29.334577560424805,degC,surface,0.0,standard_depth_positive_down,model_grid_or_not_applicable,MODEL_WET_GRID_NODE,,2026-10-07T00:00:00+00:00,2026-10-07T06:31:11.819952+00:00,2026-10-07T06:31:11.819952+00:00,UTC,2026-10-06T21:00:00+00:00,forecast,3,https://opendap.co-ops.nos.noaa.gov/thredds/dodsC/NOAA/NGOFS2/MODELS/2026/10/06/ngofs2.t21z.20261006.regulargrid.f003.nc,0.0,a35efafd89c8c60821aa7c6740a638843fb330aba7b5d73879f8854f4678c3d5,ngofs2_regulargrid_v1
noaa_ngofs2_mobile_bay_regulargrid,MODEL,ngofs2_grid_872_993,noaa_ngofs2_mobile_bay_model,Point Clear/Grand Hotel,1.5,30.490000000000002,-87.94999999999999,2.9992221163113646,salinity,15.959371566772461,PSU,surface,0.0,standard_depth_positive_down,model_grid_or_not_applicable,MODEL_WET_GRID_NODE,,2026-10-07T00:00:00+00:00,2026-10-07T06:31:11.819952+00:00,2026-10-07T06:31:11.819952+00:00,UTC,2026-10-06T21:00:00+00:00,forecast,3,https://opendap.co-ops.nos.noaa.gov/thredds/dodsC/NOAA/NGOFS2/MODELS/2026/10/06/ngofs2.t21z.20261006.regulargrid.f003.nc,0.0,a35efafd89c8c60821aa7c6740a638843fb330aba7b5d73879f8854f4678c3d5,ngofs2_regulargrid_v1
noaa_ngofs2_mobile_bay_regulargrid,MODEL,ngofs2_grid_872_993,noaa_ngofs2_mobile_bay_model,Point Clear/Grand Hotel,1.5,30.490000000000002,-87.94999999999999,2.9992221163113646,eastward_current,0.08523879200220108,m/s,bottom,2.0,standard_depth_positive_down,model_grid_or_not_applicable,MODEL_WET_GRID_NODE,,2026-10-07T00:00:00+00:00,2026-10-07T06:31:11.819952+00:00,2026-10-07T06:31:11.819952+00:00,UTC,2026-10-06T21:00:00+00:00,forecast,3,https://opendap.co-ops.nos.noaa.gov/thredds/dodsC/NOAA/NGOFS2/MODELS/2026/10/06/ngofs2.t21z.20261006.regulargrid.f003.nc,0.0,a35efafd89c8c60821aa7c6740a638843fb330aba7b5d73879f8854f4678c3d5,ngofs2_regulargrid_v1
noaa_ngofs2_mobile_bay_regulargrid,MODEL,ngofs2_grid_872_993,noaa_ngofs2_mobile_bay_model,Point Clear/Grand Hotel,1.5,30.490000000000002,-87.94999999999999,2.9992221163113646,northward_current,0.01830809749662876,m/s,bottom,2.0,standard_depth_positive_down,model_grid_or_not_applicable,MODEL_WET_GRID_NODE,,2026-10-07T00:00:00+00:00,2026-10-07T06:31:11.819952+00:00,2026-10-07T06:31:11.819952+00:00,UTC,2026-10-06T21:00:00+00:00,forecast,3,https://opendap.co-ops.nos.noaa.gov/thredds/dodsC/NOAA/NGOFS2/MODELS/2026/10/06/ngofs2.t21z.20261006.regulargrid.f003.nc,0.0,a35efafd89c8c60821aa7c6740a638843fb330aba7b5d73879f8854f4678c3d5,ngofs2_regulargrid_v1
noaa_ngofs2_mobile_bay_regulargrid,MODEL,ngofs2_grid_872_993,noaa_ngofs2_mobile_bay_model,Point Clear/Grand Hotel,1.5,30.490000000000002,-87.94999999999999,2.9992221163113646,shoreward_current,0.08523879200220108,m/s,bottom,2.0,standard_depth_positive_down,model_grid_or_not_applicable,MODEL_WET_GRID_NODE,,2026-10-07T00:00:00+00:00,2026-10-07T06:31:11.819952+00:00,2026-10-07T06:31:11.819952+00:00,UTC,2026-10-06T21:00:00+00:00,forecast,3,https://opendap.co-ops.nos.noaa.gov/thredds/dodsC/NOAA/NGOFS2/MODELS/2026/10/06/ngofs2.t21z.20261006.regulargrid.f003.nc,0.0,a35efafd89c8c60821aa7c6740a638843fb330aba7b5d73879f8854f4678c3d5,ngofs2_regulargrid_v1
noaa_ngofs2_mobile_bay_regulargrid,MODEL,ngofs2_grid_872_993,noaa_ngofs2_mobile_bay_model,Point Clear/Grand Hotel,1.5,30.490000000000002,-87.94999999999999,2.9992221163113646,water_temperature,29.47121238708496,degC,bottom,2.0,standard_depth_positive_down,model_grid_or_not_applicable,MODEL_WET_GRID_NODE,,2026-10-07T00:00:00+00:00,2026-10-07T06:31:11.819952+00:00,2026-10-07T06:31:11.819952+00:00,UTC,2026-10-06T21:00:00+00:00,forecast,3,https://opendap.co-ops.nos.noaa.gov/thredds/dodsC/NOAA/NGOFS2/MODELS/2026/10/06/ngofs2.t21z.20261006.regulargrid.f003.nc,0.0,a35efafd89c8c60821aa7c6740a638843fb330aba7b5d73879f8854f4678c3d5,ngofs2_regulargrid_v1
noaa_ngofs2_mobile_bay_regulargrid,MODEL,ngofs2_grid_872_993,noaa_ngofs2_mobile_bay_model,Point Clear/Grand Hotel,1.5,30.490000000000002,-87.94999999999999,2.9992221163113646,salinity,18.092079162597656,PSU,bottom,2.0,standard_depth_positive_down,model_grid_or_not_applicable,MODEL_WET_GRID_NODE,,2026-10-07T00:00:00+00:00,2026-10-07T06:31:11.819952+00:00,2026-10-07T06:31:11.819952+00:00,UTC,2026-10-06T21:00:00+00:00,forecast,3,https://opendap.co-ops.nos.noaa.gov/thredds/dodsC/NOAA/NGOFS2/MODELS/2026/10/06/ngofs2.t21z.20261006.regulargrid.f003.nc,0.0,a35efafd89c8c60821aa7c6740a638843fb330aba7b5d73879f8854f4678c3d5,ngofs2_regulargrid_v1
noaa_ngofs2_mobile_bay_regulargrid,MODEL,ngofs2_grid_872_993,noaa_ngofs2_mobile_bay_model,Point Clear/Grand Hotel,1.5,30.490000000000002,-87.94999999999999,2.9992221163113646,water_surface_elevation,0.07337956130504608,m,surface,0.0,surface,model_mean_sea_level,MODEL_WET_GRID_NODE,,2026-10-07T00:00:00+00:00,2026-10-07T06:31:11.819952+00:00,2026-10-07T06:31:11.819952+00:00,UTC,2026-10-06T21:00:00+00:00,forecast,3,https://opendap.co-ops.nos.noaa.gov/thredds/dodsC/NOAA/NGOFS2/MODELS/2026/10/06/ngofs2.t21z.20261006.regulargrid.f003.nc,0.0,a35efafd89c8c60821aa7c6740a638843fb330aba7b5d73879f8854f4678c3d5,ngofs2_regulargrid_v1
noaa_ngofs2_mobile_bay_regulargrid,MODEL,ngofs2_grid_872_991,noaa_ngofs2_mobile_bay_model,Point Clear/Grand Hotel,3.0,30.490000000000002,-87.97,3.969153288834054,eastward_current,-0.057743337005376816,m/s,surface,0.0,standard_depth_positive_down,model_grid_or_not_applicable,MODEL_WET_GRID_NODE,,2026-10-07T00:00:00+00:00,2026-10-07T06:31:11.819952+00:00,2026-10-07T06:31:11.819952+00:00,UTC,2026-10-06T21:00:00+00:00,forecast,3,https://opendap.co-ops.nos.noaa.gov/thredds/dodsC/NOAA/NGOFS2/MODELS/2026/10/06/ngofs2.t21z.20261006.regulargrid.f003.nc,0.0,a35efafd89c8c60821aa7c6740a638843fb330aba7b5d73879f8854f4678c3d5,ngofs2_regulargrid_v1
noaa_ngofs2_mobile_bay_regulargrid,MODEL,ngofs2_grid_872_991,noaa_ngofs2_mobile_bay_model,Point Clear/Grand Hotel,3.0,30.490000000000002,-87.97,3.969153288834054,northward_current,-0.0588737428188324,m/s,surface,0.0,standard_depth_positive_down,model_grid_or_not_applicable,MODEL_WET_GRID_NODE,,2026-10-07T00:00:00+00:00,2026-10-07T06:31:11.819952+00:00,2026-10-07T06:31:11.819952+00:00,UTC,2026-10-06T21:00:00+00:00,forecast,3,https://opendap.co-ops.nos.noaa.gov/thredds/dodsC/NOAA/NGOFS2/MODELS/2026/10/06/ngofs2.t21z.20261006.regulargrid.f003.nc,0.0,a35efafd89c8c60821aa7c6740a638843fb330aba7b5d73879f8854f4678c3d5,ngofs2_regulargrid_v1
noaa_ngofs2_mobile_bay_regulargrid,MODEL,ngofs2_grid_872_991,noaa_ngofs2_mobile_bay_model,Point Clear/Grand Hotel,3.0,30.490000000000002,-87.97,3.969153288834054,shoreward_current,-0.05774333700537682,m/s,surface,0.0,standard_depth_positive_down,model_grid_or_not_applicable,MODEL_WET_GRID_NODE,,2026-10-07T00:00:00+00:00,2026-10-07T06:31:11.819952+00:00,2026-10-07T06:31:11.819952+00:00,UTC,2026-10-06T21:00:00+00:00,forecast,3,https://opendap.co-ops.nos.noaa.gov/thredds/dodsC/NOAA/NGOFS2/MODELS/2026/10/06/ngofs2.t21z.20261006.regulargrid.f003.nc,0.0,a35efafd89c8c60821aa7c6740a638843fb330aba7b5d73879f8854f4678c3d5,ngofs2_regulargrid_v1
noaa_ngofs2_mobile_bay_regulargrid,MODEL,ngofs2_grid_872_991,noaa_ngofs2_mobile_bay_model,Point Clear/Grand Hotel,3.0,30.490000000000002,-87.97,3.969153288834054,water_temperature,29.24274253845215,degC,surface,0.0,standard_depth_positive_down,model_grid_or_not_applicable,MODEL_WET_GRID_NODE,,2026-10-07T00:00:00+00:00,2026-10-07T06:31:11.819952+00:00,2026-10-07T06:31:11.819952+00:00,UTC,2026-10-06T21:00:00+00:00,forecast,3,https://opendap.co-ops.nos.noaa.gov/thredds/dodsC/NOAA/NGOFS2/MODELS/2026/10/06/ngofs2.t21z.20261006.regulargrid.f003.nc,0.0,a35efafd89c8c60821aa7c6740a638843fb330aba7b5d73879f8854f4678c3d5,ngofs2_regulargrid_v1
noaa_ngofs2_mobile_bay_regulargrid,MODEL,ngofs2_grid_872_991,noaa_ngofs2_mobile_bay_model,Point Clear/Grand Hotel,3.0,30.490000000000002,-87.97,3.969153288834054,salinity,15.225104331970215,PSU,surface,0.0,standard_depth_positive_down,model_grid_or_not_applicable,MODEL_WET_GRID_NODE,,2026-10-07T00:00:00+00:00,2026-10-07T06:31:11.819952+00:00,2026-10-07T06:31:11.819952+00:00,UTC,2026-10-06T21:00:00+00:00,forecast,3,https://opendap.co-ops.nos.noaa.gov/thredds/dodsC/NOAA/NGOFS2/MODELS/2026/10/06/ngofs2.t21z.20261006.regulargrid.f003.nc,0.0,a35efafd89c8c60821aa7c6740a638843fb330aba7b5d73879f8854f4678c3d5,ngofs2_regulargrid_v1
noaa_ngofs2_mobile_bay_regulargrid,MODEL,ngofs2_grid_872_991,noaa_ngofs2_mobile_bay_model,Point Clear/Grand Hotel,3.0,30.490000000000002,-87.97,3.969153288834054,eastward_current,0.002943309023976326,m/s,bottom,2.0,standard_depth_positive_down,model_grid_or_not_applicable,MODEL_WET_GRID_NODE,,2026-10-07T00:00:00+00:00,2026-10-07T06:31:11.819952+00:00,2026-10-07T06:31:11.819952+00:00,UTC,2026-10-06T21:00:00+00:00,forecast,3,https://opendap.co-ops.nos.noaa.gov/thredds/dodsC/NOAA/NGOFS2/MODELS/2026/10/06/ngofs2.t21z.20261006.regulargrid.f003.nc,0.0,a35efafd89c8c60821aa7c6740a638843fb330aba7b5d73879f8854f4678c3d5,ngofs2_regulargrid_v1
noaa_ngofs2_mobile_bay_regulargrid,MODEL,ngofs2_grid_872_991,noaa_ngofs2_mobile_bay_model,Point Clear/Grand Hotel,3.0,30.490000000000002,-87.97,3.969153288834054,northward_current,-0.013605269603431225,m/s,bottom,2.0,standard_depth_positive_down,model_grid_or_not_applicable,MODEL_WET_GRID_NODE,,2026-10-07T00:00:00+00:00,2026-10-07T06:31:11.819952+00:00,2026-10-07T06:31:11.819952+00:00,UTC,2026-10-06T21:00:00+00:00,forecast,3,https://opendap.co-ops.nos.noaa.gov/thredds/dodsC/NOAA/NGOFS2/MODELS/2026/10/06/ngofs2.t21z.20261006.regulargrid.f003.nc,0.0,a35efafd89c8c60821aa7c6740a638843fb330aba7b5d73879f8854f4678c3d5,ngofs2_regulargrid_v1
noaa_ngofs2_mobile_bay_regulargrid,MODEL,ngofs2_grid_872_991,noaa_ngofs2_mobile_bay_model,Point Clear/Grand Hotel,3.0,30.490000000000002,-87.97,3.969153288834054,shoreward_current,0.002943309023976325,m/s,bottom,2.0,standard_depth_positive_down,model_grid_or_not_applicable,MODEL_WET_GRID_NODE,,2026-10-07T00:00:00+00:00,2026-10-07T06:31:11.819952+00:00,2026-10-07T06:31:11.819952+00:00,UTC,2026-10-06T21:00:00+00:00,forecast,3,https://opendap.co-ops.nos.noaa.gov/thredds/dodsC/NOAA/NGOFS2/MODELS/2026/10/06/ngofs2.t21z.20261006.regulargrid.f003.nc,0.0,a35efafd89c8c60821aa7c6740a638843fb330aba7b5d73879f8854f4678c3d5,ngofs2_regulargrid_v1
noaa_ngofs2_mobile_bay_regulargrid,MODEL,ngofs2_grid_872_991,noaa_ngofs2_mobile_bay_model,Point Clear/Grand Hotel,3.0,30.490000000000002,-87.97,3.969153288834054,water_temperature,29.331331253051758,degC,bottom,2.0,standard_depth_positive_down,model_grid_or_not_applicable,MODEL_WET_GRID_NODE,,2026-10-07T00:00:00+00:00,2026-10-07T06:31:11.819952+00:00,2026-10-07T06:31:11.819952+00:00,UTC,2026-10-06T21:00:00+00:00,forecast,3,https://opendap.co-ops.nos.noaa.gov/thredds/dodsC/NOAA/NGOFS2/MODELS/2026/10/06/ngofs2.t21z.20261006.regulargrid.f003.nc,0.0,a35efafd89c8c60821aa7c6740a638843fb330aba7b5d73879f8854f4678c3d5,ngofs2_regulargrid_v1
noaa_ngofs2_mobile_bay_regulargrid,MODEL,ngofs2_grid_872_991,noaa_ngofs2_mobile_bay_model,Point Clear/Grand Hotel,3.0,30.490000000000002,-87.97,3.969153288834054,salinity,15.940739631652832,PSU,bottom,2.0,standard_depth_positive_down,model_grid_or_not_applicable,MODEL_WET_GRID_NODE,,2026-10-07T00:00:00+00:00,2026-10-07T06:31:11.819952+00:00,2026-10-07T06:31:11.819952+00:00,UTC,2026-10-06T21:00:00+00:00,forecast,3,https://opendap.co-ops.nos.noaa.gov/thredds/dodsC/NOAA/NGOFS2/MODELS/2026/10/06/ngofs2.t21z.20261006.regulargrid.f003.nc,0.0,a35efafd89c8c60821aa7c6740a638843fb330aba7b5d73879f8854f4678c3d5,ngofs2_regulargrid_v1
noaa_ngofs2_mobile_bay_regulargrid,MODEL,ngofs2_grid_872_991,noaa_ngofs2_mobile_bay_model,Point Clear/Grand Hotel,3.0,30.490000000000002,-87.97,3.969153288834054,water_surface_elevation,0.07743318378925323,m,surface,0.0,surface,model_mean_sea_level,MODEL_WET_GRID_NODE,,2026-10-07T00:00:00+00:00,2026-10-07T06:31:11.819952+00:00,2026-10-07T06:31:11.819952+00:00,UTC,2026-10-06T21:00:00+00:00,forecast,3,https://opendap.co-ops.nos.noaa.gov/thredds/dodsC/NOAA/NGOFS2/MODELS/2026/10/06/ngofs2.t21z.20261006.regulargrid.f003.nc,0.0,a35efafd89c8c60821aa7c6740a638843fb330aba7b5d73879f8854f4678c3d5,ngofs2_regulargrid_v1
noaa_ngofs2_mobile_bay_regulargrid,MODEL,ngofs2_grid_864_997,noaa_ngofs2_mobile_bay_model,Mullet Point,0.25,30.41,-87.91,2.502617325949256,eastward_current,-0.008559023030102253,m/s,surface,0.0,standard_depth_positive_down,model_grid_or_not_applicable,MODEL_WET_GRID_NODE,,2026-10-07T00:00:00+00:00,2026-10-07T06:31:11.819952+00:00,2026-10-07T06:31:11.819952+00:00,UTC,2026-10-06T21:00:00+00:00,forecast,3,https://opendap.co-ops.nos.noaa.gov/thredds/dodsC/NOAA/NGOFS2/MODELS/2026/10/06/ngofs2.t21z.20261006.regulargrid.f003.nc,0.0,a35efafd89c8c60821aa7c6740a638843fb330aba7b5d73879f8854f4678c3d5,ngofs2_regulargrid_v1
noaa_ngofs2_mobile_bay_regulargrid,MODEL,ngofs2_grid_864_997,noaa_ngofs2_mobile_bay_model,Mullet Point,0.25,30.41,-87.91,2.502617325949256,northward_current,-0.056569602340459824,m/s,surface,0.0,standard_depth_positive_down,model_grid_or_not_applicable,MODEL_WET_GRID_NODE,,2026-10-07T00:00:00+00:00,2026-10-07T06:31:11.819952+00:00,2026-10-07T06:31:11.819952+00:00,UTC,2026-10-06T21:00:00+00:00,forecast,3,https://opendap.co-ops.nos.noaa.gov/thredds/dodsC/NOAA/NGOFS2/MODELS/2026/10/06/ngofs2.t21z.20261006.regulargrid.f003.nc,0.0,a35efafd89c8c60821aa7c6740a638843fb330aba7b5d73879f8854f4678c3d5,ngofs2_regulargrid_v1
noaa_ngofs2_mobile_bay_regulargrid,MODEL,ngofs2_grid_864_997,noaa_ngofs2_mobile_bay_model,Mullet Point,0.25,30.41,-87.91,2.502617325949256,shoreward_current,-0.008559023030102256,m/s,surface,0.0,standard_depth_positive_down,model_grid_or_not_applicable,MODEL_WET_GRID_NODE,,2026-10-07T00:00:00+00:00,2026-10-07T06:31:11.819952+00:00,2026-10-07T06:31:11.819952+00:00,UTC,2026-10-06T21:00:00+00:00,forecast,3,https://opendap.co-ops.nos.noaa.gov/thredds/dodsC/NOAA/NGOFS2/MODELS/2026/10/06/ngofs2.t21z.20261006.regulargrid.f003.nc,0.0,a35efafd89c8c60821aa7c6740a638843fb330aba7b5d73879f8854f4678c3d5,ngofs2_regulargrid_v1
noaa_ngofs2_mobile_bay_regulargrid,MODEL,ngofs2_grid_864_997,noaa_ngofs2_mobile_bay_model,Mullet Point,0.25,30.41,-87.91,2.502617325949256,water_temperature,29.247201919555664,degC,surface,0.0,standard_depth_positive_down,model_grid_or_not_applicable,MODEL_WET_GRID_NODE,,2026-10-07T00:00:00+00:00,2026-10-07T06:31:11.819952+00:00,2026-10-07T06:31:11.819952+00:00,UTC,2026-10-06T21:00:00+00:00,forecast,3,https://opendap.co-ops.nos.noaa.gov/thredds/dodsC/NOAA/NGOFS2/MODELS/2026/10/06/ngofs2.t21z.20261006.regulargrid.f003.nc,0.0,a35efafd89c8c60821aa7c6740a638843fb330aba7b5d73879f8854f4678c3d5,ngofs2_regulargrid_v1
noaa_ngofs2_mobile_bay_regulargrid,MODEL,ngofs2_grid_864_997,noaa_ngofs2_mobile_bay_model,Mullet Point,0.25,30.41,-87.91,2.502617325949256,salinity,20.973386764526367,PSU,surface,0.0,standard_depth_positive_down,model_grid_or_not_applicable,MODEL_WET_GRID_NODE,,2026-10-07T00:00:00+00:00,2026-10-07T06:31:11.819952+00:00,2026-10-07T06:31:11.819952+00:00,UTC,2026-10-06T21:00:00+00:00,forecast,3,https://opendap.co-ops.nos.noaa.gov/thredds/dodsC/NOAA/NGOFS2/MODELS/2026/10/06/ngofs2.t21z.20261006.regulargrid.f003.nc,0.0,a35efafd89c8c60821aa7c6740a638843fb330aba7b5d73879f8854f4678c3d5,ngofs2_regulargrid_v1
noaa_ngofs2_mobile_bay_regulargrid,MODEL,ngofs2_grid_864_997,noaa_ngofs2_mobile_bay_model,Mullet Point,0.25,30.41,-87.91,2.502617325949256,eastward_current,0.04540152847766876,m/s,bottom,2.0,standard_depth_positive_down,model_grid_or_not_applicable,MODEL_WET_GRID_NODE,,2026-10-07T00:00:00+00:00,2026-10-07T06:31:11.819952+00:00,2026-10-07T06:31:11.819952+00:00,UTC,2026-10-06T21:00:00+00:00,forecast,3,https://opendap.co-ops.nos.noaa.gov/thredds/dodsC/NOAA/NGOFS2/MODELS/2026/10/06/ngofs2.t21z.20261006.regulargrid.f003.nc,0.0,a35efafd89c8c60821aa7c6740a638843fb330aba7b5d73879f8854f4678c3d5,ngofs2_regulargrid_v1
noaa_ngofs2_mobile_bay_regulargrid,MODEL,ngofs2_grid_864_997,noaa_ngofs2_mobile_bay_model,Mullet Point,0.25,30.41,-87.91,2.502617325949256,northward_current,-0.004498241003602743,m/s,bottom,2.0,standard_depth_positive_down,model_grid_or_not_applicable,MODEL_WET_GRID_NODE,,2026-10-07T00:00:00+00:00,2026-10-07T06:31:11.819952+00:00,2026-10-07T06:31:11.819952+00:00,UTC,2026-10-06T21:00:00+00:00,forecast,3,https://opendap.co-ops.nos.noaa.gov/thredds/dodsC/NOAA/NGOFS2/MODELS/2026/10/06/ngofs2.t21z.20261006.regulargrid.f003.nc,0.0,a35efafd89c8c60821aa7c6740a638843fb330aba7b5d73879f8854f4678c3d5,ngofs2_regulargrid_v1
noaa_ngofs2_mobile_bay_regulargrid,MODEL,ngofs2_grid_864_997,noaa_ngofs2_mobile_bay_model,Mullet Point,0.25,30.41,-87.91,2.502617325949256,shoreward_current,0.04540152847766876,m/s,bottom,2.0,standard_depth_positive_down,model_grid_or_not_applicable,MODEL_WET_GRID_NODE,,2026-10-07T00:00:00+00:00,2026-10-07T06:31:11.819952+00:00,2026-10-07T06:31:11.819952+00:00,UTC,2026-10-06T21:00:00+00:00,forecast,3,https://opendap.co-ops.nos.noaa.gov/thredds/dodsC/NOAA/NGOFS2/MODELS/2026/10/06/ngofs2.t21z.20261006.regulargrid.f003.nc,0.0,a35efafd89c8c60821aa7c6740a638843fb330aba7b5d73879f8854f4678c3d5,ngofs2_regulargrid_v1
noaa_ngofs2_mobile_bay_regulargrid,MODEL,ngofs2_grid_864_997,noaa_ngofs2_mobile_bay_model,Mullet Point,0.25,30.41,-87.91,2.502617325949256,water_temperature,29.457725524902344,degC,bottom,2.0,standard_depth_positive_down,model_grid_or_not_applicable,MODEL_WET_GRID_NODE,,2026-10-07T00:00:00+00:00,2026-10-07T06:31:11.819952+00:00,2026-10-07T06:31:11.819952+00:00,UTC,2026-10-06T21:00:00+00:00,forecast,3,https://opendap.co-ops.nos.noaa.gov/thredds/dodsC/NOAA/NGOFS2/MODELS/2026/10/06/ngofs2.t21z.20261006.regulargrid.f003.nc,0.0,a35efafd89c8c60821aa7c6740a638843fb330aba7b5d73879f8854f4678c3d5,ngofs2_regulargrid_v1
noaa_ngofs2_mobile_bay_regulargrid,MODEL,ngofs2_grid_864_997,noaa_ngofs2_mobile_bay_model,Mullet Point,0.25,30.41,-87.91,2.502617325949256,salinity,21.397600173950195,PSU,bottom,2.0,standard_depth_positive_down,model_grid_or_not_applicable,MODEL_WET_GRID_NODE,,2026-10-07T00:00:00+00:00,2026-10-07T06:31:11.819952+00:00,2026-10-07T06:31:11.819952+00:00,UTC,2026-10-06T21:00:00+00:00,forecast,3,https://opendap.co-ops.nos.noaa.gov/thredds/dodsC/NOAA/NGOFS2/MODELS/2026/10/06/ngofs2.t21z.20261006.regulargrid.f003.nc,0.0,a35efafd89c8c60821aa7c6740a638843fb330aba7b5d73879f8854f4678c3d5,ngofs2_regulargrid_v1
noaa_ngofs2_mobile_bay_regulargrid,MODEL,ngofs2_grid_864_997,noaa_ngofs2_mobile_bay_model,Mullet Point,0.25,30.41,-87.91,2.502617325949256,water_surface_elevation,0.07438040524721146,m,surface,0.0,surface,model_mean_sea_level,MODEL_WET_GRID_NODE,,2026-10-07T00:00:00+00:00,2026-10-07T06:31:11.819952+00:00,2026-10-07T06:31:11.819952+00:00,UTC,2026-10-06T21:00:00+00:00,forecast,3,https://opendap.co-ops.nos.noaa.gov/thredds/dodsC/NOAA/NGOFS2/MODELS/2026/10/06/ngofs2.t21z.20261006.regulargrid.f003.nc,0.0,a35efafd89c8c60821aa7c6740a638843fb330aba7b5d73879f8854f4678c3d5,ngofs2_regulargrid_v1
noaa_ngofs2_mobile_bay_regulargrid,MODEL,ngofs2_grid_865_996,noaa_ngofs2_mobile_bay_model,Mullet Point,0.75,30.42,-87.91999999999999,2.4181508833466974,eastward_current,-0.01310664601624012,m/s,surface,0.0,standard_depth_positive_down,model_grid_or_not_applicable,MODEL_WET_GRID_NODE,,2026-10-07T00:00:00+00:00,2026-10-07T06:31:11.819952+00:00,2026-10-07T06:31:11.819952+00:00,UTC,2026-10-06T21:00:00+00:00,forecast,3,https://opendap.co-ops.nos.noaa.gov/thredds/dodsC/NOAA/NGOFS2/MODELS/2026/10/06/ngofs2.t21z.20261006.regulargrid.f003.nc,0.0,a35efafd89c8c60821aa7c6740a638843fb330aba7b5d73879f8854f4678c3d5,ngofs2_regulargrid_v1
noaa_ngofs2_mobile_bay_regulargrid,MODEL,ngofs2_grid_865_996,noaa_ngofs2_mobile_bay_model,Mullet Point,0.75,30.42,-87.91999999999999,2.4181508833466974,northward_current,-0.0732426866889,m/s,surface,0.0,standard_depth_positive_down,model_grid_or_not_applicable,MODEL_WET_GRID_NODE,,2026-10-07T00:00:00+00:00,2026-10-07T06:31:11.819952+00:00,2026-10-07T06:31:11.819952+00:00,UTC,2026-10-06T21:00:00+00:00,forecast,3,https://opendap.co-ops.nos.noaa.gov/thredds/dodsC/NOAA/NGOFS2/MODELS/2026/10/06/ngofs2.t21z.20261006.regulargrid.f003.nc,0.0,a35efafd89c8c60821aa7c6740a638843fb330aba7b5d73879f8854f4678c3d5,ngofs2_regulargrid_v1
noaa_ngofs2_mobile_bay_regulargrid,MODEL,ngofs2_grid_865_996,noaa_ngofs2_mobile_bay_model,Mullet Point,0.75,30.42,-87.91999999999999,2.4181508833466974,shoreward_current,-0.013106646016240125,m/s,surface,0.0,standard_depth_positive_down,model_grid_or_not_applicable,MODEL_WET_GRID_NODE,,2026-10-07T00:00:00+00:00,2026-10-07T06:31:11.819952+00:00,2026-10-07T06:31:11.819952+00:00,UTC,2026-10-06T21:00:00+00:00,forecast,3,https://opendap.co-ops.nos.noaa.gov/thredds/dodsC/NOAA/NGOFS2/MODELS/2026/10/06/ngofs2.t21z.20261006.regulargrid.f003.nc,0.0,a35efafd89c8c60821aa7c6740a638843fb330aba7b5d73879f8854f4678c3d5,ngofs2_regulargrid_v1
noaa_ngofs2_mobile_bay_regulargrid,MODEL,ngofs2_grid_865_996,noaa_ngofs2_mobile_bay_model,Mullet Point,0.75,30.42,-87.91999999999999,2.4181508833466974,water_temperature,29.174936294555664,degC,surface,0.0,standard_depth_positive_down,model_grid_or_not_applicable,MODEL_WET_GRID_NODE,,2026-10-07T00:00:00+00:00,2026-10-07T06:31:11.819952+00:00,2026-10-07T06:31:11.819952+00:00,UTC,2026-10-06T21:00:00+00:00,forecast,3,https://opendap.co-ops.nos.noaa.gov/thredds/dodsC/NOAA/NGOFS2/MODELS/2026/10/06/ngofs2.t21z.20261006.regulargrid.f003.nc,0.0,a35efafd89c8c60821aa7c6740a638843fb330aba7b5d73879f8854f4678c3d5,ngofs2_regulargrid_v1
noaa_ngofs2_mobile_bay_regulargrid,MODEL,ngofs2_grid_865_996,noaa_ngofs2_mobile_bay_model,Mullet Point,0.75,30.42,-87.91999999999999,2.4181508833466974,salinity,20.860801696777344,PSU,surface,0.0,standard_depth_positive_down,model_grid_or_not_applicable,MODEL_WET_GRID_NODE,,2026-10-07T00:00:00+00:00,2026-10-07T06:31:11.819952+00:00,2026-10-07T06:31:11.819952+00:00,UTC,2026-10-06T21:00:00+00:00,forecast,3,https://opendap.co-ops.nos.noaa.gov/thredds/dodsC/NOAA/NGOFS2/MODELS/2026/10/06/ngofs2.t21z.20261006.regulargrid.f003.nc,0.0,a35efafd89c8c60821aa7c6740a638843fb330aba7b5d73879f8854f4678c3d5,ngofs2_regulargrid_v1
noaa_ngofs2_mobile_bay_regulargrid,MODEL,ngofs2_grid_865_996,noaa_ngofs2_mobile_bay_model,Mullet Point,0.75,30.42,-87.91999999999999,2.4181508833466974,eastward_current,0.06160538271069527,m/s,bottom,2.0,standard_depth_positive_down,model_grid_or_not_applicable,MODEL_WET_GRID_NODE,,2026-10-07T00:00:00+00:00,2026-10-07T06:31:11.819952+00:00,2026-10-07T06:31:11.819952+00:00,UTC,2026-10-06T21:00:00+00:00,forecast,3,https://opendap.co-ops.nos.noaa.gov/thredds/dodsC/NOAA/NGOFS2/MODELS/2026/10/06/ngofs2.t21z.20261006.regulargrid.f003.nc,0.0,a35efafd89c8c60821aa7c6740a638843fb330aba7b5d73879f8854f4678c3d5,ngofs2_regulargrid_v1
noaa_ngofs2_mobile_bay_regulargrid,MODEL,ngofs2_grid_865_996,noaa_ngofs2_mobile_bay_model,Mullet Point,0.75,30.42,-87.91999999999999,2.4181508833466974,northward_current,0.0014249344822019339,m/s,bottom,2.0,standard_depth_positive_down,model_grid_or_not_applicable,MODEL_WET_GRID_NODE,,2026-10-07T00:00:00+00:00,2026-10-07T06:31:11.819952+00:00,2026-10-07T06:31:11.819952+00:00,UTC,2026-10-06T21:00:00+00:00,forecast,3,https://opendap.co-ops.nos.noaa.gov/thredds/dodsC/NOAA/NGOFS2/MODELS/2026/10/06/ngofs2.t21z.20261006.regulargrid.f003.nc,0.0,a35efafd89c8c60821aa7c6740a638843fb330aba7b5d73879f8854f4678c3d5,ngofs2_regulargrid_v1
noaa_ngofs2_mobile_bay_regulargrid,MODEL,ngofs2_grid_865_996,noaa_ngofs2_mobile_bay_model,Mullet Point,0.75,30.42,-87.91999999999999,2.4181508833466974,shoreward_current,0.06160538271069527,m/s,bottom,2.0,standard_depth_positive_down,model_grid_or_not_applicable,MODEL_WET_GRID_NODE,,2026-10-07T00:00:00+00:00,2026-10-07T06:31:11.819952+00:00,2026-10-07T06:31:11.819952+00:00,UTC,2026-10-06T21:00:00+00:00,forecast,3,https://opendap.co-ops.nos.noaa.gov/thredds/dodsC/NOAA/NGOFS2/MODELS/2026/10/06/ngofs2.t21z.20261006.regulargrid.f003.nc,0.0,a35efafd89c8c60821aa7c6740a638843fb330aba7b5d73879f8854f4678c3d5,ngofs2_regulargrid_v1
noaa_ngofs2_mobile_bay_regulargrid,MODEL,ngofs2_grid_865_996,noaa_ngofs2_mobile_bay_model,Mullet Point,0.75,30.42,-87.91999999999999,2.4181508833466974,water_temperature,29.40964126586914,degC,bottom,2.0,standard_depth_positive_down,model_grid_or_not_applicable,MODEL_WET_GRID_NODE,,2026-10-07T00:00:00+00:00,2026-10-07T06:31:11.819952+00:00,2026-10-07T06:31:11.819952+00:00,UTC,2026-10-06T21:00:00+00:00,forecast,3,https://opendap.co-ops.nos.noaa.gov/thredds/dodsC/NOAA/NGOFS2/MODELS/2026/10/06/ngofs2.t21z.20261006.regulargrid.f003.nc,0.0,a35efafd89c8c60821aa7c6740a638843fb330aba7b5d73879f8854f4678c3d5,ngofs2_regulargrid_v1
noaa_ngofs2_mobile_bay_regulargrid,MODEL,ngofs2_grid_865_996,noaa_ngofs2_mobile_bay_model,Mullet Point,0.75,30.42,-87.91999999999999,2.4181508833466974,salinity,22.204647064208984,PSU,bottom,2.0,standard_depth_positive_down,model_grid_or_not_applicable,MODEL_WET_GRID_NODE,,2026-10-07T00:00:00+00:00,2026-10-07T06:31:11.819952+00:00,2026-10-07T06:31:11.819952+00:00,UTC,2026-10-06T21:00:00+00:00,forecast,3,https://opendap.co-ops.nos.noaa.gov/thredds/dodsC/NOAA/NGOFS2/MODELS/2026/10/06/ngofs2.t21z.20261006.regulargrid.f003.nc,0.0,a35efafd89c8c60821aa7c6740a638843fb330aba7b5d73879f8854f4678c3d5,ngofs2_regulargrid_v1
noaa_ngofs2_mobile_bay_regulargrid,MODEL,ngofs2_grid_865_996,noaa_ngofs2_mobile_bay_model,Mullet Point,0.75,30.42,-87.91999999999999,2.4181508833466974,water_surface_elevation,0.07519668340682983,m,surface,0.0,surface,model_mean_sea_level,MODEL_WET_GRID_NODE,,2026-10-07T00:00:00+00:00,2026-10-07T06:31:11.819952+00:00,2026-10-07T06:31:11.819952+00:00,UTC,2026-10-06T21:00:00+00:00,forecast,3,https://opendap.co-ops.nos.noaa.gov/thredds/dodsC/NOAA/NGOFS2/MODELS/2026/10/06/ngofs2.t21z.20261006.regulargrid.f003.nc,0.0,a35efafd89c8c60821aa7c6740a638843fb330aba7b5d73879f8854f4678c3d5,ngofs2_regulargrid_v1
noaa_ngofs2_mobile_bay_regulargrid,MODEL,ngofs2_grid_865_995,noaa_ngofs2_mobile_bay_model,Mullet Point,1.5,30.42,-87.92999999999999,3.100659617984664,eastward_current,-0.019026529043912888,m/s,surface,0.0,standard_depth_positive_down,model_grid_or_not_applicable,MODEL_WET_GRID_NODE,,2026-10-07T00:00:00+00:00,2026-10-07T06:31:11.819952+00:00,2026-10-07T06:31:11.819952+00:00,UTC,2026-10-06T21:00:00+00:00,forecast,3,https://opendap.co-ops.nos.noaa.gov/thredds/dodsC/NOAA/NGOFS2/MODELS/2026/10/06/ngofs2.t21z.20261006.regulargrid.f003.nc,0.0,a35efafd89c8c60821aa7c6740a638843fb330aba7b5d73879f8854f4678c3d5,ngofs2_regulargrid_v1
noaa_ngofs2_mobile_bay_regulargrid,MODEL,ngofs2_grid_865_995,noaa_ngofs2_mobile_bay_model,Mullet Point,1.5,30.42,-87.92999999999999,3.100659617984664,northward_current,-0.08638352155685425,m/s,surface,0.0,standard_depth_positive_down,model_grid_or_not_applicable,MODEL_WET_GRID_NODE,,2026-10-07T00:00:00+00:00,2026-10-07T06:31:11.819952+00:00,2026-10-07T06:31:11.819952+00:00,UTC,2026-10-06T21:00:00+00:00,forecast,3,https://opendap.co-ops.nos.noaa.gov/thredds/dodsC/NOAA/NGOFS2/MODELS/2026/10/06/ngofs2.t21z.20261006.regulargrid.f003.nc,0.0,a35efafd89c8c60821aa7c6740a638843fb330aba7b5d73879f8854f4678c3d5,ngofs2_regulargrid_v1
noaa_ngofs2_mobile_bay_regulargrid,MODEL,ngofs2_grid_865_995,noaa_ngofs2_mobile_bay_model,Mullet Point,1.5,30.42,-87.92999999999999,3.100659617984664,shoreward_current,-0.019026529043912895,m/s,surface,0.0,standard_depth_positive_down,model_grid_or_not_applicable,MODEL_WET_GRID_NODE,,2026-10-07T00:00:00+00:00,2026-10-07T06:31:11.819952+00:00,2026-10-07T06:31:11.819952+00:00,UTC,2026-10-06T21:00:00+00:00,forecast,3,https://opendap.co-ops.nos.noaa.gov/thredds/dodsC/NOAA/NGOFS2/MODELS/2026/10/06/ngofs2.t21z.20261006.regulargrid.f003.nc,0.0,a35efafd89c8c60821aa7c6740a638843fb330aba7b5d73879f8854f4678c3d5,ngofs2_regulargrid_v1
noaa_ngofs2_mobile_bay_regulargrid,MODEL,ngofs2_grid_865_995,noaa_ngofs2_mobile_bay_model,Mullet Point,1.5,30.42,-87.92999999999999,3.100659617984664,water_temperature,29.121320724487305,degC,surface,0.0,standard_depth_positive_down,model_grid_or_not_applicable,MODEL_WET_GRID_NODE,,2026-10-07T00:00:00+00:00,2026-10-07T06:31:11.819952+00:00,2026-10-07T06:31:11.819952+00:00,UTC,2026-10-06T21:00:00+00:00,forecast,3,https://opendap.co-ops.nos.noaa.gov/thredds/dodsC/NOAA/NGOFS2/MODELS/2026/10/06/ngofs2.t21z.20261006.regulargrid.f003.nc,0.0,a35efafd89c8c60821aa7c6740a638843fb330aba7b5d73879f8854f4678c3d5,ngofs2_regulargrid_v1
noaa_ngofs2_mobile_bay_regulargrid,MODEL,ngofs2_grid_865_995,noaa_ngofs2_mobile_bay_model,Mullet Point,1.5,30.42,-87.92999999999999,3.100659617984664,salinity,20.79851531982422,PSU,surface,0.0,standard_depth_positive_down,model_grid_or_not_applicable,MODEL_WET_GRID_NODE,,2026-10-07T00:00:00+00:00,2026-10-07T06:31:11.819952+00:00,2026-10-07T06:31:11.819952+00:00,UTC,2026-10-06T21:00:00+00:00,forecast,3,https://opendap.co-ops.nos.noaa.gov/thredds/dodsC/NOAA/NGOFS2/MODELS/2026/10/06/ngofs2.t21z.20261006.regulargrid.f003.nc,0.0,a35efafd89c8c60821aa7c6740a638843fb330aba7b5d73879f8854f4678c3d5,ngofs2_regulargrid_v1
noaa_ngofs2_mobile_bay_regulargrid,MODEL,ngofs2_grid_865_995,noaa_ngofs2_mobile_bay_model,Mullet Point,1.5,30.42,-87.92999999999999,3.100659617984664,eastward_current,0.0769008994102478,m/s,bottom,2.0,standard_depth_positive_down,model_grid_or_not_applicable,MODEL_WET_GRID_NODE,,2026-10-07T00:00:00+00:00,2026-10-07T06:31:11.819952+00:00,2026-10-07T06:31:11.819952+00:00,UTC,2026-10-06T21:00:00+00:00,forecast,3,https://opendap.co-ops.nos.noaa.gov/thredds/dodsC/NOAA/NGOFS2/MODELS/2026/10/06/ngofs2.t21z.20261006.regulargrid.f003.nc,0.0,a35efafd89c8c60821aa7c6740a638843fb330aba7b5d73879f8854f4678c3d5,ngofs2_regulargrid_v1
noaa_ngofs2_mobile_bay_regulargrid,MODEL,ngofs2_grid_865_995,noaa_ngofs2_mobile_bay_model,Mullet Point,1.5,30.42,-87.92999999999999,3.100659617984664,northward_current,0.0011317572789266706,m/s,bottom,2.0,standard_depth_positive_down,model_grid_or_not_applicable,MODEL_WET_GRID_NODE,,2026-10-07T00:00:00+00:00,2026-10-07T06:31:11.819952+00:00,2026-10-07T06:31:11.819952+00:00,UTC,2026-10-06T21:00:00+00:00,forecast,3,https://opendap.co-ops.nos.noaa.gov/thredds/dodsC/NOAA/NGOFS2/MODELS/2026/10/06/ngofs2.t21z.20261006.regulargrid.f003.nc,0.0,a35efafd89c8c60821aa7c6740a638843fb330aba7b5d73879f8854f4678c3d5,ngofs2_regulargrid_v1
noaa_ngofs2_mobile_bay_regulargrid,MODEL,ngofs2_grid_865_995,noaa_ngofs2_mobile_bay_model,Mullet Point,1.5,30.42,-87.92999999999999,3.100659617984664,shoreward_current,0.0769008994102478,m/s,bottom,2.0,standard_depth_positive_down,model_grid_or_not_applicable,MODEL_WET_GRID_NODE,,2026-10-07T00:00:00+00:00,2026-10-07T06:31:11.819952+00:00,2026-10-07T06:31:11.819952+00:00,UTC,2026-10-06T21:00:00+00:00,forecast,3,https://opendap.co-ops.nos.noaa.gov/thredds/dodsC/NOAA/NGOFS2/MODELS/2026/10/06/ngofs2.t21z.20261006.regulargrid.f003.nc,0.0,a35efafd89c8c60821aa7c6740a638843fb330aba7b5d73879f8854f4678c3d5,ngofs2_regulargrid_v1
noaa_ngofs2_mobile_bay_regulargrid,MODEL,ngofs2_grid_865_995,noaa_ngofs2_mobile_bay_model,Mullet Point,1.5,30.42,-87.92999999999999,3.100659617984664,water_temperature,29.275127410888672,degC,bottom,2.0,standard_depth_positive_down,model_grid_or_not_applicable,MODEL_WET_GRID_NODE,,2026-10-07T00:00:00+00:00,2026-10-07T06:31:11.819952+00:00,2026-10-07T06:31:11.819952+00:00,UTC,2026-10-06T21:00:00+00:00,forecast,3,https://opendap.co-ops.nos.noaa.gov/thredds/dodsC/NOAA/NGOFS2/MODELS/2026/10/06/ngofs2.t21z.20261006.regulargrid.f003.nc,0.0,a35efafd89c8c60821aa7c6740a638843fb330aba7b5d73879f8854f4678c3d5,ngofs2_regulargrid_v1
noaa_ngofs2_mobile_bay_regulargrid,MODEL,ngofs2_grid_865_995,noaa_ngofs2_mobile_bay_model,Mullet Point,1.5,30.42,-87.92999999999999,3.100659617984664,salinity,22.26336097717285,PSU,bottom,2.0,standard_depth_positive_down,model_grid_or_not_applicable,MODEL_WET_GRID_NODE,,2026-10-07T00:00:00+00:00,2026-10-07T06:31:11.819952+00:00,2026-10-07T06:31:11.819952+00:00,UTC,2026-10-06T21:00:00+00:00,forecast,3,https://opendap.co-ops.nos.noaa.gov/thredds/dodsC/NOAA/NGOFS2/MODELS/2026/10/06/ngofs2.t21z.20261006.regulargrid.f003.nc,0.0,a35efafd89c8c60821aa7c6740a638843fb330aba7b5d73879f8854f4678c3d5,ngofs2_regulargrid_v1
noaa_ngofs2_mobile_bay_regulargrid,MODEL,ngofs2_grid_865_995,noaa_ngofs2_mobile_bay_model,Mullet Point,1.5,30.42,-87.92999999999999,3.100659617984664,water_surface_elevation,0.07681134343147278,m,surface,0.0,surface,model_mean_sea_level,MODEL_WET_GRID_NODE,,2026-10-07T00:00:00+00:00,2026-10-07T06:31:11.819952+00:00,2026-10-07T06:31:11.819952+00:00,UTC,2026-10-06T21:00:00+00:00,forecast,3,https://opendap.co-ops.nos.noaa.gov/thredds/dodsC/NOAA/NGOFS2/MODELS/2026/10/06/ngofs2.t21z.20261006.regulargrid.f003.nc,0.0,a35efafd89c8c60821aa7c6740a638843fb330aba7b5d73879f8854f4678c3d5,ngofs2_regulargrid_v1
noaa_ngofs2_mobile_bay_regulargrid,MODEL,ngofs2_grid_865_994,noaa_ngofs2_mobile_bay_model,Mullet Point,3.0,30.42,-87.94,3.6294734668212425,eastward_current,-0.030545644462108612,m/s,surface,0.0,standard_depth_positive_down,model_grid_or_not_applicable,MODEL_WET_GRID_NODE,,2026-10-07T00:00:00+00:00,2026-10-07T06:31:11.819952+00:00,2026-10-07T06:31:11.819952+00:00,UTC,2026-10-06T21:00:00+00:00,forecast,3,https://opendap.co-ops.nos.noaa.gov/thredds/dodsC/NOAA/NGOFS2/MODELS/2026/10/06/ngofs2.t21z.20261006.regulargrid.f003.nc,0.0,a35efafd89c8c60821aa7c6740a638843fb330aba7b5d73879f8854f4678c3d5,ngofs2_regulargrid_v1
noaa_ngofs2_mobile_bay_regulargrid,MODEL,ngofs2_grid_865_994,noaa_ngofs2_mobile_bay_model,Mullet Point,3.0,30.42,-87.94,3.6294734668212425,northward_current,-0.08334361761808395,m/s,surface,0.0,standard_depth_positive_down,model_grid_or_not_applicable,MODEL_WET_GRID_NODE,,2026-10-07T00:00:00+00:00,2026-10-07T06:31:11.819952+00:00,2026-10-07T06:31:11.819952+00:00,UTC,2026-10-06T21:00:00+00:00,forecast,3,https://opendap.co-ops.nos.noaa.gov/thredds/dodsC/NOAA/NGOFS2/MODELS/2026/10/06/ngofs2.t21z.20261006.regulargrid.f003.nc,0.0,a35efafd89c8c60821aa7c6740a638843fb330aba7b5d73879f8854f4678c3d5,ngofs2_regulargrid_v1
noaa_ngofs2_mobile_bay_regulargrid,MODEL,ngofs2_grid_865_994,noaa_ngofs2_mobile_bay_model,Mullet Point,3.0,30.42,-87.94,3.6294734668212425,shoreward_current,-0.030545644462108616,m/s,surface,0.0,standard_depth_positive_down,model_grid_or_not_applicable,MODEL_WET_GRID_NODE,,2026-10-07T00:00:00+00:00,2026-10-07T06:31:11.819952+00:00,2026-10-07T06:31:11.819952+00:00,UTC,2026-10-06T21:00:00+00:00,forecast,3,https://opendap.co-ops.nos.noaa.gov/thredds/dodsC/NOAA/NGOFS2/MODELS/2026/10/06/ngofs2.t21z.20261006.regulargrid.f003.nc,0.0,a35efafd89c8c60821aa7c6740a638843fb330aba7b5d73879f8854f4678c3d5,ngofs2_regulargrid_v1
noaa_ngofs2_mobile_bay_regulargrid,MODEL,ngofs2_grid_865_994,noaa_ngofs2_mobile_bay_model,Mullet Point,3.0,30.42,-87.94,3.6294734668212425,water_temperature,29.067237854003906,degC,surface,0.0,standard_depth_positive_down,model_grid_or_not_applicable,MODEL_WET_GRID_NODE,,2026-10-07T00:00:00+00:00,2026-10-07T06:31:11.819952+00:00,2026-10-07T06:31:11.819952+00:00,UTC,2026-10-06T21:00:00+00:00,forecast,3,https://opendap.co-ops.nos.noaa.gov/thredds/dodsC/NOAA/NGOFS2/MODELS/2026/10/06/ngofs2.t21z.20261006.regulargrid.f003.nc,0.0,a35efafd89c8c60821aa7c6740a638843fb330aba7b5d73879f8854f4678c3d5,ngofs2_regulargrid_v1
noaa_ngofs2_mobile_bay_regulargrid,MODEL,ngofs2_grid_865_994,noaa_ngofs2_mobile_bay_model,Mullet Point,3.0,30.42,-87.94,3.6294734668212425,salinity,19.839025497436523,PSU,surface,0.0,standard_depth_positive_down,model_grid_or_not_applicable,MODEL_WET_GRID_NODE,,2026-10-07T00:00:00+00:00,2026-10-07T06:31:11.819952+00:00,2026-10-07T06:31:11.819952+00:00,UTC,2026-10-06T21:00:00+00:00,forecast,3,https://opendap.co-ops.nos.noaa.gov/thredds/dodsC/NOAA/NGOFS2/MODELS/2026/10/06/ngofs2.t21z.20261006.regulargrid.f003.nc,0.0,a35efafd89c8c60821aa7c6740a638843fb330aba7b5d73879f8854f4678c3d5,ngofs2_regulargrid_v1
noaa_ngofs2_mobile_bay_regulargrid,MODEL,ngofs2_grid_865_994,noaa_ngofs2_mobile_bay_model,Mullet Point,3.0,30.42,-87.94,3.6294734668212425,eastward_current,0.0738898441195488,m/s,bottom,2.0,standard_depth_positive_down,model_grid_or_not_applicable,MODEL_WET_GRID_NODE,,2026-10-07T00:00:00+00:00,2026-10-07T06:31:11.819952+00:00,2026-10-07T06:31:11.819952+00:00,UTC,2026-10-06T21:00:00+00:00,forecast,3,https://opendap.co-ops.nos.noaa.gov/thredds/dodsC/NOAA/NGOFS2/MODELS/2026/10/06/ngofs2.t21z.20261006.regulargrid.f003.nc,0.0,a35efafd89c8c60821aa7c6740a638843fb330aba7b5d73879f8854f4678c3d5,ngofs2_regulargrid_v1
noaa_ngofs2_mobile_bay_regulargrid,MODEL,ngofs2_grid_865_994,noaa_ngofs2_mobile_bay_model,Mullet Point,3.0,30.42,-87.94,3.6294734668212425,northward_current,-0.006587587296962738,m/s,bottom,2.0,standard_depth_positive_down,model_grid_or_not_applicable,MODEL_WET_GRID_NODE,,2026-10-07T00:00:00+00:00,2026-10-07T06:31:11.819952+00:00,2026-10-07T06:31:11.819952+00:00,UTC,2026-10-06T21:00:00+00:00,forecast,3,https://opendap.co-ops.nos.noaa.gov/thredds/dodsC/NOAA/NGOFS2/MODELS/2026/10/06/ngofs2.t21z.20261006.regulargrid.f003.nc,0.0,a35efafd89c8c60821aa7c6740a638843fb330aba7b5d73879f8854f4678c3d5,ngofs2_regulargrid_v1
noaa_ngofs2_mobile_bay_regulargrid,MODEL,ngofs2_grid_865_994,noaa_ngofs2_mobile_bay_model,Mullet Point,3.0,30.42,-87.94,3.6294734668212425,shoreward_current,0.0738898441195488,m/s,bottom,2.0,standard_depth_positive_down,model_grid_or_not_applicable,MODEL_WET_GRID_NODE,,2026-10-07T00:00:00+00:00,2026-10-07T06:31:11.819952+00:00,2026-10-07T06:31:11.819952+00:00,UTC,2026-10-06T21:00:00+00:00,forecast,3,https://opendap.co-ops.nos.noaa.gov/thredds/dodsC/NOAA/NGOFS2/MODELS/2026/10/06/ngofs2.t21z.20261006.regulargrid.f003.nc,0.0,a35efafd89c8c60821aa7c6740a638843fb330aba7b5d73879f8854f4678c3d5,ngofs2_regulargrid_v1
noaa_ngofs2_mobile_bay_regulargrid,MODEL,ngofs2_grid_865_994,noaa_ngofs2_mobile_bay_model,Mullet Point,3.0,30.42,-87.94,3.6294734668212425,water_temperature,29.21649742126465,degC,bottom,2.0,standard_depth_positive_down,model_grid_or_not_applicable,MODEL_WET_GRID_NODE,,2026-10-07T00:00:00+00:00,2026-10-07T06:31:11.819952+00:00,2026-10-07T06:31:11.819952+00:00,UTC,2026-10-06T21:00:00+00:00,forecast,3,https://opendap.co-ops.nos.noaa.gov/thredds/dodsC/NOAA/NGOFS2/MODELS/2026/10/06/ngofs2.t21z.20261006.regulargrid.f003.nc,0.0,a35efafd89c8c60821aa7c6740a638843fb330aba7b5d73879f8854f4678c3d5,ngofs2_regulargrid_v1
noaa_ngofs2_mobile_bay_regulargrid,MODEL,ngofs2_grid_865_994,noaa_ngofs2_mobile_bay_model,Mullet Point,3.0,30.42,-87.94,3.6294734668212425,salinity,21.341632843017578,PSU,bottom,2.0,standard_depth_positive_down,model_grid_or_not_applicable,MODEL_WET_GRID_NODE,,2026-10-07T00:00:00+00:00,2026-10-07T06:31:11.819952+00:00,2026-10-07T06:31:11.819952+00:00,UTC,2026-10-06T21:00:00+00:00,forecast,3,https://opendap.co-ops.nos.noaa.gov/thredds/dodsC/NOAA/NGOFS2/MODELS/2026/10/06/ngofs2.t21z.20261006.regulargrid.f003.nc,0.0,a35efafd89c8c60821aa7c6740a638843fb330aba7b5d73879f8854f4678c3d5,ngofs2_regulargrid_v1
noaa_ngofs2_mobile_bay_regulargrid,MODEL,ngofs2_grid_865_994,noaa_ngofs2_mobile_bay_model,Mullet Point,3.0,30.42,-87.94,3.6294734668212425,water_surface_elevation,0.07883855700492859,m,surface,0.0,surface,model_mean_sea_level,MODEL_WET_GRID_NODE,,2026-10-07T00:00:00+00:00,2026-10-07T06:31:11.819952+00:00,2026-10-07T06:31:11.819952+00:00,UTC,2026-10-06T21:00:00+00:00,forecast,3,https://opendap.co-ops.nos.noaa.gov/thredds/dodsC/NOAA/NGOFS2/MODELS/2026/10/06/ngofs2.t21z.20261006.regulargrid.f003.nc,0.0,a35efafd89c8c60821aa7c6740a638843fb330aba7b5d73879f8854f4678c3d5,ngofs2_regulargrid_v1
noaa_ngofs2_mobile_bay_regulargrid,MODEL,ngofs2_grid_883_996,noaa_ngofs2_mobile_bay_model,Daphne/May Day,0.25,30.6,-87.91999999999999,2.2672366437253064,eastward_current,0.017279254272580147,m/s,surface,0.0,standard_depth_positive_down,model_grid_or_not_applicable,MODEL_WET_GRID_NODE,,2026-10-07T06:00:00+00:00,2026-10-07T06:31:11.819952+00:00,2026-10-07T06:31:11.819952+00:00,UTC,2026-10-06T21:00:00+00:00,forecast,9,https://opendap.co-ops.nos.noaa.gov/thredds/dodsC/NOAA/NGOFS2/MODELS/2026/10/06/ngofs2.t21z.20261006.regulargrid.f009.nc,0.0,a35efafd89c8c60821aa7c6740a638843fb330aba7b5d73879f8854f4678c3d5,ngofs2_regulargrid_v1
noaa_ngofs2_mobile_bay_regulargrid,MODEL,ngofs2_grid_883_996,noaa_ngofs2_mobile_bay_model,Daphne/May Day,0.25,30.6,-87.91999999999999,2.2672366437253064,northward_current,-0.02514542266726494,m/s,surface,0.0,standard_depth_positive_down,model_grid_or_not_applicable,MODEL_WET_GRID_NODE,,2026-10-07T06:00:00+00:00,2026-10-07T06:31:11.819952+00:00,2026-10-07T06:31:11.819952+00:00,UTC,2026-10-06T21:00:00+00:00,forecast,9,https://opendap.co-ops.nos.noaa.gov/thredds/dodsC/NOAA/NGOFS2/MODELS/2026/10/06/ngofs2.t21z.20261006.regulargrid.f009.nc,0.0,a35efafd89c8c60821aa7c6740a638843fb330aba7b5d73879f8854f4678c3d5,ngofs2_regulargrid_v1
noaa_ngofs2_mobile_bay_regulargrid,MODEL,ngofs2_grid_883_996,noaa_ngofs2_mobile_bay_model,Daphne/May Day,0.25,30.6,-87.91999999999999,2.2672366437253064,shoreward_current,0.017279254272580147,m/s,surface,0.0,standard_depth_positive_down,model_grid_or_not_applicable,MODEL_WET_GRID_NODE,,2026-10-07T06:00:00+00:00,2026-10-07T06:31:11.819952+00:00,2026-10-07T06:31:11.819952+00:00,UTC,2026-10-06T21:00:00+00:00,forecast,9,https://opendap.co-ops.nos.noaa.gov/thredds/dodsC/NOAA/NGOFS2/MODELS/2026/10/06/ngofs2.t21z.20261006.regulargrid.f009.nc,0.0,a35efafd89c8c60821aa7c6740a638843fb330aba7b5d73879f8854f4678c3d5,ngofs2_regulargrid_v1
noaa_ngofs2_mobile_bay_regulargrid,MODEL,ngofs2_grid_883_996,noaa_ngofs2_mobile_bay_model,Daphne/May Day,0.25,30.6,-87.91999999999999,2.2672366437253064,water_temperature,28.71306800842285,degC,surface,0.0,standard_depth_positive_down,model_grid_or_not_applicable,MODEL_WET_GRID_NODE,,2026-10-07T06:00:00+00:00,2026-10-07T06:31:11.819952+00:00,2026-10-07T06:31:11.819952+00:00,UTC,2026-10-06T21:00:00+00:00,forecast,9,https://opendap.co-ops.nos.noaa.gov/thredds/dodsC/NOAA/NGOFS2/MODELS/2026/10/06/ngofs2.t21z.20261006.regulargrid.f009.nc,0.0,a35efafd89c8c60821aa7c6740a638843fb330aba7b5d73879f8854f4678c3d5,ngofs2_regulargrid_v1
noaa_ngofs2_mobile_bay_regulargrid,MODEL,ngofs2_grid_883_996,noaa_ngofs2_mobile_bay_model,Daphne/May Day,0.25,30.6,-87.91999999999999,2.2672366437253064,salinity,10.04081916809082,PSU,surface,0.0,standard_depth_positive_down,model_grid_or_not_applicable,MODEL_WET_GRID_NODE,,2026-10-07T06:00:00+00:00,2026-10-07T06:31:11.819952+00:00,2026-10-07T06:31:11.819952+00:00,UTC,2026-10-06T21:00:00+00:00,forecast,9,https://opendap.co-ops.nos.noaa.gov/thredds/dodsC/NOAA/NGOFS2/MODELS/2026/10/06/ngofs2.t21z.20261006.regulargrid.f009.nc,0.0,a35efafd89c8c60821aa7c6740a638843fb330aba7b5d73879f8854f4678c3d5,ngofs2_regulargrid_v1
noaa_ngofs2_mobile_bay_regulargrid,MODEL,ngofs2_grid_883_996,noaa_ngofs2_mobile_bay_model,Daphne/May Day,0.25,30.6,-87.91999999999999,2.2672366437253064,eastward_current,0.041644513607025146,m/s,bottom,2.0,standard_depth_positive_down,model_grid_or_not_applicable,MODEL_WET_GRID_NODE,,2026-10-07T06:00:00+00:00,2026-10-07T06:31:11.819952+00:00,2026-10-07T06:31:11.819952+00:00,UTC,2026-10-06T21:00:00+00:00,forecast,9,https://opendap.co-ops.nos.noaa.gov/thredds/dodsC/NOAA/NGOFS2/MODELS/2026/10/06/ngofs2.t21z.20261006.regulargrid.f009.nc,0.0,a35efafd89c8c60821aa7c6740a638843fb330aba7b5d73879f8854f4678c3d5,ngofs2_regulargrid_v1
noaa_ngofs2_mobile_bay_regulargrid,MODEL,ngofs2_grid_883_996,noaa_ngofs2_mobile_bay_model,Daphne/May Day,0.25,30.6,-87.91999999999999,2.2672366437253064,northward_current,0.02587144821882248,m/s,bottom,2.0,standard_depth_positive_down,model_grid_or_not_applicable,MODEL_WET_GRID_NODE,,2026-10-07T06:00:00+00:00,2026-10-07T06:31:11.819952+00:00,2026-10-07T06:31:11.819952+00:00,UTC,2026-10-06T21:00:00+00:00,forecast,9,https://opendap.co-ops.nos.noaa.gov/thredds/dodsC/NOAA/NGOFS2/MODELS/2026/10/06/ngofs2.t21z.20261006.regulargrid.f009.nc,0.0,a35efafd89c8c60821aa7c6740a638843fb330aba7b5d73879f8854f4678c3d5,ngofs2_regulargrid_v1
noaa_ngofs2_mobile_bay_regulargrid,MODEL,ngofs2_grid_883_996,noaa_ngofs2_mobile_bay_model,Daphne/May Day,0.25,30.6,-87.91999999999999,2.2672366437253064,shoreward_current,0.041644513607025146,m/s,bottom,2.0,standard_depth_positive_down,model_grid_or_not_applicable,MODEL_WET_GRID_NODE,,2026-10-07T06:00:00+00:00,2026-10-07T06:31:11.819952+00:00,2026-10-07T06:31:11.819952+00:00,UTC,2026-10-06T21:00:00+00:00,forecast,9,https://opendap.co-ops.nos.noaa.gov/thredds/dodsC/NOAA/NGOFS2/MODELS/2026/10/06/ngofs2.t21z.20261006.regulargrid.f009.nc,0.0,a35efafd89c8c60821aa7c6740a638843fb330aba7b5d73879f8854f4678c3d5,ngofs2_regulargrid_v1
noaa_ngofs2_mobile_bay_regulargrid,MODEL,ngofs2_grid_883_996,noaa_ngofs2_mobile_bay_model,Daphne/May Day,0.25,30.6,-87.91999999999999,2.2672366437253064,water_temperature,29.564760208129883,degC,bottom,2.0,standard_depth_positive_down,model_grid_or_not_applicable,MODEL_WET_GRID_NODE,,2026-10-07T06:00:00+00:00,2026-10-07T06:31:11.819952+00:00,2026-10-07T06:31:11.819952+00:00,UTC,2026-10-06T21:00:00+00:00,forecast,9,https://opendap.co-ops.nos.noaa.gov/thredds/dodsC/NOAA/NGOFS2/MODELS/2026/10/06/ngofs2.t21z.20261006.regulargrid.f009.nc,0.0,a35efafd89c8c60821aa7c6740a638843fb330aba7b5d73879f8854f4678c3d5,ngofs2_regulargrid_v1
noaa_ngofs2_mobile_bay_regulargrid,MODEL,ngofs2_grid_883_996,noaa_ngofs2_mobile_bay_model,Daphne/May Day,0.25,30.6,-87.91999999999999,2.2672366437253064,salinity,11.44369888305664,PSU,bottom,2.0,standard_depth_positive_down,model_grid_or_not_applicable,MODEL_WET_GRID_NODE,,2026-10-07T06:00:00+00:00,2026-10-07T06:31:11.819952+00:00,2026-10-07T06:31:11.819952+00:00,UTC,2026-10-06T21:00:00+00:00,forecast,9,https://opendap.co-ops.nos.noaa.gov/thredds/dodsC/NOAA/NGOFS2/MODELS/2026/10/06/ngofs2.t21z.20261006.regulargrid.f009.nc,0.0,a35efafd89c8c60821aa7c6740a638843fb330aba7b5d73879f8854f4678c3d5,ngofs2_regulargrid_v1
noaa_ngofs2_mobile_bay_regulargrid,MODEL,ngofs2_grid_883_996,noaa_ngofs2_mobile_bay_model,Daphne/May Day,0.25,30.6,-87.91999999999999,2.2672366437253064,water_surface_elevation,0.23093654215335846,m,surface,0.0,surface,model_mean_sea_level,MODEL_WET_GRID_NODE,,2026-10-07T06:00:00+00:00,2026-10-07T06:31:11.819952+00:00,2026-10-07T06:31:11.819952+00:00,UTC,2026-10-06T21:00:00+00:00,forecast,9,https://opendap.co-ops.nos.noaa.gov/thredds/dodsC/NOAA/NGOFS2/MODELS/2026/10/06/ngofs2.t21z.20261006.regulargrid.f009.nc,0.0,a35efafd89c8c60821aa7c6740a638843fb330aba7b5d73879f8854f4678c3d5,ngofs2_regulargrid_v1
noaa_ngofs2_mobile_bay_regulargrid,MODEL,ngofs2_grid_883_995,noaa_ngofs2_mobile_bay_model,Daphne/May Day,0.75,30.6,-87.92999999999999,2.3878223836243047,eastward_current,0.004394286312162876,m/s,surface,0.0,standard_depth_positive_down,model_grid_or_not_applicable,MODEL_WET_GRID_NODE,,2026-10-07T06:00:00+00:00,2026-10-07T06:31:11.819952+00:00,2026-10-07T06:31:11.819952+00:00,UTC,2026-10-06T21:00:00+00:00,forecast,9,https://opendap.co-ops.nos.noaa.gov/thredds/dodsC/NOAA/NGOFS2/MODELS/2026/10/06/ngofs2.t21z.20261006.regulargrid.f009.nc,0.0,a35efafd89c8c60821aa7c6740a638843fb330aba7b5d73879f8854f4678c3d5,ngofs2_regulargrid_v1
noaa_ngofs2_mobile_bay_regulargrid,MODEL,ngofs2_grid_883_995,noaa_ngofs2_mobile_bay_model,Daphne/May Day,0.75,30.6,-87.92999999999999,2.3878223836243047,northward_current,-0.061972953379154205,m/s,surface,0.0,standard_depth_positive_down,model_grid_or_not_applicable,MODEL_WET_GRID_NODE,,2026-10-07T06:00:00+00:00,2026-10-07T06:31:11.819952+00:00,2026-10-07T06:31:11.819952+00:00,UTC,2026-10-06T21:00:00+00:00,forecast,9,https://opendap.co-ops.nos.noaa.gov/thredds/dodsC/NOAA/NGOFS2/MODELS/2026/10/06/ngofs2.t21z.20261006.regulargrid.f009.nc,0.0,a35efafd89c8c60821aa7c6740a638843fb330aba7b5d73879f8854f4678c3d5,ngofs2_regulargrid_v1
noaa_ngofs2_mobile_bay_regulargrid,MODEL,ngofs2_grid_883_995,noaa_ngofs2_mobile_bay_model,Daphne/May Day,0.75,30.6,-87.92999999999999,2.3878223836243047,shoreward_current,0.004394286312162873,m/s,surface,0.0,standard_depth_positive_down,model_grid_or_not_applicable,MODEL_WET_GRID_NODE,,2026-10-07T06:00:00+00:00,2026-10-07T06:31:11.819952+00:00,2026-10-07T06:31:11.819952+00:00,UTC,2026-10-06T21:00:00+00:00,forecast,9,https://opendap.co-ops.nos.noaa.gov/thredds/dodsC/NOAA/NGOFS2/MODELS/2026/10/06/ngofs2.t21z.20261006.regulargrid.f009.nc,0.0,a35efafd89c8c60821aa7c6740a638843fb330aba7b5d73879f8854f4678c3d5,ngofs2_regulargrid_v1
noaa_ngofs2_mobile_bay_regulargrid,MODEL,ngofs2_grid_883_995,noaa_ngofs2_mobile_bay_model,Daphne/May Day,0.75,30.6,-87.92999999999999,2.3878223836243047,water_temperature,28.734485626220703,degC,surface,0.0,standard_depth_positive_down,model_grid_or_not_applicable,MODEL_WET_GRID_NODE,,2026-10-07T06:00:00+00:00,2026-10-07T06:31:11.819952+00:00,2026-10-07T06:31:11.819952+00:00,UTC,2026-10-06T21:00:00+00:00,forecast,9,https://opendap.co-ops.nos.noaa.gov/thredds/dodsC/NOAA/NGOFS2/MODELS/2026/10/06/ngofs2.t21z.20261006.regulargrid.f009.nc,0.0,a35efafd89c8c60821aa7c6740a638843fb330aba7b5d73879f8854f4678c3d5,ngofs2_regulargrid_v1
noaa_ngofs2_mobile_bay_regulargrid,MODEL,ngofs2_grid_883_995,noaa_ngofs2_mobile_bay_model,Daphne/May Day,0.75,30.6,-87.92999999999999,2.3878223836243047,salinity,9.537760734558105,PSU,surface,0.0,standard_depth_positive_down,model_grid_or_not_applicable,MODEL_WET_GRID_NODE,,2026-10-07T06:00:00+00:00,2026-10-07T06:31:11.819952+00:00,2026-10-07T06:31:11.819952+00:00,UTC,2026-10-06T21:00:00+00:00,forecast,9,https://opendap.co-ops.nos.noaa.gov/thredds/dodsC/NOAA/NGOFS2/MODELS/2026/10/06/ngofs2.t21z.20261006.regulargrid.f009.nc,0.0,a35efafd89c8c60821aa7c6740a638843fb330aba7b5d73879f8854f4678c3d5,ngofs2_regulargrid_v1
noaa_ngofs2_mobile_bay_regulargrid,MODEL,ngofs2_grid_883_995,noaa_ngofs2_mobile_bay_model,Daphne/May Day,0.75,30.6,-87.92999999999999,2.3878223836243047,eastward_current,0.04231776297092438,m/s,bottom,2.0,standard_depth_positive_down,model_grid_or_not_applicable,MODEL_WET_GRID_NODE,,2026-10-07T06:00:00+00:00,2026-10-07T06:31:11.819952+00:00,2026-10-07T06:31:11.819952+00:00,UTC,2026-10-06T21:00:00+00:00,forecast,9,https://opendap.co-ops.nos.noaa.gov/thredds/dodsC/NOAA/NGOFS2/MODELS/2026/10/06/ngofs2.t21z.20261006.regulargrid.f009.nc,0.0,a35efafd89c8c60821aa7c6740a638843fb330aba7b5d73879f8854f4678c3d5,ngofs2_regulargrid_v1
noaa_ngofs2_mobile_bay_regulargrid,MODEL,ngofs2_grid_883_995,noaa_ngofs2_mobile_bay_model,Daphne/May Day,0.75,30.6,-87.92999999999999,2.3878223836243047,northward_current,0.01799781806766987,m/s,bottom,2.0,standard_depth_positive_down,model_grid_or_not_applicable,MODEL_WET_GRID_NODE,,2026-10-07T06:00:00+00:00,2026-10-07T06:31:11.819952+00:00,2026-10-07T06:31:11.819952+00:00,UTC,2026-10-06T21:00:00+00:00,forecast,9,https://opendap.co-ops.nos.noaa.gov/thredds/dodsC/NOAA/NGOFS2/MODELS/2026/10/06/ngofs2.t21z.20261006.regulargrid.f009.nc,0.0,a35efafd89c8c60821aa7c6740a638843fb330aba7b5d73879f8854f4678c3d5,ngofs2_regulargrid_v1
noaa_ngofs2_mobile_bay_regulargrid,MODEL,ngofs2_grid_883_995,noaa_ngofs2_mobile_bay_model,Daphne/May Day,0.75,30.6,-87.92999999999999,2.3878223836243047,shoreward_current,0.04231776297092438,m/s,bottom,2.0,standard_depth_positive_down,model_grid_or_not_applicable,MODEL_WET_GRID_NODE,,2026-10-07T06:00:00+00:00,2026-10-07T06:31:11.819952+00:00,2026-10-07T06:31:11.819952+00:00,UTC,2026-10-06T21:00:00+00:00,forecast,9,https://opendap.co-ops.nos.noaa.gov/thredds/dodsC/NOAA/NGOFS2/MODELS/2026/10/06/ngofs2.t21z.20261006.regulargrid.f009.nc,0.0,a35efafd89c8c60821aa7c6740a638843fb330aba7b5d73879f8854f4678c3d5,ngofs2_regulargrid_v1
noaa_ngofs2_mobile_bay_regulargrid,MODEL,ngofs2_grid_883_995,noaa_ngofs2_mobile_bay_model,Daphne/May Day,0.75,30.6,-87.92999999999999,2.3878223836243047,water_temperature,29.5003604888916,degC,bottom,2.0,standard_depth_positive_down,model_grid_or_not_applicable,MODEL_WET_GRID_NODE,,2026-10-07T06:00:00+00:00,2026-10-07T06:31:11.819952+00:00,2026-10-07T06:31:11.819952+00:00,UTC,2026-10-06T21:00:00+00:00,forecast,9,https://opendap.co-ops.nos.noaa.gov/thredds/dodsC/NOAA/NGOFS2/MODELS/2026/10/06/ngofs2.t21z.20261006.regulargrid.f009.nc,0.0,a35efafd89c8c60821aa7c6740a638843fb330aba7b5d73879f8854f4678c3d5,ngofs2_regulargrid_v1
noaa_ngofs2_mobile_bay_regulargrid,MODEL,ngofs2_grid_883_995,noaa_ngofs2_mobile_bay_model,Daphne/May Day,0.75,30.6,-87.92999999999999,2.3878223836243047,salinity,11.34305477142334,PSU,bottom,2.0,standard_depth_positive_down,model_grid_or_not_applicable,MODEL_WET_GRID_NODE,,2026-10-07T06:00:00+00:00,2026-10-07T06:31:11.819952+00:00,2026-10-07T06:31:11.819952+00:00,UTC,2026-10-06T21:00:00+00:00,forecast,9,https://opendap.co-ops.nos.noaa.gov/thredds/dodsC/NOAA/NGOFS2/MODELS/2026/10/06/ngofs2.t21z.20261006.regulargrid.f009.nc,0.0,a35efafd89c8c60821aa7c6740a638843fb330aba7b5d73879f8854f4678c3d5,ngofs2_regulargrid_v1
noaa_ngofs2_mobile_bay_regulargrid,MODEL,ngofs2_grid_883_995,noaa_ngofs2_mobile_bay_model,Daphne/May Day,0.75,30.6,-87.92999999999999,2.3878223836243047,water_surface_elevation,0.23335425555706024,m,surface,0.0,surface,model_mean_sea_level,MODEL_WET_GRID_NODE,,2026-10-07T06:00:00+00:00,2026-10-07T06:31:11.819952+00:00,2026-10-07T06:31:11.819952+00:00,UTC,2026-10-06T21:00:00+00:00,forecast,9,https://opendap.co-ops.nos.noaa.gov/thredds/dodsC/NOAA/NGOFS2/MODELS/2026/10/06/ngofs2.t21z.20261006.regulargrid.f009.nc,0.0,a35efafd89c8c60821aa7c6740a638843fb330aba7b5d73879f8854f4678c3d5,ngofs2_regulargrid_v1
noaa_ngofs2_mobile_bay_regulargrid,MODEL,ngofs2_grid_882_995,noaa_ngofs2_mobile_bay_model,Daphne/May Day,1.5,30.59,-87.92999999999999,2.7600579039603113,eastward_current,0.0006132307462394238,m/s,surface,0.0,standard_depth_positive_down,model_grid_or_not_applicable,MODEL_WET_GRID_NODE,,2026-10-07T06:00:00+00:00,2026-10-07T06:31:11.819952+00:00,2026-10-07T06:31:11.819952+00:00,UTC,2026-10-06T21:00:00+00:00,forecast,9,https://opendap.co-ops.nos.noaa.gov/thredds/dodsC/NOAA/NGOFS2/MODELS/2026/10/06/ngofs2.t21z.20261006.regulargrid.f009.nc,0.0,a35efafd89c8c60821aa7c6740a638843fb330aba7b5d73879f8854f4678c3d5,ngofs2_regulargrid_v1
noaa_ngofs2_mobile_bay_regulargrid,MODEL,ngofs2_grid_882_995,noaa_ngofs2_mobile_bay_model,Daphne/May Day,1.5,30.59,-87.92999999999999,2.7600579039603113,northward_current,-0.06439297646284103,m/s,surface,0.0,standard_depth_positive_down,model_grid_or_not_applicable,MODEL_WET_GRID_NODE,,2026-10-07T06:00:00+00:00,2026-10-07T06:31:11.819952+00:00,2026-10-07T06:31:11.819952+00:00,UTC,2026-10-06T21:00:00+00:00,forecast,9,https://opendap.co-ops.nos.noaa.gov/thredds/dodsC/NOAA/NGOFS2/MODELS/2026/10/06/ngofs2.t21z.20261006.regulargrid.f009.nc,0.0,a35efafd89c8c60821aa7c6740a638843fb330aba7b5d73879f8854f4678c3d5,ngofs2_regulargrid_v1
noaa_ngofs2_mobile_bay_regulargrid,MODEL,ngofs2_grid_882_995,noaa_ngofs2_mobile_bay_model,Daphne/May Day,1.5,30.59,-87.92999999999999,2.7600579039603113,shoreward_current,0.0006132307462394198,m/s,surface,0.0,standard_depth_positive_down,model_grid_or_not_applicable,MODEL_WET_GRID_NODE,,2026-10-07T06:00:00+00:00,2026-10-07T06:31:11.819952+00:00,2026-10-07T06:31:11.819952+00:00,UTC,2026-10-06T21:00:00+00:00,forecast,9,https://opendap.co-ops.nos.noaa.gov/thredds/dodsC/NOAA/NGOFS2/MODELS/2026/10/06/ngofs2.t21z.20261006.regulargrid.f009.nc,0.0,a35efafd89c8c60821aa7c6740a638843fb330aba7b5d73879f8854f4678c3d5,ngofs2_regulargrid_v1
noaa_ngofs2_mobile_bay_regulargrid,MODEL,ngofs2_grid_882_995,noaa_ngofs2_mobile_bay_model,Daphne/May Day,1.5,30.59,-87.92999999999999,2.7600579039603113,water_temperature,28.72612762451172,degC,surface,0.0,standard_depth_positive_down,model_grid_or_not_applicable,MODEL_WET_GRID_NODE,,2026-10-07T06:00:00+00:00,2026-10-07T06:31:11.819952+00:00,2026-10-07T06:31:11.819952+00:00,UTC,2026-10-06T21:00:00+00:00,forecast,9,https://opendap.co-ops.nos.noaa.gov/thredds/dodsC/NOAA/NGOFS2/MODELS/2026/10/06/ngofs2.t21z.20261006.regulargrid.f009.nc,0.0,a35efafd89c8c60821aa7c6740a638843fb330aba7b5d73879f8854f4678c3d5,ngofs2_regulargrid_v1
noaa_ngofs2_mobile_bay_regulargrid,MODEL,ngofs2_grid_882_995,noaa_ngofs2_mobile_bay_model,Daphne/May Day,1.5,30.59,-87.92999999999999,2.7600579039603113,salinity,10.215460777282715,PSU,surface,0.0,standard_depth_positive_down,model_grid_or_not_applicable,MODEL_WET_GRID_NODE,,2026-10-07T06:00:00+00:00,2026-10-07T06:31:11.819952+00:00,2026-10-07T06:31:11.819952+00:00,UTC,2026-10-06T21:00:00+00:00,forecast,9,https://opendap.co-ops.nos.noaa.gov/thredds/dodsC/NOAA/NGOFS2/MODELS/2026/10/06/ngofs2.t21z.20261006.regulargrid.f009.nc,0.0,a35efafd89c8c60821aa7c6740a638843fb330aba7b5d73879f8854f4678c3d5,ngofs2_regulargrid_v1
noaa_ngofs2_mobile_bay_regulargrid,MODEL,ngofs2_grid_882_995,noaa_ngofs2_mobile_bay_model,Daphne/May Day,1.5,30.59,-87.92999999999999,2.7600579039603113,eastward_current,0.07723375409841537,m/s,bottom,2.0,standard_depth_positive_down,model_grid_or_not_applicable,MODEL_WET_GRID_NODE,,2026-10-07T06:00:00+00:00,2026-10-07T06:31:11.819952+00:00,2026-10-07T06:31:11.819952+00:00,UTC,2026-10-06T21:00:00+00:00,forecast,9,https://opendap.co-ops.nos.noaa.gov/thredds/dodsC/NOAA/NGOFS2/MODELS/2026/10/06/ngofs2.t21z.20261006.regulargrid.f009.nc,0.0,a35efafd89c8c60821aa7c6740a638843fb330aba7b5d73879f8854f4678c3d5,ngofs2_regulargrid_v1
noaa_ngofs2_mobile_bay_regulargrid,MODEL,ngofs2_grid_882_995,noaa_ngofs2_mobile_bay_model,Daphne/May Day,1.5,30.59,-87.92999999999999,2.7600579039603113,northward_current,0.028294416144490242,m/s,bottom,2.0,standard_depth_positive_down,model_grid_or_not_applicable,MODEL_WET_GRID_NODE,,2026-10-07T06:00:00+00:00,2026-10-07T06:31:11.819952+00:00,2026-10-07T06:31:11.819952+00:00,UTC,2026-10-06T21:00:00+00:00,forecast,9,https://opendap.co-ops.nos.noaa.gov/thredds/dodsC/NOAA/NGOFS2/MODELS/2026/10/06/ngofs2.t21z.20261006.regulargrid.f009.nc,0.0,a35efafd89c8c60821aa7c6740a638843fb330aba7b5d73879f8854f4678c3d5,ngofs2_regulargrid_v1
noaa_ngofs2_mobile_bay_regulargrid,MODEL,ngofs2_grid_882_995,noaa_ngofs2_mobile_bay_model,Daphne/May Day,1.5,30.59,-87.92999999999999,2.7600579039603113,shoreward_current,0.07723375409841537,m/s,bottom,2.0,standard_depth_positive_down,model_grid_or_not_applicable,MODEL_WET_GRID_NODE,,2026-10-07T06:00:00+00:00,2026-10-07T06:31:11.819952+00:00,2026-10-07T06:31:11.819952+00:00,UTC,2026-10-06T21:00:00+00:00,forecast,9,https://opendap.co-ops.nos.noaa.gov/thredds/dodsC/NOAA/NGOFS2/MODELS/2026/10/06/ngofs2.t21z.20261006.regulargrid.f009.nc,0.0,a35efafd89c8c60821aa7c6740a638843fb330aba7b5d73879f8854f4678c3d5,ngofs2_regulargrid_v1
noaa_ngofs2_mobile_bay_regulargrid,MODEL,ngofs2_grid_882_995,noaa_ngofs2_mobile_bay_model,Daphne/May Day,1.5,30.59,-87.92999999999999,2.7600579039603113,water_temperature,29.495431900024414,degC,bottom,2.0,standard_depth_positive_down,model_grid_or_not_applicable,MODEL_WET_GRID_NODE,,2026-10-07T06:00:00+00:00,2026-10-07T06:31:11.819952+00:00,2026-10-07T06:31:11.819952+00:00,UTC,2026-10-06T21:00:00+00:00,forecast,9,https://opendap.co-ops.nos.noaa.gov/thredds/dodsC/NOAA/NGOFS2/MODELS/2026/10/06/ngofs2.t21z.20261006.regulargrid.f009.nc,0.0,a35efafd89c8c60821aa7c6740a638843fb330aba7b5d73879f8854f4678c3d5,ngofs2_regulargrid_v1
noaa_ngofs2_mobile_bay_regulargrid,MODEL,ngofs2_grid_882_995,noaa_ngofs2_mobile_bay_model,Daphne/May Day,1.5,30.59,-87.92999999999999,2.7600579039603113,salinity,12.368986129760742,PSU,bottom,2.0,standard_depth_positive_down,model_grid_or_not_applicable,MODEL_WET_GRID_NODE,,2026-10-07T06:00:00+00:00,2026-10-07T06:31:11.819952+00:00,2026-10-07T06:31:11.819952+00:00,UTC,2026-10-06T21:00:00+00:00,forecast,9,https://opendap.co-ops.nos.noaa.gov/thredds/dodsC/NOAA/NGOFS2/MODELS/2026/10/06/ngofs2.t21z.20261006.regulargrid.f009.nc,0.0,a35efafd89c8c60821aa7c6740a638843fb330aba7b5d73879f8854f4678c3d5,ngofs2_regulargrid_v1
noaa_ngofs2_mobile_bay_regulargrid,MODEL,ngofs2_grid_882_995,noaa_ngofs2_mobile_bay_model,Daphne/May Day,1.5,30.59,-87.92999999999999,2.7600579039603113,water_surface_elevation,0.23327365517616272,m,surface,0.0,surface,model_mean_sea_level,MODEL_WET_GRID_NODE,,2026-10-07T06:00:00+00:00,2026-10-07T06:31:11.819952+00:00,2026-10-07T06:31:11.819952+00:00,UTC,2026-10-06T21:00:00+00:00,forecast,9,https://opendap.co-ops.nos.noaa.gov/thredds/dodsC/NOAA/NGOFS2/MODELS/2026/10/06/ngofs2.t21z.20261006.regulargrid.f009.nc,0.0,a35efafd89c8c60821aa7c6740a638843fb330aba7b5d73879f8854f4678c3d5,ngofs2_regulargrid_v1
noaa_ngofs2_mobile_bay_regulargrid,MODEL,ngofs2_grid_883_994,noaa_ngofs2_mobile_bay_model,Daphne/May Day,3.0,30.6,-87.94,2.3371018155435084,eastward_current,-0.011742403730750084,m/s,surface,0.0,standard_depth_positive_down,model_grid_or_not_applicable,MODEL_WET_GRID_NODE,,2026-10-07T06:00:00+00:00,2026-10-07T06:31:11.819952+00:00,2026-10-07T06:31:11.819952+00:00,UTC,2026-10-06T21:00:00+00:00,forecast,9,https://opendap.co-ops.nos.noaa.gov/thredds/dodsC/NOAA/NGOFS2/MODELS/2026/10/06/ngofs2.t21z.20261006.regulargrid.f009.nc,0.0,a35efafd89c8c60821aa7c6740a638843fb330aba7b5d73879f8854f4678c3d5,ngofs2_regulargrid_v1
noaa_ngofs2_mobile_bay_regulargrid,MODEL,ngofs2_grid_883_994,noaa_ngofs2_mobile_bay_model,Daphne/May Day,3.0,30.6,-87.94,2.3371018155435084,northward_current,-0.09757917374372482,m/s,surface,0.0,standard_depth_positive_down,model_grid_or_not_applicable,MODEL_WET_GRID_NODE,,2026-10-07T06:00:00+00:00,2026-10-07T06:31:11.819952+00:00,2026-10-07T06:31:11.819952+00:00,UTC,2026-10-06T21:00:00+00:00,forecast,9,https://opendap.co-ops.nos.noaa.gov/thredds/dodsC/NOAA/NGOFS2/MODELS/2026/10/06/ngofs2.t21z.20261006.regulargrid.f009.nc,0.0,a35efafd89c8c60821aa7c6740a638843fb330aba7b5d73879f8854f4678c3d5,ngofs2_regulargrid_v1
noaa_ngofs2_mobile_bay_regulargrid,MODEL,ngofs2_grid_883_994,noaa_ngofs2_mobile_bay_model,Daphne/May Day,3.0,30.6,-87.94,2.3371018155435084,shoreward_current,-0.011742403730750089,m/s,surface,0.0,standard_depth_positive_down,model_grid_or_not_applicable,MODEL_WET_GRID_NODE,,2026-10-07T06:00:00+00:00,2026-10-07T06:31:11.819952+00:00,2026-10-07T06:31:11.819952+00:00,UTC,2026-10-06T21:00:00+00:00,forecast,9,https://opendap.co-ops.nos.noaa.gov/thredds/dodsC/NOAA/NGOFS2/MODELS/2026/10/06/ngofs2.t21z.20261006.regulargrid.f009.nc,0.0,a35efafd89c8c60821aa7c6740a638843fb330aba7b5d73879f8854f4678c3d5,ngofs2_regulargrid_v1
noaa_ngofs2_mobile_bay_regulargrid,MODEL,ngofs2_grid_883_994,noaa_ngofs2_mobile_bay_model,Daphne/May Day,3.0,30.6,-87.94,2.3371018155435084,water_temperature,28.59160804748535,degC,surface,0.0,standard_depth_positive_down,model_grid_or_not_applicable,MODEL_WET_GRID_NODE,,2026-10-07T06:00:00+00:00,2026-10-07T06:31:11.819952+00:00,2026-10-07T06:31:11.819952+00:00,UTC,2026-10-06T21:00:00+00:00,forecast,9,https://opendap.co-ops.nos.noaa.gov/thredds/dodsC/NOAA/NGOFS2/MODELS/2026/10/06/ngofs2.t21z.20261006.regulargrid.f009.nc,0.0,a35efafd89c8c60821aa7c6740a638843fb330aba7b5d73879f8854f4678c3d5,ngofs2_regulargrid_v1
noaa_ngofs2_mobile_bay_regulargrid,MODEL,ngofs2_grid_883_994,noaa_ngofs2_mobile_bay_model,Daphne/May Day,3.0,30.6,-87.94,2.3371018155435084,salinity,9.046396255493164,PSU,surface,0.0,standard_depth_positive_down,model_grid_or_not_applicable,MODEL_WET_GRID_NODE,,2026-10-07T06:00:00+00:00,2026-10-07T06:31:11.819952+00:00,2026-10-07T06:31:11.819952+00:00,UTC,2026-10-06T21:00:00+00:00,forecast,9,https://opendap.co-ops.nos.noaa.gov/thredds/dodsC/NOAA/NGOFS2/MODELS/2026/10/06/ngofs2.t21z.20261006.regulargrid.f009.nc,0.0,a35efafd89c8c60821aa7c6740a638843fb330aba7b5d73879f8854f4678c3d5,ngofs2_regulargrid_v1
noaa_ngofs2_mobile_bay_regulargrid,MODEL,ngofs2_grid_883_994,noaa_ngofs2_mobile_bay_model,Daphne/May Day,3.0,30.6,-87.94,2.3371018155435084,eastward_current,0.057098113000392914,m/s,bottom,2.0,standard_depth_positive_down,model_grid_or_not_applicable,MODEL_WET_GRID_NODE,,2026-10-07T06:00:00+00:00,2026-10-07T06:31:11.819952+00:00,2026-10-07T06:31:11.819952+00:00,UTC,2026-10-06T21:00:00+00:00,forecast,9,https://opendap.co-ops.nos.noaa.gov/thredds/dodsC/NOAA/NGOFS2/MODELS/2026/10/06/ngofs2.t21z.20261006.regulargrid.f009.nc,0.0,a35efafd89c8c60821aa7c6740a638843fb330aba7b5d73879f8854f4678c3d5,ngofs2_regulargrid_v1
noaa_ngofs2_mobile_bay_regulargrid,MODEL,ngofs2_grid_883_994,noaa_ngofs2_mobile_bay_model,Daphne/May Day,3.0,30.6,-87.94,2.3371018155435084,northward_current,-0.0008549352060072124,m/s,bottom,2.0,standard_depth_positive_down,model_grid_or_not_applicable,MODEL_WET_GRID_NODE,,2026-10-07T06:00:00+00:00,2026-10-07T06:31:11.819952+00:00,2026-10-07T06:31:11.819952+00:00,UTC,2026-10-06T21:00:00+00:00,forecast,9,https://opendap.co-ops.nos.noaa.gov/thredds/dodsC/NOAA/NGOFS2/MODELS/2026/10/06/ngofs2.t21z.20261006.regulargrid.f009.nc,0.0,a35efafd89c8c60821aa7c6740a638843fb330aba7b5d73879f8854f4678c3d5,ngofs2_regulargrid_v1
noaa_ngofs2_mobile_bay_regulargrid,MODEL,ngofs2_grid_883_994,noaa_ngofs2_mobile_bay_model,Daphne/May Day,3.0,30.6,-87.94,2.3371018155435084,shoreward_current,0.057098113000392914,m/s,bottom,2.0,standard_depth_positive_down,model_grid_or_not_applicable,MODEL_WET_GRID_NODE,,2026-10-07T06:00:00+00:00,2026-10-07T06:31:11.819952+00:00,2026-10-07T06:31:11.819952+00:00,UTC,2026-10-06T21:00:00+00:00,forecast,9,https://opendap.co-ops.nos.noaa.gov/thredds/dodsC/NOAA/NGOFS2/MODELS/2026/10/06/ngofs2.t21z.20261006.regulargrid.f009.nc,0.0,a35efafd89c8c60821aa7c6740a638843fb330aba7b5d73879f8854f4678c3d5,ngofs2_regulargrid_v1
noaa_ngofs2_mobile_bay_regulargrid,MODEL,ngofs2_grid_883_994,noaa_ngofs2_mobile_bay_model,Daphne/May Day,3.0,30.6,-87.94,2.3371018155435084,water_temperature,29.402647018432617,degC,bottom,2.0,standard_depth_positive_down,model_grid_or_not_applicable,MODEL_WET_GRID_NODE,,2026-10-07T06:00:00+00:00,2026-10-07T06:31:11.819952+00:00,2026-10-07T06:31:11.819952+00:00,UTC,2026-10-06T21:00:00+00:00,forecast,9,https://opendap.co-ops.nos.noaa.gov/thredds/dodsC/NOAA/NGOFS2/MODELS/2026/10/06/ngofs2.t21z.20261006.regulargrid.f009.nc,0.0,a35efafd89c8c60821aa7c6740a638843fb330aba7b5d73879f8854f4678c3d5,ngofs2_regulargrid_v1
noaa_ngofs2_mobile_bay_regulargrid,MODEL,ngofs2_grid_883_994,noaa_ngofs2_mobile_bay_model,Daphne/May Day,3.0,30.6,-87.94,2.3371018155435084,salinity,11.298487663269043,PSU,bottom,2.0,standard_depth_positive_down,model_grid_or_not_applicable,MODEL_WET_GRID_NODE,,2026-10-07T06:00:00+00:00,2026-10-07T06:31:11.819952+00:00,2026-10-07T06:31:11.819952+00:00,UTC,2026-10-06T21:00:00+00:00,forecast,9,https://opendap.co-ops.nos.noaa.gov/thredds/dodsC/NOAA/NGOFS2/MODELS/2026/10/06/ngofs2.t21z.20261006.regulargrid.f009.nc,0.0,a35efafd89c8c60821aa7c6740a638843fb330aba7b5d73879f8854f4678c3d5,ngofs2_regulargrid_v1
noaa_ngofs2_mobile_bay_regulargrid,MODEL,ngofs2_grid_883_994,noaa_ngofs2_mobile_bay_model,Daphne/May Day,3.0,30.6,-87.94,2.3371018155435084,water_surface_elevation,0.2357369363307953,m,surface,0.0,surface,model_mean_sea_level,MODEL_WET_GRID_NODE,,2026-10-07T06:00:00+00:00,2026-10-07T06:31:11.819952+00:00,2026-10-07T06:31:11.819952+00:00,UTC,2026-10-06T21:00:00+00:00,forecast,9,https://opendap.co-ops.nos.noaa.gov/thredds/dodsC/NOAA/NGOFS2/MODELS/2026/10/06/ngofs2.t21z.20261006.regulargrid.f009.nc,0.0,a35efafd89c8c60821aa7c6740a638843fb330aba7b5d73879f8854f4678c3d5,ngofs2_regulargrid_v1
noaa_ngofs2_mobile_bay_regulargrid,MODEL,ngofs2_grid_880_997,noaa_ngofs2_mobile_bay_model,Montrose,0.25,30.57,-87.91,1.790073012681098,eastward_current,0.016537891700863838,m/s,surface,0.0,standard_depth_positive_down,model_grid_or_not_applicable,MODEL_WET_GRID_NODE,,2026-10-07T06:00:00+00:00,2026-10-07T06:31:11.819952+00:00,2026-10-07T06:31:11.819952+00:00,UTC,2026-10-06T21:00:00+00:00,forecast,9,https://opendap.co-ops.nos.noaa.gov/thredds/dodsC/NOAA/NGOFS2/MODELS/2026/10/06/ngofs2.t21z.20261006.regulargrid.f009.nc,0.0,a35efafd89c8c60821aa7c6740a638843fb330aba7b5d73879f8854f4678c3d5,ngofs2_regulargrid_v1
noaa_ngofs2_mobile_bay_regulargrid,MODEL,ngofs2_grid_880_997,noaa_ngofs2_mobile_bay_model,Montrose,0.25,30.57,-87.91,1.790073012681098,northward_current,-0.06913825124502182,m/s,surface,0.0,standard_depth_positive_down,model_grid_or_not_applicable,MODEL_WET_GRID_NODE,,2026-10-07T06:00:00+00:00,2026-10-07T06:31:11.819952+00:00,2026-10-07T06:31:11.819952+00:00,UTC,2026-10-06T21:00:00+00:00,forecast,9,https://opendap.co-ops.nos.noaa.gov/thredds/dodsC/NOAA/NGOFS2/MODELS/2026/10/06/ngofs2.t21z.20261006.regulargrid.f009.nc,0.0,a35efafd89c8c60821aa7c6740a638843fb330aba7b5d73879f8854f4678c3d5,ngofs2_regulargrid_v1
noaa_ngofs2_mobile_bay_regulargrid,MODEL,ngofs2_grid_880_997,noaa_ngofs2_mobile_bay_model,Montrose,0.25,30.57,-87.91,1.790073012681098,shoreward_current,0.016537891700863835,m/s,surface,0.0,standard_depth_positive_down,model_grid_or_not_applicable,MODEL_WET_GRID_NODE,,2026-10-07T06:00:00+00:00,2026-10-07T06:31:11.819952+00:00,2026-10-07T06:31:11.819952+00:00,UTC,2026-10-06T21:00:00+00:00,forecast,9,https://opendap.co-ops.nos.noaa.gov/thredds/dodsC/NOAA/NGOFS2/MODELS/2026/10/06/ngofs2.t21z.20261006.regulargrid.f009.nc,0.0,a35efafd89c8c60821aa7c6740a638843fb330aba7b5d73879f8854f4678c3d5,ngofs2_regulargrid_v1
noaa_ngofs2_mobile_bay_regulargrid,MODEL,ngofs2_grid_880_997,noaa_ngofs2_mobile_bay_model,Montrose,0.25,30.57,-87.91,1.790073012681098,water_temperature,29.207279205322266,degC,surface,0.0,standard_depth_positive_down,model_grid_or_not_applicable,MODEL_WET_GRID_NODE,,2026-10-07T06:00:00+00:00,2026-10-07T06:31:11.819952+00:00,2026-10-07T06:31:11.819952+00:00,UTC,2026-10-06T21:00:00+00:00,forecast,9,https://opendap.co-ops.nos.noaa.gov/thredds/dodsC/NOAA/NGOFS2/MODELS/2026/10/06/ngofs2.t21z.20261006.regulargrid.f009.nc,0.0,a35efafd89c8c60821aa7c6740a638843fb330aba7b5d73879f8854f4678c3d5,ngofs2_regulargrid_v1
noaa_ngofs2_mobile_bay_regulargrid,MODEL,ngofs2_grid_880_997,noaa_ngofs2_mobile_bay_model,Montrose,0.25,30.57,-87.91,1.790073012681098,salinity,12.864317893981934,PSU,surface,0.0,standard_depth_positive_down,model_grid_or_not_applicable,MODEL_WET_GRID_NODE,,2026-10-07T06:00:00+00:00,2026-10-07T06:31:11.819952+00:00,2026-10-07T06:31:11.819952+00:00,UTC,2026-10-06T21:00:00+00:00,forecast,9,https://opendap.co-ops.nos.noaa.gov/thredds/dodsC/NOAA/NGOFS2/MODELS/2026/10/06/ngofs2.t21z.20261006.regulargrid.f009.nc,0.0,a35efafd89c8c60821aa7c6740a638843fb330aba7b5d73879f8854f4678c3d5,ngofs2_regulargrid_v1
noaa_ngofs2_mobile_bay_regulargrid,MODEL,ngofs2_grid_880_997,noaa_ngofs2_mobile_bay_model,Montrose,0.25,30.57,-87.91,1.790073012681098,eastward_current,0.028956567868590355,m/s,bottom,1.0,standard_depth_positive_down,model_grid_or_not_applicable,MODEL_WET_GRID_NODE,,2026-10-07T06:00:00+00:00,2026-10-07T06:31:11.819952+00:00,2026-10-07T06:31:11.819952+00:00,UTC,2026-10-06T21:00:00+00:00,forecast,9,https://opendap.co-ops.nos.noaa.gov/thredds/dodsC/NOAA/NGOFS2/MODELS/2026/10/06/ngofs2.t21z.20261006.regulargrid.f009.nc,0.0,a35efafd89c8c60821aa7c6740a638843fb330aba7b5d73879f8854f4678c3d5,ngofs2_regulargrid_v1
noaa_ngofs2_mobile_bay_regulargrid,MODEL,ngofs2_grid_880_997,noaa_ngofs2_mobile_bay_model,Montrose,0.25,30.57,-87.91,1.790073012681098,northward_current,-0.04882742837071419,m/s,bottom,1.0,standard_depth_positive_down,model_grid_or_not_applicable,MODEL_WET_GRID_NODE,,2026-10-07T06:00:00+00:00,2026-10-07T06:31:11.819952+00:00,2026-10-07T06:31:11.819952+00:00,UTC,2026-10-06T21:00:00+00:00,forecast,9,https://opendap.co-ops.nos.noaa.gov/thredds/dodsC/NOAA/NGOFS2/MODELS/2026/10/06/ngofs2.t21z.20261006.regulargrid.f009.nc,0.0,a35efafd89c8c60821aa7c6740a638843fb330aba7b5d73879f8854f4678c3d5,ngofs2_regulargrid_v1
noaa_ngofs2_mobile_bay_regulargrid,MODEL,ngofs2_grid_880_997,noaa_ngofs2_mobile_bay_model,Montrose,0.25,30.57,-87.91,1.790073012681098,shoreward_current,0.02895656786859035,m/s,bottom,1.0,standard_depth_positive_down,model_grid_or_not_applicable,MODEL_WET_GRID_NODE,,2026-10-07T06:00:00+00:00,2026-10-07T06:31:11.819952+00:00,2026-10-07T06:31:11.819952+00:00,UTC,2026-10-06T21:00:00+00:00,forecast,9,https://opendap.co-ops.nos.noaa.gov/thredds/dodsC/NOAA/NGOFS2/MODELS/2026/10/06/ngofs2.t21z.20261006.regulargrid.f009.nc,0.0,a35efafd89c8c60821aa7c6740a638843fb330aba7b5d73879f8854f4678c3d5,ngofs2_regulargrid_v1
noaa_ngofs2_mobile_bay_regulargrid,MODEL,ngofs2_grid_880_997,noaa_ngofs2_mobile_bay_model,Montrose,0.25,30.57,-87.91,1.790073012681098,water_temperature,29.41471290588379,degC,bottom,1.0,standard_depth_positive_down,model_grid_or_not_applicable,MODEL_WET_GRID_NODE,,2026-10-07T06:00:00+00:00,2026-10-07T06:31:11.819952+00:00,2026-10-07T06:31:11.819952+00:00,UTC,2026-10-06T21:00:00+00:00,forecast,9,https://opendap.co-ops.nos.noaa.gov/thredds/dodsC/NOAA/NGOFS2/MODELS/2026/10/06/ngofs2.t21z.20261006.regulargrid.f009.nc,0.0,a35efafd89c8c60821aa7c6740a638843fb330aba7b5d73879f8854f4678c3d5,ngofs2_regulargrid_v1
noaa_ngofs2_mobile_bay_regulargrid,MODEL,ngofs2_grid_880_997,noaa_ngofs2_mobile_bay_model,Montrose,0.25,30.57,-87.91,1.790073012681098,salinity,13.048971176147461,PSU,bottom,1.0,standard_depth_positive_down,model_grid_or_not_applicable,MODEL_WET_GRID_NODE,,2026-10-07T06:00:00+00:00,2026-10-07T06:31:11.819952+00:00,2026-10-07T06:31:11.819952+00:00,UTC,2026-10-06T21:00:00+00:00,forecast,9,https://opendap.co-ops.nos.noaa.gov/thredds/dodsC/NOAA/NGOFS2/MODELS/2026/10/06/ngofs2.t21z.20261006.regulargrid.f009.nc,0.0,a35efafd89c8c60821aa7c6740a638843fb330aba7b5d73879f8854f4678c3d5,ngofs2_regulargrid_v1
noaa_ngofs2_mobile_bay_regulargrid,MODEL,ngofs2_grid_880_997,noaa_ngofs2_mobile_bay_model,Montrose,0.25,30.57,-87.91,1.790073012681098,water_surface_elevation,0.22758662700653076,m,surface,0.0,surface,model_mean_sea_level,MODEL_WET_GRID_NODE,,2026-10-07T06:00:00+00:00,2026-10-07T06:31:11.819952+00:00,2026-10-07T06:31:11.819952+00:00,UTC,2026-10-06T21:00:00+00:00,forecast,9,https://opendap.co-ops.nos.noaa.gov/thredds/dodsC/NOAA/NGOFS2/MODELS/2026/10/06/ngofs2.t21z.20261006.regulargrid.f009.nc,0.0,a35efafd89c8c60821aa7c6740a638843fb330aba7b5d73879f8854f4678c3d5,ngofs2_regulargrid_v1
noaa_ngofs2_mobile_bay_regulargrid,MODEL,ngofs2_grid_879_997,noaa_ngofs2_mobile_bay_model,Montrose,0.75,30.560000000000002,-87.91,2.558887792657144,eastward_current,-0.0053953742608428,m/s,surface,0.0,standard_depth_positive_down,model_grid_or_not_applicable,MODEL_WET_GRID_NODE,,2026-10-07T06:00:00+00:00,2026-10-07T06:31:11.819952+00:00,2026-10-07T06:31:11.819952+00:00,UTC,2026-10-06T21:00:00+00:00,forecast,9,https://opendap.co-ops.nos.noaa.gov/thredds/dodsC/NOAA/NGOFS2/MODELS/2026/10/06/ngofs2.t21z.20261006.regulargrid.f009.nc,0.0,a35efafd89c8c60821aa7c6740a638843fb330aba7b5d73879f8854f4678c3d5,ngofs2_regulargrid_v1
noaa_ngofs2_mobile_bay_regulargrid,MODEL,ngofs2_grid_879_997,noaa_ngofs2_mobile_bay_model,Montrose,0.75,30.560000000000002,-87.91,2.558887792657144,northward_current,-0.0798741802573204,m/s,surface,0.0,standard_depth_positive_down,model_grid_or_not_applicable,MODEL_WET_GRID_NODE,,2026-10-07T06:00:00+00:00,2026-10-07T06:31:11.819952+00:00,2026-10-07T06:31:11.819952+00:00,UTC,2026-10-06T21:00:00+00:00,forecast,9,https://opendap.co-ops.nos.noaa.gov/thredds/dodsC/NOAA/NGOFS2/MODELS/2026/10/06/ngofs2.t21z.20261006.regulargrid.f009.nc,0.0,a35efafd89c8c60821aa7c6740a638843fb330aba7b5d73879f8854f4678c3d5,ngofs2_regulargrid_v1
noaa_ngofs2_mobile_bay_regulargrid,MODEL,ngofs2_grid_879_997,noaa_ngofs2_mobile_bay_model,Montrose,0.75,30.560000000000002,-87.91,2.558887792657144,shoreward_current,-0.005395374260842805,m/s,surface,0.0,standard_depth_positive_down,model_grid_or_not_applicable,MODEL_WET_GRID_NODE,,2026-10-07T06:00:00+00:00,2026-10-07T06:31:11.819952+00:00,2026-10-07T06:31:11.819952+00:00,UTC,2026-10-06T21:00:00+00:00,forecast,9,https://opendap.co-ops.nos.noaa.gov/thredds/dodsC/NOAA/NGOFS2/MODELS/2026/10/06/ngofs2.t21z.20261006.regulargrid.f009.nc,0.0,a35efafd89c8c60821aa7c6740a638843fb330aba7b5d73879f8854f4678c3d5,ngofs2_regulargrid_v1
noaa_ngofs2_mobile_bay_regulargrid,MODEL,ngofs2_grid_879_997,noaa_ngofs2_mobile_bay_model,Montrose,0.75,30.560000000000002,-87.91,2.558887792657144,water_temperature,29.150699615478516,degC,surface,0.0,standard_depth_positive_down,model_grid_or_not_applicable,MODEL_WET_GRID_NODE,,2026-10-07T06:00:00+00:00,2026-10-07T06:31:11.819952+00:00,2026-10-07T06:31:11.819952+00:00,UTC,2026-10-06T21:00:00+00:00,forecast,9,https://opendap.co-ops.nos.noaa.gov/thredds/dodsC/NOAA/NGOFS2/MODELS/2026/10/06/ngofs2.t21z.20261006.regulargrid.f009.nc,0.0,a35efafd89c8c60821aa7c6740a638843fb330aba7b5d73879f8854f4678c3d5,ngofs2_regulargrid_v1
noaa_ngofs2_mobile_bay_regulargrid,MODEL,ngofs2_grid_879_997,noaa_ngofs2_mobile_bay_model,Montrose,0.75,30.560000000000002,-87.91,2.558887792657144,salinity,13.231823921203613,PSU,surface,0.0,standard_depth_positive_down,model_grid_or_not_applicable,MODEL_WET_GRID_NODE,,2026-10-07T06:00:00+00:00,2026-10-07T06:31:11.819952+00:00,2026-10-07T06:31:11.819952+00:00,UTC,2026-10-06T21:00:00+00:00,forecast,9,https://opendap.co-ops.nos.noaa.gov/thredds/dodsC/NOAA/NGOFS2/MODELS/2026/10/06/ngofs2.t21z.20261006.regulargrid.f009.nc,0.0,a35efafd89c8c60821aa7c6740a638843fb330aba7b5d73879f8854f4678c3d5,ngofs2_regulargrid_v1
noaa_ngofs2_mobile_bay_regulargrid,MODEL,ngofs2_grid_879_997,noaa_ngofs2_mobile_bay_model,Montrose,0.75,30.560000000000002,-87.91,2.558887792657144,eastward_current,0.05043545365333557,m/s,bottom,2.0,standard_depth_positive_down,model_grid_or_not_applicable,MODEL_WET_GRID_NODE,,2026-10-07T06:00:00+00:00,2026-10-07T06:31:11.819952+00:00,2026-10-07T06:31:11.819952+00:00,UTC,2026-10-06T21:00:00+00:00,forecast,9,https://opendap.co-ops.nos.noaa.gov/thredds/dodsC/NOAA/NGOFS2/MODELS/2026/10/06/ngofs2.t21z.20261006.regulargrid.f009.nc,0.0,a35efafd89c8c60821aa7c6740a638843fb330aba7b5d73879f8854f4678c3d5,ngofs2_regulargrid_v1
noaa_ngofs2_mobile_bay_regulargrid,MODEL,ngofs2_grid_879_997,noaa_ngofs2_mobile_bay_model,Montrose,0.75,30.560000000000002,-87.91,2.558887792657144,northward_current,-0.007133316248655319,m/s,bottom,2.0,standard_depth_positive_down,model_grid_or_not_applicable,MODEL_WET_GRID_NODE,,2026-10-07T06:00:00+00:00,2026-10-07T06:31:11.819952+00:00,2026-10-07T06:31:11.819952+00:00,UTC,2026-10-06T21:00:00+00:00,forecast,9,https://opendap.co-ops.nos.noaa.gov/thredds/dodsC/NOAA/NGOFS2/MODELS/2026/10/06/ngofs2.t21z.20261006.regulargrid.f009.nc,0.0,a35efafd89c8c60821aa7c6740a638843fb330aba7b5d73879f8854f4678c3d5,ngofs2_regulargrid_v1
noaa_ngofs2_mobile_bay_regulargrid,MODEL,ngofs2_grid_879_997,noaa_ngofs2_mobile_bay_model,Montrose,0.75,30.560000000000002,-87.91,2.558887792657144,shoreward_current,0.05043545365333557,m/s,bottom,2.0,standard_depth_positive_down,model_grid_or_not_applicable,MODEL_WET_GRID_NODE,,2026-10-07T06:00:00+00:00,2026-10-07T06:31:11.819952+00:00,2026-10-07T06:31:11.819952+00:00,UTC,2026-10-06T21:00:00+00:00,forecast,9,https://opendap.co-ops.nos.noaa.gov/thredds/dodsC/NOAA/NGOFS2/MODELS/2026/10/06/ngofs2.t21z.20261006.regulargrid.f009.nc,0.0,a35efafd89c8c60821aa7c6740a638843fb330aba7b5d73879f8854f4678c3d5,ngofs2_regulargrid_v1
noaa_ngofs2_mobile_bay_regulargrid,MODEL,ngofs2_grid_879_997,noaa_ngofs2_mobile_bay_model,Montrose,0.75,30.560000000000002,-87.91,2.558887792657144,water_temperature,29.718246459960938,degC,bottom,2.0,standard_depth_positive_down,model_grid_or_not_applicable,MODEL_WET_GRID_NODE,,2026-10-07T06:00:00+00:00,2026-10-07T06:31:11.819952+00:00,2026-10-07T06:31:11.819952+00:00,UTC,2026-10-06T21:00:00+00:00,forecast,9,https://opendap.co-ops.nos.noaa.gov/thredds/dodsC/NOAA/NGOFS2/MODELS/2026/10/06/ngofs2.t21z.20261006.regulargrid.f009.nc,0.0,a35efafd89c8c60821aa7c6740a638843fb330aba7b5d73879f8854f4678c3d5,ngofs2_regulargrid_v1
noaa_ngofs2_mobile_bay_regulargrid,MODEL,ngofs2_grid_879_997,noaa_ngofs2_mobile_bay_model,Montrose,0.75,30.560000000000002,-87.91,2.558887792657144,salinity,14.176129341125488,PSU,bottom,2.0,standard_depth_positive_down,model_grid_or_not_applicable,MODEL_WET_GRID_NODE,,2026-10-07T06:00:00+00:00,2026-10-07T06:31:11.819952+00:00,2026-10-07T06:31:11.819952+00:00,UTC,2026-10-06T21:00:00+00:00,forecast,9,https://opendap.co-ops.nos.noaa.gov/thredds/dodsC/NOAA/NGOFS2/MODELS/2026/10/06/ngofs2.t21z.20261006.regulargrid.f009.nc,0.0,a35efafd89c8c60821aa7c6740a638843fb330aba7b5d73879f8854f4678c3d5,ngofs2_regulargrid_v1
noaa_ngofs2_mobile_bay_regulargrid,MODEL,ngofs2_grid_879_997,noaa_ngofs2_mobile_bay_model,Montrose,0.75,30.560000000000002,-87.91,2.558887792657144,water_surface_elevation,0.2281227856874466,m,surface,0.0,surface,model_mean_sea_level,MODEL_WET_GRID_NODE,,2026-10-07T06:00:00+00:00,2026-10-07T06:31:11.819952+00:00,2026-10-07T06:31:11.819952+00:00,UTC,2026-10-06T21:00:00+00:00,forecast,9,https://opendap.co-ops.nos.noaa.gov/thredds/dodsC/NOAA/NGOFS2/MODELS/2026/10/06/ngofs2.t21z.20261006.regulargrid.f009.nc,0.0,a35efafd89c8c60821aa7c6740a638843fb330aba7b5d73879f8854f4678c3d5,ngofs2_regulargrid_v1
noaa_ngofs2_mobile_bay_regulargrid,MODEL,ngofs2_grid_880_996,noaa_ngofs2_mobile_bay_model,Montrose,1.5,30.57,-87.91999999999999,2.8518318470436084,eastward_current,-0.006007990334182978,m/s,surface,0.0,standard_depth_positive_down,model_grid_or_not_applicable,MODEL_WET_GRID_NODE,,2026-10-07T06:00:00+00:00,2026-10-07T06:31:11.819952+00:00,2026-10-07T06:31:11.819952+00:00,UTC,2026-10-06T21:00:00+00:00,forecast,9,https://opendap.co-ops.nos.noaa.gov/thredds/dodsC/NOAA/NGOFS2/MODELS/2026/10/06/ngofs2.t21z.20261006.regulargrid.f009.nc,0.0,a35efafd89c8c60821aa7c6740a638843fb330aba7b5d73879f8854f4678c3d5,ngofs2_regulargrid_v1
noaa_ngofs2_mobile_bay_regulargrid,MODEL,ngofs2_grid_880_996,noaa_ngofs2_mobile_bay_model,Montrose,1.5,30.57,-87.91999999999999,2.8518318470436084,northward_current,-0.0869148001074791,m/s,surface,0.0,standard_depth_positive_down,model_grid_or_not_applicable,MODEL_WET_GRID_NODE,,2026-10-07T06:00:00+00:00,2026-10-07T06:31:11.819952+00:00,2026-10-07T06:31:11.819952+00:00,UTC,2026-10-06T21:00:00+00:00,forecast,9,https://opendap.co-ops.nos.noaa.gov/thredds/dodsC/NOAA/NGOFS2/MODELS/2026/10/06/ngofs2.t21z.20261006.regulargrid.f009.nc,0.0,a35efafd89c8c60821aa7c6740a638843fb330aba7b5d73879f8854f4678c3d5,ngofs2_regulargrid_v1
noaa_ngofs2_mobile_bay_regulargrid,MODEL,ngofs2_grid_880_996,noaa_ngofs2_mobile_bay_model,Montrose,1.5,30.57,-87.91999999999999,2.8518318470436084,shoreward_current,-0.006007990334182983,m/s,surface,0.0,standard_depth_positive_down,model_grid_or_not_applicable,MODEL_WET_GRID_NODE,,2026-10-07T06:00:00+00:00,2026-10-07T06:31:11.819952+00:00,2026-10-07T06:31:11.819952+00:00,UTC,2026-10-06T21:00:00+00:00,forecast,9,https://opendap.co-ops.nos.noaa.gov/thredds/dodsC/NOAA/NGOFS2/MODELS/2026/10/06/ngofs2.t21z.20261006.regulargrid.f009.nc,0.0,a35efafd89c8c60821aa7c6740a638843fb330aba7b5d73879f8854f4678c3d5,ngofs2_regulargrid_v1
noaa_ngofs2_mobile_bay_regulargrid,MODEL,ngofs2_grid_880_996,noaa_ngofs2_mobile_bay_model,Montrose,1.5,30.57,-87.91999999999999,2.8518318470436084,water_temperature,28.987272262573242,degC,surface,0.0,standard_depth_positive_down,model_grid_or_not_applicable,MODEL_WET_GRID_NODE,,2026-10-07T06:00:00+00:00,2026-10-07T06:31:11.819952+00:00,2026-10-07T06:31:11.819952+00:00,UTC,2026-10-06T21:00:00+00:00,forecast,9,https://opendap.co-ops.nos.noaa.gov/thredds/dodsC/NOAA/NGOFS2/MODELS/2026/10/06/ngofs2.t21z.20261006.regulargrid.f009.nc,0.0,a35efafd89c8c60821aa7c6740a638843fb330aba7b5d73879f8854f4678c3d5,ngofs2_regulargrid_v1
noaa_ngofs2_mobile_bay_regulargrid,MODEL,ngofs2_grid_880_996,noaa_ngofs2_mobile_bay_model,Montrose,1.5,30.57,-87.91999999999999,2.8518318470436084,salinity,12.269892692565918,PSU,surface,0.0,standard_depth_positive_down,model_grid_or_not_applicable,MODEL_WET_GRID_NODE,,2026-10-07T06:00:00+00:00,2026-10-07T06:31:11.819952+00:00,2026-10-07T06:31:11.819952+00:00,UTC,2026-10-06T21:00:00+00:00,forecast,9,https://opendap.co-ops.nos.noaa.gov/thredds/dodsC/NOAA/NGOFS2/MODELS/2026/10/06/ngofs2.t21z.20261006.regulargrid.f009.nc,0.0,a35efafd89c8c60821aa7c6740a638843fb330aba7b5d73879f8854f4678c3d5,ngofs2_regulargrid_v1
noaa_ngofs2_mobile_bay_regulargrid,MODEL,ngofs2_grid_880_996,noaa_ngofs2_mobile_bay_model,Montrose,1.5,30.57,-87.91999999999999,2.8518318470436084,eastward_current,0.06675524264574051,m/s,bottom,2.0,standard_depth_positive_down,model_grid_or_not_applicable,MODEL_WET_GRID_NODE,,2026-10-07T06:00:00+00:00,2026-10-07T06:31:11.819952+00:00,2026-10-07T06:31:11.819952+00:00,UTC,2026-10-06T21:00:00+00:00,forecast,9,https://opendap.co-ops.nos.noaa.gov/thredds/dodsC/NOAA/NGOFS2/MODELS/2026/10/06/ngofs2.t21z.20261006.regulargrid.f009.nc,0.0,a35efafd89c8c60821aa7c6740a638843fb330aba7b5d73879f8854f4678c3d5,ngofs2_regulargrid_v1
noaa_ngofs2_mobile_bay_regulargrid,MODEL,ngofs2_grid_880_996,noaa_ngofs2_mobile_bay_model,Montrose,1.5,30.57,-87.91999999999999,2.8518318470436084,northward_current,-0.0020020536612719297,m/s,bottom,2.0,standard_depth_positive_down,model_grid_or_not_applicable,MODEL_WET_GRID_NODE,,2026-10-07T06:00:00+00:00,2026-10-07T06:31:11.819952+00:00,2026-10-07T06:31:11.819952+00:00,UTC,2026-10-06T21:00:00+00:00,forecast,9,https://opendap.co-ops.nos.noaa.gov/thredds/dodsC/NOAA/NGOFS2/MODELS/2026/10/06/ngofs2.t21z.20261006.regulargrid.f009.nc,0.0,a35efafd89c8c60821aa7c6740a638843fb330aba7b5d73879f8854f4678c3d5,ngofs2_regulargrid_v1
noaa_ngofs2_mobile_bay_regulargrid,MODEL,ngofs2_grid_880_996,noaa_ngofs2_mobile_bay_model,Montrose,1.5,30.57,-87.91999999999999,2.8518318470436084,shoreward_current,0.06675524264574051,m/s,bottom,2.0,standard_depth_positive_down,model_grid_or_not_applicable,MODEL_WET_GRID_NODE,,2026-10-07T06:00:00+00:00,2026-10-07T06:31:11.819952+00:00,2026-10-07T06:31:11.819952+00:00,UTC,2026-10-06T21:00:00+00:00,forecast,9,https://opendap.co-ops.nos.noaa.gov/thredds/dodsC/NOAA/NGOFS2/MODELS/2026/10/06/ngofs2.t21z.20261006.regulargrid.f009.nc,0.0,a35efafd89c8c60821aa7c6740a638843fb330aba7b5d73879f8854f4678c3d5,ngofs2_regulargrid_v1
noaa_ngofs2_mobile_bay_regulargrid,MODEL,ngofs2_grid_880_996,noaa_ngofs2_mobile_bay_model,Montrose,1.5,30.57,-87.91999999999999,2.8518318470436084,water_temperature,29.606277465820312,degC,bottom,2.0,standard_depth_positive_down,model_grid_or_not_applicable,MODEL_WET_GRID_NODE,,2026-10-07T06:00:00+00:00,2026-10-07T06:31:11.819952+00:00,2026-10-07T06:31:11.819952+00:00,UTC,2026-10-06T21:00:00+00:00,forecast,9,https://opendap.co-ops.nos.noaa.gov/thredds/dodsC/NOAA/NGOFS2/MODELS/2026/10/06/ngofs2.t21z.20261006.regulargrid.f009.nc,0.0,a35efafd89c8c60821aa7c6740a638843fb330aba7b5d73879f8854f4678c3d5,ngofs2_regulargrid_v1
noaa_ngofs2_mobile_bay_regulargrid,MODEL,ngofs2_grid_880_996,noaa_ngofs2_mobile_bay_model,Montrose,1.5,30.57,-87.91999999999999,2.8518318470436084,salinity,13.754563331604004,PSU,bottom,2.0,standard_depth_positive_down,model_grid_or_not_applicable,MODEL_WET_GRID_NODE,,2026-10-07T06:00:00+00:00,2026-10-07T06:31:11.819952+00:00,2026-10-07T06:31:11.819952+00:00,UTC,2026-10-06T21:00:00+00:00,forecast,9,https://opendap.co-ops.nos.noaa.gov/thredds/dodsC/NOAA/NGOFS2/MODELS/2026/10/06/ngofs2.t21z.20261006.regulargrid.f009.nc,0.0,a35efafd89c8c60821aa7c6740a638843fb330aba7b5d73879f8854f4678c3d5,ngofs2_regulargrid_v1
noaa_ngofs2_mobile_bay_regulargrid,MODEL,ngofs2_grid_880_996,noaa_ngofs2_mobile_bay_model,Montrose,1.5,30.57,-87.91999999999999,2.8518318470436084,water_surface_elevation,0.2301415205001831,m,surface,0.0,surface,model_mean_sea_level,MODEL_WET_GRID_NODE,,2026-10-07T06:00:00+00:00,2026-10-07T06:31:11.819952+00:00,2026-10-07T06:31:11.819952+00:00,UTC,2026-10-06T21:00:00+00:00,forecast,9,https://opendap.co-ops.nos.noaa.gov/thredds/dodsC/NOAA/NGOFS2/MODELS/2026/10/06/ngofs2.t21z.20261006.regulargrid.f009.nc,0.0,a35efafd89c8c60821aa7c6740a638843fb330aba7b5d73879f8854f4678c3d5,ngofs2_regulargrid_v1
noaa_ngofs2_mobile_bay_regulargrid,MODEL,ngofs2_grid_880_995,noaa_ngofs2_mobile_bay_model,Montrose,3.0,30.57,-87.92999999999999,3.1854552996525065,eastward_current,-0.01382903940975666,m/s,surface,0.0,standard_depth_positive_down,model_grid_or_not_applicable,MODEL_WET_GRID_NODE,,2026-10-07T06:00:00+00:00,2026-10-07T06:31:11.819952+00:00,2026-10-07T06:31:11.819952+00:00,UTC,2026-10-06T21:00:00+00:00,forecast,9,https://opendap.co-ops.nos.noaa.gov/thredds/dodsC/NOAA/NGOFS2/MODELS/2026/10/06/ngofs2.t21z.20261006.regulargrid.f009.nc,0.0,a35efafd89c8c60821aa7c6740a638843fb330aba7b5d73879f8854f4678c3d5,ngofs2_regulargrid_v1
noaa_ngofs2_mobile_bay_regulargrid,MODEL,ngofs2_grid_880_995,noaa_ngofs2_mobile_bay_model,Montrose,3.0,30.57,-87.92999999999999,3.1854552996525065,northward_current,-0.08316975086927414,m/s,surface,0.0,standard_depth_positive_down,model_grid_or_not_applicable,MODEL_WET_GRID_NODE,,2026-10-07T06:00:00+00:00,2026-10-07T06:31:11.819952+00:00,2026-10-07T06:31:11.819952+00:00,UTC,2026-10-06T21:00:00+00:00,forecast,9,https://opendap.co-ops.nos.noaa.gov/thredds/dodsC/NOAA/NGOFS2/MODELS/2026/10/06/ngofs2.t21z.20261006.regulargrid.f009.nc,0.0,a35efafd89c8c60821aa7c6740a638843fb330aba7b5d73879f8854f4678c3d5,ngofs2_regulargrid_v1
noaa_ngofs2_mobile_bay_regulargrid,MODEL,ngofs2_grid_880_995,noaa_ngofs2_mobile_bay_model,Montrose,3.0,30.57,-87.92999999999999,3.1854552996525065,shoreward_current,-0.013829039409756666,m/s,surface,0.0,standard_depth_positive_down,model_grid_or_not_applicable,MODEL_WET_GRID_NODE,,2026-10-07T06:00:00+00:00,2026-10-07T06:31:11.819952+00:00,2026-10-07T06:31:11.819952+00:00,UTC,2026-10-06T21:00:00+00:00,forecast,9,https://opendap.co-ops.nos.noaa.gov/thredds/dodsC/NOAA/NGOFS2/MODELS/2026/10/06/ngofs2.t21z.20261006.regulargrid.f009.nc,0.0,a35efafd89c8c60821aa7c6740a638843fb330aba7b5d73879f8854f4678c3d5,ngofs2_regulargrid_v1
noaa_ngofs2_mobile_bay_regulargrid,MODEL,ngofs2_grid_880_995,noaa_ngofs2_mobile_bay_model,Montrose,3.0,30.57,-87.92999999999999,3.1854552996525065,water_temperature,28.819564819335938,degC,surface,0.0,standard_depth_positive_down,model_grid_or_not_applicable,MODEL_WET_GRID_NODE,,2026-10-07T06:00:00+00:00,2026-10-07T06:31:11.819952+00:00,2026-10-07T06:31:11.819952+00:00,UTC,2026-10-06T21:00:00+00:00,forecast,9,https://opendap.co-ops.nos.noaa.gov/thredds/dodsC/NOAA/NGOFS2/MODELS/2026/10/06/ngofs2.t21z.20261006.regulargrid.f009.nc,0.0,a35efafd89c8c60821aa7c6740a638843fb330aba7b5d73879f8854f4678c3d5,ngofs2_regulargrid_v1
noaa_ngofs2_mobile_bay_regulargrid,MODEL,ngofs2_grid_880_995,noaa_ngofs2_mobile_bay_model,Montrose,3.0,30.57,-87.92999999999999,3.1854552996525065,salinity,11.546879768371582,PSU,surface,0.0,standard_depth_positive_down,model_grid_or_not_applicable,MODEL_WET_GRID_NODE,,2026-10-07T06:00:00+00:00,2026-10-07T06:31:11.819952+00:00,2026-10-07T06:31:11.819952+00:00,UTC,2026-10-06T21:00:00+00:00,forecast,9,https://opendap.co-ops.nos.noaa.gov/thredds/dodsC/NOAA/NGOFS2/MODELS/2026/10/06/ngofs2.t21z.20261006.regulargrid.f009.nc,0.0,a35efafd89c8c60821aa7c6740a638843fb330aba7b5d73879f8854f4678c3d5,ngofs2_regulargrid_v1
noaa_ngofs2_mobile_bay_regulargrid,MODEL,ngofs2_grid_880_995,noaa_ngofs2_mobile_bay_model,Montrose,3.0,30.57,-87.92999999999999,3.1854552996525065,eastward_current,0.08017579466104507,m/s,bottom,2.0,standard_depth_positive_down,model_grid_or_not_applicable,MODEL_WET_GRID_NODE,,2026-10-07T06:00:00+00:00,2026-10-07T06:31:11.819952+00:00,2026-10-07T06:31:11.819952+00:00,UTC,2026-10-06T21:00:00+00:00,forecast,9,https://opendap.co-ops.nos.noaa.gov/thredds/dodsC/NOAA/NGOFS2/MODELS/2026/10/06/ngofs2.t21z.20261006.regulargrid.f009.nc,0.0,a35efafd89c8c60821aa7c6740a638843fb330aba7b5d73879f8854f4678c3d5,ngofs2_regulargrid_v1
noaa_ngofs2_mobile_bay_regulargrid,MODEL,ngofs2_grid_880_995,noaa_ngofs2_mobile_bay_model,Montrose,3.0,30.57,-87.92999999999999,3.1854552996525065,northward_current,-0.023638611659407616,m/s,bottom,2.0,standard_depth_positive_down,model_grid_or_not_applicable,MODEL_WET_GRID_NODE,,2026-10-07T06:00:00+00:00,2026-10-07T06:31:11.819952+00:00,2026-10-07T06:31:11.819952+00:00,UTC,2026-10-06T21:00:00+00:00,forecast,9,https://opendap.co-ops.nos.noaa.gov/thredds/dodsC/NOAA/NGOFS2/MODELS/2026/10/06/ngofs2.t21z.20261006.regulargrid.f009.nc,0.0,a35efafd89c8c60821aa7c6740a638843fb330aba7b5d73879f8854f4678c3d5,ngofs2_regulargrid_v1
noaa_ngofs2_mobile_bay_regulargrid,MODEL,ngofs2_grid_880_995,noaa_ngofs2_mobile_bay_model,Montrose,3.0,30.57,-87.92999999999999,3.1854552996525065,shoreward_current,0.08017579466104507,m/s,bottom,2.0,standard_depth_positive_down,model_grid_or_not_applicable,MODEL_WET_GRID_NODE,,2026-10-07T06:00:00+00:00,2026-10-07T06:31:11.819952+00:00,2026-10-07T06:31:11.819952+00:00,UTC,2026-10-06T21:00:00+00:00,forecast,9,https://opendap.co-ops.nos.noaa.gov/thredds/dodsC/NOAA/NGOFS2/MODELS/2026/10/06/ngofs2.t21z.20261006.regulargrid.f009.nc,0.0,a35efafd89c8c60821aa7c6740a638843fb330aba7b5d73879f8854f4678c3d5,ngofs2_regulargrid_v1
noaa_ngofs2_mobile_bay_regulargrid,MODEL,ngofs2_grid_880_995,noaa_ngofs2_mobile_bay_model,Montrose,3.0,30.57,-87.92999999999999,3.1854552996525065,water_temperature,29.304040908813477,degC,bottom,2.0,standard_depth_positive_down,model_grid_or_not_applicable,MODEL_WET_GRID_NODE,,2026-10-07T06:00:00+00:00,2026-10-07T06:31:11.819952+00:00,2026-10-07T06:31:11.819952+00:00,UTC,2026-10-06T21:00:00+00:00,forecast,9,https://opendap.co-ops.nos.noaa.gov/thredds/dodsC/NOAA/NGOFS2/MODELS/2026/10/06/ngofs2.t21z.20261006.regulargrid.f009.nc,0.0,a35efafd89c8c60821aa7c6740a638843fb330aba7b5d73879f8854f4678c3d5,ngofs2_regulargrid_v1
noaa_ngofs2_mobile_bay_regulargrid,MODEL,ngofs2_grid_880_995,noaa_ngofs2_mobile_bay_model,Montrose,3.0,30.57,-87.92999999999999,3.1854552996525065,salinity,12.854486465454102,PSU,bottom,2.0,standard_depth_positive_down,model_grid_or_not_applicable,MODEL_WET_GRID_NODE,,2026-10-07T06:00:00+00:00,2026-10-07T06:31:11.819952+00:00,2026-10-07T06:31:11.819952+00:00,UTC,2026-10-06T21:00:00+00:00,forecast,9,https://opendap.co-ops.nos.noaa.gov/thredds/dodsC/NOAA/NGOFS2/MODELS/2026/10/06/ngofs2.t21z.20261006.regulargrid.f009.nc,0.0,a35efafd89c8c60821aa7c6740a638843fb330aba7b5d73879f8854f4678c3d5,ngofs2_regulargrid_v1
noaa_ngofs2_mobile_bay_regulargrid,MODEL,ngofs2_grid_880_995,noaa_ngofs2_mobile_bay_model,Montrose,3.0,30.57,-87.92999999999999,3.1854552996525065,water_surface_elevation,0.2326257824897766,m,surface,0.0,surface,model_mean_sea_level,MODEL_WET_GRID_NODE,,2026-10-07T06:00:00+00:00,2026-10-07T06:31:11.819952+00:00,2026-10-07T06:31:11.819952+00:00,UTC,2026-10-06T21:00:00+00:00,forecast,9,https://opendap.co-ops.nos.noaa.gov/thredds/dodsC/NOAA/NGOFS2/MODELS/2026/10/06/ngofs2.t21z.20261006.regulargrid.f009.nc,0.0,a35efafd89c8c60821aa7c6740a638843fb330aba7b5d73879f8854f4678c3d5,ngofs2_regulargrid_v1
noaa_ngofs2_mobile_bay_regulargrid,MODEL,ngofs2_grid_875_996,noaa_ngofs2_mobile_bay_model,Fairhope/Fly Creek/Pier,0.25,30.52,-87.91999999999999,2.218344355235801,eastward_current,-0.07742121815681458,m/s,surface,0.0,standard_depth_positive_down,model_grid_or_not_applicable,MODEL_WET_GRID_NODE,,2026-10-07T06:00:00+00:00,2026-10-07T06:31:11.819952+00:00,2026-10-07T06:31:11.819952+00:00,UTC,2026-10-06T21:00:00+00:00,forecast,9,https://opendap.co-ops.nos.noaa.gov/thredds/dodsC/NOAA/NGOFS2/MODELS/2026/10/06/ngofs2.t21z.20261006.regulargrid.f009.nc,0.0,a35efafd89c8c60821aa7c6740a638843fb330aba7b5d73879f8854f4678c3d5,ngofs2_regulargrid_v1
noaa_ngofs2_mobile_bay_regulargrid,MODEL,ngofs2_grid_875_996,noaa_ngofs2_mobile_bay_model,Fairhope/Fly Creek/Pier,0.25,30.52,-87.91999999999999,2.218344355235801,northward_current,-0.11622819304466248,m/s,surface,0.0,standard_depth_positive_down,model_grid_or_not_applicable,MODEL_WET_GRID_NODE,,2026-10-07T06:00:00+00:00,2026-10-07T06:31:11.819952+00:00,2026-10-07T06:31:11.819952+00:00,UTC,2026-10-06T21:00:00+00:00,forecast,9,https://opendap.co-ops.nos.noaa.gov/thredds/dodsC/NOAA/NGOFS2/MODELS/2026/10/06/ngofs2.t21z.20261006.regulargrid.f009.nc,0.0,a35efafd89c8c60821aa7c6740a638843fb330aba7b5d73879f8854f4678c3d5,ngofs2_regulargrid_v1
noaa_ngofs2_mobile_bay_regulargrid,MODEL,ngofs2_grid_875_996,noaa_ngofs2_mobile_bay_model,Fairhope/Fly Creek/Pier,0.25,30.52,-87.91999999999999,2.218344355235801,shoreward_current,-0.07742121815681459,m/s,surface,0.0,standard_depth_positive_down,model_grid_or_not_applicable,MODEL_WET_GRID_NODE,,2026-10-07T06:00:00+00:00,2026-10-07T06:31:11.819952+00:00,2026-10-07T06:31:11.819952+00:00,UTC,2026-10-06T21:00:00+00:00,forecast,9,https://opendap.co-ops.nos.noaa.gov/thredds/dodsC/NOAA/NGOFS2/MODELS/2026/10/06/ngofs2.t21z.20261006.regulargrid.f009.nc,0.0,a35efafd89c8c60821aa7c6740a638843fb330aba7b5d73879f8854f4678c3d5,ngofs2_regulargrid_v1
noaa_ngofs2_mobile_bay_regulargrid,MODEL,ngofs2_grid_875_996,noaa_ngofs2_mobile_bay_model,Fairhope/Fly Creek/Pier,0.25,30.52,-87.91999999999999,2.218344355235801,water_temperature,29.095108032226562,degC,surface,0.0,standard_depth_positive_down,model_grid_or_not_applicable,MODEL_WET_GRID_NODE,,2026-10-07T06:00:00+00:00,2026-10-07T06:31:11.819952+00:00,2026-10-07T06:31:11.819952+00:00,UTC,2026-10-06T21:00:00+00:00,forecast,9,https://opendap.co-ops.nos.noaa.gov/thredds/dodsC/NOAA/NGOFS2/MODELS/2026/10/06/ngofs2.t21z.20261006.regulargrid.f009.nc,0.0,a35efafd89c8c60821aa7c6740a638843fb330aba7b5d73879f8854f4678c3d5,ngofs2_regulargrid_v1
noaa_ngofs2_mobile_bay_regulargrid,MODEL,ngofs2_grid_875_996,noaa_ngofs2_mobile_bay_model,Fairhope/Fly Creek/Pier,0.25,30.52,-87.91999999999999,2.218344355235801,salinity,14.67584228515625,PSU,surface,0.0,standard_depth_positive_down,model_grid_or_not_applicable,MODEL_WET_GRID_NODE,,2026-10-07T06:00:00+00:00,2026-10-07T06:31:11.819952+00:00,2026-10-07T06:31:11.819952+00:00,UTC,2026-10-06T21:00:00+00:00,forecast,9,https://opendap.co-ops.nos.noaa.gov/thredds/dodsC/NOAA/NGOFS2/MODELS/2026/10/06/ngofs2.t21z.20261006.regulargrid.f009.nc,0.0,a35efafd89c8c60821aa7c6740a638843fb330aba7b5d73879f8854f4678c3d5,ngofs2_regulargrid_v1
noaa_ngofs2_mobile_bay_regulargrid,MODEL,ngofs2_grid_875_996,noaa_ngofs2_mobile_bay_model,Fairhope/Fly Creek/Pier,0.25,30.52,-87.91999999999999,2.218344355235801,eastward_current,0.0023166860919445753,m/s,bottom,2.0,standard_depth_positive_down,model_grid_or_not_applicable,MODEL_WET_GRID_NODE,,2026-10-07T06:00:00+00:00,2026-10-07T06:31:11.819952+00:00,2026-10-07T06:31:11.819952+00:00,UTC,2026-10-06T21:00:00+00:00,forecast,9,https://opendap.co-ops.nos.noaa.gov/thredds/dodsC/NOAA/NGOFS2/MODELS/2026/10/06/ngofs2.t21z.20261006.regulargrid.f009.nc,0.0,a35efafd89c8c60821aa7c6740a638843fb330aba7b5d73879f8854f4678c3d5,ngofs2_regulargrid_v1
noaa_ngofs2_mobile_bay_regulargrid,MODEL,ngofs2_grid_875_996,noaa_ngofs2_mobile_bay_model,Fairhope/Fly Creek/Pier,0.25,30.52,-87.91999999999999,2.218344355235801,northward_current,-0.041741784662008286,m/s,bottom,2.0,standard_depth_positive_down,model_grid_or_not_applicable,MODEL_WET_GRID_NODE,,2026-10-07T06:00:00+00:00,2026-10-07T06:31:11.819952+00:00,2026-10-07T06:31:11.819952+00:00,UTC,2026-10-06T21:00:00+00:00,forecast,9,https://opendap.co-ops.nos.noaa.gov/thredds/dodsC/NOAA/NGOFS2/MODELS/2026/10/06/ngofs2.t21z.20261006.regulargrid.f009.nc,0.0,a35efafd89c8c60821aa7c6740a638843fb330aba7b5d73879f8854f4678c3d5,ngofs2_regulargrid_v1
noaa_ngofs2_mobile_bay_regulargrid,MODEL,ngofs2_grid_875_996,noaa_ngofs2_mobile_bay_model,Fairhope/Fly Creek/Pier,0.25,30.52,-87.91999999999999,2.218344355235801,shoreward_current,0.0023166860919445727,m/s,bottom,2.0,standard_depth_positive_down,model_grid_or_not_applicable,MODEL_WET_GRID_NODE,,2026-10-07T06:00:00+00:00,2026-10-07T06:31:11.819952+00:00,2026-10-07T06:31:11.819952+00:00,UTC,2026-10-06T21:00:00+00:00,forecast,9,https://opendap.co-ops.nos.noaa.gov/thredds/dodsC/NOAA/NGOFS2/MODELS/2026/10/06/ngofs2.t21z.20261006.regulargrid.f009.nc,0.0,a35efafd89c8c60821aa7c6740a638843fb330aba7b5d73879f8854f4678c3d5,ngofs2_regulargrid_v1
noaa_ngofs2_mobile_bay_regulargrid,MODEL,ngofs2_grid_875_996,noaa_ngofs2_mobile_bay_model,Fairhope/Fly Creek/Pier,0.25,30.52,-87.91999999999999,2.218344355235801,water_temperature,29.561735153198242,degC,bottom,2.0,standard_depth_positive_down,model_grid_or_not_applicable,MODEL_WET_GRID_NODE,,2026-10-07T06:00:00+00:00,2026-10-07T06:31:11.819952+00:00,2026-10-07T06:31:11.819952+00:00,UTC,2026-10-06T21:00:00+00:00,forecast,9,https://opendap.co-ops.nos.noaa.gov/thredds/dodsC/NOAA/NGOFS2/MODELS/2026/10/06/ngofs2.t21z.20261006.regulargrid.f009.nc,0.0,a35efafd89c8c60821aa7c6740a638843fb330aba7b5d73879f8854f4678c3d5,ngofs2_regulargrid_v1
noaa_ngofs2_mobile_bay_regulargrid,MODEL,ngofs2_grid_875_996,noaa_ngofs2_mobile_bay_model,Fairhope/Fly Creek/Pier,0.25,30.52,-87.91999999999999,2.218344355235801,salinity,15.94495677947998,PSU,bottom,2.0,standard_depth_positive_down,model_grid_or_not_applicable,MODEL_WET_GRID_NODE,,2026-10-07T06:00:00+00:00,2026-10-07T06:31:11.819952+00:00,2026-10-07T06:31:11.819952+00:00,UTC,2026-10-06T21:00:00+00:00,forecast,9,https://opendap.co-ops.nos.noaa.gov/thredds/dodsC/NOAA/NGOFS2/MODELS/2026/10/06/ngofs2.t21z.20261006.regulargrid.f009.nc,0.0,a35efafd89c8c60821aa7c6740a638843fb330aba7b5d73879f8854f4678c3d5,ngofs2_regulargrid_v1
noaa_ngofs2_mobile_bay_regulargrid,MODEL,ngofs2_grid_875_996,noaa_ngofs2_mobile_bay_model,Fairhope/Fly Creek/Pier,0.25,30.52,-87.91999999999999,2.218344355235801,water_surface_elevation,0.22902050614356995,m,surface,0.0,surface,model_mean_sea_level,MODEL_WET_GRID_NODE,,2026-10-07T06:00:00+00:00,2026-10-07T06:31:11.819952+00:00,2026-10-07T06:31:11.819952+00:00,UTC,2026-10-06T21:00:00+00:00,forecast,9,https://opendap.co-ops.nos.noaa.gov/thredds/dodsC/NOAA/NGOFS2/MODELS/2026/10/06/ngofs2.t21z.20261006.regulargrid.f009.nc,0.0,a35efafd89c8c60821aa7c6740a638843fb330aba7b5d73879f8854f4678c3d5,ngofs2_regulargrid_v1
noaa_ngofs2_mobile_bay_regulargrid,MODEL,ngofs2_grid_876_996,noaa_ngofs2_mobile_bay_model,Fairhope/Fly Creek/Pier,0.75,30.53,-87.91999999999999,3.0932896910937813,eastward_current,-0.0771392360329628,m/s,surface,0.0,standard_depth_positive_down,model_grid_or_not_applicable,MODEL_WET_GRID_NODE,,2026-10-07T06:00:00+00:00,2026-10-07T06:31:11.819952+00:00,2026-10-07T06:31:11.819952+00:00,UTC,2026-10-06T21:00:00+00:00,forecast,9,https://opendap.co-ops.nos.noaa.gov/thredds/dodsC/NOAA/NGOFS2/MODELS/2026/10/06/ngofs2.t21z.20261006.regulargrid.f009.nc,0.0,a35efafd89c8c60821aa7c6740a638843fb330aba7b5d73879f8854f4678c3d5,ngofs2_regulargrid_v1
noaa_ngofs2_mobile_bay_regulargrid,MODEL,ngofs2_grid_876_996,noaa_ngofs2_mobile_bay_model,Fairhope/Fly Creek/Pier,0.75,30.53,-87.91999999999999,3.0932896910937813,northward_current,-0.11168919503688812,m/s,surface,0.0,standard_depth_positive_down,model_grid_or_not_applicable,MODEL_WET_GRID_NODE,,2026-10-07T06:00:00+00:00,2026-10-07T06:31:11.819952+00:00,2026-10-07T06:31:11.819952+00:00,UTC,2026-10-06T21:00:00+00:00,forecast,9,https://opendap.co-ops.nos.noaa.gov/thredds/dodsC/NOAA/NGOFS2/MODELS/2026/10/06/ngofs2.t21z.20261006.regulargrid.f009.nc,0.0,a35efafd89c8c60821aa7c6740a638843fb330aba7b5d73879f8854f4678c3d5,ngofs2_regulargrid_v1
noaa_ngofs2_mobile_bay_regulargrid,MODEL,ngofs2_grid_876_996,noaa_ngofs2_mobile_bay_model,Fairhope/Fly Creek/Pier,0.75,30.53,-87.91999999999999,3.0932896910937813,shoreward_current,-0.0771392360329628,m/s,surface,0.0,standard_depth_positive_down,model_grid_or_not_applicable,MODEL_WET_GRID_NODE,,2026-10-07T06:00:00+00:00,2026-10-07T06:31:11.819952+00:00,2026-10-07T06:31:11.819952+00:00,UTC,2026-10-06T21:00:00+00:00,forecast,9,https://opendap.co-ops.nos.noaa.gov/thredds/dodsC/NOAA/NGOFS2/MODELS/2026/10/06/ngofs2.t21z.20261006.regulargrid.f009.nc,0.0,a35efafd89c8c60821aa7c6740a638843fb330aba7b5d73879f8854f4678c3d5,ngofs2_regulargrid_v1
noaa_ngofs2_mobile_bay_regulargrid,MODEL,ngofs2_grid_876_996,noaa_ngofs2_mobile_bay_model,Fairhope/Fly Creek/Pier,0.75,30.53,-87.91999999999999,3.0932896910937813,water_temperature,29.09821319580078,degC,surface,0.0,standard_depth_positive_down,model_grid_or_not_applicable,MODEL_WET_GRID_NODE,,2026-10-07T06:00:00+00:00,2026-10-07T06:31:11.819952+00:00,2026-10-07T06:31:11.819952+00:00,UTC,2026-10-06T21:00:00+00:00,forecast,9,https://opendap.co-ops.nos.noaa.gov/thredds/dodsC/NOAA/NGOFS2/MODELS/2026/10/06/ngofs2.t21z.20261006.regulargrid.f009.nc,0.0,a35efafd89c8c60821aa7c6740a638843fb330aba7b5d73879f8854f4678c3d5,ngofs2_regulargrid_v1
noaa_ngofs2_mobile_bay_regulargrid,MODEL,ngofs2_grid_876_996,noaa_ngofs2_mobile_bay_model,Fairhope/Fly Creek/Pier,0.75,30.53,-87.91999999999999,3.0932896910937813,salinity,14.445828437805176,PSU,surface,0.0,standard_depth_positive_down,model_grid_or_not_applicable,MODEL_WET_GRID_NODE,,2026-10-07T06:00:00+00:00,2026-10-07T06:31:11.819952+00:00,2026-10-07T06:31:11.819952+00:00,UTC,2026-10-06T21:00:00+00:00,forecast,9,https://opendap.co-ops.nos.noaa.gov/thredds/dodsC/NOAA/NGOFS2/MODELS/2026/10/06/ngofs2.t21z.20261006.regulargrid.f009.nc,0.0,a35efafd89c8c60821aa7c6740a638843fb330aba7b5d73879f8854f4678c3d5,ngofs2_regulargrid_v1
noaa_ngofs2_mobile_bay_regulargrid,MODEL,ngofs2_grid_876_996,noaa_ngofs2_mobile_bay_model,Fairhope/Fly Creek/Pier,0.75,30.53,-87.91999999999999,3.0932896910937813,eastward_current,0.023679962381720543,m/s,bottom,2.0,standard_depth_positive_down,model_grid_or_not_applicable,MODEL_WET_GRID_NODE,,2026-10-07T06:00:00+00:00,2026-10-07T06:31:11.819952+00:00,2026-10-07T06:31:11.819952+00:00,UTC,2026-10-06T21:00:00+00:00,forecast,9,https://opendap.co-ops.nos.noaa.gov/thredds/dodsC/NOAA/NGOFS2/MODELS/2026/10/06/ngofs2.t21z.20261006.regulargrid.f009.nc,0.0,a35efafd89c8c60821aa7c6740a638843fb330aba7b5d73879f8854f4678c3d5,ngofs2_regulargrid_v1
noaa_ngofs2_mobile_bay_regulargrid,MODEL,ngofs2_grid_876_996,noaa_ngofs2_mobile_bay_model,Fairhope/Fly Creek/Pier,0.75,30.53,-87.91999999999999,3.0932896910937813,northward_current,-0.04476676881313324,m/s,bottom,2.0,standard_depth_positive_down,model_grid_or_not_applicable,MODEL_WET_GRID_NODE,,2026-10-07T06:00:00+00:00,2026-10-07T06:31:11.819952+00:00,2026-10-07T06:31:11.819952+00:00,UTC,2026-10-06T21:00:00+00:00,forecast,9,https://opendap.co-ops.nos.noaa.gov/thredds/dodsC/NOAA/NGOFS2/MODELS/2026/10/06/ngofs2.t21z.20261006.regulargrid.f009.nc,0.0,a35efafd89c8c60821aa7c6740a638843fb330aba7b5d73879f8854f4678c3d5,ngofs2_regulargrid_v1
noaa_ngofs2_mobile_bay_regulargrid,MODEL,ngofs2_grid_876_996,noaa_ngofs2_mobile_bay_model,Fairhope/Fly Creek/Pier,0.75,30.53,-87.91999999999999,3.0932896910937813,shoreward_current,0.02367996238172054,m/s,bottom,2.0,standard_depth_positive_down,model_grid_or_not_applicable,MODEL_WET_GRID_NODE,,2026-10-07T06:00:00+00:00,2026-10-07T06:31:11.819952+00:00,2026-10-07T06:31:11.819952+00:00,UTC,2026-10-06T21:00:00+00:00,forecast,9,https://opendap.co-ops.nos.noaa.gov/thredds/dodsC/NOAA/NGOFS2/MODELS/2026/10/06/ngofs2.t21z.20261006.regulargrid.f009.nc,0.0,a35efafd89c8c60821aa7c6740a638843fb330aba7b5d73879f8854f4678c3d5,ngofs2_regulargrid_v1
noaa_ngofs2_mobile_bay_regulargrid,MODEL,ngofs2_grid_876_996,noaa_ngofs2_mobile_bay_model,Fairhope/Fly Creek/Pier,0.75,30.53,-87.91999999999999,3.0932896910937813,water_temperature,29.542713165283203,degC,bottom,2.0,standard_depth_positive_down,model_grid_or_not_applicable,MODEL_WET_GRID_NODE,,2026-10-07T06:00:00+00:00,2026-10-07T06:31:11.819952+00:00,2026-10-07T06:31:11.819952+00:00,UTC,2026-10-06T21:00:00+00:00,forecast,9,https://opendap.co-ops.nos.noaa.gov/thredds/dodsC/NOAA/NGOFS2/MODELS/2026/10/06/ngofs2.t21z.20261006.regulargrid.f009.nc,0.0,a35efafd89c8c60821aa7c6740a638843fb330aba7b5d73879f8854f4678c3d5,ngofs2_regulargrid_v1
noaa_ngofs2_mobile_bay_regulargrid,MODEL,ngofs2_grid_876_996,noaa_ngofs2_mobile_bay_model,Fairhope/Fly Creek/Pier,0.75,30.53,-87.91999999999999,3.0932896910937813,salinity,16.04711151123047,PSU,bottom,2.0,standard_depth_positive_down,model_grid_or_not_applicable,MODEL_WET_GRID_NODE,,2026-10-07T06:00:00+00:00,2026-10-07T06:31:11.819952+00:00,2026-10-07T06:31:11.819952+00:00,UTC,2026-10-06T21:00:00+00:00,forecast,9,https://opendap.co-ops.nos.noaa.gov/thredds/dodsC/NOAA/NGOFS2/MODELS/2026/10/06/ngofs2.t21z.20261006.regulargrid.f009.nc,0.0,a35efafd89c8c60821aa7c6740a638843fb330aba7b5d73879f8854f4678c3d5,ngofs2_regulargrid_v1
noaa_ngofs2_mobile_bay_regulargrid,MODEL,ngofs2_grid_876_996,noaa_ngofs2_mobile_bay_model,Fairhope/Fly Creek/Pier,0.75,30.53,-87.91999999999999,3.0932896910937813,water_surface_elevation,0.22923514246940613,m,surface,0.0,surface,model_mean_sea_level,MODEL_WET_GRID_NODE,,2026-10-07T06:00:00+00:00,2026-10-07T06:31:11.819952+00:00,2026-10-07T06:31:11.819952+00:00,UTC,2026-10-06T21:00:00+00:00,forecast,9,https://opendap.co-ops.nos.noaa.gov/thredds/dodsC/NOAA/NGOFS2/MODELS/2026/10/06/ngofs2.t21z.20261006.regulargrid.f009.nc,0.0,a35efafd89c8c60821aa7c6740a638843fb330aba7b5d73879f8854f4678c3d5,ngofs2_regulargrid_v1
noaa_ngofs2_mobile_bay_regulargrid,MODEL,ngofs2_grid_875_995,noaa_ngofs2_mobile_bay_model,Fairhope/Fly Creek/Pier,1.5,30.52,-87.92999999999999,3.361578206118958,eastward_current,-0.0800766795873642,m/s,surface,0.0,standard_depth_positive_down,model_grid_or_not_applicable,MODEL_WET_GRID_NODE,,2026-10-07T06:00:00+00:00,2026-10-07T06:31:11.819952+00:00,2026-10-07T06:31:11.819952+00:00,UTC,2026-10-06T21:00:00+00:00,forecast,9,https://opendap.co-ops.nos.noaa.gov/thredds/dodsC/NOAA/NGOFS2/MODELS/2026/10/06/ngofs2.t21z.20261006.regulargrid.f009.nc,0.0,a35efafd89c8c60821aa7c6740a638843fb330aba7b5d73879f8854f4678c3d5,ngofs2_regulargrid_v1
noaa_ngofs2_mobile_bay_regulargrid,MODEL,ngofs2_grid_875_995,noaa_ngofs2_mobile_bay_model,Fairhope/Fly Creek/Pier,1.5,30.52,-87.92999999999999,3.361578206118958,northward_current,-0.11480941623449326,m/s,surface,0.0,standard_depth_positive_down,model_grid_or_not_applicable,MODEL_WET_GRID_NODE,,2026-10-07T06:00:00+00:00,2026-10-07T06:31:11.819952+00:00,2026-10-07T06:31:11.819952+00:00,UTC,2026-10-06T21:00:00+00:00,forecast,9,https://opendap.co-ops.nos.noaa.gov/thredds/dodsC/NOAA/NGOFS2/MODELS/2026/10/06/ngofs2.t21z.20261006.regulargrid.f009.nc,0.0,a35efafd89c8c60821aa7c6740a638843fb330aba7b5d73879f8854f4678c3d5,ngofs2_regulargrid_v1
noaa_ngofs2_mobile_bay_regulargrid,MODEL,ngofs2_grid_875_995,noaa_ngofs2_mobile_bay_model,Fairhope/Fly Creek/Pier,1.5,30.52,-87.92999999999999,3.361578206118958,shoreward_current,-0.08007667958736421,m/s,surface,0.0,standard_depth_positive_down,model_grid_or_not_applicable,MODEL_WET_GRID_NODE,,2026-10-07T06:00:00+00:00,2026-10-07T06:31:11.819952+00:00,2026-10-07T06:31:11.819952+00:00,UTC,2026-10-06T21:00:00+00:00,forecast,9,https://opendap.co-ops.nos.noaa.gov/thredds/dodsC/NOAA/NGOFS2/MODELS/2026/10/06/ngofs2.t21z.20261006.regulargrid.f009.nc,0.0,a35efafd89c8c60821aa7c6740a638843fb330aba7b5d73879f8854f4678c3d5,ngofs2_regulargrid_v1
noaa_ngofs2_mobile_bay_regulargrid,MODEL,ngofs2_grid_875_995,noaa_ngofs2_mobile_bay_model,Fairhope/Fly Creek/Pier,1.5,30.52,-87.92999999999999,3.361578206118958,water_temperature,29.04386329650879,degC,surface,0.0,standard_depth_positive_down,model_grid_or_not_applicable,MODEL_WET_GRID_NODE,,2026-10-07T06:00:00+00:00,2026-10-07T06:31:11.819952+00:00,2026-10-07T06:31:11.819952+00:00,UTC,2026-10-06T21:00:00+00:00,forecast,9,https://opendap.co-ops.nos.noaa.gov/thredds/dodsC/NOAA/NGOFS2/MODELS/2026/10/06/ngofs2.t21z.20261006.regulargrid.f009.nc,0.0,a35efafd89c8c60821aa7c6740a638843fb330aba7b5d73879f8854f4678c3d5,ngofs2_regulargrid_v1
noaa_ngofs2_mobile_bay_regulargrid,MODEL,ngofs2_grid_875_995,noaa_ngofs2_mobile_bay_model,Fairhope/Fly Creek/Pier,1.5,30.52,-87.92999999999999,3.361578206118958,salinity,14.62337589263916,PSU,surface,0.0,standard_depth_positive_down,model_grid_or_not_applicable,MODEL_WET_GRID_NODE,,2026-10-07T06:00:00+00:00,2026-10-07T06:31:11.819952+00:00,2026-10-07T06:31:11.819952+00:00,UTC,2026-10-06T21:00:00+00:00,forecast,9,https://opendap.co-ops.nos.noaa.gov/thredds/dodsC/NOAA/NGOFS2/MODELS/2026/10/06/ngofs2.t21z.20261006.regulargrid.f009.nc,0.0,a35efafd89c8c60821aa7c6740a638843fb330aba7b5d73879f8854f4678c3d5,ngofs2_regulargrid_v1
noaa_ngofs2_mobile_bay_regulargrid,MODEL,ngofs2_grid_875_995,noaa_ngofs2_mobile_bay_model,Fairhope/Fly Creek/Pier,1.5,30.52,-87.92999999999999,3.361578206118958,eastward_current,-0.0031434313859790564,m/s,bottom,2.0,standard_depth_positive_down,model_grid_or_not_applicable,MODEL_WET_GRID_NODE,,2026-10-07T06:00:00+00:00,2026-10-07T06:31:11.819952+00:00,2026-10-07T06:31:11.819952+00:00,UTC,2026-10-06T21:00:00+00:00,forecast,9,https://opendap.co-ops.nos.noaa.gov/thredds/dodsC/NOAA/NGOFS2/MODELS/2026/10/06/ngofs2.t21z.20261006.regulargrid.f009.nc,0.0,a35efafd89c8c60821aa7c6740a638843fb330aba7b5d73879f8854f4678c3d5,ngofs2_regulargrid_v1
noaa_ngofs2_mobile_bay_regulargrid,MODEL,ngofs2_grid_875_995,noaa_ngofs2_mobile_bay_model,Fairhope/Fly Creek/Pier,1.5,30.52,-87.92999999999999,3.361578206118958,northward_current,-0.06680140644311905,m/s,bottom,2.0,standard_depth_positive_down,model_grid_or_not_applicable,MODEL_WET_GRID_NODE,,2026-10-07T06:00:00+00:00,2026-10-07T06:31:11.819952+00:00,2026-10-07T06:31:11.819952+00:00,UTC,2026-10-06T21:00:00+00:00,forecast,9,https://opendap.co-ops.nos.noaa.gov/thredds/dodsC/NOAA/NGOFS2/MODELS/2026/10/06/ngofs2.t21z.20261006.regulargrid.f009.nc,0.0,a35efafd89c8c60821aa7c6740a638843fb330aba7b5d73879f8854f4678c3d5,ngofs2_regulargrid_v1
noaa_ngofs2_mobile_bay_regulargrid,MODEL,ngofs2_grid_875_995,noaa_ngofs2_mobile_bay_model,Fairhope/Fly Creek/Pier,1.5,30.52,-87.92999999999999,3.361578206118958,shoreward_current,-0.0031434313859790603,m/s,bottom,2.0,standard_depth_positive_down,model_grid_or_not_applicable,MODEL_WET_GRID_NODE,,2026-10-07T06:00:00+00:00,2026-10-07T06:31:11.819952+00:00,2026-10-07T06:31:11.819952+00:00,UTC,2026-10-06T21:00:00+00:00,forecast,9,https://opendap.co-ops.nos.noaa.gov/thredds/dodsC/NOAA/NGOFS2/MODELS/2026/10/06/ngofs2.t21z.20261006.regulargrid.f009.nc,0.0,a35efafd89c8c60821aa7c6740a638843fb330aba7b5d73879f8854f4678c3d5,ngofs2_regulargrid_v1
noaa_ngofs2_mobile_bay_regulargrid,MODEL,ngofs2_grid_875_995,noaa_ngofs2_mobile_bay_model,Fairhope/Fly Creek/Pier,1.5,30.52,-87.92999999999999,3.361578206118958,water_temperature,29.363096237182617,degC,bottom,2.0,standard_depth_positive_down,model_grid_or_not_applicable,MODEL_WET_GRID_NODE,,2026-10-07T06:00:00+00:00,2026-10-07T06:31:11.819952+00:00,2026-10-07T06:31:11.819952+00:00,UTC,2026-10-06T21:00:00+00:00,forecast,9,https://opendap.co-ops.nos.noaa.gov/thredds/dodsC/NOAA/NGOFS2/MODELS/2026/10/06/ngofs2.t21z.20261006.regulargrid.f009.nc,0.0,a35efafd89c8c60821aa7c6740a638843fb330aba7b5d73879f8854f4678c3d5,ngofs2_regulargrid_v1
noaa_ngofs2_mobile_bay_regulargrid,MODEL,ngofs2_grid_875_995,noaa_ngofs2_mobile_bay_model,Fairhope/Fly Creek/Pier,1.5,30.52,-87.92999999999999,3.361578206118958,salinity,15.606355667114258,PSU,bottom,2.0,standard_depth_positive_down,model_grid_or_not_applicable,MODEL_WET_GRID_NODE,,2026-10-07T06:00:00+00:00,2026-10-07T06:31:11.819952+00:00,2026-10-07T06:31:11.819952+00:00,UTC,2026-10-06T21:00:00+00:00,forecast,9,https://opendap.co-ops.nos.noaa.gov/thredds/dodsC/NOAA/NGOFS2/MODELS/2026/10/06/ngofs2.t21z.20261006.regulargrid.f009.nc,0.0,a35efafd89c8c60821aa7c6740a638843fb330aba7b5d73879f8854f4678c3d5,ngofs2_regulargrid_v1
noaa_ngofs2_mobile_bay_regulargrid,MODEL,ngofs2_grid_875_995,noaa_ngofs2_mobile_bay_model,Fairhope/Fly Creek/Pier,1.5,30.52,-87.92999999999999,3.361578206118958,water_surface_elevation,0.23067966103553772,m,surface,0.0,surface,model_mean_sea_level,MODEL_WET_GRID_NODE,,2026-10-07T06:00:00+00:00,2026-10-07T06:31:11.819952+00:00,2026-10-07T06:31:11.819952+00:00,UTC,2026-10-06T21:00:00+00:00,forecast,9,https://opendap.co-ops.nos.noaa.gov/thredds/dodsC/NOAA/NGOFS2/MODELS/2026/10/06/ngofs2.t21z.20261006.regulargrid.f009.nc,0.0,a35efafd89c8c60821aa7c6740a638843fb330aba7b5d73879f8854f4678c3d5,ngofs2_regulargrid_v1
noaa_ngofs2_mobile_bay_regulargrid,MODEL,ngofs2_grid_875_993,noaa_ngofs2_mobile_bay_model,Fairhope/Fly Creek/Pier,3.0,30.52,-87.94999999999999,4.08614297131185,eastward_current,-0.04989850893616676,m/s,surface,0.0,standard_depth_positive_down,model_grid_or_not_applicable,MODEL_WET_GRID_NODE,,2026-10-07T06:00:00+00:00,2026-10-07T06:31:11.819952+00:00,2026-10-07T06:31:11.819952+00:00,UTC,2026-10-06T21:00:00+00:00,forecast,9,https://opendap.co-ops.nos.noaa.gov/thredds/dodsC/NOAA/NGOFS2/MODELS/2026/10/06/ngofs2.t21z.20261006.regulargrid.f009.nc,0.0,a35efafd89c8c60821aa7c6740a638843fb330aba7b5d73879f8854f4678c3d5,ngofs2_regulargrid_v1
noaa_ngofs2_mobile_bay_regulargrid,MODEL,ngofs2_grid_875_993,noaa_ngofs2_mobile_bay_model,Fairhope/Fly Creek/Pier,3.0,30.52,-87.94999999999999,4.08614297131185,northward_current,-0.05895841494202614,m/s,surface,0.0,standard_depth_positive_down,model_grid_or_not_applicable,MODEL_WET_GRID_NODE,,2026-10-07T06:00:00+00:00,2026-10-07T06:31:11.819952+00:00,2026-10-07T06:31:11.819952+00:00,UTC,2026-10-06T21:00:00+00:00,forecast,9,https://opendap.co-ops.nos.noaa.gov/thredds/dodsC/NOAA/NGOFS2/MODELS/2026/10/06/ngofs2.t21z.20261006.regulargrid.f009.nc,0.0,a35efafd89c8c60821aa7c6740a638843fb330aba7b5d73879f8854f4678c3d5,ngofs2_regulargrid_v1
noaa_ngofs2_mobile_bay_regulargrid,MODEL,ngofs2_grid_875_993,noaa_ngofs2_mobile_bay_model,Fairhope/Fly Creek/Pier,3.0,30.52,-87.94999999999999,4.08614297131185,shoreward_current,-0.04989850893616677,m/s,surface,0.0,standard_depth_positive_down,model_grid_or_not_applicable,MODEL_WET_GRID_NODE,,2026-10-07T06:00:00+00:00,2026-10-07T06:31:11.819952+00:00,2026-10-07T06:31:11.819952+00:00,UTC,2026-10-06T21:00:00+00:00,forecast,9,https://opendap.co-ops.nos.noaa.gov/thredds/dodsC/NOAA/NGOFS2/MODELS/2026/10/06/ngofs2.t21z.20261006.regulargrid.f009.nc,0.0,a35efafd89c8c60821aa7c6740a638843fb330aba7b5d73879f8854f4678c3d5,ngofs2_regulargrid_v1
noaa_ngofs2_mobile_bay_regulargrid,MODEL,ngofs2_grid_875_993,noaa_ngofs2_mobile_bay_model,Fairhope/Fly Creek/Pier,3.0,30.52,-87.94999999999999,4.08614297131185,water_temperature,28.921092987060547,degC,surface,0.0,standard_depth_positive_down,model_grid_or_not_applicable,MODEL_WET_GRID_NODE,,2026-10-07T06:00:00+00:00,2026-10-07T06:31:11.819952+00:00,2026-10-07T06:31:11.819952+00:00,UTC,2026-10-06T21:00:00+00:00,forecast,9,https://opendap.co-ops.nos.noaa.gov/thredds/dodsC/NOAA/NGOFS2/MODELS/2026/10/06/ngofs2.t21z.20261006.regulargrid.f009.nc,0.0,a35efafd89c8c60821aa7c6740a638843fb330aba7b5d73879f8854f4678c3d5,ngofs2_regulargrid_v1
noaa_ngofs2_mobile_bay_regulargrid,MODEL,ngofs2_grid_875_993,noaa_ngofs2_mobile_bay_model,Fairhope/Fly Creek/Pier,3.0,30.52,-87.94999999999999,4.08614297131185,salinity,14.273294448852539,PSU,surface,0.0,standard_depth_positive_down,model_grid_or_not_applicable,MODEL_WET_GRID_NODE,,2026-10-07T06:00:00+00:00,2026-10-07T06:31:11.819952+00:00,2026-10-07T06:31:11.819952+00:00,UTC,2026-10-06T21:00:00+00:00,forecast,9,https://opendap.co-ops.nos.noaa.gov/thredds/dodsC/NOAA/NGOFS2/MODELS/2026/10/06/ngofs2.t21z.20261006.regulargrid.f009.nc,0.0,a35efafd89c8c60821aa7c6740a638843fb330aba7b5d73879f8854f4678c3d5,ngofs2_regulargrid_v1
noaa_ngofs2_mobile_bay_regulargrid,MODEL,ngofs2_grid_875_993,noaa_ngofs2_mobile_bay_model,Fairhope/Fly Creek/Pier,3.0,30.52,-87.94999999999999,4.08614297131185,eastward_current,0.02865770272910595,m/s,bottom,4.0,standard_depth_positive_down,model_grid_or_not_applicable,MODEL_WET_GRID_NODE,,2026-10-07T06:00:00+00:00,2026-10-07T06:31:11.819952+00:00,2026-10-07T06:31:11.819952+00:00,UTC,2026-10-06T21:00:00+00:00,forecast,9,https://opendap.co-ops.nos.noaa.gov/thredds/dodsC/NOAA/NGOFS2/MODELS/2026/10/06/ngofs2.t21z.20261006.regulargrid.f009.nc,0.0,a35efafd89c8c60821aa7c6740a638843fb330aba7b5d73879f8854f4678c3d5,ngofs2_regulargrid_v1
noaa_ngofs2_mobile_bay_regulargrid,MODEL,ngofs2_grid_875_993,noaa_ngofs2_mobile_bay_model,Fairhope/Fly Creek/Pier,3.0,30.52,-87.94999999999999,4.08614297131185,northward_current,0.019546590745449066,m/s,bottom,4.0,standard_depth_positive_down,model_grid_or_not_applicable,MODEL_WET_GRID_NODE,,2026-10-07T06:00:00+00:00,2026-10-07T06:31:11.819952+00:00,2026-10-07T06:31:11.819952+00:00,UTC,2026-10-06T21:00:00+00:00,forecast,9,https://opendap.co-ops.nos.noaa.gov/thredds/dodsC/NOAA/NGOFS2/MODELS/2026/10/06/ngofs2.t21z.20261006.regulargrid.f009.nc,0.0,a35efafd89c8c60821aa7c6740a638843fb330aba7b5d73879f8854f4678c3d5,ngofs2_regulargrid_v1
noaa_ngofs2_mobile_bay_regulargrid,MODEL,ngofs2_grid_875_993,noaa_ngofs2_mobile_bay_model,Fairhope/Fly Creek/Pier,3.0,30.52,-87.94999999999999,4.08614297131185,shoreward_current,0.02865770272910595,m/s,bottom,4.0,standard_depth_positive_down,model_grid_or_not_applicable,MODEL_WET_GRID_NODE,,2026-10-07T06:00:00+00:00,2026-10-07T06:31:11.819952+00:00,2026-10-07T06:31:11.819952+00:00,UTC,2026-10-06T21:00:00+00:00,forecast,9,https://opendap.co-ops.nos.noaa.gov/thredds/dodsC/NOAA/NGOFS2/MODELS/2026/10/06/ngofs2.t21z.20261006.regulargrid.f009.nc,0.0,a35efafd89c8c60821aa7c6740a638843fb330aba7b5d73879f8854f4678c3d5,ngofs2_regulargrid_v1
noaa_ngofs2_mobile_bay_regulargrid,MODEL,ngofs2_grid_875_993,noaa_ngofs2_mobile_bay_model,Fairhope/Fly Creek/Pier,3.0,30.52,-87.94999999999999,4.08614297131185,water_temperature,29.38393211364746,degC,bottom,4.0,standard_depth_positive_down,model_grid_or_not_applicable,MODEL_WET_GRID_NODE,,2026-10-07T06:00:00+00:00,2026-10-07T06:31:11.819952+00:00,2026-10-07T06:31:11.819952+00:00,UTC,2026-10-06T21:00:00+00:00,forecast,9,https://opendap.co-ops.nos.noaa.gov/thredds/dodsC/NOAA/NGOFS2/MODELS/2026/10/06/ngofs2.t21z.20261006.regulargrid.f009.nc,0.0,a35efafd89c8c60821aa7c6740a638843fb330aba7b5d73879f8854f4678c3d5,ngofs2_regulargrid_v1
noaa_ngofs2_mobile_bay_regulargrid,MODEL,ngofs2_grid_875_993,noaa_ngofs2_mobile_bay_model,Fairhope/Fly Creek/Pier,3.0,30.52,-87.94999999999999,4.08614297131185,salinity,18.489120483398438,PSU,bottom,4.0,standard_depth_positive_down,model_grid_or_not_applicable,MODEL_WET_GRID_NODE,,2026-10-07T06:00:00+00:00,2026-10-07T06:31:11.819952+00:00,2026-10-07T06:31:11.819952+00:00,UTC,2026-10-06T21:00:00+00:00,forecast,9,https://opendap.co-ops.nos.noaa.gov/thredds/dodsC/NOAA/NGOFS2/MODELS/2026/10/06/ngofs2.t21z.20261006.regulargrid.f009.nc,0.0,a35efafd89c8c60821aa7c6740a638843fb330aba7b5d73879f8854f4678c3d5,ngofs2_regulargrid_v1
noaa_ngofs2_mobile_bay_regulargrid,MODEL,ngofs2_grid_875_993,noaa_ngofs2_mobile_bay_model,Fairhope/Fly Creek/Pier,3.0,30.52,-87.94999999999999,4.08614297131185,water_surface_elevation,0.23368515074253082,m,surface,0.0,surface,model_mean_sea_level,MODEL_WET_GRID_NODE,,2026-10-07T06:00:00+00:00,2026-10-07T06:31:11.819952+00:00,2026-10-07T06:31:11.819952+00:00,UTC,2026-10-06T21:00:00+00:00,forecast,9,https://opendap.co-ops.nos.noaa.gov/thredds/dodsC/NOAA/NGOFS2/MODELS/2026/10/06/ngofs2.t21z.20261006.regulargrid.f009.nc,0.0,a35efafd89c8c60821aa7c6740a638843fb330aba7b5d73879f8854f4678c3d5,ngofs2_regulargrid_v1
noaa_ngofs2_mobile_bay_regulargrid,MODEL,ngofs2_grid_873_995,noaa_ngofs2_mobile_bay_model,Battles Wharf,0.25,30.5,-87.92999999999999,1.5247603851571427,eastward_current,-0.06545212119817734,m/s,surface,0.0,standard_depth_positive_down,model_grid_or_not_applicable,MODEL_WET_GRID_NODE,,2026-10-07T06:00:00+00:00,2026-10-07T06:31:11.819952+00:00,2026-10-07T06:31:11.819952+00:00,UTC,2026-10-06T21:00:00+00:00,forecast,9,https://opendap.co-ops.nos.noaa.gov/thredds/dodsC/NOAA/NGOFS2/MODELS/2026/10/06/ngofs2.t21z.20261006.regulargrid.f009.nc,0.0,a35efafd89c8c60821aa7c6740a638843fb330aba7b5d73879f8854f4678c3d5,ngofs2_regulargrid_v1
noaa_ngofs2_mobile_bay_regulargrid,MODEL,ngofs2_grid_873_995,noaa_ngofs2_mobile_bay_model,Battles Wharf,0.25,30.5,-87.92999999999999,1.5247603851571427,northward_current,-0.16329720616340637,m/s,surface,0.0,standard_depth_positive_down,model_grid_or_not_applicable,MODEL_WET_GRID_NODE,,2026-10-07T06:00:00+00:00,2026-10-07T06:31:11.819952+00:00,2026-10-07T06:31:11.819952+00:00,UTC,2026-10-06T21:00:00+00:00,forecast,9,https://opendap.co-ops.nos.noaa.gov/thredds/dodsC/NOAA/NGOFS2/MODELS/2026/10/06/ngofs2.t21z.20261006.regulargrid.f009.nc,0.0,a35efafd89c8c60821aa7c6740a638843fb330aba7b5d73879f8854f4678c3d5,ngofs2_regulargrid_v1
noaa_ngofs2_mobile_bay_regulargrid,MODEL,ngofs2_grid_873_995,noaa_ngofs2_mobile_bay_model,Battles Wharf,0.25,30.5,-87.92999999999999,1.5247603851571427,shoreward_current,-0.06545212119817735,m/s,surface,0.0,standard_depth_positive_down,model_grid_or_not_applicable,MODEL_WET_GRID_NODE,,2026-10-07T06:00:00+00:00,2026-10-07T06:31:11.819952+00:00,2026-10-07T06:31:11.819952+00:00,UTC,2026-10-06T21:00:00+00:00,forecast,9,https://opendap.co-ops.nos.noaa.gov/thredds/dodsC/NOAA/NGOFS2/MODELS/2026/10/06/ngofs2.t21z.20261006.regulargrid.f009.nc,0.0,a35efafd89c8c60821aa7c6740a638843fb330aba7b5d73879f8854f4678c3d5,ngofs2_regulargrid_v1
noaa_ngofs2_mobile_bay_regulargrid,MODEL,ngofs2_grid_873_995,noaa_ngofs2_mobile_bay_model,Battles Wharf,0.25,30.5,-87.92999999999999,1.5247603851571427,water_temperature,28.920454025268555,degC,surface,0.0,standard_depth_positive_down,model_grid_or_not_applicable,MODEL_WET_GRID_NODE,,2026-10-07T06:00:00+00:00,2026-10-07T06:31:11.819952+00:00,2026-10-07T06:31:11.819952+00:00,UTC,2026-10-06T21:00:00+00:00,forecast,9,https://opendap.co-ops.nos.noaa.gov/thredds/dodsC/NOAA/NGOFS2/MODELS/2026/10/06/ngofs2.t21z.20261006.regulargrid.f009.nc,0.0,a35efafd89c8c60821aa7c6740a638843fb330aba7b5d73879f8854f4678c3d5,ngofs2_regulargrid_v1
noaa_ngofs2_mobile_bay_regulargrid,MODEL,ngofs2_grid_873_995,noaa_ngofs2_mobile_bay_model,Battles Wharf,0.25,30.5,-87.92999999999999,1.5247603851571427,salinity,14.658373832702637,PSU,surface,0.0,standard_depth_positive_down,model_grid_or_not_applicable,MODEL_WET_GRID_NODE,,2026-10-07T06:00:00+00:00,2026-10-07T06:31:11.819952+00:00,2026-10-07T06:31:11.819952+00:00,UTC,2026-10-06T21:00:00+00:00,forecast,9,https://opendap.co-ops.nos.noaa.gov/thredds/dodsC/NOAA/NGOFS2/MODELS/2026/10/06/ngofs2.t21z.20261006.regulargrid.f009.nc,0.0,a35efafd89c8c60821aa7c6740a638843fb330aba7b5d73879f8854f4678c3d5,ngofs2_regulargrid_v1
noaa_ngofs2_mobile_bay_regulargrid,MODEL,ngofs2_grid_873_995,noaa_ngofs2_mobile_bay_model,Battles Wharf,0.25,30.5,-87.92999999999999,1.5247603851571427,eastward_current,-0.032983265817165375,m/s,bottom,1.0,standard_depth_positive_down,model_grid_or_not_applicable,MODEL_WET_GRID_NODE,,2026-10-07T06:00:00+00:00,2026-10-07T06:31:11.819952+00:00,2026-10-07T06:31:11.819952+00:00,UTC,2026-10-06T21:00:00+00:00,forecast,9,https://opendap.co-ops.nos.noaa.gov/thredds/dodsC/NOAA/NGOFS2/MODELS/2026/10/06/ngofs2.t21z.20261006.regulargrid.f009.nc,0.0,a35efafd89c8c60821aa7c6740a638843fb330aba7b5d73879f8854f4678c3d5,ngofs2_regulargrid_v1
noaa_ngofs2_mobile_bay_regulargrid,MODEL,ngofs2_grid_873_995,noaa_ngofs2_mobile_bay_model,Battles Wharf,0.25,30.5,-87.92999999999999,1.5247603851571427,northward_current,-0.11985127627849579,m/s,bottom,1.0,standard_depth_positive_down,model_grid_or_not_applicable,MODEL_WET_GRID_NODE,,2026-10-07T06:00:00+00:00,2026-10-07T06:31:11.819952+00:00,2026-10-07T06:31:11.819952+00:00,UTC,2026-10-06T21:00:00+00:00,forecast,9,https://opendap.co-ops.nos.noaa.gov/thredds/dodsC/NOAA/NGOFS2/MODELS/2026/10/06/ngofs2.t21z.20261006.regulargrid.f009.nc,0.0,a35efafd89c8c60821aa7c6740a638843fb330aba7b5d73879f8854f4678c3d5,ngofs2_regulargrid_v1
noaa_ngofs2_mobile_bay_regulargrid,MODEL,ngofs2_grid_873_995,noaa_ngofs2_mobile_bay_model,Battles Wharf,0.25,30.5,-87.92999999999999,1.5247603851571427,shoreward_current,-0.03298326581716538,m/s,bottom,1.0,standard_depth_positive_down,model_grid_or_not_applicable,MODEL_WET_GRID_NODE,,2026-10-07T06:00:00+00:00,2026-10-07T06:31:11.819952+00:00,2026-10-07T06:31:11.819952+00:00,UTC,2026-10-06T21:00:00+00:00,forecast,9,https://opendap.co-ops.nos.noaa.gov/thredds/dodsC/NOAA/NGOFS2/MODELS/2026/10/06/ngofs2.t21z.20261006.regulargrid.f009.nc,0.0,a35efafd89c8c60821aa7c6740a638843fb330aba7b5d73879f8854f4678c3d5,ngofs2_regulargrid_v1
noaa_ngofs2_mobile_bay_regulargrid,MODEL,ngofs2_grid_873_995,noaa_ngofs2_mobile_bay_model,Battles Wharf,0.25,30.5,-87.92999999999999,1.5247603851571427,water_temperature,28.94699478149414,degC,bottom,1.0,standard_depth_positive_down,model_grid_or_not_applicable,MODEL_WET_GRID_NODE,,2026-10-07T06:00:00+00:00,2026-10-07T06:31:11.819952+00:00,2026-10-07T06:31:11.819952+00:00,UTC,2026-10-06T21:00:00+00:00,forecast,9,https://opendap.co-ops.nos.noaa.gov/thredds/dodsC/NOAA/NGOFS2/MODELS/2026/10/06/ngofs2.t21z.20261006.regulargrid.f009.nc,0.0,a35efafd89c8c60821aa7c6740a638843fb330aba7b5d73879f8854f4678c3d5,ngofs2_regulargrid_v1
noaa_ngofs2_mobile_bay_regulargrid,MODEL,ngofs2_grid_873_995,noaa_ngofs2_mobile_bay_model,Battles Wharf,0.25,30.5,-87.92999999999999,1.5247603851571427,salinity,14.65398120880127,PSU,bottom,1.0,standard_depth_positive_down,model_grid_or_not_applicable,MODEL_WET_GRID_NODE,,2026-10-07T06:00:00+00:00,2026-10-07T06:31:11.819952+00:00,2026-10-07T06:31:11.819952+00:00,UTC,2026-10-06T21:00:00+00:00,forecast,9,https://opendap.co-ops.nos.noaa.gov/thredds/dodsC/NOAA/NGOFS2/MODELS/2026/10/06/ngofs2.t21z.20261006.regulargrid.f009.nc,0.0,a35efafd89c8c60821aa7c6740a638843fb330aba7b5d73879f8854f4678c3d5,ngofs2_regulargrid_v1
noaa_ngofs2_mobile_bay_regulargrid,MODEL,ngofs2_grid_873_995,noaa_ngofs2_mobile_bay_model,Battles Wharf,0.25,30.5,-87.92999999999999,1.5247603851571427,water_surface_elevation,0.22733654081821442,m,surface,0.0,surface,model_mean_sea_level,MODEL_WET_GRID_NODE,,2026-10-07T06:00:00+00:00,2026-10-07T06:31:11.819952+00:00,2026-10-07T06:31:11.819952+00:00,UTC,2026-10-06T21:00:00+00:00,forecast,9,https://opendap.co-ops.nos.noaa.gov/thredds/dodsC/NOAA/NGOFS2/MODELS/2026/10/06/ngofs2.t21z.20261006.regulargrid.f009.nc,0.0,a35efafd89c8c60821aa7c6740a638843fb330aba7b5d73879f8854f4678c3d5,ngofs2_regulargrid_v1
noaa_ngofs2_mobile_bay_regulargrid,MODEL,ngofs2_grid_872_994,noaa_ngofs2_mobile_bay_model,Battles Wharf,0.75,30.490000000000002,-87.94,1.9933871290190823,eastward_current,-0.07024316489696503,m/s,surface,0.0,standard_depth_positive_down,model_grid_or_not_applicable,MODEL_WET_GRID_NODE,,2026-10-07T06:00:00+00:00,2026-10-07T06:31:11.819952+00:00,2026-10-07T06:31:11.819952+00:00,UTC,2026-10-06T21:00:00+00:00,forecast,9,https://opendap.co-ops.nos.noaa.gov/thredds/dodsC/NOAA/NGOFS2/MODELS/2026/10/06/ngofs2.t21z.20261006.regulargrid.f009.nc,0.0,a35efafd89c8c60821aa7c6740a638843fb330aba7b5d73879f8854f4678c3d5,ngofs2_regulargrid_v1
noaa_ngofs2_mobile_bay_regulargrid,MODEL,ngofs2_grid_872_994,noaa_ngofs2_mobile_bay_model,Battles Wharf,0.75,30.490000000000002,-87.94,1.9933871290190823,northward_current,-0.16537827253341675,m/s,surface,0.0,standard_depth_positive_down,model_grid_or_not_applicable,MODEL_WET_GRID_NODE,,2026-10-07T06:00:00+00:00,2026-10-07T06:31:11.819952+00:00,2026-10-07T06:31:11.819952+00:00,UTC,2026-10-06T21:00:00+00:00,forecast,9,https://opendap.co-ops.nos.noaa.gov/thredds/dodsC/NOAA/NGOFS2/MODELS/2026/10/06/ngofs2.t21z.20261006.regulargrid.f009.nc,0.0,a35efafd89c8c60821aa7c6740a638843fb330aba7b5d73879f8854f4678c3d5,ngofs2_regulargrid_v1
noaa_ngofs2_mobile_bay_regulargrid,MODEL,ngofs2_grid_872_994,noaa_ngofs2_mobile_bay_model,Battles Wharf,0.75,30.490000000000002,-87.94,1.9933871290190823,shoreward_current,-0.07024316489696504,m/s,surface,0.0,standard_depth_positive_down,model_grid_or_not_applicable,MODEL_WET_GRID_NODE,,2026-10-07T06:00:00+00:00,2026-10-07T06:31:11.819952+00:00,2026-10-07T06:31:11.819952+00:00,UTC,2026-10-06T21:00:00+00:00,forecast,9,https://opendap.co-ops.nos.noaa.gov/thredds/dodsC/NOAA/NGOFS2/MODELS/2026/10/06/ngofs2.t21z.20261006.regulargrid.f009.nc,0.0,a35efafd89c8c60821aa7c6740a638843fb330aba7b5d73879f8854f4678c3d5,ngofs2_regulargrid_v1
noaa_ngofs2_mobile_bay_regulargrid,MODEL,ngofs2_grid_872_994,noaa_ngofs2_mobile_bay_model,Battles Wharf,0.75,30.490000000000002,-87.94,1.9933871290190823,water_temperature,28.81314468383789,degC,surface,0.0,standard_depth_positive_down,model_grid_or_not_applicable,MODEL_WET_GRID_NODE,,2026-10-07T06:00:00+00:00,2026-10-07T06:31:11.819952+00:00,2026-10-07T06:31:11.819952+00:00,UTC,2026-10-06T21:00:00+00:00,forecast,9,https://opendap.co-ops.nos.noaa.gov/thredds/dodsC/NOAA/NGOFS2/MODELS/2026/10/06/ngofs2.t21z.20261006.regulargrid.f009.nc,0.0,a35efafd89c8c60821aa7c6740a638843fb330aba7b5d73879f8854f4678c3d5,ngofs2_regulargrid_v1
noaa_ngofs2_mobile_bay_regulargrid,MODEL,ngofs2_grid_872_994,noaa_ngofs2_mobile_bay_model,Battles Wharf,0.75,30.490000000000002,-87.94,1.9933871290190823,salinity,15.221861839294434,PSU,surface,0.0,standard_depth_positive_down,model_grid_or_not_applicable,MODEL_WET_GRID_NODE,,2026-10-07T06:00:00+00:00,2026-10-07T06:31:11.819952+00:00,2026-10-07T06:31:11.819952+00:00,UTC,2026-10-06T21:00:00+00:00,forecast,9,https://opendap.co-ops.nos.noaa.gov/thredds/dodsC/NOAA/NGOFS2/MODELS/2026/10/06/ngofs2.t21z.20261006.regulargrid.f009.nc,0.0,a35efafd89c8c60821aa7c6740a638843fb330aba7b5d73879f8854f4678c3d5,ngofs2_regulargrid_v1
noaa_ngofs2_mobile_bay_regulargrid,MODEL,ngofs2_grid_872_994,noaa_ngofs2_mobile_bay_model,Battles Wharf,0.75,30.490000000000002,-87.94,1.9933871290190823,eastward_current,-0.05156060680747032,m/s,bottom,1.0,standard_depth_positive_down,model_grid_or_not_applicable,MODEL_WET_GRID_NODE,,2026-10-07T06:00:00+00:00,2026-10-07T06:31:11.819952+00:00,2026-10-07T06:31:11.819952+00:00,UTC,2026-10-06T21:00:00+00:00,forecast,9,https://opendap.co-ops.nos.noaa.gov/thredds/dodsC/NOAA/NGOFS2/MODELS/2026/10/06/ngofs2.t21z.20261006.regulargrid.f009.nc,0.0,a35efafd89c8c60821aa7c6740a638843fb330aba7b5d73879f8854f4678c3d5,ngofs2_regulargrid_v1
noaa_ngofs2_mobile_bay_regulargrid,MODEL,ngofs2_grid_872_994,noaa_ngofs2_mobile_bay_model,Battles Wharf,0.75,30.490000000000002,-87.94,1.9933871290190823,northward_current,-0.15037117898464203,m/s,bottom,1.0,standard_depth_positive_down,model_grid_or_not_applicable,MODEL_WET_GRID_NODE,,2026-10-07T06:00:00+00:00,2026-10-07T06:31:11.819952+00:00,2026-10-07T06:31:11.819952+00:00,UTC,2026-10-06T21:00:00+00:00,forecast,9,https://opendap.co-ops.nos.noaa.gov/thredds/dodsC/NOAA/NGOFS2/MODELS/2026/10/06/ngofs2.t21z.20261006.regulargrid.f009.nc,0.0,a35efafd89c8c60821aa7c6740a638843fb330aba7b5d73879f8854f4678c3d5,ngofs2_regulargrid_v1
noaa_ngofs2_mobile_bay_regulargrid,MODEL,ngofs2_grid_872_994,noaa_ngofs2_mobile_bay_model,Battles Wharf,0.75,30.490000000000002,-87.94,1.9933871290190823,shoreward_current,-0.05156060680747033,m/s,bottom,1.0,standard_depth_positive_down,model_grid_or_not_applicable,MODEL_WET_GRID_NODE,,2026-10-07T06:00:00+00:00,2026-10-07T06:31:11.819952+00:00,2026-10-07T06:31:11.819952+00:00,UTC,2026-10-06T21:00:00+00:00,forecast,9,https://opendap.co-ops.nos.noaa.gov/thredds/dodsC/NOAA/NGOFS2/MODELS/2026/10/06/ngofs2.t21z.20261006.regulargrid.f009.nc,0.0,a35efafd89c8c60821aa7c6740a638843fb330aba7b5d73879f8854f4678c3d5,ngofs2_regulargrid_v1
noaa_ngofs2_mobile_bay_regulargrid,MODEL,ngofs2_grid_872_994,noaa_ngofs2_mobile_bay_model,Battles Wharf,0.75,30.490000000000002,-87.94,1.9933871290190823,water_temperature,29.0245418548584,degC,bottom,1.0,standard_depth_positive_down,model_grid_or_not_applicable,MODEL_WET_GRID_NODE,,2026-10-07T06:00:00+00:00,2026-10-07T06:31:11.819952+00:00,2026-10-07T06:31:11.819952+00:00,UTC,2026-10-06T21:00:00+00:00,forecast,9,https://opendap.co-ops.nos.noaa.gov/thredds/dodsC/NOAA/NGOFS2/MODELS/2026/10/06/ngofs2.t21z.20261006.regulargrid.f009.nc,0.0,a35efafd89c8c60821aa7c6740a638843fb330aba7b5d73879f8854f4678c3d5,ngofs2_regulargrid_v1
noaa_ngofs2_mobile_bay_regulargrid,MODEL,ngofs2_grid_872_994,noaa_ngofs2_mobile_bay_model,Battles Wharf,0.75,30.490000000000002,-87.94,1.9933871290190823,salinity,15.752885818481445,PSU,bottom,1.0,standard_depth_positive_down,model_grid_or_not_applicable,MODEL_WET_GRID_NODE,,2026-10-07T06:00:00+00:00,2026-10-07T06:31:11.819952+00:00,2026-10-07T06:31:11.819952+00:00,UTC,2026-10-06T21:00:00+00:00,forecast,9,https://opendap.co-ops.nos.noaa.gov/thredds/dodsC/NOAA/NGOFS2/MODELS/2026/10/06/ngofs2.t21z.20261006.regulargrid.f009.nc,0.0,a35efafd89c8c60821aa7c6740a638843fb330aba7b5d73879f8854f4678c3d5,ngofs2_regulargrid_v1
noaa_ngofs2_mobile_bay_regulargrid,MODEL,ngofs2_grid_872_994,noaa_ngofs2_mobile_bay_model,Battles Wharf,0.75,30.490000000000002,-87.94,1.9933871290190823,water_surface_elevation,0.22792884707450867,m,surface,0.0,surface,model_mean_sea_level,MODEL_WET_GRID_NODE,,2026-10-07T06:00:00+00:00,2026-10-07T06:31:11.819952+00:00,2026-10-07T06:31:11.819952+00:00,UTC,2026-10-06T21:00:00+00:00,forecast,9,https://opendap.co-ops.nos.noaa.gov/thredds/dodsC/NOAA/NGOFS2/MODELS/2026/10/06/ngofs2.t21z.20261006.regulargrid.f009.nc,0.0,a35efafd89c8c60821aa7c6740a638843fb330aba7b5d73879f8854f4678c3d5,ngofs2_regulargrid_v1
noaa_ngofs2_mobile_bay_regulargrid,MODEL,ngofs2_grid_873_994,noaa_ngofs2_mobile_bay_model,Battles Wharf,1.5,30.5,-87.94,2.0816017084332157,eastward_current,-0.09438007324934006,m/s,surface,0.0,standard_depth_positive_down,model_grid_or_not_applicable,MODEL_WET_GRID_NODE,,2026-10-07T06:00:00+00:00,2026-10-07T06:31:11.819952+00:00,2026-10-07T06:31:11.819952+00:00,UTC,2026-10-06T21:00:00+00:00,forecast,9,https://opendap.co-ops.nos.noaa.gov/thredds/dodsC/NOAA/NGOFS2/MODELS/2026/10/06/ngofs2.t21z.20261006.regulargrid.f009.nc,0.0,a35efafd89c8c60821aa7c6740a638843fb330aba7b5d73879f8854f4678c3d5,ngofs2_regulargrid_v1
noaa_ngofs2_mobile_bay_regulargrid,MODEL,ngofs2_grid_873_994,noaa_ngofs2_mobile_bay_model,Battles Wharf,1.5,30.5,-87.94,2.0816017084332157,northward_current,-0.17111538350582123,m/s,surface,0.0,standard_depth_positive_down,model_grid_or_not_applicable,MODEL_WET_GRID_NODE,,2026-10-07T06:00:00+00:00,2026-10-07T06:31:11.819952+00:00,2026-10-07T06:31:11.819952+00:00,UTC,2026-10-06T21:00:00+00:00,forecast,9,https://opendap.co-ops.nos.noaa.gov/thredds/dodsC/NOAA/NGOFS2/MODELS/2026/10/06/ngofs2.t21z.20261006.regulargrid.f009.nc,0.0,a35efafd89c8c60821aa7c6740a638843fb330aba7b5d73879f8854f4678c3d5,ngofs2_regulargrid_v1
noaa_ngofs2_mobile_bay_regulargrid,MODEL,ngofs2_grid_873_994,noaa_ngofs2_mobile_bay_model,Battles Wharf,1.5,30.5,-87.94,2.0816017084332157,shoreward_current,-0.09438007324934007,m/s,surface,0.0,standard_depth_positive_down,model_grid_or_not_applicable,MODEL_WET_GRID_NODE,,2026-10-07T06:00:00+00:00,2026-10-07T06:31:11.819952+00:00,2026-10-07T06:31:11.819952+00:00,UTC,2026-10-06T21:00:00+00:00,forecast,9,https://opendap.co-ops.nos.noaa.gov/thredds/dodsC/NOAA/NGOFS2/MODELS/2026/10/06/ngofs2.t21z.20261006.regulargrid.f009.nc,0.0,a35efafd89c8c60821aa7c6740a638843fb330aba7b5d73879f8854f4678c3d5,ngofs2_regulargrid_v1
noaa_ngofs2_mobile_bay_regulargrid,MODEL,ngofs2_grid_873_994,noaa_ngofs2_mobile_bay_model,Battles Wharf,1.5,30.5,-87.94,2.0816017084332157,water_temperature,28.922548294067383,degC,surface,0.0,standard_depth_positive_down,model_grid_or_not_applicable,MODEL_WET_GRID_NODE,,2026-10-07T06:00:00+00:00,2026-10-07T06:31:11.819952+00:00,2026-10-07T06:31:11.819952+00:00,UTC,2026-10-06T21:00:00+00:00,forecast,9,https://opendap.co-ops.nos.noaa.gov/thredds/dodsC/NOAA/NGOFS2/MODELS/2026/10/06/ngofs2.t21z.20261006.regulargrid.f009.nc,0.0,a35efafd89c8c60821aa7c6740a638843fb330aba7b5d73879f8854f4678c3d5,ngofs2_regulargrid_v1
noaa_ngofs2_mobile_bay_regulargrid,MODEL,ngofs2_grid_873_994,noaa_ngofs2_mobile_bay_model,Battles Wharf,1.5,30.5,-87.94,2.0816017084332157,salinity,15.182580947875977,PSU,surface,0.0,standard_depth_positive_down,model_grid_or_not_applicable,MODEL_WET_GRID_NODE,,2026-10-07T06:00:00+00:00,2026-10-07T06:31:11.819952+00:00,2026-10-07T06:31:11.819952+00:00,UTC,2026-10-06T21:00:00+00:00,forecast,9,https://opendap.co-ops.nos.noaa.gov/thredds/dodsC/NOAA/NGOFS2/MODELS/2026/10/06/ngofs2.t21z.20261006.regulargrid.f009.nc,0.0,a35efafd89c8c60821aa7c6740a638843fb330aba7b5d73879f8854f4678c3d5,ngofs2_regulargrid_v1
noaa_ngofs2_mobile_bay_regulargrid,MODEL,ngofs2_grid_873_994,noaa_ngofs2_mobile_bay_model,Battles Wharf,1.5,30.5,-87.94,2.0816017084332157,eastward_current,0.02092718705534935,m/s,bottom,2.0,standard_depth_positive_down,model_grid_or_not_applicable,MODEL_WET_GRID_NODE,,2026-10-07T06:00:00+00:00,2026-10-07T06:31:11.819952+00:00,2026-10-07T06:31:11.819952+00:00,UTC,2026-10-06T21:00:00+00:00,forecast,9,https://opendap.co-ops.nos.noaa.gov/thredds/dodsC/NOAA/NGOFS2/MODELS/2026/10/06/ngofs2.t21z.20261006.regulargrid.f009.nc,0.0,a35efafd89c8c60821aa7c6740a638843fb330aba7b5d73879f8854f4678c3d5,ngofs2_regulargrid_v1
noaa_ngofs2_mobile_bay_regulargrid,MODEL,ngofs2_grid_873_994,noaa_ngofs2_mobile_bay_model,Battles Wharf,1.5,30.5,-87.94,2.0816017084332157,northward_current,-0.03367563709616661,m/s,bottom,2.0,standard_depth_positive_down,model_grid_or_not_applicable,MODEL_WET_GRID_NODE,,2026-10-07T06:00:00+00:00,2026-10-07T06:31:11.819952+00:00,2026-10-07T06:31:11.819952+00:00,UTC,2026-10-06T21:00:00+00:00,forecast,9,https://opendap.co-ops.nos.noaa.gov/thredds/dodsC/NOAA/NGOFS2/MODELS/2026/10/06/ngofs2.t21z.20261006.regulargrid.f009.nc,0.0,a35efafd89c8c60821aa7c6740a638843fb330aba7b5d73879f8854f4678c3d5,ngofs2_regulargrid_v1
noaa_ngofs2_mobile_bay_regulargrid,MODEL,ngofs2_grid_873_994,noaa_ngofs2_mobile_bay_model,Battles Wharf,1.5,30.5,-87.94,2.0816017084332157,shoreward_current,0.020927187055349347,m/s,bottom,2.0,standard_depth_positive_down,model_grid_or_not_applicable,MODEL_WET_GRID_NODE,,2026-10-07T06:00:00+00:00,2026-10-07T06:31:11.819952+00:00,2026-10-07T06:31:11.819952+00:00,UTC,2026-10-06T21:00:00+00:00,forecast,9,https://opendap.co-ops.nos.noaa.gov/thredds/dodsC/NOAA/NGOFS2/MODELS/2026/10/06/ngofs2.t21z.20261006.regulargrid.f009.nc,0.0,a35efafd89c8c60821aa7c6740a638843fb330aba7b5d73879f8854f4678c3d5,ngofs2_regulargrid_v1
noaa_ngofs2_mobile_bay_regulargrid,MODEL,ngofs2_grid_873_994,noaa_ngofs2_mobile_bay_model,Battles Wharf,1.5,30.5,-87.94,2.0816017084332157,water_temperature,29.410411834716797,degC,bottom,2.0,standard_depth_positive_down,model_grid_or_not_applicable,MODEL_WET_GRID_NODE,,2026-10-07T06:00:00+00:00,2026-10-07T06:31:11.819952+00:00,2026-10-07T06:31:11.819952+00:00,UTC,2026-10-06T21:00:00+00:00,forecast,9,https://opendap.co-ops.nos.noaa.gov/thredds/dodsC/NOAA/NGOFS2/MODELS/2026/10/06/ngofs2.t21z.20261006.regulargrid.f009.nc,0.0,a35efafd89c8c60821aa7c6740a638843fb330aba7b5d73879f8854f4678c3d5,ngofs2_regulargrid_v1
noaa_ngofs2_mobile_bay_regulargrid,MODEL,ngofs2_grid_873_994,noaa_ngofs2_mobile_bay_model,Battles Wharf,1.5,30.5,-87.94,2.0816017084332157,salinity,17.192167282104492,PSU,bottom,2.0,standard_depth_positive_down,model_grid_or_not_applicable,MODEL_WET_GRID_NODE,,2026-10-07T06:00:00+00:00,2026-10-07T06:31:11.819952+00:00,2026-10-07T06:31:11.819952+00:00,UTC,2026-10-06T21:00:00+00:00,forecast,9,https://opendap.co-ops.nos.noaa.gov/thredds/dodsC/NOAA/NGOFS2/MODELS/2026/10/06/ngofs2.t21z.20261006.regulargrid.f009.nc,0.0,a35efafd89c8c60821aa7c6740a638843fb330aba7b5d73879f8854f4678c3d5,ngofs2_regulargrid_v1
noaa_ngofs2_mobile_bay_regulargrid,MODEL,ngofs2_grid_873_994,noaa_ngofs2_mobile_bay_model,Battles Wharf,1.5,30.5,-87.94,2.0816017084332157,water_surface_elevation,0.22927051782608032,m,surface,0.0,surface,model_mean_sea_level,MODEL_WET_GRID_NODE,,2026-10-07T06:00:00+00:00,2026-10-07T06:31:11.819952+00:00,2026-10-07T06:31:11.819952+00:00,UTC,2026-10-06T21:00:00+00:00,forecast,9,https://opendap.co-ops.nos.noaa.gov/thredds/dodsC/NOAA/NGOFS2/MODELS/2026/10/06/ngofs2.t21z.20261006.regulargrid.f009.nc,0.0,a35efafd89c8c60821aa7c6740a638843fb330aba7b5d73879f8854f4678c3d5,ngofs2_regulargrid_v1
noaa_ngofs2_mobile_bay_regulargrid,MODEL,ngofs2_grid_872_992,noaa_ngofs2_mobile_bay_model,Battles Wharf,3.0,30.490000000000002,-87.96,3.4602185355355095,eastward_current,-0.05778849124908447,m/s,surface,0.0,standard_depth_positive_down,model_grid_or_not_applicable,MODEL_WET_GRID_NODE,,2026-10-07T06:00:00+00:00,2026-10-07T06:31:11.819952+00:00,2026-10-07T06:31:11.819952+00:00,UTC,2026-10-06T21:00:00+00:00,forecast,9,https://opendap.co-ops.nos.noaa.gov/thredds/dodsC/NOAA/NGOFS2/MODELS/2026/10/06/ngofs2.t21z.20261006.regulargrid.f009.nc,0.0,a35efafd89c8c60821aa7c6740a638843fb330aba7b5d73879f8854f4678c3d5,ngofs2_regulargrid_v1
noaa_ngofs2_mobile_bay_regulargrid,MODEL,ngofs2_grid_872_992,noaa_ngofs2_mobile_bay_model,Battles Wharf,3.0,30.490000000000002,-87.96,3.4602185355355095,northward_current,-0.06910198926925659,m/s,surface,0.0,standard_depth_positive_down,model_grid_or_not_applicable,MODEL_WET_GRID_NODE,,2026-10-07T06:00:00+00:00,2026-10-07T06:31:11.819952+00:00,2026-10-07T06:31:11.819952+00:00,UTC,2026-10-06T21:00:00+00:00,forecast,9,https://opendap.co-ops.nos.noaa.gov/thredds/dodsC/NOAA/NGOFS2/MODELS/2026/10/06/ngofs2.t21z.20261006.regulargrid.f009.nc,0.0,a35efafd89c8c60821aa7c6740a638843fb330aba7b5d73879f8854f4678c3d5,ngofs2_regulargrid_v1
noaa_ngofs2_mobile_bay_regulargrid,MODEL,ngofs2_grid_872_992,noaa_ngofs2_mobile_bay_model,Battles Wharf,3.0,30.490000000000002,-87.96,3.4602185355355095,shoreward_current,-0.05778849124908448,m/s,surface,0.0,standard_depth_positive_down,model_grid_or_not_applicable,MODEL_WET_GRID_NODE,,2026-10-07T06:00:00+00:00,2026-10-07T06:31:11.819952+00:00,2026-10-07T06:31:11.819952+00:00,UTC,2026-10-06T21:00:00+00:00,forecast,9,https://opendap.co-ops.nos.noaa.gov/thredds/dodsC/NOAA/NGOFS2/MODELS/2026/10/06/ngofs2.t21z.20261006.regulargrid.f009.nc,0.0,a35efafd89c8c60821aa7c6740a638843fb330aba7b5d73879f8854f4678c3d5,ngofs2_regulargrid_v1
noaa_ngofs2_mobile_bay_regulargrid,MODEL,ngofs2_grid_872_992,noaa_ngofs2_mobile_bay_model,Battles Wharf,3.0,30.490000000000002,-87.96,3.4602185355355095,water_temperature,28.808895111083984,degC,surface,0.0,standard_depth_positive_down,model_grid_or_not_applicable,MODEL_WET_GRID_NODE,,2026-10-07T06:00:00+00:00,2026-10-07T06:31:11.819952+00:00,2026-10-07T06:31:11.819952+00:00,UTC,2026-10-06T21:00:00+00:00,forecast,9,https://opendap.co-ops.nos.noaa.gov/thredds/dodsC/NOAA/NGOFS2/MODELS/2026/10/06/ngofs2.t21z.20261006.regulargrid.f009.nc,0.0,a35efafd89c8c60821aa7c6740a638843fb330aba7b5d73879f8854f4678c3d5,ngofs2_regulargrid_v1
noaa_ngofs2_mobile_bay_regulargrid,MODEL,ngofs2_grid_872_992,noaa_ngofs2_mobile_bay_model,Battles Wharf,3.0,30.490000000000002,-87.96,3.4602185355355095,salinity,16.18214225769043,PSU,surface,0.0,standard_depth_positive_down,model_grid_or_not_applicable,MODEL_WET_GRID_NODE,,2026-10-07T06:00:00+00:00,2026-10-07T06:31:11.819952+00:00,2026-10-07T06:31:11.819952+00:00,UTC,2026-10-06T21:00:00+00:00,forecast,9,https://opendap.co-ops.nos.noaa.gov/thredds/dodsC/NOAA/NGOFS2/MODELS/2026/10/06/ngofs2.t21z.20261006.regulargrid.f009.nc,0.0,a35efafd89c8c60821aa7c6740a638843fb330aba7b5d73879f8854f4678c3d5,ngofs2_regulargrid_v1
noaa_ngofs2_mobile_bay_regulargrid,MODEL,ngofs2_grid_872_992,noaa_ngofs2_mobile_bay_model,Battles Wharf,3.0,30.490000000000002,-87.96,3.4602185355355095,eastward_current,0.01135202869772911,m/s,bottom,2.0,standard_depth_positive_down,model_grid_or_not_applicable,MODEL_WET_GRID_NODE,,2026-10-07T06:00:00+00:00,2026-10-07T06:31:11.819952+00:00,2026-10-07T06:31:11.819952+00:00,UTC,2026-10-06T21:00:00+00:00,forecast,9,https://opendap.co-ops.nos.noaa.gov/thredds/dodsC/NOAA/NGOFS2/MODELS/2026/10/06/ngofs2.t21z.20261006.regulargrid.f009.nc,0.0,a35efafd89c8c60821aa7c6740a638843fb330aba7b5d73879f8854f4678c3d5,ngofs2_regulargrid_v1
noaa_ngofs2_mobile_bay_regulargrid,MODEL,ngofs2_grid_872_992,noaa_ngofs2_mobile_bay_model,Battles Wharf,3.0,30.490000000000002,-87.96,3.4602185355355095,northward_current,-0.033735666424036026,m/s,bottom,2.0,standard_depth_positive_down,model_grid_or_not_applicable,MODEL_WET_GRID_NODE,,2026-10-07T06:00:00+00:00,2026-10-07T06:31:11.819952+00:00,2026-10-07T06:31:11.819952+00:00,UTC,2026-10-06T21:00:00+00:00,forecast,9,https://opendap.co-ops.nos.noaa.gov/thredds/dodsC/NOAA/NGOFS2/MODELS/2026/10/06/ngofs2.t21z.20261006.regulargrid.f009.nc,0.0,a35efafd89c8c60821aa7c6740a638843fb330aba7b5d73879f8854f4678c3d5,ngofs2_regulargrid_v1
noaa_ngofs2_mobile_bay_regulargrid,MODEL,ngofs2_grid_872_992,noaa_ngofs2_mobile_bay_model,Battles Wharf,3.0,30.490000000000002,-87.96,3.4602185355355095,shoreward_current,0.011352028697729109,m/s,bottom,2.0,standard_depth_positive_down,model_grid_or_not_applicable,MODEL_WET_GRID_NODE,,2026-10-07T06:00:00+00:00,2026-10-07T06:31:11.819952+00:00,2026-10-07T06:31:11.819952+00:00,UTC,2026-10-06T21:00:00+00:00,forecast,9,https://opendap.co-ops.nos.noaa.gov/thredds/dodsC/NOAA/NGOFS2/MODELS/2026/10/06/ngofs2.t21z.20261006.regulargrid.f009.nc,0.0,a35efafd89c8c60821aa7c6740a638843fb330aba7b5d73879f8854f4678c3d5,ngofs2_regulargrid_v1
noaa_ngofs2_mobile_bay_regulargrid,MODEL,ngofs2_grid_872_992,noaa_ngofs2_mobile_bay_model,Battles Wharf,3.0,30.490000000000002,-87.96,3.4602185355355095,water_temperature,29.038270950317383,degC,bottom,2.0,standard_depth_positive_down,model_grid_or_not_applicable,MODEL_WET_GRID_NODE,,2026-10-07T06:00:00+00:00,2026-10-07T06:31:11.819952+00:00,2026-10-07T06:31:11.819952+00:00,UTC,2026-10-06T21:00:00+00:00,forecast,9,https://opendap.co-ops.nos.noaa.gov/thredds/dodsC/NOAA/NGOFS2/MODELS/2026/10/06/ngofs2.t21z.20261006.regulargrid.f009.nc,0.0,a35efafd89c8c60821aa7c6740a638843fb330aba7b5d73879f8854f4678c3d5,ngofs2_regulargrid_v1
noaa_ngofs2_mobile_bay_regulargrid,MODEL,ngofs2_grid_872_992,noaa_ngofs2_mobile_bay_model,Battles Wharf,3.0,30.490000000000002,-87.96,3.4602185355355095,salinity,17.070709228515625,PSU,bottom,2.0,standard_depth_positive_down,model_grid_or_not_applicable,MODEL_WET_GRID_NODE,,2026-10-07T06:00:00+00:00,2026-10-07T06:31:11.819952+00:00,2026-10-07T06:31:11.819952+00:00,UTC,2026-10-06T21:00:00+00:00,forecast,9,https://opendap.co-ops.nos.noaa.gov/thredds/dodsC/NOAA/NGOFS2/MODELS/2026/10/06/ngofs2.t21z.20261006.regulargrid.f009.nc,0.0,a35efafd89c8c60821aa7c6740a638843fb330aba7b5d73879f8854f4678c3d5,ngofs2_regulargrid_v1
noaa_ngofs2_mobile_bay_regulargrid,MODEL,ngofs2_grid_872_992,noaa_ngofs2_mobile_bay_model,Battles Wharf,3.0,30.490000000000002,-87.96,3.4602185355355095,water_surface_elevation,0.23218761384487152,m,surface,0.0,surface,model_mean_sea_level,MODEL_WET_GRID_NODE,,2026-10-07T06:00:00+00:00,2026-10-07T06:31:11.819952+00:00,2026-10-07T06:31:11.819952+00:00,UTC,2026-10-06T21:00:00+00:00,forecast,9,https://opendap.co-ops.nos.noaa.gov/thredds/dodsC/NOAA/NGOFS2/MODELS/2026/10/06/ngofs2.t21z.20261006.regulargrid.f009.nc,0.0,a35efafd89c8c60821aa7c6740a638843fb330aba7b5d73879f8854f4678c3d5,ngofs2_regulargrid_v1
noaa_ngofs2_mobile_bay_regulargrid,MODEL,ngofs2_grid_872_994,noaa_ngofs2_mobile_bay_model,Point Clear/Grand Hotel,0.25,30.490000000000002,-87.94,1.9933871290190823,eastward_current,-0.07024316489696503,m/s,surface,0.0,standard_depth_positive_down,model_grid_or_not_applicable,MODEL_WET_GRID_NODE,,2026-10-07T06:00:00+00:00,2026-10-07T06:31:11.819952+00:00,2026-10-07T06:31:11.819952+00:00,UTC,2026-10-06T21:00:00+00:00,forecast,9,https://opendap.co-ops.nos.noaa.gov/thredds/dodsC/NOAA/NGOFS2/MODELS/2026/10/06/ngofs2.t21z.20261006.regulargrid.f009.nc,0.0,a35efafd89c8c60821aa7c6740a638843fb330aba7b5d73879f8854f4678c3d5,ngofs2_regulargrid_v1
noaa_ngofs2_mobile_bay_regulargrid,MODEL,ngofs2_grid_872_994,noaa_ngofs2_mobile_bay_model,Point Clear/Grand Hotel,0.25,30.490000000000002,-87.94,1.9933871290190823,northward_current,-0.16537827253341675,m/s,surface,0.0,standard_depth_positive_down,model_grid_or_not_applicable,MODEL_WET_GRID_NODE,,2026-10-07T06:00:00+00:00,2026-10-07T06:31:11.819952+00:00,2026-10-07T06:31:11.819952+00:00,UTC,2026-10-06T21:00:00+00:00,forecast,9,https://opendap.co-ops.nos.noaa.gov/thredds/dodsC/NOAA/NGOFS2/MODELS/2026/10/06/ngofs2.t21z.20261006.regulargrid.f009.nc,0.0,a35efafd89c8c60821aa7c6740a638843fb330aba7b5d73879f8854f4678c3d5,ngofs2_regulargrid_v1
noaa_ngofs2_mobile_bay_regulargrid,MODEL,ngofs2_grid_872_994,noaa_ngofs2_mobile_bay_model,Point Clear/Grand Hotel,0.25,30.490000000000002,-87.94,1.9933871290190823,shoreward_current,-0.07024316489696504,m/s,surface,0.0,standard_depth_positive_down,model_grid_or_not_applicable,MODEL_WET_GRID_NODE,,2026-10-07T06:00:00+00:00,2026-10-07T06:31:11.819952+00:00,2026-10-07T06:31:11.819952+00:00,UTC,2026-10-06T21:00:00+00:00,forecast,9,https://opendap.co-ops.nos.noaa.gov/thredds/dodsC/NOAA/NGOFS2/MODELS/2026/10/06/ngofs2.t21z.20261006.regulargrid.f009.nc,0.0,a35efafd89c8c60821aa7c6740a638843fb330aba7b5d73879f8854f4678c3d5,ngofs2_regulargrid_v1
noaa_ngofs2_mobile_bay_regulargrid,MODEL,ngofs2_grid_872_994,noaa_ngofs2_mobile_bay_model,Point Clear/Grand Hotel,0.25,30.490000000000002,-87.94,1.9933871290190823,water_temperature,28.81314468383789,degC,surface,0.0,standard_depth_positive_down,model_grid_or_not_applicable,MODEL_WET_GRID_NODE,,2026-10-07T06:00:00+00:00,2026-10-07T06:31:11.819952+00:00,2026-10-07T06:31:11.819952+00:00,UTC,2026-10-06T21:00:00+00:00,forecast,9,https://opendap.co-ops.nos.noaa.gov/thredds/dodsC/NOAA/NGOFS2/MODELS/2026/10/06/ngofs2.t21z.20261006.regulargrid.f009.nc,0.0,a35efafd89c8c60821aa7c6740a638843fb330aba7b5d73879f8854f4678c3d5,ngofs2_regulargrid_v1
noaa_ngofs2_mobile_bay_regulargrid,MODEL,ngofs2_grid_872_994,noaa_ngofs2_mobile_bay_model,Point Clear/Grand Hotel,0.25,30.490000000000002,-87.94,1.9933871290190823,salinity,15.221861839294434,PSU,surface,0.0,standard_depth_positive_down,model_grid_or_not_applicable,MODEL_WET_GRID_NODE,,2026-10-07T06:00:00+00:00,2026-10-07T06:31:11.819952+00:00,2026-10-07T06:31:11.819952+00:00,UTC,2026-10-06T21:00:00+00:00,forecast,9,https://opendap.co-ops.nos.noaa.gov/thredds/dodsC/NOAA/NGOFS2/MODELS/2026/10/06/ngofs2.t21z.20261006.regulargrid.f009.nc,0.0,a35efafd89c8c60821aa7c6740a638843fb330aba7b5d73879f8854f4678c3d5,ngofs2_regulargrid_v1
noaa_ngofs2_mobile_bay_regulargrid,MODEL,ngofs2_grid_872_994,noaa_ngofs2_mobile_bay_model,Point Clear/Grand Hotel,0.25,30.490000000000002,-87.94,1.9933871290190823,eastward_current,-0.05156060680747032,m/s,bottom,1.0,standard_depth_positive_down,model_grid_or_not_applicable,MODEL_WET_GRID_NODE,,2026-10-07T06:00:00+00:00,2026-10-07T06:31:11.819952+00:00,2026-10-07T06:31:11.819952+00:00,UTC,2026-10-06T21:00:00+00:00,forecast,9,https://opendap.co-ops.nos.noaa.gov/thredds/dodsC/NOAA/NGOFS2/MODELS/2026/10/06/ngofs2.t21z.20261006.regulargrid.f009.nc,0.0,a35efafd89c8c60821aa7c6740a638843fb330aba7b5d73879f8854f4678c3d5,ngofs2_regulargrid_v1
noaa_ngofs2_mobile_bay_regulargrid,MODEL,ngofs2_grid_872_994,noaa_ngofs2_mobile_bay_model,Point Clear/Grand Hotel,0.25,30.490000000000002,-87.94,1.9933871290190823,northward_current,-0.15037117898464203,m/s,bottom,1.0,standard_depth_positive_down,model_grid_or_not_applicable,MODEL_WET_GRID_NODE,,2026-10-07T06:00:00+00:00,2026-10-07T06:31:11.819952+00:00,2026-10-07T06:31:11.819952+00:00,UTC,2026-10-06T21:00:00+00:00,forecast,9,https://opendap.co-ops.nos.noaa.gov/thredds/dodsC/NOAA/NGOFS2/MODELS/2026/10/06/ngofs2.t21z.20261006.regulargrid.f009.nc,0.0,a35efafd89c8c60821aa7c6740a638843fb330aba7b5d73879f8854f4678c3d5,ngofs2_regulargrid_v1
noaa_ngofs2_mobile_bay_regulargrid,MODEL,ngofs2_grid_872_994,noaa_ngofs2_mobile_bay_model,Point Clear/Grand Hotel,0.25,30.490000000000002,-87.94,1.9933871290190823,shoreward_current,-0.05156060680747033,m/s,bottom,1.0,standard_depth_positive_down,model_grid_or_not_applicable,MODEL_WET_GRID_NODE,,2026-10-07T06:00:00+00:00,2026-10-07T06:31:11.819952+00:00,2026-10-07T06:31:11.819952+00:00,UTC,2026-10-06T21:00:00+00:00,forecast,9,https://opendap.co-ops.nos.noaa.gov/thredds/dodsC/NOAA/NGOFS2/MODELS/2026/10/06/ngofs2.t21z.20261006.regulargrid.f009.nc,0.0,a35efafd89c8c60821aa7c6740a638843fb330aba7b5d73879f8854f4678c3d5,ngofs2_regulargrid_v1
noaa_ngofs2_mobile_bay_regulargrid,MODEL,ngofs2_grid_872_994,noaa_ngofs2_mobile_bay_model,Point Clear/Grand Hotel,0.25,30.490000000000002,-87.94,1.9933871290190823,water_temperature,29.0245418548584,degC,bottom,1.0,standard_depth_positive_down,model_grid_or_not_applicable,MODEL_WET_GRID_NODE,,2026-10-07T06:00:00+00:00,2026-10-07T06:31:11.819952+00:00,2026-10-07T06:31:11.819952+00:00,UTC,2026-10-06T21:00:00+00:00,forecast,9,https://opendap.co-ops.nos.noaa.gov/thredds/dodsC/NOAA/NGOFS2/MODELS/2026/10/06/ngofs2.t21z.20261006.regulargrid.f009.nc,0.0,a35efafd89c8c60821aa7c6740a638843fb330aba7b5d73879f8854f4678c3d5,ngofs2_regulargrid_v1
noaa_ngofs2_mobile_bay_regulargrid,MODEL,ngofs2_grid_872_994,noaa_ngofs2_mobile_bay_model,Point Clear/Grand Hotel,0.25,30.490000000000002,-87.94,1.9933871290190823,salinity,15.752885818481445,PSU,bottom,1.0,standard_depth_positive_down,model_grid_or_not_applicable,MODEL_WET_GRID_NODE,,2026-10-07T06:00:00+00:00,2026-10-07T06:31:11.819952+00:00,2026-10-07T06:31:11.819952+00:00,UTC,2026-10-06T21:00:00+00:00,forecast,9,https://opendap.co-ops.nos.noaa.gov/thredds/dodsC/NOAA/NGOFS2/MODELS/2026/10/06/ngofs2.t21z.20261006.regulargrid.f009.nc,0.0,a35efafd89c8c60821aa7c6740a638843fb330aba7b5d73879f8854f4678c3d5,ngofs2_regulargrid_v1
noaa_ngofs2_mobile_bay_regulargrid,MODEL,ngofs2_grid_872_994,noaa_ngofs2_mobile_bay_model,Point Clear/Grand Hotel,0.25,30.490000000000002,-87.94,1.9933871290190823,water_surface_elevation,0.22792884707450867,m,surface,0.0,surface,model_mean_sea_level,MODEL_WET_GRID_NODE,,2026-10-07T06:00:00+00:00,2026-10-07T06:31:11.819952+00:00,2026-10-07T06:31:11.819952+00:00,UTC,2026-10-06T21:00:00+00:00,forecast,9,https://opendap.co-ops.nos.noaa.gov/thredds/dodsC/NOAA/NGOFS2/MODELS/2026/10/06/ngofs2.t21z.20261006.regulargrid.f009.nc,0.0,a35efafd89c8c60821aa7c6740a638843fb330aba7b5d73879f8854f4678c3d5,ngofs2_regulargrid_v1
noaa_ngofs2_mobile_bay_regulargrid,MODEL,ngofs2_grid_871_994,noaa_ngofs2_mobile_bay_model,Point Clear/Grand Hotel,0.75,30.48,-87.94,1.9644354040917433,eastward_current,0.03279680386185646,m/s,surface,0.0,standard_depth_positive_down,model_grid_or_not_applicable,MODEL_WET_GRID_NODE,,2026-10-07T06:00:00+00:00,2026-10-07T06:31:11.819952+00:00,2026-10-07T06:31:11.819952+00:00,UTC,2026-10-06T21:00:00+00:00,forecast,9,https://opendap.co-ops.nos.noaa.gov/thredds/dodsC/NOAA/NGOFS2/MODELS/2026/10/06/ngofs2.t21z.20261006.regulargrid.f009.nc,0.0,a35efafd89c8c60821aa7c6740a638843fb330aba7b5d73879f8854f4678c3d5,ngofs2_regulargrid_v1
noaa_ngofs2_mobile_bay_regulargrid,MODEL,ngofs2_grid_871_994,noaa_ngofs2_mobile_bay_model,Point Clear/Grand Hotel,0.75,30.48,-87.94,1.9644354040917433,northward_current,-0.17762325704097748,m/s,surface,0.0,standard_depth_positive_down,model_grid_or_not_applicable,MODEL_WET_GRID_NODE,,2026-10-07T06:00:00+00:00,2026-10-07T06:31:11.819952+00:00,2026-10-07T06:31:11.819952+00:00,UTC,2026-10-06T21:00:00+00:00,forecast,9,https://opendap.co-ops.nos.noaa.gov/thredds/dodsC/NOAA/NGOFS2/MODELS/2026/10/06/ngofs2.t21z.20261006.regulargrid.f009.nc,0.0,a35efafd89c8c60821aa7c6740a638843fb330aba7b5d73879f8854f4678c3d5,ngofs2_regulargrid_v1
noaa_ngofs2_mobile_bay_regulargrid,MODEL,ngofs2_grid_871_994,noaa_ngofs2_mobile_bay_model,Point Clear/Grand Hotel,0.75,30.48,-87.94,1.9644354040917433,shoreward_current,0.03279680386185645,m/s,surface,0.0,standard_depth_positive_down,model_grid_or_not_applicable,MODEL_WET_GRID_NODE,,2026-10-07T06:00:00+00:00,2026-10-07T06:31:11.819952+00:00,2026-10-07T06:31:11.819952+00:00,UTC,2026-10-06T21:00:00+00:00,forecast,9,https://opendap.co-ops.nos.noaa.gov/thredds/dodsC/NOAA/NGOFS2/MODELS/2026/10/06/ngofs2.t21z.20261006.regulargrid.f009.nc,0.0,a35efafd89c8c60821aa7c6740a638843fb330aba7b5d73879f8854f4678c3d5,ngofs2_regulargrid_v1
noaa_ngofs2_mobile_bay_regulargrid,MODEL,ngofs2_grid_871_994,noaa_ngofs2_mobile_bay_model,Point Clear/Grand Hotel,0.75,30.48,-87.94,1.9644354040917433,water_temperature,28.898357391357422,degC,surface,0.0,standard_depth_positive_down,model_grid_or_not_applicable,MODEL_WET_GRID_NODE,,2026-10-07T06:00:00+00:00,2026-10-07T06:31:11.819952+00:00,2026-10-07T06:31:11.819952+00:00,UTC,2026-10-06T21:00:00+00:00,forecast,9,https://opendap.co-ops.nos.noaa.gov/thredds/dodsC/NOAA/NGOFS2/MODELS/2026/10/06/ngofs2.t21z.20261006.regulargrid.f009.nc,0.0,a35efafd89c8c60821aa7c6740a638843fb330aba7b5d73879f8854f4678c3d5,ngofs2_regulargrid_v1
noaa_ngofs2_mobile_bay_regulargrid,MODEL,ngofs2_grid_871_994,noaa_ngofs2_mobile_bay_model,Point Clear/Grand Hotel,0.75,30.48,-87.94,1.9644354040917433,salinity,16.2429256439209,PSU,surface,0.0,standard_depth_positive_down,model_grid_or_not_applicable,MODEL_WET_GRID_NODE,,2026-10-07T06:00:00+00:00,2026-10-07T06:31:11.819952+00:00,2026-10-07T06:31:11.819952+00:00,UTC,2026-10-06T21:00:00+00:00,forecast,9,https://opendap.co-ops.nos.noaa.gov/thredds/dodsC/NOAA/NGOFS2/MODELS/2026/10/06/ngofs2.t21z.20261006.regulargrid.f009.nc,0.0,a35efafd89c8c60821aa7c6740a638843fb330aba7b5d73879f8854f4678c3d5,ngofs2_regulargrid_v1
noaa_ngofs2_mobile_bay_regulargrid,MODEL,ngofs2_grid_871_994,noaa_ngofs2_mobile_bay_model,Point Clear/Grand Hotel,0.75,30.48,-87.94,1.9644354040917433,eastward_current,0.04419935867190361,m/s,bottom,1.0,standard_depth_positive_down,model_grid_or_not_applicable,MODEL_WET_GRID_NODE,,2026-10-07T06:00:00+00:00,2026-10-07T06:31:11.819952+00:00,2026-10-07T06:31:11.819952+00:00,UTC,2026-10-06T21:00:00+00:00,forecast,9,https://opendap.co-ops.nos.noaa.gov/thredds/dodsC/NOAA/NGOFS2/MODELS/2026/10/06/ngofs2.t21z.20261006.regulargrid.f009.nc,0.0,a35efafd89c8c60821aa7c6740a638843fb330aba7b5d73879f8854f4678c3d5,ngofs2_regulargrid_v1
noaa_ngofs2_mobile_bay_regulargrid,MODEL,ngofs2_grid_871_994,noaa_ngofs2_mobile_bay_model,Point Clear/Grand Hotel,0.75,30.48,-87.94,1.9644354040917433,northward_current,-0.15449154376983643,m/s,bottom,1.0,standard_depth_positive_down,model_grid_or_not_applicable,MODEL_WET_GRID_NODE,,2026-10-07T06:00:00+00:00,2026-10-07T06:31:11.819952+00:00,2026-10-07T06:31:11.819952+00:00,UTC,2026-10-06T21:00:00+00:00,forecast,9,https://opendap.co-ops.nos.noaa.gov/thredds/dodsC/NOAA/NGOFS2/MODELS/2026/10/06/ngofs2.t21z.20261006.regulargrid.f009.nc,0.0,a35efafd89c8c60821aa7c6740a638843fb330aba7b5d73879f8854f4678c3d5,ngofs2_regulargrid_v1
noaa_ngofs2_mobile_bay_regulargrid,MODEL,ngofs2_grid_871_994,noaa_ngofs2_mobile_bay_model,Point Clear/Grand Hotel,0.75,30.48,-87.94,1.9644354040917433,shoreward_current,0.0441993586719036,m/s,bottom,1.0,standard_depth_positive_down,model_grid_or_not_applicable,MODEL_WET_GRID_NODE,,2026-10-07T06:00:00+00:00,2026-10-07T06:31:11.819952+00:00,2026-10-07T06:31:11.819952+00:00,UTC,2026-10-06T21:00:00+00:00,forecast,9,https://opendap.co-ops.nos.noaa.gov/thredds/dodsC/NOAA/NGOFS2/MODELS/2026/10/06/ngofs2.t21z.20261006.regulargrid.f009.nc,0.0,a35efafd89c8c60821aa7c6740a638843fb330aba7b5d73879f8854f4678c3d5,ngofs2_regulargrid_v1
noaa_ngofs2_mobile_bay_regulargrid,MODEL,ngofs2_grid_871_994,noaa_ngofs2_mobile_bay_model,Point Clear/Grand Hotel,0.75,30.48,-87.94,1.9644354040917433,water_temperature,29.04584503173828,degC,bottom,1.0,standard_depth_positive_down,model_grid_or_not_applicable,MODEL_WET_GRID_NODE,,2026-10-07T06:00:00+00:00,2026-10-07T06:31:11.819952+00:00,2026-10-07T06:31:11.819952+00:00,UTC,2026-10-06T21:00:00+00:00,forecast,9,https://opendap.co-ops.nos.noaa.gov/thredds/dodsC/NOAA/NGOFS2/MODELS/2026/10/06/ngofs2.t21z.20261006.regulargrid.f009.nc,0.0,a35efafd89c8c60821aa7c6740a638843fb330aba7b5d73879f8854f4678c3d5,ngofs2_regulargrid_v1
noaa_ngofs2_mobile_bay_regulargrid,MODEL,ngofs2_grid_871_994,noaa_ngofs2_mobile_bay_model,Point Clear/Grand Hotel,0.75,30.48,-87.94,1.9644354040917433,salinity,16.54605484008789,PSU,bottom,1.0,standard_depth_positive_down,model_grid_or_not_applicable,MODEL_WET_GRID_NODE,,2026-10-07T06:00:00+00:00,2026-10-07T06:31:11.819952+00:00,2026-10-07T06:31:11.819952+00:00,UTC,2026-10-06T21:00:00+00:00,forecast,9,https://opendap.co-ops.nos.noaa.gov/thredds/dodsC/NOAA/NGOFS2/MODELS/2026/10/06/ngofs2.t21z.20261006.regulargrid.f009.nc,0.0,a35efafd89c8c60821aa7c6740a638843fb330aba7b5d73879f8854f4678c3d5,ngofs2_regulargrid_v1
noaa_ngofs2_mobile_bay_regulargrid,MODEL,ngofs2_grid_871_994,noaa_ngofs2_mobile_bay_model,Point Clear/Grand Hotel,0.75,30.48,-87.94,1.9644354040917433,water_surface_elevation,0.22381246089935303,m,surface,0.0,surface,model_mean_sea_level,MODEL_WET_GRID_NODE,,2026-10-07T06:00:00+00:00,2026-10-07T06:31:11.819952+00:00,2026-10-07T06:31:11.819952+00:00,UTC,2026-10-06T21:00:00+00:00,forecast,9,https://opendap.co-ops.nos.noaa.gov/thredds/dodsC/NOAA/NGOFS2/MODELS/2026/10/06/ngofs2.t21z.20261006.regulargrid.f009.nc,0.0,a35efafd89c8c60821aa7c6740a638843fb330aba7b5d73879f8854f4678c3d5,ngofs2_regulargrid_v1
noaa_ngofs2_mobile_bay_regulargrid,MODEL,ngofs2_grid_872_993,noaa_ngofs2_mobile_bay_model,Point Clear/Grand Hotel,1.5,30.490000000000002,-87.94999999999999,2.9992221163113646,eastward_current,-0.07530421018600464,m/s,surface,0.0,standard_depth_positive_down,model_grid_or_not_applicable,MODEL_WET_GRID_NODE,,2026-10-07T06:00:00+00:00,2026-10-07T06:31:11.819952+00:00,2026-10-07T06:31:11.819952+00:00,UTC,2026-10-06T21:00:00+00:00,forecast,9,https://opendap.co-ops.nos.noaa.gov/thredds/dodsC/NOAA/NGOFS2/MODELS/2026/10/06/ngofs2.t21z.20261006.regulargrid.f009.nc,0.0,a35efafd89c8c60821aa7c6740a638843fb330aba7b5d73879f8854f4678c3d5,ngofs2_regulargrid_v1
noaa_ngofs2_mobile_bay_regulargrid,MODEL,ngofs2_grid_872_993,noaa_ngofs2_mobile_bay_model,Point Clear/Grand Hotel,1.5,30.490000000000002,-87.94999999999999,2.9992221163113646,northward_current,-0.13393419981002808,m/s,surface,0.0,standard_depth_positive_down,model_grid_or_not_applicable,MODEL_WET_GRID_NODE,,2026-10-07T06:00:00+00:00,2026-10-07T06:31:11.819952+00:00,2026-10-07T06:31:11.819952+00:00,UTC,2026-10-06T21:00:00+00:00,forecast,9,https://opendap.co-ops.nos.noaa.gov/thredds/dodsC/NOAA/NGOFS2/MODELS/2026/10/06/ngofs2.t21z.20261006.regulargrid.f009.nc,0.0,a35efafd89c8c60821aa7c6740a638843fb330aba7b5d73879f8854f4678c3d5,ngofs2_regulargrid_v1
noaa_ngofs2_mobile_bay_regulargrid,MODEL,ngofs2_grid_872_993,noaa_ngofs2_mobile_bay_model,Point Clear/Grand Hotel,1.5,30.490000000000002,-87.94999999999999,2.9992221163113646,shoreward_current,-0.07530421018600465,m/s,surface,0.0,standard_depth_positive_down,model_grid_or_not_applicable,MODEL_WET_GRID_NODE,,2026-10-07T06:00:00+00:00,2026-10-07T06:31:11.819952+00:00,2026-10-07T06:31:11.819952+00:00,UTC,2026-10-06T21:00:00+00:00,forecast,9,https://opendap.co-ops.nos.noaa.gov/thredds/dodsC/NOAA/NGOFS2/MODELS/2026/10/06/ngofs2.t21z.20261006.regulargrid.f009.nc,0.0,a35efafd89c8c60821aa7c6740a638843fb330aba7b5d73879f8854f4678c3d5,ngofs2_regulargrid_v1
noaa_ngofs2_mobile_bay_regulargrid,MODEL,ngofs2_grid_872_993,noaa_ngofs2_mobile_bay_model,Point Clear/Grand Hotel,1.5,30.490000000000002,-87.94999999999999,2.9992221163113646,water_temperature,28.833576202392578,degC,surface,0.0,standard_depth_positive_down,model_grid_or_not_applicable,MODEL_WET_GRID_NODE,,2026-10-07T06:00:00+00:00,2026-10-07T06:31:11.819952+00:00,2026-10-07T06:31:11.819952+00:00,UTC,2026-10-06T21:00:00+00:00,forecast,9,https://opendap.co-ops.nos.noaa.gov/thredds/dodsC/NOAA/NGOFS2/MODELS/2026/10/06/ngofs2.t21z.20261006.regulargrid.f009.nc,0.0,a35efafd89c8c60821aa7c6740a638843fb330aba7b5d73879f8854f4678c3d5,ngofs2_regulargrid_v1
noaa_ngofs2_mobile_bay_regulargrid,MODEL,ngofs2_grid_872_993,noaa_ngofs2_mobile_bay_model,Point Clear/Grand Hotel,1.5,30.490000000000002,-87.94999999999999,2.9992221163113646,salinity,16.0017032623291,PSU,surface,0.0,standard_depth_positive_down,model_grid_or_not_applicable,MODEL_WET_GRID_NODE,,2026-10-07T06:00:00+00:00,2026-10-07T06:31:11.819952+00:00,2026-10-07T06:31:11.819952+00:00,UTC,2026-10-06T21:00:00+00:00,forecast,9,https://opendap.co-ops.nos.noaa.gov/thredds/dodsC/NOAA/NGOFS2/MODELS/2026/10/06/ngofs2.t21z.20261006.regulargrid.f009.nc,0.0,a35efafd89c8c60821aa7c6740a638843fb330aba7b5d73879f8854f4678c3d5,ngofs2_regulargrid_v1
noaa_ngofs2_mobile_bay_regulargrid,MODEL,ngofs2_grid_872_993,noaa_ngofs2_mobile_bay_model,Point Clear/Grand Hotel,1.5,30.490000000000002,-87.94999999999999,2.9992221163113646,eastward_current,0.07979969680309296,m/s,bottom,2.0,standard_depth_positive_down,model_grid_or_not_applicable,MODEL_WET_GRID_NODE,,2026-10-07T06:00:00+00:00,2026-10-07T06:31:11.819952+00:00,2026-10-07T06:31:11.819952+00:00,UTC,2026-10-06T21:00:00+00:00,forecast,9,https://opendap.co-ops.nos.noaa.gov/thredds/dodsC/NOAA/NGOFS2/MODELS/2026/10/06/ngofs2.t21z.20261006.regulargrid.f009.nc,0.0,a35efafd89c8c60821aa7c6740a638843fb330aba7b5d73879f8854f4678c3d5,ngofs2_regulargrid_v1
noaa_ngofs2_mobile_bay_regulargrid,MODEL,ngofs2_grid_872_993,noaa_ngofs2_mobile_bay_model,Point Clear/Grand Hotel,1.5,30.490000000000002,-87.94999999999999,2.9992221163113646,northward_current,-0.030136853456497192,m/s,bottom,2.0,standard_depth_positive_down,model_grid_or_not_applicable,MODEL_WET_GRID_NODE,,2026-10-07T06:00:00+00:00,2026-10-07T06:31:11.819952+00:00,2026-10-07T06:31:11.819952+00:00,UTC,2026-10-06T21:00:00+00:00,forecast,9,https://opendap.co-ops.nos.noaa.gov/thredds/dodsC/NOAA/NGOFS2/MODELS/2026/10/06/ngofs2.t21z.20261006.regulargrid.f009.nc,0.0,a35efafd89c8c60821aa7c6740a638843fb330aba7b5d73879f8854f4678c3d5,ngofs2_regulargrid_v1
noaa_ngofs2_mobile_bay_regulargrid,MODEL,ngofs2_grid_872_993,noaa_ngofs2_mobile_bay_model,Point Clear/Grand Hotel,1.5,30.490000000000002,-87.94999999999999,2.9992221163113646,shoreward_current,0.07979969680309296,m/s,bottom,2.0,standard_depth_positive_down,model_grid_or_not_applicable,MODEL_WET_GRID_NODE,,2026-10-07T06:00:00+00:00,2026-10-07T06:31:11.819952+00:00,2026-10-07T06:31:11.819952+00:00,UTC,2026-10-06T21:00:00+00:00,forecast,9,https://opendap.co-ops.nos.noaa.gov/thredds/dodsC/NOAA/NGOFS2/MODELS/2026/10/06/ngofs2.t21z.20261006.regulargrid.f009.nc,0.0,a35efafd89c8c60821aa7c6740a638843fb330aba7b5d73879f8854f4678c3d5,ngofs2_regulargrid_v1
noaa_ngofs2_mobile_bay_regulargrid,MODEL,ngofs2_grid_872_993,noaa_ngofs2_mobile_bay_model,Point Clear/Grand Hotel,1.5,30.490000000000002,-87.94999999999999,2.9992221163113646,water_temperature,29.270235061645508,degC,bottom,2.0,standard_depth_positive_down,model_grid_or_not_applicable,MODEL_WET_GRID_NODE,,2026-10-07T06:00:00+00:00,2026-10-07T06:31:11.819952+00:00,2026-10-07T06:31:11.819952+00:00,UTC,2026-10-06T21:00:00+00:00,forecast,9,https://opendap.co-ops.nos.noaa.gov/thredds/dodsC/NOAA/NGOFS2/MODELS/2026/10/06/ngofs2.t21z.20261006.regulargrid.f009.nc,0.0,a35efafd89c8c60821aa7c6740a638843fb330aba7b5d73879f8854f4678c3d5,ngofs2_regulargrid_v1
noaa_ngofs2_mobile_bay_regulargrid,MODEL,ngofs2_grid_872_993,noaa_ngofs2_mobile_bay_model,Point Clear/Grand Hotel,1.5,30.490000000000002,-87.94999999999999,2.9992221163113646,salinity,18.11444854736328,PSU,bottom,2.0,standard_depth_positive_down,model_grid_or_not_applicable,MODEL_WET_GRID_NODE,,2026-10-07T06:00:00+00:00,2026-10-07T06:31:11.819952+00:00,2026-10-07T06:31:11.819952+00:00,UTC,2026-10-06T21:00:00+00:00,forecast,9,https://opendap.co-ops.nos.noaa.gov/thredds/dodsC/NOAA/NGOFS2/MODELS/2026/10/06/ngofs2.t21z.20261006.regulargrid.f009.nc,0.0,a35efafd89c8c60821aa7c6740a638843fb330aba7b5d73879f8854f4678c3d5,ngofs2_regulargrid_v1
noaa_ngofs2_mobile_bay_regulargrid,MODEL,ngofs2_grid_872_993,noaa_ngofs2_mobile_bay_model,Point Clear/Grand Hotel,1.5,30.490000000000002,-87.94999999999999,2.9992221163113646,water_surface_elevation,0.2301003634929657,m,surface,0.0,surface,model_mean_sea_level,MODEL_WET_GRID_NODE,,2026-10-07T06:00:00+00:00,2026-10-07T06:31:11.819952+00:00,2026-10-07T06:31:11.819952+00:00,UTC,2026-10-06T21:00:00+00:00,forecast,9,https://opendap.co-ops.nos.noaa.gov/thredds/dodsC/NOAA/NGOFS2/MODELS/2026/10/06/ngofs2.t21z.20261006.regulargrid.f009.nc,0.0,a35efafd89c8c60821aa7c6740a638843fb330aba7b5d73879f8854f4678c3d5,ngofs2_regulargrid_v1
noaa_ngofs2_mobile_bay_regulargrid,MODEL,ngofs2_grid_872_991,noaa_ngofs2_mobile_bay_model,Point Clear/Grand Hotel,3.0,30.490000000000002,-87.97,3.969153288834054,eastward_current,-0.04947161301970482,m/s,surface,0.0,standard_depth_positive_down,model_grid_or_not_applicable,MODEL_WET_GRID_NODE,,2026-10-07T06:00:00+00:00,2026-10-07T06:31:11.819952+00:00,2026-10-07T06:31:11.819952+00:00,UTC,2026-10-06T21:00:00+00:00,forecast,9,https://opendap.co-ops.nos.noaa.gov/thredds/dodsC/NOAA/NGOFS2/MODELS/2026/10/06/ngofs2.t21z.20261006.regulargrid.f009.nc,0.0,a35efafd89c8c60821aa7c6740a638843fb330aba7b5d73879f8854f4678c3d5,ngofs2_regulargrid_v1
noaa_ngofs2_mobile_bay_regulargrid,MODEL,ngofs2_grid_872_991,noaa_ngofs2_mobile_bay_model,Point Clear/Grand Hotel,3.0,30.490000000000002,-87.97,3.969153288834054,northward_current,-0.03034139610826969,m/s,surface,0.0,standard_depth_positive_down,model_grid_or_not_applicable,MODEL_WET_GRID_NODE,,2026-10-07T06:00:00+00:00,2026-10-07T06:31:11.819952+00:00,2026-10-07T06:31:11.819952+00:00,UTC,2026-10-06T21:00:00+00:00,forecast,9,https://opendap.co-ops.nos.noaa.gov/thredds/dodsC/NOAA/NGOFS2/MODELS/2026/10/06/ngofs2.t21z.20261006.regulargrid.f009.nc,0.0,a35efafd89c8c60821aa7c6740a638843fb330aba7b5d73879f8854f4678c3d5,ngofs2_regulargrid_v1
noaa_ngofs2_mobile_bay_regulargrid,MODEL,ngofs2_grid_872_991,noaa_ngofs2_mobile_bay_model,Point Clear/Grand Hotel,3.0,30.490000000000002,-87.97,3.969153288834054,shoreward_current,-0.04947161301970482,m/s,surface,0.0,standard_depth_positive_down,model_grid_or_not_applicable,MODEL_WET_GRID_NODE,,2026-10-07T06:00:00+00:00,2026-10-07T06:31:11.819952+00:00,2026-10-07T06:31:11.819952+00:00,UTC,2026-10-06T21:00:00+00:00,forecast,9,https://opendap.co-ops.nos.noaa.gov/thredds/dodsC/NOAA/NGOFS2/MODELS/2026/10/06/ngofs2.t21z.20261006.regulargrid.f009.nc,0.0,a35efafd89c8c60821aa7c6740a638843fb330aba7b5d73879f8854f4678c3d5,ngofs2_regulargrid_v1
noaa_ngofs2_mobile_bay_regulargrid,MODEL,ngofs2_grid_872_991,noaa_ngofs2_mobile_bay_model,Point Clear/Grand Hotel,3.0,30.490000000000002,-87.97,3.969153288834054,water_temperature,28.826751708984375,degC,surface,0.0,standard_depth_positive_down,model_grid_or_not_applicable,MODEL_WET_GRID_NODE,,2026-10-07T06:00:00+00:00,2026-10-07T06:31:11.819952+00:00,2026-10-07T06:31:11.819952+00:00,UTC,2026-10-06T21:00:00+00:00,forecast,9,https://opendap.co-ops.nos.noaa.gov/thredds/dodsC/NOAA/NGOFS2/MODELS/2026/10/06/ngofs2.t21z.20261006.regulargrid.f009.nc,0.0,a35efafd89c8c60821aa7c6740a638843fb330aba7b5d73879f8854f4678c3d5,ngofs2_regulargrid_v1
noaa_ngofs2_mobile_bay_regulargrid,MODEL,ngofs2_grid_872_991,noaa_ngofs2_mobile_bay_model,Point Clear/Grand Hotel,3.0,30.490000000000002,-87.97,3.969153288834054,salinity,16.384830474853516,PSU,surface,0.0,standard_depth_positive_down,model_grid_or_not_applicable,MODEL_WET_GRID_NODE,,2026-10-07T06:00:00+00:00,2026-10-07T06:31:11.819952+00:00,2026-10-07T06:31:11.819952+00:00,UTC,2026-10-06T21:00:00+00:00,forecast,9,https://opendap.co-ops.nos.noaa.gov/thredds/dodsC/NOAA/NGOFS2/MODELS/2026/10/06/ngofs2.t21z.20261006.regulargrid.f009.nc,0.0,a35efafd89c8c60821aa7c6740a638843fb330aba7b5d73879f8854f4678c3d5,ngofs2_regulargrid_v1
noaa_ngofs2_mobile_bay_regulargrid,MODEL,ngofs2_grid_872_991,noaa_ngofs2_mobile_bay_model,Point Clear/Grand Hotel,3.0,30.490000000000002,-87.97,3.969153288834054,eastward_current,-0.01472827885299921,m/s,bottom,2.0,standard_depth_positive_down,model_grid_or_not_applicable,MODEL_WET_GRID_NODE,,2026-10-07T06:00:00+00:00,2026-10-07T06:31:11.819952+00:00,2026-10-07T06:31:11.819952+00:00,UTC,2026-10-06T21:00:00+00:00,forecast,9,https://opendap.co-ops.nos.noaa.gov/thredds/dodsC/NOAA/NGOFS2/MODELS/2026/10/06/ngofs2.t21z.20261006.regulargrid.f009.nc,0.0,a35efafd89c8c60821aa7c6740a638843fb330aba7b5d73879f8854f4678c3d5,ngofs2_regulargrid_v1
noaa_ngofs2_mobile_bay_regulargrid,MODEL,ngofs2_grid_872_991,noaa_ngofs2_mobile_bay_model,Point Clear/Grand Hotel,3.0,30.490000000000002,-87.97,3.969153288834054,northward_current,-0.00363455549813807,m/s,bottom,2.0,standard_depth_positive_down,model_grid_or_not_applicable,MODEL_WET_GRID_NODE,,2026-10-07T06:00:00+00:00,2026-10-07T06:31:11.819952+00:00,2026-10-07T06:31:11.819952+00:00,UTC,2026-10-06T21:00:00+00:00,forecast,9,https://opendap.co-ops.nos.noaa.gov/thredds/dodsC/NOAA/NGOFS2/MODELS/2026/10/06/ngofs2.t21z.20261006.regulargrid.f009.nc,0.0,a35efafd89c8c60821aa7c6740a638843fb330aba7b5d73879f8854f4678c3d5,ngofs2_regulargrid_v1
noaa_ngofs2_mobile_bay_regulargrid,MODEL,ngofs2_grid_872_991,noaa_ngofs2_mobile_bay_model,Point Clear/Grand Hotel,3.0,30.490000000000002,-87.97,3.969153288834054,shoreward_current,-0.01472827885299921,m/s,bottom,2.0,standard_depth_positive_down,model_grid_or_not_applicable,MODEL_WET_GRID_NODE,,2026-10-07T06:00:00+00:00,2026-10-07T06:31:11.819952+00:00,2026-10-07T06:31:11.819952+00:00,UTC,2026-10-06T21:00:00+00:00,forecast,9,https://opendap.co-ops.nos.noaa.gov/thredds/dodsC/NOAA/NGOFS2/MODELS/2026/10/06/ngofs2.t21z.20261006.regulargrid.f009.nc,0.0,a35efafd89c8c60821aa7c6740a638843fb330aba7b5d73879f8854f4678c3d5,ngofs2_regulargrid_v1
noaa_ngofs2_mobile_bay_regulargrid,MODEL,ngofs2_grid_872_991,noaa_ngofs2_mobile_bay_model,Point Clear/Grand Hotel,3.0,30.490000000000002,-87.97,3.969153288834054,water_temperature,28.922197341918945,degC,bottom,2.0,standard_depth_positive_down,model_grid_or_not_applicable,MODEL_WET_GRID_NODE,,2026-10-07T06:00:00+00:00,2026-10-07T06:31:11.819952+00:00,2026-10-07T06:31:11.819952+00:00,UTC,2026-10-06T21:00:00+00:00,forecast,9,https://opendap.co-ops.nos.noaa.gov/thredds/dodsC/NOAA/NGOFS2/MODELS/2026/10/06/ngofs2.t21z.20261006.regulargrid.f009.nc,0.0,a35efafd89c8c60821aa7c6740a638843fb330aba7b5d73879f8854f4678c3d5,ngofs2_regulargrid_v1
noaa_ngofs2_mobile_bay_regulargrid,MODEL,ngofs2_grid_872_991,noaa_ngofs2_mobile_bay_model,Point Clear/Grand Hotel,3.0,30.490000000000002,-87.97,3.969153288834054,salinity,16.711280822753906,PSU,bottom,2.0,standard_depth_positive_down,model_grid_or_not_applicable,MODEL_WET_GRID_NODE,,2026-10-07T06:00:00+00:00,2026-10-07T06:31:11.819952+00:00,2026-10-07T06:31:11.819952+00:00,UTC,2026-10-06T21:00:00+00:00,forecast,9,https://opendap.co-ops.nos.noaa.gov/thredds/dodsC/NOAA/NGOFS2/MODELS/2026/10/06/ngofs2.t21z.20261006.regulargrid.f009.nc,0.0,a35efafd89c8c60821aa7c6740a638843fb330aba7b5d73879f8854f4678c3d5,ngofs2_regulargrid_v1
noaa_ngofs2_mobile_bay_regulargrid,MODEL,ngofs2_grid_872_991,noaa_ngofs2_mobile_bay_model,Point Clear/Grand Hotel,3.0,30.490000000000002,-87.97,3.969153288834054,water_surface_elevation,0.2337057739496231,m,surface,0.0,surface,model_mean_sea_level,MODEL_WET_GRID_NODE,,2026-10-07T06:00:00+00:00,2026-10-07T06:31:11.819952+00:00,2026-10-07T06:31:11.819952+00:00,UTC,2026-10-06T21:00:00+00:00,forecast,9,https://opendap.co-ops.nos.noaa.gov/thredds/dodsC/NOAA/NGOFS2/MODELS/2026/10/06/ngofs2.t21z.20261006.regulargrid.f009.nc,0.0,a35efafd89c8c60821aa7c6740a638843fb330aba7b5d73879f8854f4678c3d5,ngofs2_regulargrid_v1
noaa_ngofs2_mobile_bay_regulargrid,MODEL,ngofs2_grid_864_997,noaa_ngofs2_mobile_bay_model,Mullet Point,0.25,30.41,-87.91,2.502617325949256,eastward_current,0.022130902856588364,m/s,surface,0.0,standard_depth_positive_down,model_grid_or_not_applicable,MODEL_WET_GRID_NODE,,2026-10-07T06:00:00+00:00,2026-10-07T06:31:11.819952+00:00,2026-10-07T06:31:11.819952+00:00,UTC,2026-10-06T21:00:00+00:00,forecast,9,https://opendap.co-ops.nos.noaa.gov/thredds/dodsC/NOAA/NGOFS2/MODELS/2026/10/06/ngofs2.t21z.20261006.regulargrid.f009.nc,0.0,a35efafd89c8c60821aa7c6740a638843fb330aba7b5d73879f8854f4678c3d5,ngofs2_regulargrid_v1
noaa_ngofs2_mobile_bay_regulargrid,MODEL,ngofs2_grid_864_997,noaa_ngofs2_mobile_bay_model,Mullet Point,0.25,30.41,-87.91,2.502617325949256,northward_current,-0.135919988155365,m/s,surface,0.0,standard_depth_positive_down,model_grid_or_not_applicable,MODEL_WET_GRID_NODE,,2026-10-07T06:00:00+00:00,2026-10-07T06:31:11.819952+00:00,2026-10-07T06:31:11.819952+00:00,UTC,2026-10-06T21:00:00+00:00,forecast,9,https://opendap.co-ops.nos.noaa.gov/thredds/dodsC/NOAA/NGOFS2/MODELS/2026/10/06/ngofs2.t21z.20261006.regulargrid.f009.nc,0.0,a35efafd89c8c60821aa7c6740a638843fb330aba7b5d73879f8854f4678c3d5,ngofs2_regulargrid_v1
noaa_ngofs2_mobile_bay_regulargrid,MODEL,ngofs2_grid_864_997,noaa_ngofs2_mobile_bay_model,Mullet Point,0.25,30.41,-87.91,2.502617325949256,shoreward_current,0.022130902856588357,m/s,surface,0.0,standard_depth_positive_down,model_grid_or_not_applicable,MODEL_WET_GRID_NODE,,2026-10-07T06:00:00+00:00,2026-10-07T06:31:11.819952+00:00,2026-10-07T06:31:11.819952+00:00,UTC,2026-10-06T21:00:00+00:00,forecast,9,https://opendap.co-ops.nos.noaa.gov/thredds/dodsC/NOAA/NGOFS2/MODELS/2026/10/06/ngofs2.t21z.20261006.regulargrid.f009.nc,0.0,a35efafd89c8c60821aa7c6740a638843fb330aba7b5d73879f8854f4678c3d5,ngofs2_regulargrid_v1
noaa_ngofs2_mobile_bay_regulargrid,MODEL,ngofs2_grid_864_997,noaa_ngofs2_mobile_bay_model,Mullet Point,0.25,30.41,-87.91,2.502617325949256,water_temperature,28.883886337280273,degC,surface,0.0,standard_depth_positive_down,model_grid_or_not_applicable,MODEL_WET_GRID_NODE,,2026-10-07T06:00:00+00:00,2026-10-07T06:31:11.819952+00:00,2026-10-07T06:31:11.819952+00:00,UTC,2026-10-06T21:00:00+00:00,forecast,9,https://opendap.co-ops.nos.noaa.gov/thredds/dodsC/NOAA/NGOFS2/MODELS/2026/10/06/ngofs2.t21z.20261006.regulargrid.f009.nc,0.0,a35efafd89c8c60821aa7c6740a638843fb330aba7b5d73879f8854f4678c3d5,ngofs2_regulargrid_v1
noaa_ngofs2_mobile_bay_regulargrid,MODEL,ngofs2_grid_864_997,noaa_ngofs2_mobile_bay_model,Mullet Point,0.25,30.41,-87.91,2.502617325949256,salinity,21.5482234954834,PSU,surface,0.0,standard_depth_positive_down,model_grid_or_not_applicable,MODEL_WET_GRID_NODE,,2026-10-07T06:00:00+00:00,2026-10-07T06:31:11.819952+00:00,2026-10-07T06:31:11.819952+00:00,UTC,2026-10-06T21:00:00+00:00,forecast,9,https://opendap.co-ops.nos.noaa.gov/thredds/dodsC/NOAA/NGOFS2/MODELS/2026/10/06/ngofs2.t21z.20261006.regulargrid.f009.nc,0.0,a35efafd89c8c60821aa7c6740a638843fb330aba7b5d73879f8854f4678c3d5,ngofs2_regulargrid_v1
noaa_ngofs2_mobile_bay_regulargrid,MODEL,ngofs2_grid_864_997,noaa_ngofs2_mobile_bay_model,Mullet Point,0.25,30.41,-87.91,2.502617325949256,eastward_current,0.06597612798213959,m/s,bottom,2.0,standard_depth_positive_down,model_grid_or_not_applicable,MODEL_WET_GRID_NODE,,2026-10-07T06:00:00+00:00,2026-10-07T06:31:11.819952+00:00,2026-10-07T06:31:11.819952+00:00,UTC,2026-10-06T21:00:00+00:00,forecast,9,https://opendap.co-ops.nos.noaa.gov/thredds/dodsC/NOAA/NGOFS2/MODELS/2026/10/06/ngofs2.t21z.20261006.regulargrid.f009.nc,0.0,a35efafd89c8c60821aa7c6740a638843fb330aba7b5d73879f8854f4678c3d5,ngofs2_regulargrid_v1
noaa_ngofs2_mobile_bay_regulargrid,MODEL,ngofs2_grid_864_997,noaa_ngofs2_mobile_bay_model,Mullet Point,0.25,30.41,-87.91,2.502617325949256,northward_current,-0.04801963269710541,m/s,bottom,2.0,standard_depth_positive_down,model_grid_or_not_applicable,MODEL_WET_GRID_NODE,,2026-10-07T06:00:00+00:00,2026-10-07T06:31:11.819952+00:00,2026-10-07T06:31:11.819952+00:00,UTC,2026-10-06T21:00:00+00:00,forecast,9,https://opendap.co-ops.nos.noaa.gov/thredds/dodsC/NOAA/NGOFS2/MODELS/2026/10/06/ngofs2.t21z.20261006.regulargrid.f009.nc,0.0,a35efafd89c8c60821aa7c6740a638843fb330aba7b5d73879f8854f4678c3d5,ngofs2_regulargrid_v1
noaa_ngofs2_mobile_bay_regulargrid,MODEL,ngofs2_grid_864_997,noaa_ngofs2_mobile_bay_model,Mullet Point,0.25,30.41,-87.91,2.502617325949256,shoreward_current,0.06597612798213959,m/s,bottom,2.0,standard_depth_positive_down,model_grid_or_not_applicable,MODEL_WET_GRID_NODE,,2026-10-07T06:00:00+00:00,2026-10-07T06:31:11.819952+00:00,2026-10-07T06:31:11.819952+00:00,UTC,2026-10-06T21:00:00+00:00,forecast,9,https://opendap.co-ops.nos.noaa.gov/thredds/dodsC/NOAA/NGOFS2/MODELS/2026/10/06/ngofs2.t21z.20261006.regulargrid.f009.nc,0.0,a35efafd89c8c60821aa7c6740a638843fb330aba7b5d73879f8854f4678c3d5,ngofs2_regulargrid_v1
noaa_ngofs2_mobile_bay_regulargrid,MODEL,ngofs2_grid_864_997,noaa_ngofs2_mobile_bay_model,Mullet Point,0.25,30.41,-87.91,2.502617325949256,water_temperature,29.21352195739746,degC,bottom,2.0,standard_depth_positive_down,model_grid_or_not_applicable,MODEL_WET_GRID_NODE,,2026-10-07T06:00:00+00:00,2026-10-07T06:31:11.819952+00:00,2026-10-07T06:31:11.819952+00:00,UTC,2026-10-06T21:00:00+00:00,forecast,9,https://opendap.co-ops.nos.noaa.gov/thredds/dodsC/NOAA/NGOFS2/MODELS/2026/10/06/ngofs2.t21z.20261006.regulargrid.f009.nc,0.0,a35efafd89c8c60821aa7c6740a638843fb330aba7b5d73879f8854f4678c3d5,ngofs2_regulargrid_v1
noaa_ngofs2_mobile_bay_regulargrid,MODEL,ngofs2_grid_864_997,noaa_ngofs2_mobile_bay_model,Mullet Point,0.25,30.41,-87.91,2.502617325949256,salinity,22.030189514160156,PSU,bottom,2.0,standard_depth_positive_down,model_grid_or_not_applicable,MODEL_WET_GRID_NODE,,2026-10-07T06:00:00+00:00,2026-10-07T06:31:11.819952+00:00,2026-10-07T06:31:11.819952+00:00,UTC,2026-10-06T21:00:00+00:00,forecast,9,https://opendap.co-ops.nos.noaa.gov/thredds/dodsC/NOAA/NGOFS2/MODELS/2026/10/06/ngofs2.t21z.20261006.regulargrid.f009.nc,0.0,a35efafd89c8c60821aa7c6740a638843fb330aba7b5d73879f8854f4678c3d5,ngofs2_regulargrid_v1
noaa_ngofs2_mobile_bay_regulargrid,MODEL,ngofs2_grid_864_997,noaa_ngofs2_mobile_bay_model,Mullet Point,0.25,30.41,-87.91,2.502617325949256,water_surface_elevation,0.2122899442911148,m,surface,0.0,surface,model_mean_sea_level,MODEL_WET_GRID_NODE,,2026-10-07T06:00:00+00:00,2026-10-07T06:31:11.819952+00:00,2026-10-07T06:31:11.819952+00:00,UTC,2026-10-06T21:00:00+00:00,forecast,9,https://opendap.co-ops.nos.noaa.gov/thredds/dodsC/NOAA/NGOFS2/MODELS/2026/10/06/ngofs2.t21z.20261006.regulargrid.f009.nc,0.0,a35efafd89c8c60821aa7c6740a638843fb330aba7b5d73879f8854f4678c3d5,ngofs2_regulargrid_v1
noaa_ngofs2_mobile_bay_regulargrid,MODEL,ngofs2_grid_865_996,noaa_ngofs2_mobile_bay_model,Mullet Point,0.75,30.42,-87.91999999999999,2.4181508833466974,eastward_current,0.006910768803209066,m/s,surface,0.0,standard_depth_positive_down,model_grid_or_not_applicable,MODEL_WET_GRID_NODE,,2026-10-07T06:00:00+00:00,2026-10-07T06:31:11.819952+00:00,2026-10-07T06:31:11.819952+00:00,UTC,2026-10-06T21:00:00+00:00,forecast,9,https://opendap.co-ops.nos.noaa.gov/thredds/dodsC/NOAA/NGOFS2/MODELS/2026/10/06/ngofs2.t21z.20261006.regulargrid.f009.nc,0.0,a35efafd89c8c60821aa7c6740a638843fb330aba7b5d73879f8854f4678c3d5,ngofs2_regulargrid_v1
noaa_ngofs2_mobile_bay_regulargrid,MODEL,ngofs2_grid_865_996,noaa_ngofs2_mobile_bay_model,Mullet Point,0.75,30.42,-87.91999999999999,2.4181508833466974,northward_current,-0.14673946797847748,m/s,surface,0.0,standard_depth_positive_down,model_grid_or_not_applicable,MODEL_WET_GRID_NODE,,2026-10-07T06:00:00+00:00,2026-10-07T06:31:11.819952+00:00,2026-10-07T06:31:11.819952+00:00,UTC,2026-10-06T21:00:00+00:00,forecast,9,https://opendap.co-ops.nos.noaa.gov/thredds/dodsC/NOAA/NGOFS2/MODELS/2026/10/06/ngofs2.t21z.20261006.regulargrid.f009.nc,0.0,a35efafd89c8c60821aa7c6740a638843fb330aba7b5d73879f8854f4678c3d5,ngofs2_regulargrid_v1
noaa_ngofs2_mobile_bay_regulargrid,MODEL,ngofs2_grid_865_996,noaa_ngofs2_mobile_bay_model,Mullet Point,0.75,30.42,-87.91999999999999,2.4181508833466974,shoreward_current,0.006910768803209058,m/s,surface,0.0,standard_depth_positive_down,model_grid_or_not_applicable,MODEL_WET_GRID_NODE,,2026-10-07T06:00:00+00:00,2026-10-07T06:31:11.819952+00:00,2026-10-07T06:31:11.819952+00:00,UTC,2026-10-06T21:00:00+00:00,forecast,9,https://opendap.co-ops.nos.noaa.gov/thredds/dodsC/NOAA/NGOFS2/MODELS/2026/10/06/ngofs2.t21z.20261006.regulargrid.f009.nc,0.0,a35efafd89c8c60821aa7c6740a638843fb330aba7b5d73879f8854f4678c3d5,ngofs2_regulargrid_v1
noaa_ngofs2_mobile_bay_regulargrid,MODEL,ngofs2_grid_865_996,noaa_ngofs2_mobile_bay_model,Mullet Point,0.75,30.42,-87.91999999999999,2.4181508833466974,water_temperature,28.6998233795166,degC,surface,0.0,standard_depth_positive_down,model_grid_or_not_applicable,MODEL_WET_GRID_NODE,,2026-10-07T06:00:00+00:00,2026-10-07T06:31:11.819952+00:00,2026-10-07T06:31:11.819952+00:00,UTC,2026-10-06T21:00:00+00:00,forecast,9,https://opendap.co-ops.nos.noaa.gov/thredds/dodsC/NOAA/NGOFS2/MODELS/2026/10/06/ngofs2.t21z.20261006.regulargrid.f009.nc,0.0,a35efafd89c8c60821aa7c6740a638843fb330aba7b5d73879f8854f4678c3d5,ngofs2_regulargrid_v1
noaa_ngofs2_mobile_bay_regulargrid,MODEL,ngofs2_grid_865_996,noaa_ngofs2_mobile_bay_model,Mullet Point,0.75,30.42,-87.91999999999999,2.4181508833466974,salinity,21.12018394470215,PSU,surface,0.0,standard_depth_positive_down,model_grid_or_not_applicable,MODEL_WET_GRID_NODE,,2026-10-07T06:00:00+00:00,2026-10-07T06:31:11.819952+00:00,2026-10-07T06:31:11.819952+00:00,UTC,2026-10-06T21:00:00+00:00,forecast,9,https://opendap.co-ops.nos.noaa.gov/thredds/dodsC/NOAA/NGOFS2/MODELS/2026/10/06/ngofs2.t21z.20261006.regulargrid.f009.nc,0.0,a35efafd89c8c60821aa7c6740a638843fb330aba7b5d73879f8854f4678c3d5,ngofs2_regulargrid_v1
noaa_ngofs2_mobile_bay_regulargrid,MODEL,ngofs2_grid_865_996,noaa_ngofs2_mobile_bay_model,Mullet Point,0.75,30.42,-87.91999999999999,2.4181508833466974,eastward_current,0.05773414671421051,m/s,bottom,2.0,standard_depth_positive_down,model_grid_or_not_applicable,MODEL_WET_GRID_NODE,,2026-10-07T06:00:00+00:00,2026-10-07T06:31:11.819952+00:00,2026-10-07T06:31:11.819952+00:00,UTC,2026-10-06T21:00:00+00:00,forecast,9,https://opendap.co-ops.nos.noaa.gov/thredds/dodsC/NOAA/NGOFS2/MODELS/2026/10/06/ngofs2.t21z.20261006.regulargrid.f009.nc,0.0,a35efafd89c8c60821aa7c6740a638843fb330aba7b5d73879f8854f4678c3d5,ngofs2_regulargrid_v1
noaa_ngofs2_mobile_bay_regulargrid,MODEL,ngofs2_grid_865_996,noaa_ngofs2_mobile_bay_model,Mullet Point,0.75,30.42,-87.91999999999999,2.4181508833466974,northward_current,-0.058405663818120956,m/s,bottom,2.0,standard_depth_positive_down,model_grid_or_not_applicable,MODEL_WET_GRID_NODE,,2026-10-07T06:00:00+00:00,2026-10-07T06:31:11.819952+00:00,2026-10-07T06:31:11.819952+00:00,UTC,2026-10-06T21:00:00+00:00,forecast,9,https://opendap.co-ops.nos.noaa.gov/thredds/dodsC/NOAA/NGOFS2/MODELS/2026/10/06/ngofs2.t21z.20261006.regulargrid.f009.nc,0.0,a35efafd89c8c60821aa7c6740a638843fb330aba7b5d73879f8854f4678c3d5,ngofs2_regulargrid_v1
noaa_ngofs2_mobile_bay_regulargrid,MODEL,ngofs2_grid_865_996,noaa_ngofs2_mobile_bay_model,Mullet Point,0.75,30.42,-87.91999999999999,2.4181508833466974,shoreward_current,0.0577341467142105,m/s,bottom,2.0,standard_depth_positive_down,model_grid_or_not_applicable,MODEL_WET_GRID_NODE,,2026-10-07T06:00:00+00:00,2026-10-07T06:31:11.819952+00:00,2026-10-07T06:31:11.819952+00:00,UTC,2026-10-06T21:00:00+00:00,forecast,9,https://opendap.co-ops.nos.noaa.gov/thredds/dodsC/NOAA/NGOFS2/MODELS/2026/10/06/ngofs2.t21z.20261006.regulargrid.f009.nc,0.0,a35efafd89c8c60821aa7c6740a638843fb330aba7b5d73879f8854f4678c3d5,ngofs2_regulargrid_v1
noaa_ngofs2_mobile_bay_regulargrid,MODEL,ngofs2_grid_865_996,noaa_ngofs2_mobile_bay_model,Mullet Point,0.75,30.42,-87.91999999999999,2.4181508833466974,water_temperature,29.132919311523438,degC,bottom,2.0,standard_depth_positive_down,model_grid_or_not_applicable,MODEL_WET_GRID_NODE,,2026-10-07T06:00:00+00:00,2026-10-07T06:31:11.819952+00:00,2026-10-07T06:31:11.819952+00:00,UTC,2026-10-06T21:00:00+00:00,forecast,9,https://opendap.co-ops.nos.noaa.gov/thredds/dodsC/NOAA/NGOFS2/MODELS/2026/10/06/ngofs2.t21z.20261006.regulargrid.f009.nc,0.0,a35efafd89c8c60821aa7c6740a638843fb330aba7b5d73879f8854f4678c3d5,ngofs2_regulargrid_v1
noaa_ngofs2_mobile_bay_regulargrid,MODEL,ngofs2_grid_865_996,noaa_ngofs2_mobile_bay_model,Mullet Point,0.75,30.42,-87.91999999999999,2.4181508833466974,salinity,22.384979248046875,PSU,bottom,2.0,standard_depth_positive_down,model_grid_or_not_applicable,MODEL_WET_GRID_NODE,,2026-10-07T06:00:00+00:00,2026-10-07T06:31:11.819952+00:00,2026-10-07T06:31:11.819952+00:00,UTC,2026-10-06T21:00:00+00:00,forecast,9,https://opendap.co-ops.nos.noaa.gov/thredds/dodsC/NOAA/NGOFS2/MODELS/2026/10/06/ngofs2.t21z.20261006.regulargrid.f009.nc,0.0,a35efafd89c8c60821aa7c6740a638843fb330aba7b5d73879f8854f4678c3d5,ngofs2_regulargrid_v1
noaa_ngofs2_mobile_bay_regulargrid,MODEL,ngofs2_grid_865_996,noaa_ngofs2_mobile_bay_model,Mullet Point,0.75,30.42,-87.91999999999999,2.4181508833466974,water_surface_elevation,0.21650488674640656,m,surface,0.0,surface,model_mean_sea_level,MODEL_WET_GRID_NODE,,2026-10-07T06:00:00+00:00,2026-10-07T06:31:11.819952+00:00,2026-10-07T06:31:11.819952+00:00,UTC,2026-10-06T21:00:00+00:00,forecast,9,https://opendap.co-ops.nos.noaa.gov/thredds/dodsC/NOAA/NGOFS2/MODELS/2026/10/06/ngofs2.t21z.20261006.regulargrid.f009.nc,0.0,a35efafd89c8c60821aa7c6740a638843fb330aba7b5d73879f8854f4678c3d5,ngofs2_regulargrid_v1
noaa_ngofs2_mobile_bay_regulargrid,MODEL,ngofs2_grid_865_995,noaa_ngofs2_mobile_bay_model,Mullet Point,1.5,30.42,-87.92999999999999,3.100659617984664,eastward_current,-0.015171951614320278,m/s,surface,0.0,standard_depth_positive_down,model_grid_or_not_applicable,MODEL_WET_GRID_NODE,,2026-10-07T06:00:00+00:00,2026-10-07T06:31:11.819952+00:00,2026-10-07T06:31:11.819952+00:00,UTC,2026-10-06T21:00:00+00:00,forecast,9,https://opendap.co-ops.nos.noaa.gov/thredds/dodsC/NOAA/NGOFS2/MODELS/2026/10/06/ngofs2.t21z.20261006.regulargrid.f009.nc,0.0,a35efafd89c8c60821aa7c6740a638843fb330aba7b5d73879f8854f4678c3d5,ngofs2_regulargrid_v1
noaa_ngofs2_mobile_bay_regulargrid,MODEL,ngofs2_grid_865_995,noaa_ngofs2_mobile_bay_model,Mullet Point,1.5,30.42,-87.92999999999999,3.100659617984664,northward_current,-0.11513301730155945,m/s,surface,0.0,standard_depth_positive_down,model_grid_or_not_applicable,MODEL_WET_GRID_NODE,,2026-10-07T06:00:00+00:00,2026-10-07T06:31:11.819952+00:00,2026-10-07T06:31:11.819952+00:00,UTC,2026-10-06T21:00:00+00:00,forecast,9,https://opendap.co-ops.nos.noaa.gov/thredds/dodsC/NOAA/NGOFS2/MODELS/2026/10/06/ngofs2.t21z.20261006.regulargrid.f009.nc,0.0,a35efafd89c8c60821aa7c6740a638843fb330aba7b5d73879f8854f4678c3d5,ngofs2_regulargrid_v1
noaa_ngofs2_mobile_bay_regulargrid,MODEL,ngofs2_grid_865_995,noaa_ngofs2_mobile_bay_model,Mullet Point,1.5,30.42,-87.92999999999999,3.100659617984664,shoreward_current,-0.015171951614320285,m/s,surface,0.0,standard_depth_positive_down,model_grid_or_not_applicable,MODEL_WET_GRID_NODE,,2026-10-07T06:00:00+00:00,2026-10-07T06:31:11.819952+00:00,2026-10-07T06:31:11.819952+00:00,UTC,2026-10-06T21:00:00+00:00,forecast,9,https://opendap.co-ops.nos.noaa.gov/thredds/dodsC/NOAA/NGOFS2/MODELS/2026/10/06/ngofs2.t21z.20261006.regulargrid.f009.nc,0.0,a35efafd89c8c60821aa7c6740a638843fb330aba7b5d73879f8854f4678c3d5,ngofs2_regulargrid_v1
noaa_ngofs2_mobile_bay_regulargrid,MODEL,ngofs2_grid_865_995,noaa_ngofs2_mobile_bay_model,Mullet Point,1.5,30.42,-87.92999999999999,3.100659617984664,water_temperature,28.65857696533203,degC,surface,0.0,standard_depth_positive_down,model_grid_or_not_applicable,MODEL_WET_GRID_NODE,,2026-10-07T06:00:00+00:00,2026-10-07T06:31:11.819952+00:00,2026-10-07T06:31:11.819952+00:00,UTC,2026-10-06T21:00:00+00:00,forecast,9,https://opendap.co-ops.nos.noaa.gov/thredds/dodsC/NOAA/NGOFS2/MODELS/2026/10/06/ngofs2.t21z.20261006.regulargrid.f009.nc,0.0,a35efafd89c8c60821aa7c6740a638843fb330aba7b5d73879f8854f4678c3d5,ngofs2_regulargrid_v1
noaa_ngofs2_mobile_bay_regulargrid,MODEL,ngofs2_grid_865_995,noaa_ngofs2_mobile_bay_model,Mullet Point,1.5,30.42,-87.92999999999999,3.100659617984664,salinity,21.405357360839844,PSU,surface,0.0,standard_depth_positive_down,model_grid_or_not_applicable,MODEL_WET_GRID_NODE,,2026-10-07T06:00:00+00:00,2026-10-07T06:31:11.819952+00:00,2026-10-07T06:31:11.819952+00:00,UTC,2026-10-06T21:00:00+00:00,forecast,9,https://opendap.co-ops.nos.noaa.gov/thredds/dodsC/NOAA/NGOFS2/MODELS/2026/10/06/ngofs2.t21z.20261006.regulargrid.f009.nc,0.0,a35efafd89c8c60821aa7c6740a638843fb330aba7b5d73879f8854f4678c3d5,ngofs2_regulargrid_v1
noaa_ngofs2_mobile_bay_regulargrid,MODEL,ngofs2_grid_865_995,noaa_ngofs2_mobile_bay_model,Mullet Point,1.5,30.42,-87.92999999999999,3.100659617984664,eastward_current,0.08553097397089005,m/s,bottom,2.0,standard_depth_positive_down,model_grid_or_not_applicable,MODEL_WET_GRID_NODE,,2026-10-07T06:00:00+00:00,2026-10-07T06:31:11.819952+00:00,2026-10-07T06:31:11.819952+00:00,UTC,2026-10-06T21:00:00+00:00,forecast,9,https://opendap.co-ops.nos.noaa.gov/thredds/dodsC/NOAA/NGOFS2/MODELS/2026/10/06/ngofs2.t21z.20261006.regulargrid.f009.nc,0.0,a35efafd89c8c60821aa7c6740a638843fb330aba7b5d73879f8854f4678c3d5,ngofs2_regulargrid_v1
noaa_ngofs2_mobile_bay_regulargrid,MODEL,ngofs2_grid_865_995,noaa_ngofs2_mobile_bay_model,Mullet Point,1.5,30.42,-87.92999999999999,3.100659617984664,northward_current,-0.04482835531234741,m/s,bottom,2.0,standard_depth_positive_down,model_grid_or_not_applicable,MODEL_WET_GRID_NODE,,2026-10-07T06:00:00+00:00,2026-10-07T06:31:11.819952+00:00,2026-10-07T06:31:11.819952+00:00,UTC,2026-10-06T21:00:00+00:00,forecast,9,https://opendap.co-ops.nos.noaa.gov/thredds/dodsC/NOAA/NGOFS2/MODELS/2026/10/06/ngofs2.t21z.20261006.regulargrid.f009.nc,0.0,a35efafd89c8c60821aa7c6740a638843fb330aba7b5d73879f8854f4678c3d5,ngofs2_regulargrid_v1
noaa_ngofs2_mobile_bay_regulargrid,MODEL,ngofs2_grid_865_995,noaa_ngofs2_mobile_bay_model,Mullet Point,1.5,30.42,-87.92999999999999,3.100659617984664,shoreward_current,0.08553097397089005,m/s,bottom,2.0,standard_depth_positive_down,model_grid_or_not_applicable,MODEL_WET_GRID_NODE,,2026-10-07T06:00:00+00:00,2026-10-07T06:31:11.819952+00:00,2026-10-07T06:31:11.819952+00:00,UTC,2026-10-06T21:00:00+00:00,forecast,9,https://opendap.co-ops.nos.noaa.gov/thredds/dodsC/NOAA/NGOFS2/MODELS/2026/10/06/ngofs2.t21z.20261006.regulargrid.f009.nc,0.0,a35efafd89c8c60821aa7c6740a638843fb330aba7b5d73879f8854f4678c3d5,ngofs2_regulargrid_v1
noaa_ngofs2_mobile_bay_regulargrid,MODEL,ngofs2_grid_865_995,noaa_ngofs2_mobile_bay_model,Mullet Point,1.5,30.42,-87.92999999999999,3.100659617984664,water_temperature,29.098270416259766,degC,bottom,2.0,standard_depth_positive_down,model_grid_or_not_applicable,MODEL_WET_GRID_NODE,,2026-10-07T06:00:00+00:00,2026-10-07T06:31:11.819952+00:00,2026-10-07T06:31:11.819952+00:00,UTC,2026-10-06T21:00:00+00:00,forecast,9,https://opendap.co-ops.nos.noaa.gov/thredds/dodsC/NOAA/NGOFS2/MODELS/2026/10/06/ngofs2.t21z.20261006.regulargrid.f009.nc,0.0,a35efafd89c8c60821aa7c6740a638843fb330aba7b5d73879f8854f4678c3d5,ngofs2_regulargrid_v1
noaa_ngofs2_mobile_bay_regulargrid,MODEL,ngofs2_grid_865_995,noaa_ngofs2_mobile_bay_model,Mullet Point,1.5,30.42,-87.92999999999999,3.100659617984664,salinity,22.718177795410156,PSU,bottom,2.0,standard_depth_positive_down,model_grid_or_not_applicable,MODEL_WET_GRID_NODE,,2026-10-07T06:00:00+00:00,2026-10-07T06:31:11.819952+00:00,2026-10-07T06:31:11.819952+00:00,UTC,2026-10-06T21:00:00+00:00,forecast,9,https://opendap.co-ops.nos.noaa.gov/thredds/dodsC/NOAA/NGOFS2/MODELS/2026/10/06/ngofs2.t21z.20261006.regulargrid.f009.nc,0.0,a35efafd89c8c60821aa7c6740a638843fb330aba7b5d73879f8854f4678c3d5,ngofs2_regulargrid_v1
noaa_ngofs2_mobile_bay_regulargrid,MODEL,ngofs2_grid_865_995,noaa_ngofs2_mobile_bay_model,Mullet Point,1.5,30.42,-87.92999999999999,3.100659617984664,water_surface_elevation,0.2195121794939041,m,surface,0.0,surface,model_mean_sea_level,MODEL_WET_GRID_NODE,,2026-10-07T06:00:00+00:00,2026-10-07T06:31:11.819952+00:00,2026-10-07T06:31:11.819952+00:00,UTC,2026-10-06T21:00:00+00:00,forecast,9,https://opendap.co-ops.nos.noaa.gov/thredds/dodsC/NOAA/NGOFS2/MODELS/2026/10/06/ngofs2.t21z.20261006.regulargrid.f009.nc,0.0,a35efafd89c8c60821aa7c6740a638843fb330aba7b5d73879f8854f4678c3d5,ngofs2_regulargrid_v1
noaa_ngofs2_mobile_bay_regulargrid,MODEL,ngofs2_grid_865_994,noaa_ngofs2_mobile_bay_model,Mullet Point,3.0,30.42,-87.94,3.6294734668212425,eastward_current,-0.020005477592349052,m/s,surface,0.0,standard_depth_positive_down,model_grid_or_not_applicable,MODEL_WET_GRID_NODE,,2026-10-07T06:00:00+00:00,2026-10-07T06:31:11.819952+00:00,2026-10-07T06:31:11.819952+00:00,UTC,2026-10-06T21:00:00+00:00,forecast,9,https://opendap.co-ops.nos.noaa.gov/thredds/dodsC/NOAA/NGOFS2/MODELS/2026/10/06/ngofs2.t21z.20261006.regulargrid.f009.nc,0.0,a35efafd89c8c60821aa7c6740a638843fb330aba7b5d73879f8854f4678c3d5,ngofs2_regulargrid_v1
noaa_ngofs2_mobile_bay_regulargrid,MODEL,ngofs2_grid_865_994,noaa_ngofs2_mobile_bay_model,Mullet Point,3.0,30.42,-87.94,3.6294734668212425,northward_current,-0.06844780594110489,m/s,surface,0.0,standard_depth_positive_down,model_grid_or_not_applicable,MODEL_WET_GRID_NODE,,2026-10-07T06:00:00+00:00,2026-10-07T06:31:11.819952+00:00,2026-10-07T06:31:11.819952+00:00,UTC,2026-10-06T21:00:00+00:00,forecast,9,https://opendap.co-ops.nos.noaa.gov/thredds/dodsC/NOAA/NGOFS2/MODELS/2026/10/06/ngofs2.t21z.20261006.regulargrid.f009.nc,0.0,a35efafd89c8c60821aa7c6740a638843fb330aba7b5d73879f8854f4678c3d5,ngofs2_regulargrid_v1
noaa_ngofs2_mobile_bay_regulargrid,MODEL,ngofs2_grid_865_994,noaa_ngofs2_mobile_bay_model,Mullet Point,3.0,30.42,-87.94,3.6294734668212425,shoreward_current,-0.020005477592349056,m/s,surface,0.0,standard_depth_positive_down,model_grid_or_not_applicable,MODEL_WET_GRID_NODE,,2026-10-07T06:00:00+00:00,2026-10-07T06:31:11.819952+00:00,2026-10-07T06:31:11.819952+00:00,UTC,2026-10-06T21:00:00+00:00,forecast,9,https://opendap.co-ops.nos.noaa.gov/thredds/dodsC/NOAA/NGOFS2/MODELS/2026/10/06/ngofs2.t21z.20261006.regulargrid.f009.nc,0.0,a35efafd89c8c60821aa7c6740a638843fb330aba7b5d73879f8854f4678c3d5,ngofs2_regulargrid_v1
noaa_ngofs2_mobile_bay_regulargrid,MODEL,ngofs2_grid_865_994,noaa_ngofs2_mobile_bay_model,Mullet Point,3.0,30.42,-87.94,3.6294734668212425,water_temperature,28.629446029663086,degC,surface,0.0,standard_depth_positive_down,model_grid_or_not_applicable,MODEL_WET_GRID_NODE,,2026-10-07T06:00:00+00:00,2026-10-07T06:31:11.819952+00:00,2026-10-07T06:31:11.819952+00:00,UTC,2026-10-06T21:00:00+00:00,forecast,9,https://opendap.co-ops.nos.noaa.gov/thredds/dodsC/NOAA/NGOFS2/MODELS/2026/10/06/ngofs2.t21z.20261006.regulargrid.f009.nc,0.0,a35efafd89c8c60821aa7c6740a638843fb330aba7b5d73879f8854f4678c3d5,ngofs2_regulargrid_v1
noaa_ngofs2_mobile_bay_regulargrid,MODEL,ngofs2_grid_865_994,noaa_ngofs2_mobile_bay_model,Mullet Point,3.0,30.42,-87.94,3.6294734668212425,salinity,20.883319854736328,PSU,surface,0.0,standard_depth_positive_down,model_grid_or_not_applicable,MODEL_WET_GRID_NODE,,2026-10-07T06:00:00+00:00,2026-10-07T06:31:11.819952+00:00,2026-10-07T06:31:11.819952+00:00,UTC,2026-10-06T21:00:00+00:00,forecast,9,https://opendap.co-ops.nos.noaa.gov/thredds/dodsC/NOAA/NGOFS2/MODELS/2026/10/06/ngofs2.t21z.20261006.regulargrid.f009.nc,0.0,a35efafd89c8c60821aa7c6740a638843fb330aba7b5d73879f8854f4678c3d5,ngofs2_regulargrid_v1
noaa_ngofs2_mobile_bay_regulargrid,MODEL,ngofs2_grid_865_994,noaa_ngofs2_mobile_bay_model,Mullet Point,3.0,30.42,-87.94,3.6294734668212425,eastward_current,0.03155780956149101,m/s,bottom,2.0,standard_depth_positive_down,model_grid_or_not_applicable,MODEL_WET_GRID_NODE,,2026-10-07T06:00:00+00:00,2026-10-07T06:31:11.819952+00:00,2026-10-07T06:31:11.819952+00:00,UTC,2026-10-06T21:00:00+00:00,forecast,9,https://opendap.co-ops.nos.noaa.gov/thredds/dodsC/NOAA/NGOFS2/MODELS/2026/10/06/ngofs2.t21z.20261006.regulargrid.f009.nc,0.0,a35efafd89c8c60821aa7c6740a638843fb330aba7b5d73879f8854f4678c3d5,ngofs2_regulargrid_v1
noaa_ngofs2_mobile_bay_regulargrid,MODEL,ngofs2_grid_865_994,noaa_ngofs2_mobile_bay_model,Mullet Point,3.0,30.42,-87.94,3.6294734668212425,northward_current,-0.034788575023412704,m/s,bottom,2.0,standard_depth_positive_down,model_grid_or_not_applicable,MODEL_WET_GRID_NODE,,2026-10-07T06:00:00+00:00,2026-10-07T06:31:11.819952+00:00,2026-10-07T06:31:11.819952+00:00,UTC,2026-10-06T21:00:00+00:00,forecast,9,https://opendap.co-ops.nos.noaa.gov/thredds/dodsC/NOAA/NGOFS2/MODELS/2026/10/06/ngofs2.t21z.20261006.regulargrid.f009.nc,0.0,a35efafd89c8c60821aa7c6740a638843fb330aba7b5d73879f8854f4678c3d5,ngofs2_regulargrid_v1
noaa_ngofs2_mobile_bay_regulargrid,MODEL,ngofs2_grid_865_994,noaa_ngofs2_mobile_bay_model,Mullet Point,3.0,30.42,-87.94,3.6294734668212425,shoreward_current,0.03155780956149101,m/s,bottom,2.0,standard_depth_positive_down,model_grid_or_not_applicable,MODEL_WET_GRID_NODE,,2026-10-07T06:00:00+00:00,2026-10-07T06:31:11.819952+00:00,2026-10-07T06:31:11.819952+00:00,UTC,2026-10-06T21:00:00+00:00,forecast,9,https://opendap.co-ops.nos.noaa.gov/thredds/dodsC/NOAA/NGOFS2/MODELS/2026/10/06/ngofs2.t21z.20261006.regulargrid.f009.nc,0.0,a35efafd89c8c60821aa7c6740a638843fb330aba7b5d73879f8854f4678c3d5,ngofs2_regulargrid_v1
noaa_ngofs2_mobile_bay_regulargrid,MODEL,ngofs2_grid_865_994,noaa_ngofs2_mobile_bay_model,Mullet Point,3.0,30.42,-87.94,3.6294734668212425,water_temperature,29.000211715698242,degC,bottom,2.0,standard_depth_positive_down,model_grid_or_not_applicable,MODEL_WET_GRID_NODE,,2026-10-07T06:00:00+00:00,2026-10-07T06:31:11.819952+00:00,2026-10-07T06:31:11.819952+00:00,UTC,2026-10-06T21:00:00+00:00,forecast,9,https://opendap.co-ops.nos.noaa.gov/thredds/dodsC/NOAA/NGOFS2/MODELS/2026/10/06/ngofs2.t21z.20261006.regulargrid.f009.nc,0.0,a35efafd89c8c60821aa7c6740a638843fb330aba7b5d73879f8854f4678c3d5,ngofs2_regulargrid_v1
noaa_ngofs2_mobile_bay_regulargrid,MODEL,ngofs2_grid_865_994,noaa_ngofs2_mobile_bay_model,Mullet Point,3.0,30.42,-87.94,3.6294734668212425,salinity,22.101037979125977,PSU,bottom,2.0,standard_depth_positive_down,model_grid_or_not_applicable,MODEL_WET_GRID_NODE,,2026-10-07T06:00:00+00:00,2026-10-07T06:31:11.819952+00:00,2026-10-07T06:31:11.819952+00:00,UTC,2026-10-06T21:00:00+00:00,forecast,9,https://opendap.co-ops.nos.noaa.gov/thredds/dodsC/NOAA/NGOFS2/MODELS/2026/10/06/ngofs2.t21z.20261006.regulargrid.f009.nc,0.0,a35efafd89c8c60821aa7c6740a638843fb330aba7b5d73879f8854f4678c3d5,ngofs2_regulargrid_v1
noaa_ngofs2_mobile_bay_regulargrid,MODEL,ngofs2_grid_865_994,noaa_ngofs2_mobile_bay_model,Mullet Point,3.0,30.42,-87.94,3.6294734668212425,water_surface_elevation,0.2228376865386963,m,surface,0.0,surface,model_mean_sea_level,MODEL_WET_GRID_NODE,,2026-10-07T06:00:00+00:00,2026-10-07T06:31:11.819952+00:00,2026-10-07T06:31:11.819952+00:00,UTC,2026-10-06T21:00:00+00:00,forecast,9,https://opendap.co-ops.nos.noaa.gov/thredds/dodsC/NOAA/NGOFS2/MODELS/2026/10/06/ngofs2.t21z.20261006.regulargrid.f009.nc,0.0,a35efafd89c8c60821aa7c6740a638843fb330aba7b5d73879f8854f4678c3d5,ngofs2_regulargrid_v1
noaa_ngofs2_mobile_bay_regulargrid,MODEL,ngofs2_grid_883_996,noaa_ngofs2_mobile_bay_model,Daphne/May Day,0.25,30.6,-87.91999999999999,2.2672366437253064,eastward_current,0.01920662261545658,m/s,surface,0.0,standard_depth_positive_down,model_grid_or_not_applicable,MODEL_WET_GRID_NODE,,2026-10-07T09:00:00+00:00,2026-10-07T06:31:11.819952+00:00,2026-10-07T06:31:11.819952+00:00,UTC,2026-10-06T21:00:00+00:00,forecast,12,https://opendap.co-ops.nos.noaa.gov/thredds/dodsC/NOAA/NGOFS2/MODELS/2026/10/06/ngofs2.t21z.20261006.regulargrid.f012.nc,0.0,a35efafd89c8c60821aa7c6740a638843fb330aba7b5d73879f8854f4678c3d5,ngofs2_regulargrid_v1
noaa_ngofs2_mobile_bay_regulargrid,MODEL,ngofs2_grid_883_996,noaa_ngofs2_mobile_bay_model,Daphne/May Day,0.25,30.6,-87.91999999999999,2.2672366437253064,northward_current,-0.040997426956892014,m/s,surface,0.0,standard_depth_positive_down,model_grid_or_not_applicable,MODEL_WET_GRID_NODE,,2026-10-07T09:00:00+00:00,2026-10-07T06:31:11.819952+00:00,2026-10-07T06:31:11.819952+00:00,UTC,2026-10-06T21:00:00+00:00,forecast,12,https://opendap.co-ops.nos.noaa.gov/thredds/dodsC/NOAA/NGOFS2/MODELS/2026/10/06/ngofs2.t21z.20261006.regulargrid.f012.nc,0.0,a35efafd89c8c60821aa7c6740a638843fb330aba7b5d73879f8854f4678c3d5,ngofs2_regulargrid_v1
noaa_ngofs2_mobile_bay_regulargrid,MODEL,ngofs2_grid_883_996,noaa_ngofs2_mobile_bay_model,Daphne/May Day,0.25,30.6,-87.91999999999999,2.2672366437253064,shoreward_current,0.019206622615456578,m/s,surface,0.0,standard_depth_positive_down,model_grid_or_not_applicable,MODEL_WET_GRID_NODE,,2026-10-07T09:00:00+00:00,2026-10-07T06:31:11.819952+00:00,2026-10-07T06:31:11.819952+00:00,UTC,2026-10-06T21:00:00+00:00,forecast,12,https://opendap.co-ops.nos.noaa.gov/thredds/dodsC/NOAA/NGOFS2/MODELS/2026/10/06/ngofs2.t21z.20261006.regulargrid.f012.nc,0.0,a35efafd89c8c60821aa7c6740a638843fb330aba7b5d73879f8854f4678c3d5,ngofs2_regulargrid_v1
noaa_ngofs2_mobile_bay_regulargrid,MODEL,ngofs2_grid_883_996,noaa_ngofs2_mobile_bay_model,Daphne/May Day,0.25,30.6,-87.91999999999999,2.2672366437253064,water_temperature,28.523099899291992,degC,surface,0.0,standard_depth_positive_down,model_grid_or_not_applicable,MODEL_WET_GRID_NODE,,2026-10-07T09:00:00+00:00,2026-10-07T06:31:11.819952+00:00,2026-10-07T06:31:11.819952+00:00,UTC,2026-10-06T21:00:00+00:00,forecast,12,https://opendap.co-ops.nos.noaa.gov/thredds/dodsC/NOAA/NGOFS2/MODELS/2026/10/06/ngofs2.t21z.20261006.regulargrid.f012.nc,0.0,a35efafd89c8c60821aa7c6740a638843fb330aba7b5d73879f8854f4678c3d5,ngofs2_regulargrid_v1
noaa_ngofs2_mobile_bay_regulargrid,MODEL,ngofs2_grid_883_996,noaa_ngofs2_mobile_bay_model,Daphne/May Day,0.25,30.6,-87.91999999999999,2.2672366437253064,salinity,9.864034652709961,PSU,surface,0.0,standard_depth_positive_down,model_grid_or_not_applicable,MODEL_WET_GRID_NODE,,2026-10-07T09:00:00+00:00,2026-10-07T06:31:11.819952+00:00,2026-10-07T06:31:11.819952+00:00,UTC,2026-10-06T21:00:00+00:00,forecast,12,https://opendap.co-ops.nos.noaa.gov/thredds/dodsC/NOAA/NGOFS2/MODELS/2026/10/06/ngofs2.t21z.20261006.regulargrid.f012.nc,0.0,a35efafd89c8c60821aa7c6740a638843fb330aba7b5d73879f8854f4678c3d5,ngofs2_regulargrid_v1
noaa_ngofs2_mobile_bay_regulargrid,MODEL,ngofs2_grid_883_996,noaa_ngofs2_mobile_bay_model,Daphne/May Day,0.25,30.6,-87.91999999999999,2.2672366437253064,eastward_current,0.03502235934138298,m/s,bottom,2.0,standard_depth_positive_down,model_grid_or_not_applicable,MODEL_WET_GRID_NODE,,2026-10-07T09:00:00+00:00,2026-10-07T06:31:11.819952+00:00,2026-10-07T06:31:11.819952+00:00,UTC,2026-10-06T21:00:00+00:00,forecast,12,https://opendap.co-ops.nos.noaa.gov/thredds/dodsC/NOAA/NGOFS2/MODELS/2026/10/06/ngofs2.t21z.20261006.regulargrid.f012.nc,0.0,a35efafd89c8c60821aa7c6740a638843fb330aba7b5d73879f8854f4678c3d5,ngofs2_regulargrid_v1
noaa_ngofs2_mobile_bay_regulargrid,MODEL,ngofs2_grid_883_996,noaa_ngofs2_mobile_bay_model,Daphne/May Day,0.25,30.6,-87.91999999999999,2.2672366437253064,northward_current,0.04093030467629433,m/s,bottom,2.0,standard_depth_positive_down,model_grid_or_not_applicable,MODEL_WET_GRID_NODE,,2026-10-07T09:00:00+00:00,2026-10-07T06:31:11.819952+00:00,2026-10-07T06:31:11.819952+00:00,UTC,2026-10-06T21:00:00+00:00,forecast,12,https://opendap.co-ops.nos.noaa.gov/thredds/dodsC/NOAA/NGOFS2/MODELS/2026/10/06/ngofs2.t21z.20261006.regulargrid.f012.nc,0.0,a35efafd89c8c60821aa7c6740a638843fb330aba7b5d73879f8854f4678c3d5,ngofs2_regulargrid_v1
noaa_ngofs2_mobile_bay_regulargrid,MODEL,ngofs2_grid_883_996,noaa_ngofs2_mobile_bay_model,Daphne/May Day,0.25,30.6,-87.91999999999999,2.2672366437253064,shoreward_current,0.03502235934138298,m/s,bottom,2.0,standard_depth_positive_down,model_grid_or_not_applicable,MODEL_WET_GRID_NODE,,2026-10-07T09:00:00+00:00,2026-10-07T06:31:11.819952+00:00,2026-10-07T06:31:11.819952+00:00,UTC,2026-10-06T21:00:00+00:00,forecast,12,https://opendap.co-ops.nos.noaa.gov/thredds/dodsC/NOAA/NGOFS2/MODELS/2026/10/06/ngofs2.t21z.20261006.regulargrid.f012.nc,0.0,a35efafd89c8c60821aa7c6740a638843fb330aba7b5d73879f8854f4678c3d5,ngofs2_regulargrid_v1
noaa_ngofs2_mobile_bay_regulargrid,MODEL,ngofs2_grid_883_996,noaa_ngofs2_mobile_bay_model,Daphne/May Day,0.25,30.6,-87.91999999999999,2.2672366437253064,water_temperature,29.42901611328125,degC,bottom,2.0,standard_depth_positive_down,model_grid_or_not_applicable,MODEL_WET_GRID_NODE,,2026-10-07T09:00:00+00:00,2026-10-07T06:31:11.819952+00:00,2026-10-07T06:31:11.819952+00:00,UTC,2026-10-06T21:00:00+00:00,forecast,12,https://opendap.co-ops.nos.noaa.gov/thredds/dodsC/NOAA/NGOFS2/MODELS/2026/10/06/ngofs2.t21z.20261006.regulargrid.f012.nc,0.0,a35efafd89c8c60821aa7c6740a638843fb330aba7b5d73879f8854f4678c3d5,ngofs2_regulargrid_v1
noaa_ngofs2_mobile_bay_regulargrid,MODEL,ngofs2_grid_883_996,noaa_ngofs2_mobile_bay_model,Daphne/May Day,0.25,30.6,-87.91999999999999,2.2672366437253064,salinity,11.35511302947998,PSU,bottom,2.0,standard_depth_positive_down,model_grid_or_not_applicable,MODEL_WET_GRID_NODE,,2026-10-07T09:00:00+00:00,2026-10-07T06:31:11.819952+00:00,2026-10-07T06:31:11.819952+00:00,UTC,2026-10-06T21:00:00+00:00,forecast,12,https://opendap.co-ops.nos.noaa.gov/thredds/dodsC/NOAA/NGOFS2/MODELS/2026/10/06/ngofs2.t21z.20261006.regulargrid.f012.nc,0.0,a35efafd89c8c60821aa7c6740a638843fb330aba7b5d73879f8854f4678c3d5,ngofs2_regulargrid_v1
noaa_ngofs2_mobile_bay_regulargrid,MODEL,ngofs2_grid_883_996,noaa_ngofs2_mobile_bay_model,Daphne/May Day,0.25,30.6,-87.91999999999999,2.2672366437253064,water_surface_elevation,0.1830337643623352,m,surface,0.0,surface,model_mean_sea_level,MODEL_WET_GRID_NODE,,2026-10-07T09:00:00+00:00,2026-10-07T06:31:11.819952+00:00,2026-10-07T06:31:11.819952+00:00,UTC,2026-10-06T21:00:00+00:00,forecast,12,https://opendap.co-ops.nos.noaa.gov/thredds/dodsC/NOAA/NGOFS2/MODELS/2026/10/06/ngofs2.t21z.20261006.regulargrid.f012.nc,0.0,a35efafd89c8c60821aa7c6740a638843fb330aba7b5d73879f8854f4678c3d5,ngofs2_regulargrid_v1
noaa_ngofs2_mobile_bay_regulargrid,MODEL,ngofs2_grid_883_995,noaa_ngofs2_mobile_bay_model,Daphne/May Day,0.75,30.6,-87.92999999999999,2.3878223836243047,eastward_current,0.005543182138353586,m/s,surface,0.0,standard_depth_positive_down,model_grid_or_not_applicable,MODEL_WET_GRID_NODE,,2026-10-07T09:00:00+00:00,2026-10-07T06:31:11.819952+00:00,2026-10-07T06:31:11.819952+00:00,UTC,2026-10-06T21:00:00+00:00,forecast,12,https://opendap.co-ops.nos.noaa.gov/thredds/dodsC/NOAA/NGOFS2/MODELS/2026/10/06/ngofs2.t21z.20261006.regulargrid.f012.nc,0.0,a35efafd89c8c60821aa7c6740a638843fb330aba7b5d73879f8854f4678c3d5,ngofs2_regulargrid_v1
noaa_ngofs2_mobile_bay_regulargrid,MODEL,ngofs2_grid_883_995,noaa_ngofs2_mobile_bay_model,Daphne/May Day,0.75,30.6,-87.92999999999999,2.3878223836243047,northward_current,-0.08868288993835449,m/s,surface,0.0,standard_depth_positive_down,model_grid_or_not_applicable,MODEL_WET_GRID_NODE,,2026-10-07T09:00:00+00:00,2026-10-07T06:31:11.819952+00:00,2026-10-07T06:31:11.819952+00:00,UTC,2026-10-06T21:00:00+00:00,forecast,12,https://opendap.co-ops.nos.noaa.gov/thredds/dodsC/NOAA/NGOFS2/MODELS/2026/10/06/ngofs2.t21z.20261006.regulargrid.f012.nc,0.0,a35efafd89c8c60821aa7c6740a638843fb330aba7b5d73879f8854f4678c3d5,ngofs2_regulargrid_v1
noaa_ngofs2_mobile_bay_regulargrid,MODEL,ngofs2_grid_883_995,noaa_ngofs2_mobile_bay_model,Daphne/May Day,0.75,30.6,-87.92999999999999,2.3878223836243047,shoreward_current,0.005543182138353581,m/s,surface,0.0,standard_depth_positive_down,model_grid_or_not_applicable,MODEL_WET_GRID_NODE,,2026-10-07T09:00:00+00:00,2026-10-07T06:31:11.819952+00:00,2026-10-07T06:31:11.819952+00:00,UTC,2026-10-06T21:00:00+00:00,forecast,12,https://opendap.co-ops.nos.noaa.gov/thredds/dodsC/NOAA/NGOFS2/MODELS/2026/10/06/ngofs2.t21z.20261006.regulargrid.f012.nc,0.0,a35efafd89c8c60821aa7c6740a638843fb330aba7b5d73879f8854f4678c3d5,ngofs2_regulargrid_v1
noaa_ngofs2_mobile_bay_regulargrid,MODEL,ngofs2_grid_883_995,noaa_ngofs2_mobile_bay_model,Daphne/May Day,0.75,30.6,-87.92999999999999,2.3878223836243047,water_temperature,28.42763328552246,degC,surface,0.0,standard_depth_positive_down,model_grid_or_not_applicable,MODEL_WET_GRID_NODE,,2026-10-07T09:00:00+00:00,2026-10-07T06:31:11.819952+00:00,2026-10-07T06:31:11.819952+00:00,UTC,2026-10-06T21:00:00+00:00,forecast,12,https://opendap.co-ops.nos.noaa.gov/thredds/dodsC/NOAA/NGOFS2/MODELS/2026/10/06/ngofs2.t21z.20261006.regulargrid.f012.nc,0.0,a35efafd89c8c60821aa7c6740a638843fb330aba7b5d73879f8854f4678c3d5,ngofs2_regulargrid_v1
noaa_ngofs2_mobile_bay_regulargrid,MODEL,ngofs2_grid_883_995,noaa_ngofs2_mobile_bay_model,Daphne/May Day,0.75,30.6,-87.92999999999999,2.3878223836243047,salinity,8.95653247833252,PSU,surface,0.0,standard_depth_positive_down,model_grid_or_not_applicable,MODEL_WET_GRID_NODE,,2026-10-07T09:00:00+00:00,2026-10-07T06:31:11.819952+00:00,2026-10-07T06:31:11.819952+00:00,UTC,2026-10-06T21:00:00+00:00,forecast,12,https://opendap.co-ops.nos.noaa.gov/thredds/dodsC/NOAA/NGOFS2/MODELS/2026/10/06/ngofs2.t21z.20261006.regulargrid.f012.nc,0.0,a35efafd89c8c60821aa7c6740a638843fb330aba7b5d73879f8854f4678c3d5,ngofs2_regulargrid_v1
noaa_ngofs2_mobile_bay_regulargrid,MODEL,ngofs2_grid_883_995,noaa_ngofs2_mobile_bay_model,Daphne/May Day,0.75,30.6,-87.92999999999999,2.3878223836243047,eastward_current,0.0435020737349987,m/s,bottom,2.0,standard_depth_positive_down,model_grid_or_not_applicable,MODEL_WET_GRID_NODE,,2026-10-07T09:00:00+00:00,2026-10-07T06:31:11.819952+00:00,2026-10-07T06:31:11.819952+00:00,UTC,2026-10-06T21:00:00+00:00,forecast,12,https://opendap.co-ops.nos.noaa.gov/thredds/dodsC/NOAA/NGOFS2/MODELS/2026/10/06/ngofs2.t21z.20261006.regulargrid.f012.nc,0.0,a35efafd89c8c60821aa7c6740a638843fb330aba7b5d73879f8854f4678c3d5,ngofs2_regulargrid_v1
noaa_ngofs2_mobile_bay_regulargrid,MODEL,ngofs2_grid_883_995,noaa_ngofs2_mobile_bay_model,Daphne/May Day,0.75,30.6,-87.92999999999999,2.3878223836243047,northward_current,0.039215635508298874,m/s,bottom,2.0,standard_depth_positive_down,model_grid_or_not_applicable,MODEL_WET_GRID_NODE,,2026-10-07T09:00:00+00:00,2026-10-07T06:31:11.819952+00:00,2026-10-07T06:31:11.819952+00:00,UTC,2026-10-06T21:00:00+00:00,forecast,12,https://opendap.co-ops.nos.noaa.gov/thredds/dodsC/NOAA/NGOFS2/MODELS/2026/10/06/ngofs2.t21z.20261006.regulargrid.f012.nc,0.0,a35efafd89c8c60821aa7c6740a638843fb330aba7b5d73879f8854f4678c3d5,ngofs2_regulargrid_v1
noaa_ngofs2_mobile_bay_regulargrid,MODEL,ngofs2_grid_883_995,noaa_ngofs2_mobile_bay_model,Daphne/May Day,0.75,30.6,-87.92999999999999,2.3878223836243047,shoreward_current,0.0435020737349987,m/s,bottom,2.0,standard_depth_positive_down,model_grid_or_not_applicable,MODEL_WET_GRID_NODE,,2026-10-07T09:00:00+00:00,2026-10-07T06:31:11.819952+00:00,2026-10-07T06:31:11.819952+00:00,UTC,2026-10-06T21:00:00+00:00,forecast,12,https://opendap.co-ops.nos.noaa.gov/thredds/dodsC/NOAA/NGOFS2/MODELS/2026/10/06/ngofs2.t21z.20261006.regulargrid.f012.nc,0.0,a35efafd89c8c60821aa7c6740a638843fb330aba7b5d73879f8854f4678c3d5,ngofs2_regulargrid_v1
noaa_ngofs2_mobile_bay_regulargrid,MODEL,ngofs2_grid_883_995,noaa_ngofs2_mobile_bay_model,Daphne/May Day,0.75,30.6,-87.92999999999999,2.3878223836243047,water_temperature,29.342628479003906,degC,bottom,2.0,standard_depth_positive_down,model_grid_or_not_applicable,MODEL_WET_GRID_NODE,,2026-10-07T09:00:00+00:00,2026-10-07T06:31:11.819952+00:00,2026-10-07T06:31:11.819952+00:00,UTC,2026-10-06T21:00:00+00:00,forecast,12,https://opendap.co-ops.nos.noaa.gov/thredds/dodsC/NOAA/NGOFS2/MODELS/2026/10/06/ngofs2.t21z.20261006.regulargrid.f012.nc,0.0,a35efafd89c8c60821aa7c6740a638843fb330aba7b5d73879f8854f4678c3d5,ngofs2_regulargrid_v1
noaa_ngofs2_mobile_bay_regulargrid,MODEL,ngofs2_grid_883_995,noaa_ngofs2_mobile_bay_model,Daphne/May Day,0.75,30.6,-87.92999999999999,2.3878223836243047,salinity,11.07667064666748,PSU,bottom,2.0,standard_depth_positive_down,model_grid_or_not_applicable,MODEL_WET_GRID_NODE,,2026-10-07T09:00:00+00:00,2026-10-07T06:31:11.819952+00:00,2026-10-07T06:31:11.819952+00:00,UTC,2026-10-06T21:00:00+00:00,forecast,12,https://opendap.co-ops.nos.noaa.gov/thredds/dodsC/NOAA/NGOFS2/MODELS/2026/10/06/ngofs2.t21z.20261006.regulargrid.f012.nc,0.0,a35efafd89c8c60821aa7c6740a638843fb330aba7b5d73879f8854f4678c3d5,ngofs2_regulargrid_v1
noaa_ngofs2_mobile_bay_regulargrid,MODEL,ngofs2_grid_883_995,noaa_ngofs2_mobile_bay_model,Daphne/May Day,0.75,30.6,-87.92999999999999,2.3878223836243047,water_surface_elevation,0.1861843764781952,m,surface,0.0,surface,model_mean_sea_level,MODEL_WET_GRID_NODE,,2026-10-07T09:00:00+00:00,2026-10-07T06:31:11.819952+00:00,2026-10-07T06:31:11.819952+00:00,UTC,2026-10-06T21:00:00+00:00,forecast,12,https://opendap.co-ops.nos.noaa.gov/thredds/dodsC/NOAA/NGOFS2/MODELS/2026/10/06/ngofs2.t21z.20261006.regulargrid.f012.nc,0.0,a35efafd89c8c60821aa7c6740a638843fb330aba7b5d73879f8854f4678c3d5,ngofs2_regulargrid_v1
noaa_ngofs2_mobile_bay_regulargrid,MODEL,ngofs2_grid_882_995,noaa_ngofs2_mobile_bay_model,Daphne/May Day,1.5,30.59,-87.92999999999999,2.7600579039603113,eastward_current,0.011667823418974876,m/s,surface,0.0,standard_depth_positive_down,model_grid_or_not_applicable,MODEL_WET_GRID_NODE,,2026-10-07T09:00:00+00:00,2026-10-07T06:31:11.819952+00:00,2026-10-07T06:31:11.819952+00:00,UTC,2026-10-06T21:00:00+00:00,forecast,12,https://opendap.co-ops.nos.noaa.gov/thredds/dodsC/NOAA/NGOFS2/MODELS/2026/10/06/ngofs2.t21z.20261006.regulargrid.f012.nc,0.0,a35efafd89c8c60821aa7c6740a638843fb330aba7b5d73879f8854f4678c3d5,ngofs2_regulargrid_v1
noaa_ngofs2_mobile_bay_regulargrid,MODEL,ngofs2_grid_882_995,noaa_ngofs2_mobile_bay_model,Daphne/May Day,1.5,30.59,-87.92999999999999,2.7600579039603113,northward_current,-0.08826366811990738,m/s,surface,0.0,standard_depth_positive_down,model_grid_or_not_applicable,MODEL_WET_GRID_NODE,,2026-10-07T09:00:00+00:00,2026-10-07T06:31:11.819952+00:00,2026-10-07T06:31:11.819952+00:00,UTC,2026-10-06T21:00:00+00:00,forecast,12,https://opendap.co-ops.nos.noaa.gov/thredds/dodsC/NOAA/NGOFS2/MODELS/2026/10/06/ngofs2.t21z.20261006.regulargrid.f012.nc,0.0,a35efafd89c8c60821aa7c6740a638843fb330aba7b5d73879f8854f4678c3d5,ngofs2_regulargrid_v1
noaa_ngofs2_mobile_bay_regulargrid,MODEL,ngofs2_grid_882_995,noaa_ngofs2_mobile_bay_model,Daphne/May Day,1.5,30.59,-87.92999999999999,2.7600579039603113,shoreward_current,0.011667823418974871,m/s,surface,0.0,standard_depth_positive_down,model_grid_or_not_applicable,MODEL_WET_GRID_NODE,,2026-10-07T09:00:00+00:00,2026-10-07T06:31:11.819952+00:00,2026-10-07T06:31:11.819952+00:00,UTC,2026-10-06T21:00:00+00:00,forecast,12,https://opendap.co-ops.nos.noaa.gov/thredds/dodsC/NOAA/NGOFS2/MODELS/2026/10/06/ngofs2.t21z.20261006.regulargrid.f012.nc,0.0,a35efafd89c8c60821aa7c6740a638843fb330aba7b5d73879f8854f4678c3d5,ngofs2_regulargrid_v1
noaa_ngofs2_mobile_bay_regulargrid,MODEL,ngofs2_grid_882_995,noaa_ngofs2_mobile_bay_model,Daphne/May Day,1.5,30.59,-87.92999999999999,2.7600579039603113,water_temperature,28.508487701416016,degC,surface,0.0,standard_depth_positive_down,model_grid_or_not_applicable,MODEL_WET_GRID_NODE,,2026-10-07T09:00:00+00:00,2026-10-07T06:31:11.819952+00:00,2026-10-07T06:31:11.819952+00:00,UTC,2026-10-06T21:00:00+00:00,forecast,12,https://opendap.co-ops.nos.noaa.gov/thredds/dodsC/NOAA/NGOFS2/MODELS/2026/10/06/ngofs2.t21z.20261006.regulargrid.f012.nc,0.0,a35efafd89c8c60821aa7c6740a638843fb330aba7b5d73879f8854f4678c3d5,ngofs2_regulargrid_v1
noaa_ngofs2_mobile_bay_regulargrid,MODEL,ngofs2_grid_882_995,noaa_ngofs2_mobile_bay_model,Daphne/May Day,1.5,30.59,-87.92999999999999,2.7600579039603113,salinity,9.98141098022461,PSU,surface,0.0,standard_depth_positive_down,model_grid_or_not_applicable,MODEL_WET_GRID_NODE,,2026-10-07T09:00:00+00:00,2026-10-07T06:31:11.819952+00:00,2026-10-07T06:31:11.819952+00:00,UTC,2026-10-06T21:00:00+00:00,forecast,12,https://opendap.co-ops.nos.noaa.gov/thredds/dodsC/NOAA/NGOFS2/MODELS/2026/10/06/ngofs2.t21z.20261006.regulargrid.f012.nc,0.0,a35efafd89c8c60821aa7c6740a638843fb330aba7b5d73879f8854f4678c3d5,ngofs2_regulargrid_v1
noaa_ngofs2_mobile_bay_regulargrid,MODEL,ngofs2_grid_882_995,noaa_ngofs2_mobile_bay_model,Daphne/May Day,1.5,30.59,-87.92999999999999,2.7600579039603113,eastward_current,0.07684564590454102,m/s,bottom,2.0,standard_depth_positive_down,model_grid_or_not_applicable,MODEL_WET_GRID_NODE,,2026-10-07T09:00:00+00:00,2026-10-07T06:31:11.819952+00:00,2026-10-07T06:31:11.819952+00:00,UTC,2026-10-06T21:00:00+00:00,forecast,12,https://opendap.co-ops.nos.noaa.gov/thredds/dodsC/NOAA/NGOFS2/MODELS/2026/10/06/ngofs2.t21z.20261006.regulargrid.f012.nc,0.0,a35efafd89c8c60821aa7c6740a638843fb330aba7b5d73879f8854f4678c3d5,ngofs2_regulargrid_v1
noaa_ngofs2_mobile_bay_regulargrid,MODEL,ngofs2_grid_882_995,noaa_ngofs2_mobile_bay_model,Daphne/May Day,1.5,30.59,-87.92999999999999,2.7600579039603113,northward_current,0.03514972701668739,m/s,bottom,2.0,standard_depth_positive_down,model_grid_or_not_applicable,MODEL_WET_GRID_NODE,,2026-10-07T09:00:00+00:00,2026-10-07T06:31:11.819952+00:00,2026-10-07T06:31:11.819952+00:00,UTC,2026-10-06T21:00:00+00:00,forecast,12,https://opendap.co-ops.nos.noaa.gov/thredds/dodsC/NOAA/NGOFS2/MODELS/2026/10/06/ngofs2.t21z.20261006.regulargrid.f012.nc,0.0,a35efafd89c8c60821aa7c6740a638843fb330aba7b5d73879f8854f4678c3d5,ngofs2_regulargrid_v1
noaa_ngofs2_mobile_bay_regulargrid,MODEL,ngofs2_grid_882_995,noaa_ngofs2_mobile_bay_model,Daphne/May Day,1.5,30.59,-87.92999999999999,2.7600579039603113,shoreward_current,0.07684564590454102,m/s,bottom,2.0,standard_depth_positive_down,model_grid_or_not_applicable,MODEL_WET_GRID_NODE,,2026-10-07T09:00:00+00:00,2026-10-07T06:31:11.819952+00:00,2026-10-07T06:31:11.819952+00:00,UTC,2026-10-06T21:00:00+00:00,forecast,12,https://opendap.co-ops.nos.noaa.gov/thredds/dodsC/NOAA/NGOFS2/MODELS/2026/10/06/ngofs2.t21z.20261006.regulargrid.f012.nc,0.0,a35efafd89c8c60821aa7c6740a638843fb330aba7b5d73879f8854f4678c3d5,ngofs2_regulargrid_v1
noaa_ngofs2_mobile_bay_regulargrid,MODEL,ngofs2_grid_882_995,noaa_ngofs2_mobile_bay_model,Daphne/May Day,1.5,30.59,-87.92999999999999,2.7600579039603113,water_temperature,29.280256271362305,degC,bottom,2.0,standard_depth_positive_down,model_grid_or_not_applicable,MODEL_WET_GRID_NODE,,2026-10-07T09:00:00+00:00,2026-10-07T06:31:11.819952+00:00,2026-10-07T06:31:11.819952+00:00,UTC,2026-10-06T21:00:00+00:00,forecast,12,https://opendap.co-ops.nos.noaa.gov/thredds/dodsC/NOAA/NGOFS2/MODELS/2026/10/06/ngofs2.t21z.20261006.regulargrid.f012.nc,0.0,a35efafd89c8c60821aa7c6740a638843fb330aba7b5d73879f8854f4678c3d5,ngofs2_regulargrid_v1
noaa_ngofs2_mobile_bay_regulargrid,MODEL,ngofs2_grid_882_995,noaa_ngofs2_mobile_bay_model,Daphne/May Day,1.5,30.59,-87.92999999999999,2.7600579039603113,salinity,11.866984367370605,PSU,bottom,2.0,standard_depth_positive_down,model_grid_or_not_applicable,MODEL_WET_GRID_NODE,,2026-10-07T09:00:00+00:00,2026-10-07T06:31:11.819952+00:00,2026-10-07T06:31:11.819952+00:00,UTC,2026-10-06T21:00:00+00:00,forecast,12,https://opendap.co-ops.nos.noaa.gov/thredds/dodsC/NOAA/NGOFS2/MODELS/2026/10/06/ngofs2.t21z.20261006.regulargrid.f012.nc,0.0,a35efafd89c8c60821aa7c6740a638843fb330aba7b5d73879f8854f4678c3d5,ngofs2_regulargrid_v1
noaa_ngofs2_mobile_bay_regulargrid,MODEL,ngofs2_grid_882_995,noaa_ngofs2_mobile_bay_model,Daphne/May Day,1.5,30.59,-87.92999999999999,2.7600579039603113,water_surface_elevation,0.18771396577358246,m,surface,0.0,surface,model_mean_sea_level,MODEL_WET_GRID_NODE,,2026-10-07T09:00:00+00:00,2026-10-07T06:31:11.819952+00:00,2026-10-07T06:31:11.819952+00:00,UTC,2026-10-06T21:00:00+00:00,forecast,12,https://opendap.co-ops.nos.noaa.gov/thredds/dodsC/NOAA/NGOFS2/MODELS/2026/10/06/ngofs2.t21z.20261006.regulargrid.f012.nc,0.0,a35efafd89c8c60821aa7c6740a638843fb330aba7b5d73879f8854f4678c3d5,ngofs2_regulargrid_v1
noaa_ngofs2_mobile_bay_regulargrid,MODEL,ngofs2_grid_883_994,noaa_ngofs2_mobile_bay_model,Daphne/May Day,3.0,30.6,-87.94,2.3371018155435084,eastward_current,0.008728873915970325,m/s,surface,0.0,standard_depth_positive_down,model_grid_or_not_applicable,MODEL_WET_GRID_NODE,,2026-10-07T09:00:00+00:00,2026-10-07T06:31:11.819952+00:00,2026-10-07T06:31:11.819952+00:00,UTC,2026-10-06T21:00:00+00:00,forecast,12,https://opendap.co-ops.nos.noaa.gov/thredds/dodsC/NOAA/NGOFS2/MODELS/2026/10/06/ngofs2.t21z.20261006.regulargrid.f012.nc,0.0,a35efafd89c8c60821aa7c6740a638843fb330aba7b5d73879f8854f4678c3d5,ngofs2_regulargrid_v1
noaa_ngofs2_mobile_bay_regulargrid,MODEL,ngofs2_grid_883_994,noaa_ngofs2_mobile_bay_model,Daphne/May Day,3.0,30.6,-87.94,2.3371018155435084,northward_current,-0.12529753148555756,m/s,surface,0.0,standard_depth_positive_down,model_grid_or_not_applicable,MODEL_WET_GRID_NODE,,2026-10-07T09:00:00+00:00,2026-10-07T06:31:11.819952+00:00,2026-10-07T06:31:11.819952+00:00,UTC,2026-10-06T21:00:00+00:00,forecast,12,https://opendap.co-ops.nos.noaa.gov/thredds/dodsC/NOAA/NGOFS2/MODELS/2026/10/06/ngofs2.t21z.20261006.regulargrid.f012.nc,0.0,a35efafd89c8c60821aa7c6740a638843fb330aba7b5d73879f8854f4678c3d5,ngofs2_regulargrid_v1
noaa_ngofs2_mobile_bay_regulargrid,MODEL,ngofs2_grid_883_994,noaa_ngofs2_mobile_bay_model,Daphne/May Day,3.0,30.6,-87.94,2.3371018155435084,shoreward_current,0.008728873915970319,m/s,surface,0.0,standard_depth_positive_down,model_grid_or_not_applicable,MODEL_WET_GRID_NODE,,2026-10-07T09:00:00+00:00,2026-10-07T06:31:11.819952+00:00,2026-10-07T06:31:11.819952+00:00,UTC,2026-10-06T21:00:00+00:00,forecast,12,https://opendap.co-ops.nos.noaa.gov/thredds/dodsC/NOAA/NGOFS2/MODELS/2026/10/06/ngofs2.t21z.20261006.regulargrid.f012.nc,0.0,a35efafd89c8c60821aa7c6740a638843fb330aba7b5d73879f8854f4678c3d5,ngofs2_regulargrid_v1
noaa_ngofs2_mobile_bay_regulargrid,MODEL,ngofs2_grid_883_994,noaa_ngofs2_mobile_bay_model,Daphne/May Day,3.0,30.6,-87.94,2.3371018155435084,water_temperature,28.384408950805664,degC,surface,0.0,standard_depth_positive_down,model_grid_or_not_applicable,MODEL_WET_GRID_NODE,,2026-10-07T09:00:00+00:00,2026-10-07T06:31:11.819952+00:00,2026-10-07T06:31:11.819952+00:00,UTC,2026-10-06T21:00:00+00:00,forecast,12,https://opendap.co-ops.nos.noaa.gov/thredds/dodsC/NOAA/NGOFS2/MODELS/2026/10/06/ngofs2.t21z.20261006.regulargrid.f012.nc,0.0,a35efafd89c8c60821aa7c6740a638843fb330aba7b5d73879f8854f4678c3d5,ngofs2_regulargrid_v1
noaa_ngofs2_mobile_bay_regulargrid,MODEL,ngofs2_grid_883_994,noaa_ngofs2_mobile_bay_model,Daphne/May Day,3.0,30.6,-87.94,2.3371018155435084,salinity,8.98110294342041,PSU,surface,0.0,standard_depth_positive_down,model_grid_or_not_applicable,MODEL_WET_GRID_NODE,,2026-10-07T09:00:00+00:00,2026-10-07T06:31:11.819952+00:00,2026-10-07T06:31:11.819952+00:00,UTC,2026-10-06T21:00:00+00:00,forecast,12,https://opendap.co-ops.nos.noaa.gov/thredds/dodsC/NOAA/NGOFS2/MODELS/2026/10/06/ngofs2.t21z.20261006.regulargrid.f012.nc,0.0,a35efafd89c8c60821aa7c6740a638843fb330aba7b5d73879f8854f4678c3d5,ngofs2_regulargrid_v1
noaa_ngofs2_mobile_bay_regulargrid,MODEL,ngofs2_grid_883_994,noaa_ngofs2_mobile_bay_model,Daphne/May Day,3.0,30.6,-87.94,2.3371018155435084,eastward_current,0.057647526264190674,m/s,bottom,2.0,standard_depth_positive_down,model_grid_or_not_applicable,MODEL_WET_GRID_NODE,,2026-10-07T09:00:00+00:00,2026-10-07T06:31:11.819952+00:00,2026-10-07T06:31:11.819952+00:00,UTC,2026-10-06T21:00:00+00:00,forecast,12,https://opendap.co-ops.nos.noaa.gov/thredds/dodsC/NOAA/NGOFS2/MODELS/2026/10/06/ngofs2.t21z.20261006.regulargrid.f012.nc,0.0,a35efafd89c8c60821aa7c6740a638843fb330aba7b5d73879f8854f4678c3d5,ngofs2_regulargrid_v1
noaa_ngofs2_mobile_bay_regulargrid,MODEL,ngofs2_grid_883_994,noaa_ngofs2_mobile_bay_model,Daphne/May Day,3.0,30.6,-87.94,2.3371018155435084,northward_current,0.008652587421238422,m/s,bottom,2.0,standard_depth_positive_down,model_grid_or_not_applicable,MODEL_WET_GRID_NODE,,2026-10-07T09:00:00+00:00,2026-10-07T06:31:11.819952+00:00,2026-10-07T06:31:11.819952+00:00,UTC,2026-10-06T21:00:00+00:00,forecast,12,https://opendap.co-ops.nos.noaa.gov/thredds/dodsC/NOAA/NGOFS2/MODELS/2026/10/06/ngofs2.t21z.20261006.regulargrid.f012.nc,0.0,a35efafd89c8c60821aa7c6740a638843fb330aba7b5d73879f8854f4678c3d5,ngofs2_regulargrid_v1
noaa_ngofs2_mobile_bay_regulargrid,MODEL,ngofs2_grid_883_994,noaa_ngofs2_mobile_bay_model,Daphne/May Day,3.0,30.6,-87.94,2.3371018155435084,shoreward_current,0.057647526264190674,m/s,bottom,2.0,standard_depth_positive_down,model_grid_or_not_applicable,MODEL_WET_GRID_NODE,,2026-10-07T09:00:00+00:00,2026-10-07T06:31:11.819952+00:00,2026-10-07T06:31:11.819952+00:00,UTC,2026-10-06T21:00:00+00:00,forecast,12,https://opendap.co-ops.nos.noaa.gov/thredds/dodsC/NOAA/NGOFS2/MODELS/2026/10/06/ngofs2.t21z.20261006.regulargrid.f012.nc,0.0,a35efafd89c8c60821aa7c6740a638843fb330aba7b5d73879f8854f4678c3d5,ngofs2_regulargrid_v1
noaa_ngofs2_mobile_bay_regulargrid,MODEL,ngofs2_grid_883_994,noaa_ngofs2_mobile_bay_model,Daphne/May Day,3.0,30.6,-87.94,2.3371018155435084,water_temperature,29.278902053833008,degC,bottom,2.0,standard_depth_positive_down,model_grid_or_not_applicable,MODEL_WET_GRID_NODE,,2026-10-07T09:00:00+00:00,2026-10-07T06:31:11.819952+00:00,2026-10-07T06:31:11.819952+00:00,UTC,2026-10-06T21:00:00+00:00,forecast,12,https://opendap.co-ops.nos.noaa.gov/thredds/dodsC/NOAA/NGOFS2/MODELS/2026/10/06/ngofs2.t21z.20261006.regulargrid.f012.nc,0.0,a35efafd89c8c60821aa7c6740a638843fb330aba7b5d73879f8854f4678c3d5,ngofs2_regulargrid_v1
noaa_ngofs2_mobile_bay_regulargrid,MODEL,ngofs2_grid_883_994,noaa_ngofs2_mobile_bay_model,Daphne/May Day,3.0,30.6,-87.94,2.3371018155435084,salinity,11.059622764587402,PSU,bottom,2.0,standard_depth_positive_down,model_grid_or_not_applicable,MODEL_WET_GRID_NODE,,2026-10-07T09:00:00+00:00,2026-10-07T06:31:11.819952+00:00,2026-10-07T06:31:11.819952+00:00,UTC,2026-10-06T21:00:00+00:00,forecast,12,https://opendap.co-ops.nos.noaa.gov/thredds/dodsC/NOAA/NGOFS2/MODELS/2026/10/06/ngofs2.t21z.20261006.regulargrid.f012.nc,0.0,a35efafd89c8c60821aa7c6740a638843fb330aba7b5d73879f8854f4678c3d5,ngofs2_regulargrid_v1
noaa_ngofs2_mobile_bay_regulargrid,MODEL,ngofs2_grid_883_994,noaa_ngofs2_mobile_bay_model,Daphne/May Day,3.0,30.6,-87.94,2.3371018155435084,water_surface_elevation,0.18838588893413544,m,surface,0.0,surface,model_mean_sea_level,MODEL_WET_GRID_NODE,,2026-10-07T09:00:00+00:00,2026-10-07T06:31:11.819952+00:00,2026-10-07T06:31:11.819952+00:00,UTC,2026-10-06T21:00:00+00:00,forecast,12,https://opendap.co-ops.nos.noaa.gov/thredds/dodsC/NOAA/NGOFS2/MODELS/2026/10/06/ngofs2.t21z.20261006.regulargrid.f012.nc,0.0,a35efafd89c8c60821aa7c6740a638843fb330aba7b5d73879f8854f4678c3d5,ngofs2_regulargrid_v1
noaa_ngofs2_mobile_bay_regulargrid,MODEL,ngofs2_grid_880_997,noaa_ngofs2_mobile_bay_model,Montrose,0.25,30.57,-87.91,1.790073012681098,eastward_current,0.0267762653529644,m/s,surface,0.0,standard_depth_positive_down,model_grid_or_not_applicable,MODEL_WET_GRID_NODE,,2026-10-07T09:00:00+00:00,2026-10-07T06:31:11.819952+00:00,2026-10-07T06:31:11.819952+00:00,UTC,2026-10-06T21:00:00+00:00,forecast,12,https://opendap.co-ops.nos.noaa.gov/thredds/dodsC/NOAA/NGOFS2/MODELS/2026/10/06/ngofs2.t21z.20261006.regulargrid.f012.nc,0.0,a35efafd89c8c60821aa7c6740a638843fb330aba7b5d73879f8854f4678c3d5,ngofs2_regulargrid_v1
noaa_ngofs2_mobile_bay_regulargrid,MODEL,ngofs2_grid_880_997,noaa_ngofs2_mobile_bay_model,Montrose,0.25,30.57,-87.91,1.790073012681098,northward_current,-0.07856500148773193,m/s,surface,0.0,standard_depth_positive_down,model_grid_or_not_applicable,MODEL_WET_GRID_NODE,,2026-10-07T09:00:00+00:00,2026-10-07T06:31:11.819952+00:00,2026-10-07T06:31:11.819952+00:00,UTC,2026-10-06T21:00:00+00:00,forecast,12,https://opendap.co-ops.nos.noaa.gov/thredds/dodsC/NOAA/NGOFS2/MODELS/2026/10/06/ngofs2.t21z.20261006.regulargrid.f012.nc,0.0,a35efafd89c8c60821aa7c6740a638843fb330aba7b5d73879f8854f4678c3d5,ngofs2_regulargrid_v1
noaa_ngofs2_mobile_bay_regulargrid,MODEL,ngofs2_grid_880_997,noaa_ngofs2_mobile_bay_model,Montrose,0.25,30.57,-87.91,1.790073012681098,shoreward_current,0.026776265352964398,m/s,surface,0.0,standard_depth_positive_down,model_grid_or_not_applicable,MODEL_WET_GRID_NODE,,2026-10-07T09:00:00+00:00,2026-10-07T06:31:11.819952+00:00,2026-10-07T06:31:11.819952+00:00,UTC,2026-10-06T21:00:00+00:00,forecast,12,https://opendap.co-ops.nos.noaa.gov/thredds/dodsC/NOAA/NGOFS2/MODELS/2026/10/06/ngofs2.t21z.20261006.regulargrid.f012.nc,0.0,a35efafd89c8c60821aa7c6740a638843fb330aba7b5d73879f8854f4678c3d5,ngofs2_regulargrid_v1
noaa_ngofs2_mobile_bay_regulargrid,MODEL,ngofs2_grid_880_997,noaa_ngofs2_mobile_bay_model,Montrose,0.25,30.57,-87.91,1.790073012681098,water_temperature,28.867509841918945,degC,surface,0.0,standard_depth_positive_down,model_grid_or_not_applicable,MODEL_WET_GRID_NODE,,2026-10-07T09:00:00+00:00,2026-10-07T06:31:11.819952+00:00,2026-10-07T06:31:11.819952+00:00,UTC,2026-10-06T21:00:00+00:00,forecast,12,https://opendap.co-ops.nos.noaa.gov/thredds/dodsC/NOAA/NGOFS2/MODELS/2026/10/06/ngofs2.t21z.20261006.regulargrid.f012.nc,0.0,a35efafd89c8c60821aa7c6740a638843fb330aba7b5d73879f8854f4678c3d5,ngofs2_regulargrid_v1
noaa_ngofs2_mobile_bay_regulargrid,MODEL,ngofs2_grid_880_997,noaa_ngofs2_mobile_bay_model,Montrose,0.25,30.57,-87.91,1.790073012681098,salinity,12.512951850891113,PSU,surface,0.0,standard_depth_positive_down,model_grid_or_not_applicable,MODEL_WET_GRID_NODE,,2026-10-07T09:00:00+00:00,2026-10-07T06:31:11.819952+00:00,2026-10-07T06:31:11.819952+00:00,UTC,2026-10-06T21:00:00+00:00,forecast,12,https://opendap.co-ops.nos.noaa.gov/thredds/dodsC/NOAA/NGOFS2/MODELS/2026/10/06/ngofs2.t21z.20261006.regulargrid.f012.nc,0.0,a35efafd89c8c60821aa7c6740a638843fb330aba7b5d73879f8854f4678c3d5,ngofs2_regulargrid_v1
noaa_ngofs2_mobile_bay_regulargrid,MODEL,ngofs2_grid_880_997,noaa_ngofs2_mobile_bay_model,Montrose,0.25,30.57,-87.91,1.790073012681098,eastward_current,0.03124500997364521,m/s,bottom,1.0,standard_depth_positive_down,model_grid_or_not_applicable,MODEL_WET_GRID_NODE,,2026-10-07T09:00:00+00:00,2026-10-07T06:31:11.819952+00:00,2026-10-07T06:31:11.819952+00:00,UTC,2026-10-06T21:00:00+00:00,forecast,12,https://opendap.co-ops.nos.noaa.gov/thredds/dodsC/NOAA/NGOFS2/MODELS/2026/10/06/ngofs2.t21z.20261006.regulargrid.f012.nc,0.0,a35efafd89c8c60821aa7c6740a638843fb330aba7b5d73879f8854f4678c3d5,ngofs2_regulargrid_v1
noaa_ngofs2_mobile_bay_regulargrid,MODEL,ngofs2_grid_880_997,noaa_ngofs2_mobile_bay_model,Montrose,0.25,30.57,-87.91,1.790073012681098,northward_current,-0.056252315640449524,m/s,bottom,1.0,standard_depth_positive_down,model_grid_or_not_applicable,MODEL_WET_GRID_NODE,,2026-10-07T09:00:00+00:00,2026-10-07T06:31:11.819952+00:00,2026-10-07T06:31:11.819952+00:00,UTC,2026-10-06T21:00:00+00:00,forecast,12,https://opendap.co-ops.nos.noaa.gov/thredds/dodsC/NOAA/NGOFS2/MODELS/2026/10/06/ngofs2.t21z.20261006.regulargrid.f012.nc,0.0,a35efafd89c8c60821aa7c6740a638843fb330aba7b5d73879f8854f4678c3d5,ngofs2_regulargrid_v1
noaa_ngofs2_mobile_bay_regulargrid,MODEL,ngofs2_grid_880_997,noaa_ngofs2_mobile_bay_model,Montrose,0.25,30.57,-87.91,1.790073012681098,shoreward_current,0.031245009973645207,m/s,bottom,1.0,standard_depth_positive_down,model_grid_or_not_applicable,MODEL_WET_GRID_NODE,,2026-10-07T09:00:00+00:00,2026-10-07T06:31:11.819952+00:00,2026-10-07T06:31:11.819952+00:00,UTC,2026-10-06T21:00:00+00:00,forecast,12,https://opendap.co-ops.nos.noaa.gov/thredds/dodsC/NOAA/NGOFS2/MODELS/2026/10/06/ngofs2.t21z.20261006.regulargrid.f012.nc,0.0,a35efafd89c8c60821aa7c6740a638843fb330aba7b5d73879f8854f4678c3d5,ngofs2_regulargrid_v1
noaa_ngofs2_mobile_bay_regulargrid,MODEL,ngofs2_grid_880_997,noaa_ngofs2_mobile_bay_model,Montrose,0.25,30.57,-87.91,1.790073012681098,water_temperature,29.02665901184082,degC,bottom,1.0,standard_depth_positive_down,model_grid_or_not_applicable,MODEL_WET_GRID_NODE,,2026-10-07T09:00:00+00:00,2026-10-07T06:31:11.819952+00:00,2026-10-07T06:31:11.819952+00:00,UTC,2026-10-06T21:00:00+00:00,forecast,12,https://opendap.co-ops.nos.noaa.gov/thredds/dodsC/NOAA/NGOFS2/MODELS/2026/10/06/ngofs2.t21z.20261006.regulargrid.f012.nc,0.0,a35efafd89c8c60821aa7c6740a638843fb330aba7b5d73879f8854f4678c3d5,ngofs2_regulargrid_v1
noaa_ngofs2_mobile_bay_regulargrid,MODEL,ngofs2_grid_880_997,noaa_ngofs2_mobile_bay_model,Montrose,0.25,30.57,-87.91,1.790073012681098,salinity,12.651754379272461,PSU,bottom,1.0,standard_depth_positive_down,model_grid_or_not_applicable,MODEL_WET_GRID_NODE,,2026-10-07T09:00:00+00:00,2026-10-07T06:31:11.819952+00:00,2026-10-07T06:31:11.819952+00:00,UTC,2026-10-06T21:00:00+00:00,forecast,12,https://opendap.co-ops.nos.noaa.gov/thredds/dodsC/NOAA/NGOFS2/MODELS/2026/10/06/ngofs2.t21z.20261006.regulargrid.f012.nc,0.0,a35efafd89c8c60821aa7c6740a638843fb330aba7b5d73879f8854f4678c3d5,ngofs2_regulargrid_v1
noaa_ngofs2_mobile_bay_regulargrid,MODEL,ngofs2_grid_880_997,noaa_ngofs2_mobile_bay_model,Montrose,0.25,30.57,-87.91,1.790073012681098,water_surface_elevation,0.18601170182228088,m,surface,0.0,surface,model_mean_sea_level,MODEL_WET_GRID_NODE,,2026-10-07T09:00:00+00:00,2026-10-07T06:31:11.819952+00:00,2026-10-07T06:31:11.819952+00:00,UTC,2026-10-06T21:00:00+00:00,forecast,12,https://opendap.co-ops.nos.noaa.gov/thredds/dodsC/NOAA/NGOFS2/MODELS/2026/10/06/ngofs2.t21z.20261006.regulargrid.f012.nc,0.0,a35efafd89c8c60821aa7c6740a638843fb330aba7b5d73879f8854f4678c3d5,ngofs2_regulargrid_v1
noaa_ngofs2_mobile_bay_regulargrid,MODEL,ngofs2_grid_879_997,noaa_ngofs2_mobile_bay_model,Montrose,0.75,30.560000000000002,-87.91,2.558887792657144,eastward_current,-0.0052527314983308315,m/s,surface,0.0,standard_depth_positive_down,model_grid_or_not_applicable,MODEL_WET_GRID_NODE,,2026-10-07T09:00:00+00:00,2026-10-07T06:31:11.819952+00:00,2026-10-07T06:31:11.819952+00:00,UTC,2026-10-06T21:00:00+00:00,forecast,12,https://opendap.co-ops.nos.noaa.gov/thredds/dodsC/NOAA/NGOFS2/MODELS/2026/10/06/ngofs2.t21z.20261006.regulargrid.f012.nc,0.0,a35efafd89c8c60821aa7c6740a638843fb330aba7b5d73879f8854f4678c3d5,ngofs2_regulargrid_v1
noaa_ngofs2_mobile_bay_regulargrid,MODEL,ngofs2_grid_879_997,noaa_ngofs2_mobile_bay_model,Montrose,0.75,30.560000000000002,-87.91,2.558887792657144,northward_current,-0.09031245112419128,m/s,surface,0.0,standard_depth_positive_down,model_grid_or_not_applicable,MODEL_WET_GRID_NODE,,2026-10-07T09:00:00+00:00,2026-10-07T06:31:11.819952+00:00,2026-10-07T06:31:11.819952+00:00,UTC,2026-10-06T21:00:00+00:00,forecast,12,https://opendap.co-ops.nos.noaa.gov/thredds/dodsC/NOAA/NGOFS2/MODELS/2026/10/06/ngofs2.t21z.20261006.regulargrid.f012.nc,0.0,a35efafd89c8c60821aa7c6740a638843fb330aba7b5d73879f8854f4678c3d5,ngofs2_regulargrid_v1
noaa_ngofs2_mobile_bay_regulargrid,MODEL,ngofs2_grid_879_997,noaa_ngofs2_mobile_bay_model,Montrose,0.75,30.560000000000002,-87.91,2.558887792657144,shoreward_current,-0.005252731498330837,m/s,surface,0.0,standard_depth_positive_down,model_grid_or_not_applicable,MODEL_WET_GRID_NODE,,2026-10-07T09:00:00+00:00,2026-10-07T06:31:11.819952+00:00,2026-10-07T06:31:11.819952+00:00,UTC,2026-10-06T21:00:00+00:00,forecast,12,https://opendap.co-ops.nos.noaa.gov/thredds/dodsC/NOAA/NGOFS2/MODELS/2026/10/06/ngofs2.t21z.20261006.regulargrid.f012.nc,0.0,a35efafd89c8c60821aa7c6740a638843fb330aba7b5d73879f8854f4678c3d5,ngofs2_regulargrid_v1
noaa_ngofs2_mobile_bay_regulargrid,MODEL,ngofs2_grid_879_997,noaa_ngofs2_mobile_bay_model,Montrose,0.75,30.560000000000002,-87.91,2.558887792657144,water_temperature,28.978532791137695,degC,surface,0.0,standard_depth_positive_down,model_grid_or_not_applicable,MODEL_WET_GRID_NODE,,2026-10-07T09:00:00+00:00,2026-10-07T06:31:11.819952+00:00,2026-10-07T06:31:11.819952+00:00,UTC,2026-10-06T21:00:00+00:00,forecast,12,https://opendap.co-ops.nos.noaa.gov/thredds/dodsC/NOAA/NGOFS2/MODELS/2026/10/06/ngofs2.t21z.20261006.regulargrid.f012.nc,0.0,a35efafd89c8c60821aa7c6740a638843fb330aba7b5d73879f8854f4678c3d5,ngofs2_regulargrid_v1
noaa_ngofs2_mobile_bay_regulargrid,MODEL,ngofs2_grid_879_997,noaa_ngofs2_mobile_bay_model,Montrose,0.75,30.560000000000002,-87.91,2.558887792657144,salinity,13.273228645324707,PSU,surface,0.0,standard_depth_positive_down,model_grid_or_not_applicable,MODEL_WET_GRID_NODE,,2026-10-07T09:00:00+00:00,2026-10-07T06:31:11.819952+00:00,2026-10-07T06:31:11.819952+00:00,UTC,2026-10-06T21:00:00+00:00,forecast,12,https://opendap.co-ops.nos.noaa.gov/thredds/dodsC/NOAA/NGOFS2/MODELS/2026/10/06/ngofs2.t21z.20261006.regulargrid.f012.nc,0.0,a35efafd89c8c60821aa7c6740a638843fb330aba7b5d73879f8854f4678c3d5,ngofs2_regulargrid_v1
noaa_ngofs2_mobile_bay_regulargrid,MODEL,ngofs2_grid_879_997,noaa_ngofs2_mobile_bay_model,Montrose,0.75,30.560000000000002,-87.91,2.558887792657144,eastward_current,0.04093298688530922,m/s,bottom,2.0,standard_depth_positive_down,model_grid_or_not_applicable,MODEL_WET_GRID_NODE,,2026-10-07T09:00:00+00:00,2026-10-07T06:31:11.819952+00:00,2026-10-07T06:31:11.819952+00:00,UTC,2026-10-06T21:00:00+00:00,forecast,12,https://opendap.co-ops.nos.noaa.gov/thredds/dodsC/NOAA/NGOFS2/MODELS/2026/10/06/ngofs2.t21z.20261006.regulargrid.f012.nc,0.0,a35efafd89c8c60821aa7c6740a638843fb330aba7b5d73879f8854f4678c3d5,ngofs2_regulargrid_v1
noaa_ngofs2_mobile_bay_regulargrid,MODEL,ngofs2_grid_879_997,noaa_ngofs2_mobile_bay_model,Montrose,0.75,30.560000000000002,-87.91,2.558887792657144,northward_current,-0.0054115052334964275,m/s,bottom,2.0,standard_depth_positive_down,model_grid_or_not_applicable,MODEL_WET_GRID_NODE,,2026-10-07T09:00:00+00:00,2026-10-07T06:31:11.819952+00:00,2026-10-07T06:31:11.819952+00:00,UTC,2026-10-06T21:00:00+00:00,forecast,12,https://opendap.co-ops.nos.noaa.gov/thredds/dodsC/NOAA/NGOFS2/MODELS/2026/10/06/ngofs2.t21z.20261006.regulargrid.f012.nc,0.0,a35efafd89c8c60821aa7c6740a638843fb330aba7b5d73879f8854f4678c3d5,ngofs2_regulargrid_v1
noaa_ngofs2_mobile_bay_regulargrid,MODEL,ngofs2_grid_879_997,noaa_ngofs2_mobile_bay_model,Montrose,0.75,30.560000000000002,-87.91,2.558887792657144,shoreward_current,0.04093298688530922,m/s,bottom,2.0,standard_depth_positive_down,model_grid_or_not_applicable,MODEL_WET_GRID_NODE,,2026-10-07T09:00:00+00:00,2026-10-07T06:31:11.819952+00:00,2026-10-07T06:31:11.819952+00:00,UTC,2026-10-06T21:00:00+00:00,forecast,12,https://opendap.co-ops.nos.noaa.gov/thredds/dodsC/NOAA/NGOFS2/MODELS/2026/10/06/ngofs2.t21z.20261006.regulargrid.f012.nc,0.0,a35efafd89c8c60821aa7c6740a638843fb330aba7b5d73879f8854f4678c3d5,ngofs2_regulargrid_v1
noaa_ngofs2_mobile_bay_regulargrid,MODEL,ngofs2_grid_879_997,noaa_ngofs2_mobile_bay_model,Montrose,0.75,30.560000000000002,-87.91,2.558887792657144,water_temperature,29.541179656982422,degC,bottom,2.0,standard_depth_positive_down,model_grid_or_not_applicable,MODEL_WET_GRID_NODE,,2026-10-07T09:00:00+00:00,2026-10-07T06:31:11.819952+00:00,2026-10-07T06:31:11.819952+00:00,UTC,2026-10-06T21:00:00+00:00,forecast,12,https://opendap.co-ops.nos.noaa.gov/thredds/dodsC/NOAA/NGOFS2/MODELS/2026/10/06/ngofs2.t21z.20261006.regulargrid.f012.nc,0.0,a35efafd89c8c60821aa7c6740a638843fb330aba7b5d73879f8854f4678c3d5,ngofs2_regulargrid_v1
noaa_ngofs2_mobile_bay_regulargrid,MODEL,ngofs2_grid_879_997,noaa_ngofs2_mobile_bay_model,Montrose,0.75,30.560000000000002,-87.91,2.558887792657144,salinity,14.117025375366211,PSU,bottom,2.0,standard_depth_positive_down,model_grid_or_not_applicable,MODEL_WET_GRID_NODE,,2026-10-07T09:00:00+00:00,2026-10-07T06:31:11.819952+00:00,2026-10-07T06:31:11.819952+00:00,UTC,2026-10-06T21:00:00+00:00,forecast,12,https://opendap.co-ops.nos.noaa.gov/thredds/dodsC/NOAA/NGOFS2/MODELS/2026/10/06/ngofs2.t21z.20261006.regulargrid.f012.nc,0.0,a35efafd89c8c60821aa7c6740a638843fb330aba7b5d73879f8854f4678c3d5,ngofs2_regulargrid_v1
noaa_ngofs2_mobile_bay_regulargrid,MODEL,ngofs2_grid_879_997,noaa_ngofs2_mobile_bay_model,Montrose,0.75,30.560000000000002,-87.91,2.558887792657144,water_surface_elevation,0.18752911686897278,m,surface,0.0,surface,model_mean_sea_level,MODEL_WET_GRID_NODE,,2026-10-07T09:00:00+00:00,2026-10-07T06:31:11.819952+00:00,2026-10-07T06:31:11.819952+00:00,UTC,2026-10-06T21:00:00+00:00,forecast,12,https://opendap.co-ops.nos.noaa.gov/thredds/dodsC/NOAA/NGOFS2/MODELS/2026/10/06/ngofs2.t21z.20261006.regulargrid.f012.nc,0.0,a35efafd89c8c60821aa7c6740a638843fb330aba7b5d73879f8854f4678c3d5,ngofs2_regulargrid_v1
noaa_ngofs2_mobile_bay_regulargrid,MODEL,ngofs2_grid_880_996,noaa_ngofs2_mobile_bay_model,Montrose,1.5,30.57,-87.91999999999999,2.8518318470436084,eastward_current,0.001192134921438992,m/s,surface,0.0,standard_depth_positive_down,model_grid_or_not_applicable,MODEL_WET_GRID_NODE,,2026-10-07T09:00:00+00:00,2026-10-07T06:31:11.819952+00:00,2026-10-07T06:31:11.819952+00:00,UTC,2026-10-06T21:00:00+00:00,forecast,12,https://opendap.co-ops.nos.noaa.gov/thredds/dodsC/NOAA/NGOFS2/MODELS/2026/10/06/ngofs2.t21z.20261006.regulargrid.f012.nc,0.0,a35efafd89c8c60821aa7c6740a638843fb330aba7b5d73879f8854f4678c3d5,ngofs2_regulargrid_v1
noaa_ngofs2_mobile_bay_regulargrid,MODEL,ngofs2_grid_880_996,noaa_ngofs2_mobile_bay_model,Montrose,1.5,30.57,-87.91999999999999,2.8518318470436084,northward_current,-0.10966484993696213,m/s,surface,0.0,standard_depth_positive_down,model_grid_or_not_applicable,MODEL_WET_GRID_NODE,,2026-10-07T09:00:00+00:00,2026-10-07T06:31:11.819952+00:00,2026-10-07T06:31:11.819952+00:00,UTC,2026-10-06T21:00:00+00:00,forecast,12,https://opendap.co-ops.nos.noaa.gov/thredds/dodsC/NOAA/NGOFS2/MODELS/2026/10/06/ngofs2.t21z.20261006.regulargrid.f012.nc,0.0,a35efafd89c8c60821aa7c6740a638843fb330aba7b5d73879f8854f4678c3d5,ngofs2_regulargrid_v1
noaa_ngofs2_mobile_bay_regulargrid,MODEL,ngofs2_grid_880_996,noaa_ngofs2_mobile_bay_model,Montrose,1.5,30.57,-87.91999999999999,2.8518318470436084,shoreward_current,0.0011921349214389853,m/s,surface,0.0,standard_depth_positive_down,model_grid_or_not_applicable,MODEL_WET_GRID_NODE,,2026-10-07T09:00:00+00:00,2026-10-07T06:31:11.819952+00:00,2026-10-07T06:31:11.819952+00:00,UTC,2026-10-06T21:00:00+00:00,forecast,12,https://opendap.co-ops.nos.noaa.gov/thredds/dodsC/NOAA/NGOFS2/MODELS/2026/10/06/ngofs2.t21z.20261006.regulargrid.f012.nc,0.0,a35efafd89c8c60821aa7c6740a638843fb330aba7b5d73879f8854f4678c3d5,ngofs2_regulargrid_v1
noaa_ngofs2_mobile_bay_regulargrid,MODEL,ngofs2_grid_880_996,noaa_ngofs2_mobile_bay_model,Montrose,1.5,30.57,-87.91999999999999,2.8518318470436084,water_temperature,28.77728843688965,degC,surface,0.0,standard_depth_positive_down,model_grid_or_not_applicable,MODEL_WET_GRID_NODE,,2026-10-07T09:00:00+00:00,2026-10-07T06:31:11.819952+00:00,2026-10-07T06:31:11.819952+00:00,UTC,2026-10-06T21:00:00+00:00,forecast,12,https://opendap.co-ops.nos.noaa.gov/thredds/dodsC/NOAA/NGOFS2/MODELS/2026/10/06/ngofs2.t21z.20261006.regulargrid.f012.nc,0.0,a35efafd89c8c60821aa7c6740a638843fb330aba7b5d73879f8854f4678c3d5,ngofs2_regulargrid_v1
noaa_ngofs2_mobile_bay_regulargrid,MODEL,ngofs2_grid_880_996,noaa_ngofs2_mobile_bay_model,Montrose,1.5,30.57,-87.91999999999999,2.8518318470436084,salinity,12.190645217895508,PSU,surface,0.0,standard_depth_positive_down,model_grid_or_not_applicable,MODEL_WET_GRID_NODE,,2026-10-07T09:00:00+00:00,2026-10-07T06:31:11.819952+00:00,2026-10-07T06:31:11.819952+00:00,UTC,2026-10-06T21:00:00+00:00,forecast,12,https://opendap.co-ops.nos.noaa.gov/thredds/dodsC/NOAA/NGOFS2/MODELS/2026/10/06/ngofs2.t21z.20261006.regulargrid.f012.nc,0.0,a35efafd89c8c60821aa7c6740a638843fb330aba7b5d73879f8854f4678c3d5,ngofs2_regulargrid_v1
noaa_ngofs2_mobile_bay_regulargrid,MODEL,ngofs2_grid_880_996,noaa_ngofs2_mobile_bay_model,Montrose,1.5,30.57,-87.91999999999999,2.8518318470436084,eastward_current,0.06105824559926987,m/s,bottom,2.0,standard_depth_positive_down,model_grid_or_not_applicable,MODEL_WET_GRID_NODE,,2026-10-07T09:00:00+00:00,2026-10-07T06:31:11.819952+00:00,2026-10-07T06:31:11.819952+00:00,UTC,2026-10-06T21:00:00+00:00,forecast,12,https://opendap.co-ops.nos.noaa.gov/thredds/dodsC/NOAA/NGOFS2/MODELS/2026/10/06/ngofs2.t21z.20261006.regulargrid.f012.nc,0.0,a35efafd89c8c60821aa7c6740a638843fb330aba7b5d73879f8854f4678c3d5,ngofs2_regulargrid_v1
noaa_ngofs2_mobile_bay_regulargrid,MODEL,ngofs2_grid_880_996,noaa_ngofs2_mobile_bay_model,Montrose,1.5,30.57,-87.91999999999999,2.8518318470436084,northward_current,0.01609821990132332,m/s,bottom,2.0,standard_depth_positive_down,model_grid_or_not_applicable,MODEL_WET_GRID_NODE,,2026-10-07T09:00:00+00:00,2026-10-07T06:31:11.819952+00:00,2026-10-07T06:31:11.819952+00:00,UTC,2026-10-06T21:00:00+00:00,forecast,12,https://opendap.co-ops.nos.noaa.gov/thredds/dodsC/NOAA/NGOFS2/MODELS/2026/10/06/ngofs2.t21z.20261006.regulargrid.f012.nc,0.0,a35efafd89c8c60821aa7c6740a638843fb330aba7b5d73879f8854f4678c3d5,ngofs2_regulargrid_v1
noaa_ngofs2_mobile_bay_regulargrid,MODEL,ngofs2_grid_880_996,noaa_ngofs2_mobile_bay_model,Montrose,1.5,30.57,-87.91999999999999,2.8518318470436084,shoreward_current,0.06105824559926987,m/s,bottom,2.0,standard_depth_positive_down,model_grid_or_not_applicable,MODEL_WET_GRID_NODE,,2026-10-07T09:00:00+00:00,2026-10-07T06:31:11.819952+00:00,2026-10-07T06:31:11.819952+00:00,UTC,2026-10-06T21:00:00+00:00,forecast,12,https://opendap.co-ops.nos.noaa.gov/thredds/dodsC/NOAA/NGOFS2/MODELS/2026/10/06/ngofs2.t21z.20261006.regulargrid.f012.nc,0.0,a35efafd89c8c60821aa7c6740a638843fb330aba7b5d73879f8854f4678c3d5,ngofs2_regulargrid_v1
noaa_ngofs2_mobile_bay_regulargrid,MODEL,ngofs2_grid_880_996,noaa_ngofs2_mobile_bay_model,Montrose,1.5,30.57,-87.91999999999999,2.8518318470436084,water_temperature,29.47018814086914,degC,bottom,2.0,standard_depth_positive_down,model_grid_or_not_applicable,MODEL_WET_GRID_NODE,,2026-10-07T09:00:00+00:00,2026-10-07T06:31:11.819952+00:00,2026-10-07T06:31:11.819952+00:00,UTC,2026-10-06T21:00:00+00:00,forecast,12,https://opendap.co-ops.nos.noaa.gov/thredds/dodsC/NOAA/NGOFS2/MODELS/2026/10/06/ngofs2.t21z.20261006.regulargrid.f012.nc,0.0,a35efafd89c8c60821aa7c6740a638843fb330aba7b5d73879f8854f4678c3d5,ngofs2_regulargrid_v1
noaa_ngofs2_mobile_bay_regulargrid,MODEL,ngofs2_grid_880_996,noaa_ngofs2_mobile_bay_model,Montrose,1.5,30.57,-87.91999999999999,2.8518318470436084,salinity,13.684802055358887,PSU,bottom,2.0,standard_depth_positive_down,model_grid_or_not_applicable,MODEL_WET_GRID_NODE,,2026-10-07T09:00:00+00:00,2026-10-07T06:31:11.819952+00:00,2026-10-07T06:31:11.819952+00:00,UTC,2026-10-06T21:00:00+00:00,forecast,12,https://opendap.co-ops.nos.noaa.gov/thredds/dodsC/NOAA/NGOFS2/MODELS/2026/10/06/ngofs2.t21z.20261006.regulargrid.f012.nc,0.0,a35efafd89c8c60821aa7c6740a638843fb330aba7b5d73879f8854f4678c3d5,ngofs2_regulargrid_v1
noaa_ngofs2_mobile_bay_regulargrid,MODEL,ngofs2_grid_880_996,noaa_ngofs2_mobile_bay_model,Montrose,1.5,30.57,-87.91999999999999,2.8518318470436084,water_surface_elevation,0.1880476027727127,m,surface,0.0,surface,model_mean_sea_level,MODEL_WET_GRID_NODE,,2026-10-07T09:00:00+00:00,2026-10-07T06:31:11.819952+00:00,2026-10-07T06:31:11.819952+00:00,UTC,2026-10-06T21:00:00+00:00,forecast,12,https://opendap.co-ops.nos.noaa.gov/thredds/dodsC/NOAA/NGOFS2/MODELS/2026/10/06/ngofs2.t21z.20261006.regulargrid.f012.nc,0.0,a35efafd89c8c60821aa7c6740a638843fb330aba7b5d73879f8854f4678c3d5,ngofs2_regulargrid_v1
noaa_ngofs2_mobile_bay_regulargrid,MODEL,ngofs2_grid_880_995,noaa_ngofs2_mobile_bay_model,Montrose,3.0,30.57,-87.92999999999999,3.1854552996525065,eastward_current,-0.002801610389724374,m/s,surface,0.0,standard_depth_positive_down,model_grid_or_not_applicable,MODEL_WET_GRID_NODE,,2026-10-07T09:00:00+00:00,2026-10-07T06:31:11.819952+00:00,2026-10-07T06:31:11.819952+00:00,UTC,2026-10-06T21:00:00+00:00,forecast,12,https://opendap.co-ops.nos.noaa.gov/thredds/dodsC/NOAA/NGOFS2/MODELS/2026/10/06/ngofs2.t21z.20261006.regulargrid.f012.nc,0.0,a35efafd89c8c60821aa7c6740a638843fb330aba7b5d73879f8854f4678c3d5,ngofs2_regulargrid_v1
noaa_ngofs2_mobile_bay_regulargrid,MODEL,ngofs2_grid_880_995,noaa_ngofs2_mobile_bay_model,Montrose,3.0,30.57,-87.92999999999999,3.1854552996525065,northward_current,-0.11503466963768005,m/s,surface,0.0,standard_depth_positive_down,model_grid_or_not_applicable,MODEL_WET_GRID_NODE,,2026-10-07T09:00:00+00:00,2026-10-07T06:31:11.819952+00:00,2026-10-07T06:31:11.819952+00:00,UTC,2026-10-06T21:00:00+00:00,forecast,12,https://opendap.co-ops.nos.noaa.gov/thredds/dodsC/NOAA/NGOFS2/MODELS/2026/10/06/ngofs2.t21z.20261006.regulargrid.f012.nc,0.0,a35efafd89c8c60821aa7c6740a638843fb330aba7b5d73879f8854f4678c3d5,ngofs2_regulargrid_v1
noaa_ngofs2_mobile_bay_regulargrid,MODEL,ngofs2_grid_880_995,noaa_ngofs2_mobile_bay_model,Montrose,3.0,30.57,-87.92999999999999,3.1854552996525065,shoreward_current,-0.0028016103897243808,m/s,surface,0.0,standard_depth_positive_down,model_grid_or_not_applicable,MODEL_WET_GRID_NODE,,2026-10-07T09:00:00+00:00,2026-10-07T06:31:11.819952+00:00,2026-10-07T06:31:11.819952+00:00,UTC,2026-10-06T21:00:00+00:00,forecast,12,https://opendap.co-ops.nos.noaa.gov/thredds/dodsC/NOAA/NGOFS2/MODELS/2026/10/06/ngofs2.t21z.20261006.regulargrid.f012.nc,0.0,a35efafd89c8c60821aa7c6740a638843fb330aba7b5d73879f8854f4678c3d5,ngofs2_regulargrid_v1
noaa_ngofs2_mobile_bay_regulargrid,MODEL,ngofs2_grid_880_995,noaa_ngofs2_mobile_bay_model,Montrose,3.0,30.57,-87.92999999999999,3.1854552996525065,water_temperature,28.61234474182129,degC,surface,0.0,standard_depth_positive_down,model_grid_or_not_applicable,MODEL_WET_GRID_NODE,,2026-10-07T09:00:00+00:00,2026-10-07T06:31:11.819952+00:00,2026-10-07T06:31:11.819952+00:00,UTC,2026-10-06T21:00:00+00:00,forecast,12,https://opendap.co-ops.nos.noaa.gov/thredds/dodsC/NOAA/NGOFS2/MODELS/2026/10/06/ngofs2.t21z.20261006.regulargrid.f012.nc,0.0,a35efafd89c8c60821aa7c6740a638843fb330aba7b5d73879f8854f4678c3d5,ngofs2_regulargrid_v1
noaa_ngofs2_mobile_bay_regulargrid,MODEL,ngofs2_grid_880_995,noaa_ngofs2_mobile_bay_model,Montrose,3.0,30.57,-87.92999999999999,3.1854552996525065,salinity,11.499135971069336,PSU,surface,0.0,standard_depth_positive_down,model_grid_or_not_applicable,MODEL_WET_GRID_NODE,,2026-10-07T09:00:00+00:00,2026-10-07T06:31:11.819952+00:00,2026-10-07T06:31:11.819952+00:00,UTC,2026-10-06T21:00:00+00:00,forecast,12,https://opendap.co-ops.nos.noaa.gov/thredds/dodsC/NOAA/NGOFS2/MODELS/2026/10/06/ngofs2.t21z.20261006.regulargrid.f012.nc,0.0,a35efafd89c8c60821aa7c6740a638843fb330aba7b5d73879f8854f4678c3d5,ngofs2_regulargrid_v1
noaa_ngofs2_mobile_bay_regulargrid,MODEL,ngofs2_grid_880_995,noaa_ngofs2_mobile_bay_model,Montrose,3.0,30.57,-87.92999999999999,3.1854552996525065,eastward_current,0.06429614871740341,m/s,bottom,2.0,standard_depth_positive_down,model_grid_or_not_applicable,MODEL_WET_GRID_NODE,,2026-10-07T09:00:00+00:00,2026-10-07T06:31:11.819952+00:00,2026-10-07T06:31:11.819952+00:00,UTC,2026-10-06T21:00:00+00:00,forecast,12,https://opendap.co-ops.nos.noaa.gov/thredds/dodsC/NOAA/NGOFS2/MODELS/2026/10/06/ngofs2.t21z.20261006.regulargrid.f012.nc,0.0,a35efafd89c8c60821aa7c6740a638843fb330aba7b5d73879f8854f4678c3d5,ngofs2_regulargrid_v1
noaa_ngofs2_mobile_bay_regulargrid,MODEL,ngofs2_grid_880_995,noaa_ngofs2_mobile_bay_model,Montrose,3.0,30.57,-87.92999999999999,3.1854552996525065,northward_current,-0.042646344751119614,m/s,bottom,2.0,standard_depth_positive_down,model_grid_or_not_applicable,MODEL_WET_GRID_NODE,,2026-10-07T09:00:00+00:00,2026-10-07T06:31:11.819952+00:00,2026-10-07T06:31:11.819952+00:00,UTC,2026-10-06T21:00:00+00:00,forecast,12,https://opendap.co-ops.nos.noaa.gov/thredds/dodsC/NOAA/NGOFS2/MODELS/2026/10/06/ngofs2.t21z.20261006.regulargrid.f012.nc,0.0,a35efafd89c8c60821aa7c6740a638843fb330aba7b5d73879f8854f4678c3d5,ngofs2_regulargrid_v1
noaa_ngofs2_mobile_bay_regulargrid,MODEL,ngofs2_grid_880_995,noaa_ngofs2_mobile_bay_model,Montrose,3.0,30.57,-87.92999999999999,3.1854552996525065,shoreward_current,0.06429614871740341,m/s,bottom,2.0,standard_depth_positive_down,model_grid_or_not_applicable,MODEL_WET_GRID_NODE,,2026-10-07T09:00:00+00:00,2026-10-07T06:31:11.819952+00:00,2026-10-07T06:31:11.819952+00:00,UTC,2026-10-06T21:00:00+00:00,forecast,12,https://opendap.co-ops.nos.noaa.gov/thredds/dodsC/NOAA/NGOFS2/MODELS/2026/10/06/ngofs2.t21z.20261006.regulargrid.f012.nc,0.0,a35efafd89c8c60821aa7c6740a638843fb330aba7b5d73879f8854f4678c3d5,ngofs2_regulargrid_v1
noaa_ngofs2_mobile_bay_regulargrid,MODEL,ngofs2_grid_880_995,noaa_ngofs2_mobile_bay_model,Montrose,3.0,30.57,-87.92999999999999,3.1854552996525065,water_temperature,29.076656341552734,degC,bottom,2.0,standard_depth_positive_down,model_grid_or_not_applicable,MODEL_WET_GRID_NODE,,2026-10-07T09:00:00+00:00,2026-10-07T06:31:11.819952+00:00,2026-10-07T06:31:11.819952+00:00,UTC,2026-10-06T21:00:00+00:00,forecast,12,https://opendap.co-ops.nos.noaa.gov/thredds/dodsC/NOAA/NGOFS2/MODELS/2026/10/06/ngofs2.t21z.20261006.regulargrid.f012.nc,0.0,a35efafd89c8c60821aa7c6740a638843fb330aba7b5d73879f8854f4678c3d5,ngofs2_regulargrid_v1
noaa_ngofs2_mobile_bay_regulargrid,MODEL,ngofs2_grid_880_995,noaa_ngofs2_mobile_bay_model,Montrose,3.0,30.57,-87.92999999999999,3.1854552996525065,salinity,12.54776668548584,PSU,bottom,2.0,standard_depth_positive_down,model_grid_or_not_applicable,MODEL_WET_GRID_NODE,,2026-10-07T09:00:00+00:00,2026-10-07T06:31:11.819952+00:00,2026-10-07T06:31:11.819952+00:00,UTC,2026-10-06T21:00:00+00:00,forecast,12,https://opendap.co-ops.nos.noaa.gov/thredds/dodsC/NOAA/NGOFS2/MODELS/2026/10/06/ngofs2.t21z.20261006.regulargrid.f012.nc,0.0,a35efafd89c8c60821aa7c6740a638843fb330aba7b5d73879f8854f4678c3d5,ngofs2_regulargrid_v1
noaa_ngofs2_mobile_bay_regulargrid,MODEL,ngofs2_grid_880_995,noaa_ngofs2_mobile_bay_model,Montrose,3.0,30.57,-87.92999999999999,3.1854552996525065,water_surface_elevation,0.19058139622211456,m,surface,0.0,surface,model_mean_sea_level,MODEL_WET_GRID_NODE,,2026-10-07T09:00:00+00:00,2026-10-07T06:31:11.819952+00:00,2026-10-07T06:31:11.819952+00:00,UTC,2026-10-06T21:00:00+00:00,forecast,12,https://opendap.co-ops.nos.noaa.gov/thredds/dodsC/NOAA/NGOFS2/MODELS/2026/10/06/ngofs2.t21z.20261006.regulargrid.f012.nc,0.0,a35efafd89c8c60821aa7c6740a638843fb330aba7b5d73879f8854f4678c3d5,ngofs2_regulargrid_v1
noaa_ngofs2_mobile_bay_regulargrid,MODEL,ngofs2_grid_875_996,noaa_ngofs2_mobile_bay_model,Fairhope/Fly Creek/Pier,0.25,30.52,-87.91999999999999,2.218344355235801,eastward_current,-0.07162947207689285,m/s,surface,0.0,standard_depth_positive_down,model_grid_or_not_applicable,MODEL_WET_GRID_NODE,,2026-10-07T09:00:00+00:00,2026-10-07T06:31:11.819952+00:00,2026-10-07T06:31:11.819952+00:00,UTC,2026-10-06T21:00:00+00:00,forecast,12,https://opendap.co-ops.nos.noaa.gov/thredds/dodsC/NOAA/NGOFS2/MODELS/2026/10/06/ngofs2.t21z.20261006.regulargrid.f012.nc,0.0,a35efafd89c8c60821aa7c6740a638843fb330aba7b5d73879f8854f4678c3d5,ngofs2_regulargrid_v1
noaa_ngofs2_mobile_bay_regulargrid,MODEL,ngofs2_grid_875_996,noaa_ngofs2_mobile_bay_model,Fairhope/Fly Creek/Pier,0.25,30.52,-87.91999999999999,2.218344355235801,northward_current,-0.10893579572439194,m/s,surface,0.0,standard_depth_positive_down,model_grid_or_not_applicable,MODEL_WET_GRID_NODE,,2026-10-07T09:00:00+00:00,2026-10-07T06:31:11.819952+00:00,2026-10-07T06:31:11.819952+00:00,UTC,2026-10-06T21:00:00+00:00,forecast,12,https://opendap.co-ops.nos.noaa.gov/thredds/dodsC/NOAA/NGOFS2/MODELS/2026/10/06/ngofs2.t21z.20261006.regulargrid.f012.nc,0.0,a35efafd89c8c60821aa7c6740a638843fb330aba7b5d73879f8854f4678c3d5,ngofs2_regulargrid_v1
noaa_ngofs2_mobile_bay_regulargrid,MODEL,ngofs2_grid_875_996,noaa_ngofs2_mobile_bay_model,Fairhope/Fly Creek/Pier,0.25,30.52,-87.91999999999999,2.218344355235801,shoreward_current,-0.07162947207689285,m/s,surface,0.0,standard_depth_positive_down,model_grid_or_not_applicable,MODEL_WET_GRID_NODE,,2026-10-07T09:00:00+00:00,2026-10-07T06:31:11.819952+00:00,2026-10-07T06:31:11.819952+00:00,UTC,2026-10-06T21:00:00+00:00,forecast,12,https://opendap.co-ops.nos.noaa.gov/thredds/dodsC/NOAA/NGOFS2/MODELS/2026/10/06/ngofs2.t21z.20261006.regulargrid.f012.nc,0.0,a35efafd89c8c60821aa7c6740a638843fb330aba7b5d73879f8854f4678c3d5,ngofs2_regulargrid_v1
noaa_ngofs2_mobile_bay_regulargrid,MODEL,ngofs2_grid_875_996,noaa_ngofs2_mobile_bay_model,Fairhope/Fly Creek/Pier,0.25,30.52,-87.91999999999999,2.218344355235801,water_temperature,28.88802719116211,degC,surface,0.0,standard_depth_positive_down,model_grid_or_not_applicable,MODEL_WET_GRID_NODE,,2026-10-07T09:00:00+00:00,2026-10-07T06:31:11.819952+00:00,2026-10-07T06:31:11.819952+00:00,UTC,2026-10-06T21:00:00+00:00,forecast,12,https://opendap.co-ops.nos.noaa.gov/thredds/dodsC/NOAA/NGOFS2/MODELS/2026/10/06/ngofs2.t21z.20261006.regulargrid.f012.nc,0.0,a35efafd89c8c60821aa7c6740a638843fb330aba7b5d73879f8854f4678c3d5,ngofs2_regulargrid_v1
noaa_ngofs2_mobile_bay_regulargrid,MODEL,ngofs2_grid_875_996,noaa_ngofs2_mobile_bay_model,Fairhope/Fly Creek/Pier,0.25,30.52,-87.91999999999999,2.218344355235801,salinity,14.6653413772583,PSU,surface,0.0,standard_depth_positive_down,model_grid_or_not_applicable,MODEL_WET_GRID_NODE,,2026-10-07T09:00:00+00:00,2026-10-07T06:31:11.819952+00:00,2026-10-07T06:31:11.819952+00:00,UTC,2026-10-06T21:00:00+00:00,forecast,12,https://opendap.co-ops.nos.noaa.gov/thredds/dodsC/NOAA/NGOFS2/MODELS/2026/10/06/ngofs2.t21z.20261006.regulargrid.f012.nc,0.0,a35efafd89c8c60821aa7c6740a638843fb330aba7b5d73879f8854f4678c3d5,ngofs2_regulargrid_v1
noaa_ngofs2_mobile_bay_regulargrid,MODEL,ngofs2_grid_875_996,noaa_ngofs2_mobile_bay_model,Fairhope/Fly Creek/Pier,0.25,30.52,-87.91999999999999,2.218344355235801,eastward_current,0.00366978463716805,m/s,bottom,2.0,standard_depth_positive_down,model_grid_or_not_applicable,MODEL_WET_GRID_NODE,,2026-10-07T09:00:00+00:00,2026-10-07T06:31:11.819952+00:00,2026-10-07T06:31:11.819952+00:00,UTC,2026-10-06T21:00:00+00:00,forecast,12,https://opendap.co-ops.nos.noaa.gov/thredds/dodsC/NOAA/NGOFS2/MODELS/2026/10/06/ngofs2.t21z.20261006.regulargrid.f012.nc,0.0,a35efafd89c8c60821aa7c6740a638843fb330aba7b5d73879f8854f4678c3d5,ngofs2_regulargrid_v1
noaa_ngofs2_mobile_bay_regulargrid,MODEL,ngofs2_grid_875_996,noaa_ngofs2_mobile_bay_model,Fairhope/Fly Creek/Pier,0.25,30.52,-87.91999999999999,2.218344355235801,northward_current,-0.030465396121144295,m/s,bottom,2.0,standard_depth_positive_down,model_grid_or_not_applicable,MODEL_WET_GRID_NODE,,2026-10-07T09:00:00+00:00,2026-10-07T06:31:11.819952+00:00,2026-10-07T06:31:11.819952+00:00,UTC,2026-10-06T21:00:00+00:00,forecast,12,https://opendap.co-ops.nos.noaa.gov/thredds/dodsC/NOAA/NGOFS2/MODELS/2026/10/06/ngofs2.t21z.20261006.regulargrid.f012.nc,0.0,a35efafd89c8c60821aa7c6740a638843fb330aba7b5d73879f8854f4678c3d5,ngofs2_regulargrid_v1
noaa_ngofs2_mobile_bay_regulargrid,MODEL,ngofs2_grid_875_996,noaa_ngofs2_mobile_bay_model,Fairhope/Fly Creek/Pier,0.25,30.52,-87.91999999999999,2.218344355235801,shoreward_current,0.003669784637168048,m/s,bottom,2.0,standard_depth_positive_down,model_grid_or_not_applicable,MODEL_WET_GRID_NODE,,2026-10-07T09:00:00+00:00,2026-10-07T06:31:11.819952+00:00,2026-10-07T06:31:11.819952+00:00,UTC,2026-10-06T21:00:00+00:00,forecast,12,https://opendap.co-ops.nos.noaa.gov/thredds/dodsC/NOAA/NGOFS2/MODELS/2026/10/06/ngofs2.t21z.20261006.regulargrid.f012.nc,0.0,a35efafd89c8c60821aa7c6740a638843fb330aba7b5d73879f8854f4678c3d5,ngofs2_regulargrid_v1
noaa_ngofs2_mobile_bay_regulargrid,MODEL,ngofs2_grid_875_996,noaa_ngofs2_mobile_bay_model,Fairhope/Fly Creek/Pier,0.25,30.52,-87.91999999999999,2.218344355235801,water_temperature,29.396299362182617,degC,bottom,2.0,standard_depth_positive_down,model_grid_or_not_applicable,MODEL_WET_GRID_NODE,,2026-10-07T09:00:00+00:00,2026-10-07T06:31:11.819952+00:00,2026-10-07T06:31:11.819952+00:00,UTC,2026-10-06T21:00:00+00:00,forecast,12,https://opendap.co-ops.nos.noaa.gov/thredds/dodsC/NOAA/NGOFS2/MODELS/2026/10/06/ngofs2.t21z.20261006.regulargrid.f012.nc,0.0,a35efafd89c8c60821aa7c6740a638843fb330aba7b5d73879f8854f4678c3d5,ngofs2_regulargrid_v1
noaa_ngofs2_mobile_bay_regulargrid,MODEL,ngofs2_grid_875_996,noaa_ngofs2_mobile_bay_model,Fairhope/Fly Creek/Pier,0.25,30.52,-87.91999999999999,2.218344355235801,salinity,15.754403114318848,PSU,bottom,2.0,standard_depth_positive_down,model_grid_or_not_applicable,MODEL_WET_GRID_NODE,,2026-10-07T09:00:00+00:00,2026-10-07T06:31:11.819952+00:00,2026-10-07T06:31:11.819952+00:00,UTC,2026-10-06T21:00:00+00:00,forecast,12,https://opendap.co-ops.nos.noaa.gov/thredds/dodsC/NOAA/NGOFS2/MODELS/2026/10/06/ngofs2.t21z.20261006.regulargrid.f012.nc,0.0,a35efafd89c8c60821aa7c6740a638843fb330aba7b5d73879f8854f4678c3d5,ngofs2_regulargrid_v1
noaa_ngofs2_mobile_bay_regulargrid,MODEL,ngofs2_grid_875_996,noaa_ngofs2_mobile_bay_model,Fairhope/Fly Creek/Pier,0.25,30.52,-87.91999999999999,2.218344355235801,water_surface_elevation,0.19286362826824188,m,surface,0.0,surface,model_mean_sea_level,MODEL_WET_GRID_NODE,,2026-10-07T09:00:00+00:00,2026-10-07T06:31:11.819952+00:00,2026-10-07T06:31:11.819952+00:00,UTC,2026-10-06T21:00:00+00:00,forecast,12,https://opendap.co-ops.nos.noaa.gov/thredds/dodsC/NOAA/NGOFS2/MODELS/2026/10/06/ngofs2.t21z.20261006.regulargrid.f012.nc,0.0,a35efafd89c8c60821aa7c6740a638843fb330aba7b5d73879f8854f4678c3d5,ngofs2_regulargrid_v1
noaa_ngofs2_mobile_bay_regulargrid,MODEL,ngofs2_grid_876_996,noaa_ngofs2_mobile_bay_model,Fairhope/Fly Creek/Pier,0.75,30.53,-87.91999999999999,3.0932896910937813,eastward_current,-0.07881663739681244,m/s,surface,0.0,standard_depth_positive_down,model_grid_or_not_applicable,MODEL_WET_GRID_NODE,,2026-10-07T09:00:00+00:00,2026-10-07T06:31:11.819952+00:00,2026-10-07T06:31:11.819952+00:00,UTC,2026-10-06T21:00:00+00:00,forecast,12,https://opendap.co-ops.nos.noaa.gov/thredds/dodsC/NOAA/NGOFS2/MODELS/2026/10/06/ngofs2.t21z.20261006.regulargrid.f012.nc,0.0,a35efafd89c8c60821aa7c6740a638843fb330aba7b5d73879f8854f4678c3d5,ngofs2_regulargrid_v1
noaa_ngofs2_mobile_bay_regulargrid,MODEL,ngofs2_grid_876_996,noaa_ngofs2_mobile_bay_model,Fairhope/Fly Creek/Pier,0.75,30.53,-87.91999999999999,3.0932896910937813,northward_current,-0.13163946568965912,m/s,surface,0.0,standard_depth_positive_down,model_grid_or_not_applicable,MODEL_WET_GRID_NODE,,2026-10-07T09:00:00+00:00,2026-10-07T06:31:11.819952+00:00,2026-10-07T06:31:11.819952+00:00,UTC,2026-10-06T21:00:00+00:00,forecast,12,https://opendap.co-ops.nos.noaa.gov/thredds/dodsC/NOAA/NGOFS2/MODELS/2026/10/06/ngofs2.t21z.20261006.regulargrid.f012.nc,0.0,a35efafd89c8c60821aa7c6740a638843fb330aba7b5d73879f8854f4678c3d5,ngofs2_regulargrid_v1
noaa_ngofs2_mobile_bay_regulargrid,MODEL,ngofs2_grid_876_996,noaa_ngofs2_mobile_bay_model,Fairhope/Fly Creek/Pier,0.75,30.53,-87.91999999999999,3.0932896910937813,shoreward_current,-0.07881663739681245,m/s,surface,0.0,standard_depth_positive_down,model_grid_or_not_applicable,MODEL_WET_GRID_NODE,,2026-10-07T09:00:00+00:00,2026-10-07T06:31:11.819952+00:00,2026-10-07T06:31:11.819952+00:00,UTC,2026-10-06T21:00:00+00:00,forecast,12,https://opendap.co-ops.nos.noaa.gov/thredds/dodsC/NOAA/NGOFS2/MODELS/2026/10/06/ngofs2.t21z.20261006.regulargrid.f012.nc,0.0,a35efafd89c8c60821aa7c6740a638843fb330aba7b5d73879f8854f4678c3d5,ngofs2_regulargrid_v1
noaa_ngofs2_mobile_bay_regulargrid,MODEL,ngofs2_grid_876_996,noaa_ngofs2_mobile_bay_model,Fairhope/Fly Creek/Pier,0.75,30.53,-87.91999999999999,3.0932896910937813,water_temperature,28.930389404296875,degC,surface,0.0,standard_depth_positive_down,model_grid_or_not_applicable,MODEL_WET_GRID_NODE,,2026-10-07T09:00:00+00:00,2026-10-07T06:31:11.819952+00:00,2026-10-07T06:31:11.819952+00:00,UTC,2026-10-06T21:00:00+00:00,forecast,12,https://opendap.co-ops.nos.noaa.gov/thredds/dodsC/NOAA/NGOFS2/MODELS/2026/10/06/ngofs2.t21z.20261006.regulargrid.f012.nc,0.0,a35efafd89c8c60821aa7c6740a638843fb330aba7b5d73879f8854f4678c3d5,ngofs2_regulargrid_v1
noaa_ngofs2_mobile_bay_regulargrid,MODEL,ngofs2_grid_876_996,noaa_ngofs2_mobile_bay_model,Fairhope/Fly Creek/Pier,0.75,30.53,-87.91999999999999,3.0932896910937813,salinity,14.52331829071045,PSU,surface,0.0,standard_depth_positive_down,model_grid_or_not_applicable,MODEL_WET_GRID_NODE,,2026-10-07T09:00:00+00:00,2026-10-07T06:31:11.819952+00:00,2026-10-07T06:31:11.819952+00:00,UTC,2026-10-06T21:00:00+00:00,forecast,12,https://opendap.co-ops.nos.noaa.gov/thredds/dodsC/NOAA/NGOFS2/MODELS/2026/10/06/ngofs2.t21z.20261006.regulargrid.f012.nc,0.0,a35efafd89c8c60821aa7c6740a638843fb330aba7b5d73879f8854f4678c3d5,ngofs2_regulargrid_v1
noaa_ngofs2_mobile_bay_regulargrid,MODEL,ngofs2_grid_876_996,noaa_ngofs2_mobile_bay_model,Fairhope/Fly Creek/Pier,0.75,30.53,-87.91999999999999,3.0932896910937813,eastward_current,0.026975007727742195,m/s,bottom,2.0,standard_depth_positive_down,model_grid_or_not_applicable,MODEL_WET_GRID_NODE,,2026-10-07T09:00:00+00:00,2026-10-07T06:31:11.819952+00:00,2026-10-07T06:31:11.819952+00:00,UTC,2026-10-06T21:00:00+00:00,forecast,12,https://opendap.co-ops.nos.noaa.gov/thredds/dodsC/NOAA/NGOFS2/MODELS/2026/10/06/ngofs2.t21z.20261006.regulargrid.f012.nc,0.0,a35efafd89c8c60821aa7c6740a638843fb330aba7b5d73879f8854f4678c3d5,ngofs2_regulargrid_v1
noaa_ngofs2_mobile_bay_regulargrid,MODEL,ngofs2_grid_876_996,noaa_ngofs2_mobile_bay_model,Fairhope/Fly Creek/Pier,0.75,30.53,-87.91999999999999,3.0932896910937813,northward_current,-0.03267690911889076,m/s,bottom,2.0,standard_depth_positive_down,model_grid_or_not_applicable,MODEL_WET_GRID_NODE,,2026-10-07T09:00:00+00:00,2026-10-07T06:31:11.819952+00:00,2026-10-07T06:31:11.819952+00:00,UTC,2026-10-06T21:00:00+00:00,forecast,12,https://opendap.co-ops.nos.noaa.gov/thredds/dodsC/NOAA/NGOFS2/MODELS/2026/10/06/ngofs2.t21z.20261006.regulargrid.f012.nc,0.0,a35efafd89c8c60821aa7c6740a638843fb330aba7b5d73879f8854f4678c3d5,ngofs2_regulargrid_v1
noaa_ngofs2_mobile_bay_regulargrid,MODEL,ngofs2_grid_876_996,noaa_ngofs2_mobile_bay_model,Fairhope/Fly Creek/Pier,0.75,30.53,-87.91999999999999,3.0932896910937813,shoreward_current,0.02697500772774219,m/s,bottom,2.0,standard_depth_positive_down,model_grid_or_not_applicable,MODEL_WET_GRID_NODE,,2026-10-07T09:00:00+00:00,2026-10-07T06:31:11.819952+00:00,2026-10-07T06:31:11.819952+00:00,UTC,2026-10-06T21:00:00+00:00,forecast,12,https://opendap.co-ops.nos.noaa.gov/thredds/dodsC/NOAA/NGOFS2/MODELS/2026/10/06/ngofs2.t21z.20261006.regulargrid.f012.nc,0.0,a35efafd89c8c60821aa7c6740a638843fb330aba7b5d73879f8854f4678c3d5,ngofs2_regulargrid_v1
noaa_ngofs2_mobile_bay_regulargrid,MODEL,ngofs2_grid_876_996,noaa_ngofs2_mobile_bay_model,Fairhope/Fly Creek/Pier,0.75,30.53,-87.91999999999999,3.0932896910937813,water_temperature,29.41883659362793,degC,bottom,2.0,standard_depth_positive_down,model_grid_or_not_applicable,MODEL_WET_GRID_NODE,,2026-10-07T09:00:00+00:00,2026-10-07T06:31:11.819952+00:00,2026-10-07T06:31:11.819952+00:00,UTC,2026-10-06T21:00:00+00:00,forecast,12,https://opendap.co-ops.nos.noaa.gov/thredds/dodsC/NOAA/NGOFS2/MODELS/2026/10/06/ngofs2.t21z.20261006.regulargrid.f012.nc,0.0,a35efafd89c8c60821aa7c6740a638843fb330aba7b5d73879f8854f4678c3d5,ngofs2_regulargrid_v1
noaa_ngofs2_mobile_bay_regulargrid,MODEL,ngofs2_grid_876_996,noaa_ngofs2_mobile_bay_model,Fairhope/Fly Creek/Pier,0.75,30.53,-87.91999999999999,3.0932896910937813,salinity,15.911493301391602,PSU,bottom,2.0,standard_depth_positive_down,model_grid_or_not_applicable,MODEL_WET_GRID_NODE,,2026-10-07T09:00:00+00:00,2026-10-07T06:31:11.819952+00:00,2026-10-07T06:31:11.819952+00:00,UTC,2026-10-06T21:00:00+00:00,forecast,12,https://opendap.co-ops.nos.noaa.gov/thredds/dodsC/NOAA/NGOFS2/MODELS/2026/10/06/ngofs2.t21z.20261006.regulargrid.f012.nc,0.0,a35efafd89c8c60821aa7c6740a638843fb330aba7b5d73879f8854f4678c3d5,ngofs2_regulargrid_v1
noaa_ngofs2_mobile_bay_regulargrid,MODEL,ngofs2_grid_876_996,noaa_ngofs2_mobile_bay_model,Fairhope/Fly Creek/Pier,0.75,30.53,-87.91999999999999,3.0932896910937813,water_surface_elevation,0.19182930886745453,m,surface,0.0,surface,model_mean_sea_level,MODEL_WET_GRID_NODE,,2026-10-07T09:00:00+00:00,2026-10-07T06:31:11.819952+00:00,2026-10-07T06:31:11.819952+00:00,UTC,2026-10-06T21:00:00+00:00,forecast,12,https://opendap.co-ops.nos.noaa.gov/thredds/dodsC/NOAA/NGOFS2/MODELS/2026/10/06/ngofs2.t21z.20261006.regulargrid.f012.nc,0.0,a35efafd89c8c60821aa7c6740a638843fb330aba7b5d73879f8854f4678c3d5,ngofs2_regulargrid_v1
noaa_ngofs2_mobile_bay_regulargrid,MODEL,ngofs2_grid_875_995,noaa_ngofs2_mobile_bay_model,Fairhope/Fly Creek/Pier,1.5,30.52,-87.92999999999999,3.361578206118958,eastward_current,-0.0826033279299736,m/s,surface,0.0,standard_depth_positive_down,model_grid_or_not_applicable,MODEL_WET_GRID_NODE,,2026-10-07T09:00:00+00:00,2026-10-07T06:31:11.819952+00:00,2026-10-07T06:31:11.819952+00:00,UTC,2026-10-06T21:00:00+00:00,forecast,12,https://opendap.co-ops.nos.noaa.gov/thredds/dodsC/NOAA/NGOFS2/MODELS/2026/10/06/ngofs2.t21z.20261006.regulargrid.f012.nc,0.0,a35efafd89c8c60821aa7c6740a638843fb330aba7b5d73879f8854f4678c3d5,ngofs2_regulargrid_v1
noaa_ngofs2_mobile_bay_regulargrid,MODEL,ngofs2_grid_875_995,noaa_ngofs2_mobile_bay_model,Fairhope/Fly Creek/Pier,1.5,30.52,-87.92999999999999,3.361578206118958,northward_current,-0.11999509483575821,m/s,surface,0.0,standard_depth_positive_down,model_grid_or_not_applicable,MODEL_WET_GRID_NODE,,2026-10-07T09:00:00+00:00,2026-10-07T06:31:11.819952+00:00,2026-10-07T06:31:11.819952+00:00,UTC,2026-10-06T21:00:00+00:00,forecast,12,https://opendap.co-ops.nos.noaa.gov/thredds/dodsC/NOAA/NGOFS2/MODELS/2026/10/06/ngofs2.t21z.20261006.regulargrid.f012.nc,0.0,a35efafd89c8c60821aa7c6740a638843fb330aba7b5d73879f8854f4678c3d5,ngofs2_regulargrid_v1
noaa_ngofs2_mobile_bay_regulargrid,MODEL,ngofs2_grid_875_995,noaa_ngofs2_mobile_bay_model,Fairhope/Fly Creek/Pier,1.5,30.52,-87.92999999999999,3.361578206118958,shoreward_current,-0.08260332792997362,m/s,surface,0.0,standard_depth_positive_down,model_grid_or_not_applicable,MODEL_WET_GRID_NODE,,2026-10-07T09:00:00+00:00,2026-10-07T06:31:11.819952+00:00,2026-10-07T06:31:11.819952+00:00,UTC,2026-10-06T21:00:00+00:00,forecast,12,https://opendap.co-ops.nos.noaa.gov/thredds/dodsC/NOAA/NGOFS2/MODELS/2026/10/06/ngofs2.t21z.20261006.regulargrid.f012.nc,0.0,a35efafd89c8c60821aa7c6740a638843fb330aba7b5d73879f8854f4678c3d5,ngofs2_regulargrid_v1
noaa_ngofs2_mobile_bay_regulargrid,MODEL,ngofs2_grid_875_995,noaa_ngofs2_mobile_bay_model,Fairhope/Fly Creek/Pier,1.5,30.52,-87.92999999999999,3.361578206118958,water_temperature,28.867630004882812,degC,surface,0.0,standard_depth_positive_down,model_grid_or_not_applicable,MODEL_WET_GRID_NODE,,2026-10-07T09:00:00+00:00,2026-10-07T06:31:11.819952+00:00,2026-10-07T06:31:11.819952+00:00,UTC,2026-10-06T21:00:00+00:00,forecast,12,https://opendap.co-ops.nos.noaa.gov/thredds/dodsC/NOAA/NGOFS2/MODELS/2026/10/06/ngofs2.t21z.20261006.regulargrid.f012.nc,0.0,a35efafd89c8c60821aa7c6740a638843fb330aba7b5d73879f8854f4678c3d5,ngofs2_regulargrid_v1
noaa_ngofs2_mobile_bay_regulargrid,MODEL,ngofs2_grid_875_995,noaa_ngofs2_mobile_bay_model,Fairhope/Fly Creek/Pier,1.5,30.52,-87.92999999999999,3.361578206118958,salinity,14.750868797302246,PSU,surface,0.0,standard_depth_positive_down,model_grid_or_not_applicable,MODEL_WET_GRID_NODE,,2026-10-07T09:00:00+00:00,2026-10-07T06:31:11.819952+00:00,2026-10-07T06:31:11.819952+00:00,UTC,2026-10-06T21:00:00+00:00,forecast,12,https://opendap.co-ops.nos.noaa.gov/thredds/dodsC/NOAA/NGOFS2/MODELS/2026/10/06/ngofs2.t21z.20261006.regulargrid.f012.nc,0.0,a35efafd89c8c60821aa7c6740a638843fb330aba7b5d73879f8854f4678c3d5,ngofs2_regulargrid_v1
noaa_ngofs2_mobile_bay_regulargrid,MODEL,ngofs2_grid_875_995,noaa_ngofs2_mobile_bay_model,Fairhope/Fly Creek/Pier,1.5,30.52,-87.92999999999999,3.361578206118958,eastward_current,-0.03546048328280449,m/s,bottom,2.0,standard_depth_positive_down,model_grid_or_not_applicable,MODEL_WET_GRID_NODE,,2026-10-07T09:00:00+00:00,2026-10-07T06:31:11.819952+00:00,2026-10-07T06:31:11.819952+00:00,UTC,2026-10-06T21:00:00+00:00,forecast,12,https://opendap.co-ops.nos.noaa.gov/thredds/dodsC/NOAA/NGOFS2/MODELS/2026/10/06/ngofs2.t21z.20261006.regulargrid.f012.nc,0.0,a35efafd89c8c60821aa7c6740a638843fb330aba7b5d73879f8854f4678c3d5,ngofs2_regulargrid_v1
noaa_ngofs2_mobile_bay_regulargrid,MODEL,ngofs2_grid_875_995,noaa_ngofs2_mobile_bay_model,Fairhope/Fly Creek/Pier,1.5,30.52,-87.92999999999999,3.361578206118958,northward_current,-0.0706145241856575,m/s,bottom,2.0,standard_depth_positive_down,model_grid_or_not_applicable,MODEL_WET_GRID_NODE,,2026-10-07T09:00:00+00:00,2026-10-07T06:31:11.819952+00:00,2026-10-07T06:31:11.819952+00:00,UTC,2026-10-06T21:00:00+00:00,forecast,12,https://opendap.co-ops.nos.noaa.gov/thredds/dodsC/NOAA/NGOFS2/MODELS/2026/10/06/ngofs2.t21z.20261006.regulargrid.f012.nc,0.0,a35efafd89c8c60821aa7c6740a638843fb330aba7b5d73879f8854f4678c3d5,ngofs2_regulargrid_v1
noaa_ngofs2_mobile_bay_regulargrid,MODEL,ngofs2_grid_875_995,noaa_ngofs2_mobile_bay_model,Fairhope/Fly Creek/Pier,1.5,30.52,-87.92999999999999,3.361578206118958,shoreward_current,-0.035460483282804496,m/s,bottom,2.0,standard_depth_positive_down,model_grid_or_not_applicable,MODEL_WET_GRID_NODE,,2026-10-07T09:00:00+00:00,2026-10-07T06:31:11.819952+00:00,2026-10-07T06:31:11.819952+00:00,UTC,2026-10-06T21:00:00+00:00,forecast,12,https://opendap.co-ops.nos.noaa.gov/thredds/dodsC/NOAA/NGOFS2/MODELS/2026/10/06/ngofs2.t21z.20261006.regulargrid.f012.nc,0.0,a35efafd89c8c60821aa7c6740a638843fb330aba7b5d73879f8854f4678c3d5,ngofs2_regulargrid_v1
noaa_ngofs2_mobile_bay_regulargrid,MODEL,ngofs2_grid_875_995,noaa_ngofs2_mobile_bay_model,Fairhope/Fly Creek/Pier,1.5,30.52,-87.92999999999999,3.361578206118958,water_temperature,29.130966186523438,degC,bottom,2.0,standard_depth_positive_down,model_grid_or_not_applicable,MODEL_WET_GRID_NODE,,2026-10-07T09:00:00+00:00,2026-10-07T06:31:11.819952+00:00,2026-10-07T06:31:11.819952+00:00,UTC,2026-10-06T21:00:00+00:00,forecast,12,https://opendap.co-ops.nos.noaa.gov/thredds/dodsC/NOAA/NGOFS2/MODELS/2026/10/06/ngofs2.t21z.20261006.regulargrid.f012.nc,0.0,a35efafd89c8c60821aa7c6740a638843fb330aba7b5d73879f8854f4678c3d5,ngofs2_regulargrid_v1
noaa_ngofs2_mobile_bay_regulargrid,MODEL,ngofs2_grid_875_995,noaa_ngofs2_mobile_bay_model,Fairhope/Fly Creek/Pier,1.5,30.52,-87.92999999999999,3.361578206118958,salinity,15.416777610778809,PSU,bottom,2.0,standard_depth_positive_down,model_grid_or_not_applicable,MODEL_WET_GRID_NODE,,2026-10-07T09:00:00+00:00,2026-10-07T06:31:11.819952+00:00,2026-10-07T06:31:11.819952+00:00,UTC,2026-10-06T21:00:00+00:00,forecast,12,https://opendap.co-ops.nos.noaa.gov/thredds/dodsC/NOAA/NGOFS2/MODELS/2026/10/06/ngofs2.t21z.20261006.regulargrid.f012.nc,0.0,a35efafd89c8c60821aa7c6740a638843fb330aba7b5d73879f8854f4678c3d5,ngofs2_regulargrid_v1
noaa_ngofs2_mobile_bay_regulargrid,MODEL,ngofs2_grid_875_995,noaa_ngofs2_mobile_bay_model,Fairhope/Fly Creek/Pier,1.5,30.52,-87.92999999999999,3.361578206118958,water_surface_elevation,0.19475193321704865,m,surface,0.0,surface,model_mean_sea_level,MODEL_WET_GRID_NODE,,2026-10-07T09:00:00+00:00,2026-10-07T06:31:11.819952+00:00,2026-10-07T06:31:11.819952+00:00,UTC,2026-10-06T21:00:00+00:00,forecast,12,https://opendap.co-ops.nos.noaa.gov/thredds/dodsC/NOAA/NGOFS2/MODELS/2026/10/06/ngofs2.t21z.20261006.regulargrid.f012.nc,0.0,a35efafd89c8c60821aa7c6740a638843fb330aba7b5d73879f8854f4678c3d5,ngofs2_regulargrid_v1
noaa_ngofs2_mobile_bay_regulargrid,MODEL,ngofs2_grid_875_993,noaa_ngofs2_mobile_bay_model,Fairhope/Fly Creek/Pier,3.0,30.52,-87.94999999999999,4.08614297131185,eastward_current,-0.07965153455734253,m/s,surface,0.0,standard_depth_positive_down,model_grid_or_not_applicable,MODEL_WET_GRID_NODE,,2026-10-07T09:00:00+00:00,2026-10-07T06:31:11.819952+00:00,2026-10-07T06:31:11.819952+00:00,UTC,2026-10-06T21:00:00+00:00,forecast,12,https://opendap.co-ops.nos.noaa.gov/thredds/dodsC/NOAA/NGOFS2/MODELS/2026/10/06/ngofs2.t21z.20261006.regulargrid.f012.nc,0.0,a35efafd89c8c60821aa7c6740a638843fb330aba7b5d73879f8854f4678c3d5,ngofs2_regulargrid_v1
noaa_ngofs2_mobile_bay_regulargrid,MODEL,ngofs2_grid_875_993,noaa_ngofs2_mobile_bay_model,Fairhope/Fly Creek/Pier,3.0,30.52,-87.94999999999999,4.08614297131185,northward_current,-0.09830821305513382,m/s,surface,0.0,standard_depth_positive_down,model_grid_or_not_applicable,MODEL_WET_GRID_NODE,,2026-10-07T09:00:00+00:00,2026-10-07T06:31:11.819952+00:00,2026-10-07T06:31:11.819952+00:00,UTC,2026-10-06T21:00:00+00:00,forecast,12,https://opendap.co-ops.nos.noaa.gov/thredds/dodsC/NOAA/NGOFS2/MODELS/2026/10/06/ngofs2.t21z.20261006.regulargrid.f012.nc,0.0,a35efafd89c8c60821aa7c6740a638843fb330aba7b5d73879f8854f4678c3d5,ngofs2_regulargrid_v1
noaa_ngofs2_mobile_bay_regulargrid,MODEL,ngofs2_grid_875_993,noaa_ngofs2_mobile_bay_model,Fairhope/Fly Creek/Pier,3.0,30.52,-87.94999999999999,4.08614297131185,shoreward_current,-0.07965153455734253,m/s,surface,0.0,standard_depth_positive_down,model_grid_or_not_applicable,MODEL_WET_GRID_NODE,,2026-10-07T09:00:00+00:00,2026-10-07T06:31:11.819952+00:00,2026-10-07T06:31:11.819952+00:00,UTC,2026-10-06T21:00:00+00:00,forecast,12,https://opendap.co-ops.nos.noaa.gov/thredds/dodsC/NOAA/NGOFS2/MODELS/2026/10/06/ngofs2.t21z.20261006.regulargrid.f012.nc,0.0,a35efafd89c8c60821aa7c6740a638843fb330aba7b5d73879f8854f4678c3d5,ngofs2_regulargrid_v1
noaa_ngofs2_mobile_bay_regulargrid,MODEL,ngofs2_grid_875_993,noaa_ngofs2_mobile_bay_model,Fairhope/Fly Creek/Pier,3.0,30.52,-87.94999999999999,4.08614297131185,water_temperature,28.685638427734375,degC,surface,0.0,standard_depth_positive_down,model_grid_or_not_applicable,MODEL_WET_GRID_NODE,,2026-10-07T09:00:00+00:00,2026-10-07T06:31:11.819952+00:00,2026-10-07T06:31:11.819952+00:00,UTC,2026-10-06T21:00:00+00:00,forecast,12,https://opendap.co-ops.nos.noaa.gov/thredds/dodsC/NOAA/NGOFS2/MODELS/2026/10/06/ngofs2.t21z.20261006.regulargrid.f012.nc,0.0,a35efafd89c8c60821aa7c6740a638843fb330aba7b5d73879f8854f4678c3d5,ngofs2_regulargrid_v1
noaa_ngofs2_mobile_bay_regulargrid,MODEL,ngofs2_grid_875_993,noaa_ngofs2_mobile_bay_model,Fairhope/Fly Creek/Pier,3.0,30.52,-87.94999999999999,4.08614297131185,salinity,13.882181167602539,PSU,surface,0.0,standard_depth_positive_down,model_grid_or_not_applicable,MODEL_WET_GRID_NODE,,2026-10-07T09:00:00+00:00,2026-10-07T06:31:11.819952+00:00,2026-10-07T06:31:11.819952+00:00,UTC,2026-10-06T21:00:00+00:00,forecast,12,https://opendap.co-ops.nos.noaa.gov/thredds/dodsC/NOAA/NGOFS2/MODELS/2026/10/06/ngofs2.t21z.20261006.regulargrid.f012.nc,0.0,a35efafd89c8c60821aa7c6740a638843fb330aba7b5d73879f8854f4678c3d5,ngofs2_regulargrid_v1
noaa_ngofs2_mobile_bay_regulargrid,MODEL,ngofs2_grid_875_993,noaa_ngofs2_mobile_bay_model,Fairhope/Fly Creek/Pier,3.0,30.52,-87.94999999999999,4.08614297131185,eastward_current,0.027050720527768135,m/s,bottom,4.0,standard_depth_positive_down,model_grid_or_not_applicable,MODEL_WET_GRID_NODE,,2026-10-07T09:00:00+00:00,2026-10-07T06:31:11.819952+00:00,2026-10-07T06:31:11.819952+00:00,UTC,2026-10-06T21:00:00+00:00,forecast,12,https://opendap.co-ops.nos.noaa.gov/thredds/dodsC/NOAA/NGOFS2/MODELS/2026/10/06/ngofs2.t21z.20261006.regulargrid.f012.nc,0.0,a35efafd89c8c60821aa7c6740a638843fb330aba7b5d73879f8854f4678c3d5,ngofs2_regulargrid_v1
noaa_ngofs2_mobile_bay_regulargrid,MODEL,ngofs2_grid_875_993,noaa_ngofs2_mobile_bay_model,Fairhope/Fly Creek/Pier,3.0,30.52,-87.94999999999999,4.08614297131185,northward_current,0.031462106853723526,m/s,bottom,4.0,standard_depth_positive_down,model_grid_or_not_applicable,MODEL_WET_GRID_NODE,,2026-10-07T09:00:00+00:00,2026-10-07T06:31:11.819952+00:00,2026-10-07T06:31:11.819952+00:00,UTC,2026-10-06T21:00:00+00:00,forecast,12,https://opendap.co-ops.nos.noaa.gov/thredds/dodsC/NOAA/NGOFS2/MODELS/2026/10/06/ngofs2.t21z.20261006.regulargrid.f012.nc,0.0,a35efafd89c8c60821aa7c6740a638843fb330aba7b5d73879f8854f4678c3d5,ngofs2_regulargrid_v1
noaa_ngofs2_mobile_bay_regulargrid,MODEL,ngofs2_grid_875_993,noaa_ngofs2_mobile_bay_model,Fairhope/Fly Creek/Pier,3.0,30.52,-87.94999999999999,4.08614297131185,shoreward_current,0.02705072052776814,m/s,bottom,4.0,standard_depth_positive_down,model_grid_or_not_applicable,MODEL_WET_GRID_NODE,,2026-10-07T09:00:00+00:00,2026-10-07T06:31:11.819952+00:00,2026-10-07T06:31:11.819952+00:00,UTC,2026-10-06T21:00:00+00:00,forecast,12,https://opendap.co-ops.nos.noaa.gov/thredds/dodsC/NOAA/NGOFS2/MODELS/2026/10/06/ngofs2.t21z.20261006.regulargrid.f012.nc,0.0,a35efafd89c8c60821aa7c6740a638843fb330aba7b5d73879f8854f4678c3d5,ngofs2_regulargrid_v1
noaa_ngofs2_mobile_bay_regulargrid,MODEL,ngofs2_grid_875_993,noaa_ngofs2_mobile_bay_model,Fairhope/Fly Creek/Pier,3.0,30.52,-87.94999999999999,4.08614297131185,water_temperature,29.31957244873047,degC,bottom,4.0,standard_depth_positive_down,model_grid_or_not_applicable,MODEL_WET_GRID_NODE,,2026-10-07T09:00:00+00:00,2026-10-07T06:31:11.819952+00:00,2026-10-07T06:31:11.819952+00:00,UTC,2026-10-06T21:00:00+00:00,forecast,12,https://opendap.co-ops.nos.noaa.gov/thredds/dodsC/NOAA/NGOFS2/MODELS/2026/10/06/ngofs2.t21z.20261006.regulargrid.f012.nc,0.0,a35efafd89c8c60821aa7c6740a638843fb330aba7b5d73879f8854f4678c3d5,ngofs2_regulargrid_v1
noaa_ngofs2_mobile_bay_regulargrid,MODEL,ngofs2_grid_875_993,noaa_ngofs2_mobile_bay_model,Fairhope/Fly Creek/Pier,3.0,30.52,-87.94999999999999,4.08614297131185,salinity,18.257556915283203,PSU,bottom,4.0,standard_depth_positive_down,model_grid_or_not_applicable,MODEL_WET_GRID_NODE,,2026-10-07T09:00:00+00:00,2026-10-07T06:31:11.819952+00:00,2026-10-07T06:31:11.819952+00:00,UTC,2026-10-06T21:00:00+00:00,forecast,12,https://opendap.co-ops.nos.noaa.gov/thredds/dodsC/NOAA/NGOFS2/MODELS/2026/10/06/ngofs2.t21z.20261006.regulargrid.f012.nc,0.0,a35efafd89c8c60821aa7c6740a638843fb330aba7b5d73879f8854f4678c3d5,ngofs2_regulargrid_v1
noaa_ngofs2_mobile_bay_regulargrid,MODEL,ngofs2_grid_875_993,noaa_ngofs2_mobile_bay_model,Fairhope/Fly Creek/Pier,3.0,30.52,-87.94999999999999,4.08614297131185,water_surface_elevation,0.19948558509349823,m,surface,0.0,surface,model_mean_sea_level,MODEL_WET_GRID_NODE,,2026-10-07T09:00:00+00:00,2026-10-07T06:31:11.819952+00:00,2026-10-07T06:31:11.819952+00:00,UTC,2026-10-06T21:00:00+00:00,forecast,12,https://opendap.co-ops.nos.noaa.gov/thredds/dodsC/NOAA/NGOFS2/MODELS/2026/10/06/ngofs2.t21z.20261006.regulargrid.f012.nc,0.0,a35efafd89c8c60821aa7c6740a638843fb330aba7b5d73879f8854f4678c3d5,ngofs2_regulargrid_v1
noaa_ngofs2_mobile_bay_regulargrid,MODEL,ngofs2_grid_873_995,noaa_ngofs2_mobile_bay_model,Battles Wharf,0.25,30.5,-87.92999999999999,1.5247603851571427,eastward_current,-0.05658641457557678,m/s,surface,0.0,standard_depth_positive_down,model_grid_or_not_applicable,MODEL_WET_GRID_NODE,,2026-10-07T09:00:00+00:00,2026-10-07T06:31:11.819952+00:00,2026-10-07T06:31:11.819952+00:00,UTC,2026-10-06T21:00:00+00:00,forecast,12,https://opendap.co-ops.nos.noaa.gov/thredds/dodsC/NOAA/NGOFS2/MODELS/2026/10/06/ngofs2.t21z.20261006.regulargrid.f012.nc,0.0,a35efafd89c8c60821aa7c6740a638843fb330aba7b5d73879f8854f4678c3d5,ngofs2_regulargrid_v1
noaa_ngofs2_mobile_bay_regulargrid,MODEL,ngofs2_grid_873_995,noaa_ngofs2_mobile_bay_model,Battles Wharf,0.25,30.5,-87.92999999999999,1.5247603851571427,northward_current,-0.14084605872631073,m/s,surface,0.0,standard_depth_positive_down,model_grid_or_not_applicable,MODEL_WET_GRID_NODE,,2026-10-07T09:00:00+00:00,2026-10-07T06:31:11.819952+00:00,2026-10-07T06:31:11.819952+00:00,UTC,2026-10-06T21:00:00+00:00,forecast,12,https://opendap.co-ops.nos.noaa.gov/thredds/dodsC/NOAA/NGOFS2/MODELS/2026/10/06/ngofs2.t21z.20261006.regulargrid.f012.nc,0.0,a35efafd89c8c60821aa7c6740a638843fb330aba7b5d73879f8854f4678c3d5,ngofs2_regulargrid_v1
noaa_ngofs2_mobile_bay_regulargrid,MODEL,ngofs2_grid_873_995,noaa_ngofs2_mobile_bay_model,Battles Wharf,0.25,30.5,-87.92999999999999,1.5247603851571427,shoreward_current,-0.05658641457557679,m/s,surface,0.0,standard_depth_positive_down,model_grid_or_not_applicable,MODEL_WET_GRID_NODE,,2026-10-07T09:00:00+00:00,2026-10-07T06:31:11.819952+00:00,2026-10-07T06:31:11.819952+00:00,UTC,2026-10-06T21:00:00+00:00,forecast,12,https://opendap.co-ops.nos.noaa.gov/thredds/dodsC/NOAA/NGOFS2/MODELS/2026/10/06/ngofs2.t21z.20261006.regulargrid.f012.nc,0.0,a35efafd89c8c60821aa7c6740a638843fb330aba7b5d73879f8854f4678c3d5,ngofs2_regulargrid_v1
noaa_ngofs2_mobile_bay_regulargrid,MODEL,ngofs2_grid_873_995,noaa_ngofs2_mobile_bay_model,Battles Wharf,0.25,30.5,-87.92999999999999,1.5247603851571427,water_temperature,28.71834373474121,degC,surface,0.0,standard_depth_positive_down,model_grid_or_not_applicable,MODEL_WET_GRID_NODE,,2026-10-07T09:00:00+00:00,2026-10-07T06:31:11.819952+00:00,2026-10-07T06:31:11.819952+00:00,UTC,2026-10-06T21:00:00+00:00,forecast,12,https://opendap.co-ops.nos.noaa.gov/thredds/dodsC/NOAA/NGOFS2/MODELS/2026/10/06/ngofs2.t21z.20261006.regulargrid.f012.nc,0.0,a35efafd89c8c60821aa7c6740a638843fb330aba7b5d73879f8854f4678c3d5,ngofs2_regulargrid_v1
noaa_ngofs2_mobile_bay_regulargrid,MODEL,ngofs2_grid_873_995,noaa_ngofs2_mobile_bay_model,Battles Wharf,0.25,30.5,-87.92999999999999,1.5247603851571427,salinity,14.934609413146973,PSU,surface,0.0,standard_depth_positive_down,model_grid_or_not_applicable,MODEL_WET_GRID_NODE,,2026-10-07T09:00:00+00:00,2026-10-07T06:31:11.819952+00:00,2026-10-07T06:31:11.819952+00:00,UTC,2026-10-06T21:00:00+00:00,forecast,12,https://opendap.co-ops.nos.noaa.gov/thredds/dodsC/NOAA/NGOFS2/MODELS/2026/10/06/ngofs2.t21z.20261006.regulargrid.f012.nc,0.0,a35efafd89c8c60821aa7c6740a638843fb330aba7b5d73879f8854f4678c3d5,ngofs2_regulargrid_v1
noaa_ngofs2_mobile_bay_regulargrid,MODEL,ngofs2_grid_873_995,noaa_ngofs2_mobile_bay_model,Battles Wharf,0.25,30.5,-87.92999999999999,1.5247603851571427,eastward_current,-0.021106809377670288,m/s,bottom,1.0,standard_depth_positive_down,model_grid_or_not_applicable,MODEL_WET_GRID_NODE,,2026-10-07T09:00:00+00:00,2026-10-07T06:31:11.819952+00:00,2026-10-07T06:31:11.819952+00:00,UTC,2026-10-06T21:00:00+00:00,forecast,12,https://opendap.co-ops.nos.noaa.gov/thredds/dodsC/NOAA/NGOFS2/MODELS/2026/10/06/ngofs2.t21z.20261006.regulargrid.f012.nc,0.0,a35efafd89c8c60821aa7c6740a638843fb330aba7b5d73879f8854f4678c3d5,ngofs2_regulargrid_v1
noaa_ngofs2_mobile_bay_regulargrid,MODEL,ngofs2_grid_873_995,noaa_ngofs2_mobile_bay_model,Battles Wharf,0.25,30.5,-87.92999999999999,1.5247603851571427,northward_current,-0.09063943475484848,m/s,bottom,1.0,standard_depth_positive_down,model_grid_or_not_applicable,MODEL_WET_GRID_NODE,,2026-10-07T09:00:00+00:00,2026-10-07T06:31:11.819952+00:00,2026-10-07T06:31:11.819952+00:00,UTC,2026-10-06T21:00:00+00:00,forecast,12,https://opendap.co-ops.nos.noaa.gov/thredds/dodsC/NOAA/NGOFS2/MODELS/2026/10/06/ngofs2.t21z.20261006.regulargrid.f012.nc,0.0,a35efafd89c8c60821aa7c6740a638843fb330aba7b5d73879f8854f4678c3d5,ngofs2_regulargrid_v1
noaa_ngofs2_mobile_bay_regulargrid,MODEL,ngofs2_grid_873_995,noaa_ngofs2_mobile_bay_model,Battles Wharf,0.25,30.5,-87.92999999999999,1.5247603851571427,shoreward_current,-0.021106809377670295,m/s,bottom,1.0,standard_depth_positive_down,model_grid_or_not_applicable,MODEL_WET_GRID_NODE,,2026-10-07T09:00:00+00:00,2026-10-07T06:31:11.819952+00:00,2026-10-07T06:31:11.819952+00:00,UTC,2026-10-06T21:00:00+00:00,forecast,12,https://opendap.co-ops.nos.noaa.gov/thredds/dodsC/NOAA/NGOFS2/MODELS/2026/10/06/ngofs2.t21z.20261006.regulargrid.f012.nc,0.0,a35efafd89c8c60821aa7c6740a638843fb330aba7b5d73879f8854f4678c3d5,ngofs2_regulargrid_v1
noaa_ngofs2_mobile_bay_regulargrid,MODEL,ngofs2_grid_873_995,noaa_ngofs2_mobile_bay_model,Battles Wharf,0.25,30.5,-87.92999999999999,1.5247603851571427,water_temperature,28.760459899902344,degC,bottom,1.0,standard_depth_positive_down,model_grid_or_not_applicable,MODEL_WET_GRID_NODE,,2026-10-07T09:00:00+00:00,2026-10-07T06:31:11.819952+00:00,2026-10-07T06:31:11.819952+00:00,UTC,2026-10-06T21:00:00+00:00,forecast,12,https://opendap.co-ops.nos.noaa.gov/thredds/dodsC/NOAA/NGOFS2/MODELS/2026/10/06/ngofs2.t21z.20261006.regulargrid.f012.nc,0.0,a35efafd89c8c60821aa7c6740a638843fb330aba7b5d73879f8854f4678c3d5,ngofs2_regulargrid_v1
noaa_ngofs2_mobile_bay_regulargrid,MODEL,ngofs2_grid_873_995,noaa_ngofs2_mobile_bay_model,Battles Wharf,0.25,30.5,-87.92999999999999,1.5247603851571427,salinity,14.93341064453125,PSU,bottom,1.0,standard_depth_positive_down,model_grid_or_not_applicable,MODEL_WET_GRID_NODE,,2026-10-07T09:00:00+00:00,2026-10-07T06:31:11.819952+00:00,2026-10-07T06:31:11.819952+00:00,UTC,2026-10-06T21:00:00+00:00,forecast,12,https://opendap.co-ops.nos.noaa.gov/thredds/dodsC/NOAA/NGOFS2/MODELS/2026/10/06/ngofs2.t21z.20261006.regulargrid.f012.nc,0.0,a35efafd89c8c60821aa7c6740a638843fb330aba7b5d73879f8854f4678c3d5,ngofs2_regulargrid_v1
noaa_ngofs2_mobile_bay_regulargrid,MODEL,ngofs2_grid_873_995,noaa_ngofs2_mobile_bay_model,Battles Wharf,0.25,30.5,-87.92999999999999,1.5247603851571427,water_surface_elevation,0.19563844799995422,m,surface,0.0,surface,model_mean_sea_level,MODEL_WET_GRID_NODE,,2026-10-07T09:00:00+00:00,2026-10-07T06:31:11.819952+00:00,2026-10-07T06:31:11.819952+00:00,UTC,2026-10-06T21:00:00+00:00,forecast,12,https://opendap.co-ops.nos.noaa.gov/thredds/dodsC/NOAA/NGOFS2/MODELS/2026/10/06/ngofs2.t21z.20261006.regulargrid.f012.nc,0.0,a35efafd89c8c60821aa7c6740a638843fb330aba7b5d73879f8854f4678c3d5,ngofs2_regulargrid_v1
noaa_ngofs2_mobile_bay_regulargrid,MODEL,ngofs2_grid_872_994,noaa_ngofs2_mobile_bay_model,Battles Wharf,0.75,30.490000000000002,-87.94,1.9933871290190823,eastward_current,-0.06213492900133133,m/s,surface,0.0,standard_depth_positive_down,model_grid_or_not_applicable,MODEL_WET_GRID_NODE,,2026-10-07T09:00:00+00:00,2026-10-07T06:31:11.819952+00:00,2026-10-07T06:31:11.819952+00:00,UTC,2026-10-06T21:00:00+00:00,forecast,12,https://opendap.co-ops.nos.noaa.gov/thredds/dodsC/NOAA/NGOFS2/MODELS/2026/10/06/ngofs2.t21z.20261006.regulargrid.f012.nc,0.0,a35efafd89c8c60821aa7c6740a638843fb330aba7b5d73879f8854f4678c3d5,ngofs2_regulargrid_v1
noaa_ngofs2_mobile_bay_regulargrid,MODEL,ngofs2_grid_872_994,noaa_ngofs2_mobile_bay_model,Battles Wharf,0.75,30.490000000000002,-87.94,1.9933871290190823,northward_current,-0.13535234332084656,m/s,surface,0.0,standard_depth_positive_down,model_grid_or_not_applicable,MODEL_WET_GRID_NODE,,2026-10-07T09:00:00+00:00,2026-10-07T06:31:11.819952+00:00,2026-10-07T06:31:11.819952+00:00,UTC,2026-10-06T21:00:00+00:00,forecast,12,https://opendap.co-ops.nos.noaa.gov/thredds/dodsC/NOAA/NGOFS2/MODELS/2026/10/06/ngofs2.t21z.20261006.regulargrid.f012.nc,0.0,a35efafd89c8c60821aa7c6740a638843fb330aba7b5d73879f8854f4678c3d5,ngofs2_regulargrid_v1
noaa_ngofs2_mobile_bay_regulargrid,MODEL,ngofs2_grid_872_994,noaa_ngofs2_mobile_bay_model,Battles Wharf,0.75,30.490000000000002,-87.94,1.9933871290190823,shoreward_current,-0.062134929001331336,m/s,surface,0.0,standard_depth_positive_down,model_grid_or_not_applicable,MODEL_WET_GRID_NODE,,2026-10-07T09:00:00+00:00,2026-10-07T06:31:11.819952+00:00,2026-10-07T06:31:11.819952+00:00,UTC,2026-10-06T21:00:00+00:00,forecast,12,https://opendap.co-ops.nos.noaa.gov/thredds/dodsC/NOAA/NGOFS2/MODELS/2026/10/06/ngofs2.t21z.20261006.regulargrid.f012.nc,0.0,a35efafd89c8c60821aa7c6740a638843fb330aba7b5d73879f8854f4678c3d5,ngofs2_regulargrid_v1
noaa_ngofs2_mobile_bay_regulargrid,MODEL,ngofs2_grid_872_994,noaa_ngofs2_mobile_bay_model,Battles Wharf,0.75,30.490000000000002,-87.94,1.9933871290190823,water_temperature,28.703664779663086,degC,surface,0.0,standard_depth_positive_down,model_grid_or_not_applicable,MODEL_WET_GRID_NODE,,2026-10-07T09:00:00+00:00,2026-10-07T06:31:11.819952+00:00,2026-10-07T06:31:11.819952+00:00,UTC,2026-10-06T21:00:00+00:00,forecast,12,https://opendap.co-ops.nos.noaa.gov/thredds/dodsC/NOAA/NGOFS2/MODELS/2026/10/06/ngofs2.t21z.20261006.regulargrid.f012.nc,0.0,a35efafd89c8c60821aa7c6740a638843fb330aba7b5d73879f8854f4678c3d5,ngofs2_regulargrid_v1
noaa_ngofs2_mobile_bay_regulargrid,MODEL,ngofs2_grid_872_994,noaa_ngofs2_mobile_bay_model,Battles Wharf,0.75,30.490000000000002,-87.94,1.9933871290190823,salinity,15.200931549072266,PSU,surface,0.0,standard_depth_positive_down,model_grid_or_not_applicable,MODEL_WET_GRID_NODE,,2026-10-07T09:00:00+00:00,2026-10-07T06:31:11.819952+00:00,2026-10-07T06:31:11.819952+00:00,UTC,2026-10-06T21:00:00+00:00,forecast,12,https://opendap.co-ops.nos.noaa.gov/thredds/dodsC/NOAA/NGOFS2/MODELS/2026/10/06/ngofs2.t21z.20261006.regulargrid.f012.nc,0.0,a35efafd89c8c60821aa7c6740a638843fb330aba7b5d73879f8854f4678c3d5,ngofs2_regulargrid_v1
noaa_ngofs2_mobile_bay_regulargrid,MODEL,ngofs2_grid_872_994,noaa_ngofs2_mobile_bay_model,Battles Wharf,0.75,30.490000000000002,-87.94,1.9933871290190823,eastward_current,-0.03604082018136978,m/s,bottom,1.0,standard_depth_positive_down,model_grid_or_not_applicable,MODEL_WET_GRID_NODE,,2026-10-07T09:00:00+00:00,2026-10-07T06:31:11.819952+00:00,2026-10-07T06:31:11.819952+00:00,UTC,2026-10-06T21:00:00+00:00,forecast,12,https://opendap.co-ops.nos.noaa.gov/thredds/dodsC/NOAA/NGOFS2/MODELS/2026/10/06/ngofs2.t21z.20261006.regulargrid.f012.nc,0.0,a35efafd89c8c60821aa7c6740a638843fb330aba7b5d73879f8854f4678c3d5,ngofs2_regulargrid_v1
noaa_ngofs2_mobile_bay_regulargrid,MODEL,ngofs2_grid_872_994,noaa_ngofs2_mobile_bay_model,Battles Wharf,0.75,30.490000000000002,-87.94,1.9933871290190823,northward_current,-0.1077924370765686,m/s,bottom,1.0,standard_depth_positive_down,model_grid_or_not_applicable,MODEL_WET_GRID_NODE,,2026-10-07T09:00:00+00:00,2026-10-07T06:31:11.819952+00:00,2026-10-07T06:31:11.819952+00:00,UTC,2026-10-06T21:00:00+00:00,forecast,12,https://opendap.co-ops.nos.noaa.gov/thredds/dodsC/NOAA/NGOFS2/MODELS/2026/10/06/ngofs2.t21z.20261006.regulargrid.f012.nc,0.0,a35efafd89c8c60821aa7c6740a638843fb330aba7b5d73879f8854f4678c3d5,ngofs2_regulargrid_v1
noaa_ngofs2_mobile_bay_regulargrid,MODEL,ngofs2_grid_872_994,noaa_ngofs2_mobile_bay_model,Battles Wharf,0.75,30.490000000000002,-87.94,1.9933871290190823,shoreward_current,-0.03604082018136979,m/s,bottom,1.0,standard_depth_positive_down,model_grid_or_not_applicable,MODEL_WET_GRID_NODE,,2026-10-07T09:00:00+00:00,2026-10-07T06:31:11.819952+00:00,2026-10-07T06:31:11.819952+00:00,UTC,2026-10-06T21:00:00+00:00,forecast,12,https://opendap.co-ops.nos.noaa.gov/thredds/dodsC/NOAA/NGOFS2/MODELS/2026/10/06/ngofs2.t21z.20261006.regulargrid.f012.nc,0.0,a35efafd89c8c60821aa7c6740a638843fb330aba7b5d73879f8854f4678c3d5,ngofs2_regulargrid_v1
noaa_ngofs2_mobile_bay_regulargrid,MODEL,ngofs2_grid_872_994,noaa_ngofs2_mobile_bay_model,Battles Wharf,0.75,30.490000000000002,-87.94,1.9933871290190823,water_temperature,28.74715232849121,degC,bottom,1.0,standard_depth_positive_down,model_grid_or_not_applicable,MODEL_WET_GRID_NODE,,2026-10-07T09:00:00+00:00,2026-10-07T06:31:11.819952+00:00,2026-10-07T06:31:11.819952+00:00,UTC,2026-10-06T21:00:00+00:00,forecast,12,https://opendap.co-ops.nos.noaa.gov/thredds/dodsC/NOAA/NGOFS2/MODELS/2026/10/06/ngofs2.t21z.20261006.regulargrid.f012.nc,0.0,a35efafd89c8c60821aa7c6740a638843fb330aba7b5d73879f8854f4678c3d5,ngofs2_regulargrid_v1
noaa_ngofs2_mobile_bay_regulargrid,MODEL,ngofs2_grid_872_994,noaa_ngofs2_mobile_bay_model,Battles Wharf,0.75,30.490000000000002,-87.94,1.9933871290190823,salinity,15.235897064208984,PSU,bottom,1.0,standard_depth_positive_down,model_grid_or_not_applicable,MODEL_WET_GRID_NODE,,2026-10-07T09:00:00+00:00,2026-10-07T06:31:11.819952+00:00,2026-10-07T06:31:11.819952+00:00,UTC,2026-10-06T21:00:00+00:00,forecast,12,https://opendap.co-ops.nos.noaa.gov/thredds/dodsC/NOAA/NGOFS2/MODELS/2026/10/06/ngofs2.t21z.20261006.regulargrid.f012.nc,0.0,a35efafd89c8c60821aa7c6740a638843fb330aba7b5d73879f8854f4678c3d5,ngofs2_regulargrid_v1
noaa_ngofs2_mobile_bay_regulargrid,MODEL,ngofs2_grid_872_994,noaa_ngofs2_mobile_bay_model,Battles Wharf,0.75,30.490000000000002,-87.94,1.9933871290190823,water_surface_elevation,0.19864729046821594,m,surface,0.0,surface,model_mean_sea_level,MODEL_WET_GRID_NODE,,2026-10-07T09:00:00+00:00,2026-10-07T06:31:11.819952+00:00,2026-10-07T06:31:11.819952+00:00,UTC,2026-10-06T21:00:00+00:00,forecast,12,https://opendap.co-ops.nos.noaa.gov/thredds/dodsC/NOAA/NGOFS2/MODELS/2026/10/06/ngofs2.t21z.20261006.regulargrid.f012.nc,0.0,a35efafd89c8c60821aa7c6740a638843fb330aba7b5d73879f8854f4678c3d5,ngofs2_regulargrid_v1
noaa_ngofs2_mobile_bay_regulargrid,MODEL,ngofs2_grid_873_994,noaa_ngofs2_mobile_bay_model,Battles Wharf,1.5,30.5,-87.94,2.0816017084332157,eastward_current,-0.07000929117202759,m/s,surface,0.0,standard_depth_positive_down,model_grid_or_not_applicable,MODEL_WET_GRID_NODE,,2026-10-07T09:00:00+00:00,2026-10-07T06:31:11.819952+00:00,2026-10-07T06:31:11.819952+00:00,UTC,2026-10-06T21:00:00+00:00,forecast,12,https://opendap.co-ops.nos.noaa.gov/thredds/dodsC/NOAA/NGOFS2/MODELS/2026/10/06/ngofs2.t21z.20261006.regulargrid.f012.nc,0.0,a35efafd89c8c60821aa7c6740a638843fb330aba7b5d73879f8854f4678c3d5,ngofs2_regulargrid_v1
noaa_ngofs2_mobile_bay_regulargrid,MODEL,ngofs2_grid_873_994,noaa_ngofs2_mobile_bay_model,Battles Wharf,1.5,30.5,-87.94,2.0816017084332157,northward_current,-0.14128851890563965,m/s,surface,0.0,standard_depth_positive_down,model_grid_or_not_applicable,MODEL_WET_GRID_NODE,,2026-10-07T09:00:00+00:00,2026-10-07T06:31:11.819952+00:00,2026-10-07T06:31:11.819952+00:00,UTC,2026-10-06T21:00:00+00:00,forecast,12,https://opendap.co-ops.nos.noaa.gov/thredds/dodsC/NOAA/NGOFS2/MODELS/2026/10/06/ngofs2.t21z.20261006.regulargrid.f012.nc,0.0,a35efafd89c8c60821aa7c6740a638843fb330aba7b5d73879f8854f4678c3d5,ngofs2_regulargrid_v1
noaa_ngofs2_mobile_bay_regulargrid,MODEL,ngofs2_grid_873_994,noaa_ngofs2_mobile_bay_model,Battles Wharf,1.5,30.5,-87.94,2.0816017084332157,shoreward_current,-0.0700092911720276,m/s,surface,0.0,standard_depth_positive_down,model_grid_or_not_applicable,MODEL_WET_GRID_NODE,,2026-10-07T09:00:00+00:00,2026-10-07T06:31:11.819952+00:00,2026-10-07T06:31:11.819952+00:00,UTC,2026-10-06T21:00:00+00:00,forecast,12,https://opendap.co-ops.nos.noaa.gov/thredds/dodsC/NOAA/NGOFS2/MODELS/2026/10/06/ngofs2.t21z.20261006.regulargrid.f012.nc,0.0,a35efafd89c8c60821aa7c6740a638843fb330aba7b5d73879f8854f4678c3d5,ngofs2_regulargrid_v1
noaa_ngofs2_mobile_bay_regulargrid,MODEL,ngofs2_grid_873_994,noaa_ngofs2_mobile_bay_model,Battles Wharf,1.5,30.5,-87.94,2.0816017084332157,water_temperature,28.84791374206543,degC,surface,0.0,standard_depth_positive_down,model_grid_or_not_applicable,MODEL_WET_GRID_NODE,,2026-10-07T09:00:00+00:00,2026-10-07T06:31:11.819952+00:00,2026-10-07T06:31:11.819952+00:00,UTC,2026-10-06T21:00:00+00:00,forecast,12,https://opendap.co-ops.nos.noaa.gov/thredds/dodsC/NOAA/NGOFS2/MODELS/2026/10/06/ngofs2.t21z.20261006.regulargrid.f012.nc,0.0,a35efafd89c8c60821aa7c6740a638843fb330aba7b5d73879f8854f4678c3d5,ngofs2_regulargrid_v1
noaa_ngofs2_mobile_bay_regulargrid,MODEL,ngofs2_grid_873_994,noaa_ngofs2_mobile_bay_model,Battles Wharf,1.5,30.5,-87.94,2.0816017084332157,salinity,15.346346855163574,PSU,surface,0.0,standard_depth_positive_down,model_grid_or_not_applicable,MODEL_WET_GRID_NODE,,2026-10-07T09:00:00+00:00,2026-10-07T06:31:11.819952+00:00,2026-10-07T06:31:11.819952+00:00,UTC,2026-10-06T21:00:00+00:00,forecast,12,https://opendap.co-ops.nos.noaa.gov/thredds/dodsC/NOAA/NGOFS2/MODELS/2026/10/06/ngofs2.t21z.20261006.regulargrid.f012.nc,0.0,a35efafd89c8c60821aa7c6740a638843fb330aba7b5d73879f8854f4678c3d5,ngofs2_regulargrid_v1
noaa_ngofs2_mobile_bay_regulargrid,MODEL,ngofs2_grid_873_994,noaa_ngofs2_mobile_bay_model,Battles Wharf,1.5,30.5,-87.94,2.0816017084332157,eastward_current,-0.023677023127675056,m/s,bottom,2.0,standard_depth_positive_down,model_grid_or_not_applicable,MODEL_WET_GRID_NODE,,2026-10-07T09:00:00+00:00,2026-10-07T06:31:11.819952+00:00,2026-10-07T06:31:11.819952+00:00,UTC,2026-10-06T21:00:00+00:00,forecast,12,https://opendap.co-ops.nos.noaa.gov/thredds/dodsC/NOAA/NGOFS2/MODELS/2026/10/06/ngofs2.t21z.20261006.regulargrid.f012.nc,0.0,a35efafd89c8c60821aa7c6740a638843fb330aba7b5d73879f8854f4678c3d5,ngofs2_regulargrid_v1
noaa_ngofs2_mobile_bay_regulargrid,MODEL,ngofs2_grid_873_994,noaa_ngofs2_mobile_bay_model,Battles Wharf,1.5,30.5,-87.94,2.0816017084332157,northward_current,-0.0633159875869751,m/s,bottom,2.0,standard_depth_positive_down,model_grid_or_not_applicable,MODEL_WET_GRID_NODE,,2026-10-07T09:00:00+00:00,2026-10-07T06:31:11.819952+00:00,2026-10-07T06:31:11.819952+00:00,UTC,2026-10-06T21:00:00+00:00,forecast,12,https://opendap.co-ops.nos.noaa.gov/thredds/dodsC/NOAA/NGOFS2/MODELS/2026/10/06/ngofs2.t21z.20261006.regulargrid.f012.nc,0.0,a35efafd89c8c60821aa7c6740a638843fb330aba7b5d73879f8854f4678c3d5,ngofs2_regulargrid_v1
noaa_ngofs2_mobile_bay_regulargrid,MODEL,ngofs2_grid_873_994,noaa_ngofs2_mobile_bay_model,Battles Wharf,1.5,30.5,-87.94,2.0816017084332157,shoreward_current,-0.02367702312767506,m/s,bottom,2.0,standard_depth_positive_down,model_grid_or_not_applicable,MODEL_WET_GRID_NODE,,2026-10-07T09:00:00+00:00,2026-10-07T06:31:11.819952+00:00,2026-10-07T06:31:11.819952+00:00,UTC,2026-10-06T21:00:00+00:00,forecast,12,https://opendap.co-ops.nos.noaa.gov/thredds/dodsC/NOAA/NGOFS2/MODELS/2026/10/06/ngofs2.t21z.20261006.regulargrid.f012.nc,0.0,a35efafd89c8c60821aa7c6740a638843fb330aba7b5d73879f8854f4678c3d5,ngofs2_regulargrid_v1
noaa_ngofs2_mobile_bay_regulargrid,MODEL,ngofs2_grid_873_994,noaa_ngofs2_mobile_bay_model,Battles Wharf,1.5,30.5,-87.94,2.0816017084332157,water_temperature,28.89698600769043,degC,bottom,2.0,standard_depth_positive_down,model_grid_or_not_applicable,MODEL_WET_GRID_NODE,,2026-10-07T09:00:00+00:00,2026-10-07T06:31:11.819952+00:00,2026-10-07T06:31:11.819952+00:00,UTC,2026-10-06T21:00:00+00:00,forecast,12,https://opendap.co-ops.nos.noaa.gov/thredds/dodsC/NOAA/NGOFS2/MODELS/2026/10/06/ngofs2.t21z.20261006.regulargrid.f012.nc,0.0,a35efafd89c8c60821aa7c6740a638843fb330aba7b5d73879f8854f4678c3d5,ngofs2_regulargrid_v1
noaa_ngofs2_mobile_bay_regulargrid,MODEL,ngofs2_grid_873_994,noaa_ngofs2_mobile_bay_model,Battles Wharf,1.5,30.5,-87.94,2.0816017084332157,salinity,15.383606910705566,PSU,bottom,2.0,standard_depth_positive_down,model_grid_or_not_applicable,MODEL_WET_GRID_NODE,,2026-10-07T09:00:00+00:00,2026-10-07T06:31:11.819952+00:00,2026-10-07T06:31:11.819952+00:00,UTC,2026-10-06T21:00:00+00:00,forecast,12,https://opendap.co-ops.nos.noaa.gov/thredds/dodsC/NOAA/NGOFS2/MODELS/2026/10/06/ngofs2.t21z.20261006.regulargrid.f012.nc,0.0,a35efafd89c8c60821aa7c6740a638843fb330aba7b5d73879f8854f4678c3d5,ngofs2_regulargrid_v1
noaa_ngofs2_mobile_bay_regulargrid,MODEL,ngofs2_grid_873_994,noaa_ngofs2_mobile_bay_model,Battles Wharf,1.5,30.5,-87.94,2.0816017084332157,water_surface_elevation,0.1978500783443451,m,surface,0.0,surface,model_mean_sea_level,MODEL_WET_GRID_NODE,,2026-10-07T09:00:00+00:00,2026-10-07T06:31:11.819952+00:00,2026-10-07T06:31:11.819952+00:00,UTC,2026-10-06T21:00:00+00:00,forecast,12,https://opendap.co-ops.nos.noaa.gov/thredds/dodsC/NOAA/NGOFS2/MODELS/2026/10/06/ngofs2.t21z.20261006.regulargrid.f012.nc,0.0,a35efafd89c8c60821aa7c6740a638843fb330aba7b5d73879f8854f4678c3d5,ngofs2_regulargrid_v1
noaa_ngofs2_mobile_bay_regulargrid,MODEL,ngofs2_grid_872_992,noaa_ngofs2_mobile_bay_model,Battles Wharf,3.0,30.490000000000002,-87.96,3.4602185355355095,eastward_current,-0.06397537142038345,m/s,surface,0.0,standard_depth_positive_down,model_grid_or_not_applicable,MODEL_WET_GRID_NODE,,2026-10-07T09:00:00+00:00,2026-10-07T06:31:11.819952+00:00,2026-10-07T06:31:11.819952+00:00,UTC,2026-10-06T21:00:00+00:00,forecast,12,https://opendap.co-ops.nos.noaa.gov/thredds/dodsC/NOAA/NGOFS2/MODELS/2026/10/06/ngofs2.t21z.20261006.regulargrid.f012.nc,0.0,a35efafd89c8c60821aa7c6740a638843fb330aba7b5d73879f8854f4678c3d5,ngofs2_regulargrid_v1
noaa_ngofs2_mobile_bay_regulargrid,MODEL,ngofs2_grid_872_992,noaa_ngofs2_mobile_bay_model,Battles Wharf,3.0,30.490000000000002,-87.96,3.4602185355355095,northward_current,-0.14136672019958496,m/s,surface,0.0,standard_depth_positive_down,model_grid_or_not_applicable,MODEL_WET_GRID_NODE,,2026-10-07T09:00:00+00:00,2026-10-07T06:31:11.819952+00:00,2026-10-07T06:31:11.819952+00:00,UTC,2026-10-06T21:00:00+00:00,forecast,12,https://opendap.co-ops.nos.noaa.gov/thredds/dodsC/NOAA/NGOFS2/MODELS/2026/10/06/ngofs2.t21z.20261006.regulargrid.f012.nc,0.0,a35efafd89c8c60821aa7c6740a638843fb330aba7b5d73879f8854f4678c3d5,ngofs2_regulargrid_v1
noaa_ngofs2_mobile_bay_regulargrid,MODEL,ngofs2_grid_872_992,noaa_ngofs2_mobile_bay_model,Battles Wharf,3.0,30.490000000000002,-87.96,3.4602185355355095,shoreward_current,-0.06397537142038347,m/s,surface,0.0,standard_depth_positive_down,model_grid_or_not_applicable,MODEL_WET_GRID_NODE,,2026-10-07T09:00:00+00:00,2026-10-07T06:31:11.819952+00:00,2026-10-07T06:31:11.819952+00:00,UTC,2026-10-06T21:00:00+00:00,forecast,12,https://opendap.co-ops.nos.noaa.gov/thredds/dodsC/NOAA/NGOFS2/MODELS/2026/10/06/ngofs2.t21z.20261006.regulargrid.f012.nc,0.0,a35efafd89c8c60821aa7c6740a638843fb330aba7b5d73879f8854f4678c3d5,ngofs2_regulargrid_v1
noaa_ngofs2_mobile_bay_regulargrid,MODEL,ngofs2_grid_872_992,noaa_ngofs2_mobile_bay_model,Battles Wharf,3.0,30.490000000000002,-87.96,3.4602185355355095,water_temperature,28.668081283569336,degC,surface,0.0,standard_depth_positive_down,model_grid_or_not_applicable,MODEL_WET_GRID_NODE,,2026-10-07T09:00:00+00:00,2026-10-07T06:31:11.819952+00:00,2026-10-07T06:31:11.819952+00:00,UTC,2026-10-06T21:00:00+00:00,forecast,12,https://opendap.co-ops.nos.noaa.gov/thredds/dodsC/NOAA/NGOFS2/MODELS/2026/10/06/ngofs2.t21z.20261006.regulargrid.f012.nc,0.0,a35efafd89c8c60821aa7c6740a638843fb330aba7b5d73879f8854f4678c3d5,ngofs2_regulargrid_v1
noaa_ngofs2_mobile_bay_regulargrid,MODEL,ngofs2_grid_872_992,noaa_ngofs2_mobile_bay_model,Battles Wharf,3.0,30.490000000000002,-87.96,3.4602185355355095,salinity,15.945204734802246,PSU,surface,0.0,standard_depth_positive_down,model_grid_or_not_applicable,MODEL_WET_GRID_NODE,,2026-10-07T09:00:00+00:00,2026-10-07T06:31:11.819952+00:00,2026-10-07T06:31:11.819952+00:00,UTC,2026-10-06T21:00:00+00:00,forecast,12,https://opendap.co-ops.nos.noaa.gov/thredds/dodsC/NOAA/NGOFS2/MODELS/2026/10/06/ngofs2.t21z.20261006.regulargrid.f012.nc,0.0,a35efafd89c8c60821aa7c6740a638843fb330aba7b5d73879f8854f4678c3d5,ngofs2_regulargrid_v1
noaa_ngofs2_mobile_bay_regulargrid,MODEL,ngofs2_grid_872_992,noaa_ngofs2_mobile_bay_model,Battles Wharf,3.0,30.490000000000002,-87.96,3.4602185355355095,eastward_current,-0.00840739905834198,m/s,bottom,2.0,standard_depth_positive_down,model_grid_or_not_applicable,MODEL_WET_GRID_NODE,,2026-10-07T09:00:00+00:00,2026-10-07T06:31:11.819952+00:00,2026-10-07T06:31:11.819952+00:00,UTC,2026-10-06T21:00:00+00:00,forecast,12,https://opendap.co-ops.nos.noaa.gov/thredds/dodsC/NOAA/NGOFS2/MODELS/2026/10/06/ngofs2.t21z.20261006.regulargrid.f012.nc,0.0,a35efafd89c8c60821aa7c6740a638843fb330aba7b5d73879f8854f4678c3d5,ngofs2_regulargrid_v1
noaa_ngofs2_mobile_bay_regulargrid,MODEL,ngofs2_grid_872_992,noaa_ngofs2_mobile_bay_model,Battles Wharf,3.0,30.490000000000002,-87.96,3.4602185355355095,northward_current,-0.09263213723897934,m/s,bottom,2.0,standard_depth_positive_down,model_grid_or_not_applicable,MODEL_WET_GRID_NODE,,2026-10-07T09:00:00+00:00,2026-10-07T06:31:11.819952+00:00,2026-10-07T06:31:11.819952+00:00,UTC,2026-10-06T21:00:00+00:00,forecast,12,https://opendap.co-ops.nos.noaa.gov/thredds/dodsC/NOAA/NGOFS2/MODELS/2026/10/06/ngofs2.t21z.20261006.regulargrid.f012.nc,0.0,a35efafd89c8c60821aa7c6740a638843fb330aba7b5d73879f8854f4678c3d5,ngofs2_regulargrid_v1
noaa_ngofs2_mobile_bay_regulargrid,MODEL,ngofs2_grid_872_992,noaa_ngofs2_mobile_bay_model,Battles Wharf,3.0,30.490000000000002,-87.96,3.4602185355355095,shoreward_current,-0.008407399058341985,m/s,bottom,2.0,standard_depth_positive_down,model_grid_or_not_applicable,MODEL_WET_GRID_NODE,,2026-10-07T09:00:00+00:00,2026-10-07T06:31:11.819952+00:00,2026-10-07T06:31:11.819952+00:00,UTC,2026-10-06T21:00:00+00:00,forecast,12,https://opendap.co-ops.nos.noaa.gov/thredds/dodsC/NOAA/NGOFS2/MODELS/2026/10/06/ngofs2.t21z.20261006.regulargrid.f012.nc,0.0,a35efafd89c8c60821aa7c6740a638843fb330aba7b5d73879f8854f4678c3d5,ngofs2_regulargrid_v1
noaa_ngofs2_mobile_bay_regulargrid,MODEL,ngofs2_grid_872_992,noaa_ngofs2_mobile_bay_model,Battles Wharf,3.0,30.490000000000002,-87.96,3.4602185355355095,water_temperature,28.861064910888672,degC,bottom,2.0,standard_depth_positive_down,model_grid_or_not_applicable,MODEL_WET_GRID_NODE,,2026-10-07T09:00:00+00:00,2026-10-07T06:31:11.819952+00:00,2026-10-07T06:31:11.819952+00:00,UTC,2026-10-06T21:00:00+00:00,forecast,12,https://opendap.co-ops.nos.noaa.gov/thredds/dodsC/NOAA/NGOFS2/MODELS/2026/10/06/ngofs2.t21z.20261006.regulargrid.f012.nc,0.0,a35efafd89c8c60821aa7c6740a638843fb330aba7b5d73879f8854f4678c3d5,ngofs2_regulargrid_v1
noaa_ngofs2_mobile_bay_regulargrid,MODEL,ngofs2_grid_872_992,noaa_ngofs2_mobile_bay_model,Battles Wharf,3.0,30.490000000000002,-87.96,3.4602185355355095,salinity,16.670400619506836,PSU,bottom,2.0,standard_depth_positive_down,model_grid_or_not_applicable,MODEL_WET_GRID_NODE,,2026-10-07T09:00:00+00:00,2026-10-07T06:31:11.819952+00:00,2026-10-07T06:31:11.819952+00:00,UTC,2026-10-06T21:00:00+00:00,forecast,12,https://opendap.co-ops.nos.noaa.gov/thredds/dodsC/NOAA/NGOFS2/MODELS/2026/10/06/ngofs2.t21z.20261006.regulargrid.f012.nc,0.0,a35efafd89c8c60821aa7c6740a638843fb330aba7b5d73879f8854f4678c3d5,ngofs2_regulargrid_v1
noaa_ngofs2_mobile_bay_regulargrid,MODEL,ngofs2_grid_872_992,noaa_ngofs2_mobile_bay_model,Battles Wharf,3.0,30.490000000000002,-87.96,3.4602185355355095,water_surface_elevation,0.20361366868019104,m,surface,0.0,surface,model_mean_sea_level,MODEL_WET_GRID_NODE,,2026-10-07T09:00:00+00:00,2026-10-07T06:31:11.819952+00:00,2026-10-07T06:31:11.819952+00:00,UTC,2026-10-06T21:00:00+00:00,forecast,12,https://opendap.co-ops.nos.noaa.gov/thredds/dodsC/NOAA/NGOFS2/MODELS/2026/10/06/ngofs2.t21z.20261006.regulargrid.f012.nc,0.0,a35efafd89c8c60821aa7c6740a638843fb330aba7b5d73879f8854f4678c3d5,ngofs2_regulargrid_v1
noaa_ngofs2_mobile_bay_regulargrid,MODEL,ngofs2_grid_872_994,noaa_ngofs2_mobile_bay_model,Point Clear/Grand Hotel,0.25,30.490000000000002,-87.94,1.9933871290190823,eastward_current,-0.06213492900133133,m/s,surface,0.0,standard_depth_positive_down,model_grid_or_not_applicable,MODEL_WET_GRID_NODE,,2026-10-07T09:00:00+00:00,2026-10-07T06:31:11.819952+00:00,2026-10-07T06:31:11.819952+00:00,UTC,2026-10-06T21:00:00+00:00,forecast,12,https://opendap.co-ops.nos.noaa.gov/thredds/dodsC/NOAA/NGOFS2/MODELS/2026/10/06/ngofs2.t21z.20261006.regulargrid.f012.nc,0.0,a35efafd89c8c60821aa7c6740a638843fb330aba7b5d73879f8854f4678c3d5,ngofs2_regulargrid_v1
noaa_ngofs2_mobile_bay_regulargrid,MODEL,ngofs2_grid_872_994,noaa_ngofs2_mobile_bay_model,Point Clear/Grand Hotel,0.25,30.490000000000002,-87.94,1.9933871290190823,northward_current,-0.13535234332084656,m/s,surface,0.0,standard_depth_positive_down,model_grid_or_not_applicable,MODEL_WET_GRID_NODE,,2026-10-07T09:00:00+00:00,2026-10-07T06:31:11.819952+00:00,2026-10-07T06:31:11.819952+00:00,UTC,2026-10-06T21:00:00+00:00,forecast,12,https://opendap.co-ops.nos.noaa.gov/thredds/dodsC/NOAA/NGOFS2/MODELS/2026/10/06/ngofs2.t21z.20261006.regulargrid.f012.nc,0.0,a35efafd89c8c60821aa7c6740a638843fb330aba7b5d73879f8854f4678c3d5,ngofs2_regulargrid_v1
noaa_ngofs2_mobile_bay_regulargrid,MODEL,ngofs2_grid_872_994,noaa_ngofs2_mobile_bay_model,Point Clear/Grand Hotel,0.25,30.490000000000002,-87.94,1.9933871290190823,shoreward_current,-0.062134929001331336,m/s,surface,0.0,standard_depth_positive_down,model_grid_or_not_applicable,MODEL_WET_GRID_NODE,,2026-10-07T09:00:00+00:00,2026-10-07T06:31:11.819952+00:00,2026-10-07T06:31:11.819952+00:00,UTC,2026-10-06T21:00:00+00:00,forecast,12,https://opendap.co-ops.nos.noaa.gov/thredds/dodsC/NOAA/NGOFS2/MODELS/2026/10/06/ngofs2.t21z.20261006.regulargrid.f012.nc,0.0,a35efafd89c8c60821aa7c6740a638843fb330aba7b5d73879f8854f4678c3d5,ngofs2_regulargrid_v1
noaa_ngofs2_mobile_bay_regulargrid,MODEL,ngofs2_grid_872_994,noaa_ngofs2_mobile_bay_model,Point Clear/Grand Hotel,0.25,30.490000000000002,-87.94,1.9933871290190823,water_temperature,28.703664779663086,degC,surface,0.0,standard_depth_positive_down,model_grid_or_not_applicable,MODEL_WET_GRID_NODE,,2026-10-07T09:00:00+00:00,2026-10-07T06:31:11.819952+00:00,2026-10-07T06:31:11.819952+00:00,UTC,2026-10-06T21:00:00+00:00,forecast,12,https://opendap.co-ops.nos.noaa.gov/thredds/dodsC/NOAA/NGOFS2/MODELS/2026/10/06/ngofs2.t21z.20261006.regulargrid.f012.nc,0.0,a35efafd89c8c60821aa7c6740a638843fb330aba7b5d73879f8854f4678c3d5,ngofs2_regulargrid_v1
noaa_ngofs2_mobile_bay_regulargrid,MODEL,ngofs2_grid_872_994,noaa_ngofs2_mobile_bay_model,Point Clear/Grand Hotel,0.25,30.490000000000002,-87.94,1.9933871290190823,salinity,15.200931549072266,PSU,surface,0.0,standard_depth_positive_down,model_grid_or_not_applicable,MODEL_WET_GRID_NODE,,2026-10-07T09:00:00+00:00,2026-10-07T06:31:11.819952+00:00,2026-10-07T06:31:11.819952+00:00,UTC,2026-10-06T21:00:00+00:00,forecast,12,https://opendap.co-ops.nos.noaa.gov/thredds/dodsC/NOAA/NGOFS2/MODELS/2026/10/06/ngofs2.t21z.20261006.regulargrid.f012.nc,0.0,a35efafd89c8c60821aa7c6740a638843fb330aba7b5d73879f8854f4678c3d5,ngofs2_regulargrid_v1
noaa_ngofs2_mobile_bay_regulargrid,MODEL,ngofs2_grid_872_994,noaa_ngofs2_mobile_bay_model,Point Clear/Grand Hotel,0.25,30.490000000000002,-87.94,1.9933871290190823,eastward_current,-0.03604082018136978,m/s,bottom,1.0,standard_depth_positive_down,model_grid_or_not_applicable,MODEL_WET_GRID_NODE,,2026-10-07T09:00:00+00:00,2026-10-07T06:31:11.819952+00:00,2026-10-07T06:31:11.819952+00:00,UTC,2026-10-06T21:00:00+00:00,forecast,12,https://opendap.co-ops.nos.noaa.gov/thredds/dodsC/NOAA/NGOFS2/MODELS/2026/10/06/ngofs2.t21z.20261006.regulargrid.f012.nc,0.0,a35efafd89c8c60821aa7c6740a638843fb330aba7b5d73879f8854f4678c3d5,ngofs2_regulargrid_v1
noaa_ngofs2_mobile_bay_regulargrid,MODEL,ngofs2_grid_872_994,noaa_ngofs2_mobile_bay_model,Point Clear/Grand Hotel,0.25,30.490000000000002,-87.94,1.9933871290190823,northward_current,-0.1077924370765686,m/s,bottom,1.0,standard_depth_positive_down,model_grid_or_not_applicable,MODEL_WET_GRID_NODE,,2026-10-07T09:00:00+00:00,2026-10-07T06:31:11.819952+00:00,2026-10-07T06:31:11.819952+00:00,UTC,2026-10-06T21:00:00+00:00,forecast,12,https://opendap.co-ops.nos.noaa.gov/thredds/dodsC/NOAA/NGOFS2/MODELS/2026/10/06/ngofs2.t21z.20261006.regulargrid.f012.nc,0.0,a35efafd89c8c60821aa7c6740a638843fb330aba7b5d73879f8854f4678c3d5,ngofs2_regulargrid_v1
noaa_ngofs2_mobile_bay_regulargrid,MODEL,ngofs2_grid_872_994,noaa_ngofs2_mobile_bay_model,Point Clear/Grand Hotel,0.25,30.490000000000002,-87.94,1.9933871290190823,shoreward_current,-0.03604082018136979,m/s,bottom,1.0,standard_depth_positive_down,model_grid_or_not_applicable,MODEL_WET_GRID_NODE,,2026-10-07T09:00:00+00:00,2026-10-07T06:31:11.819952+00:00,2026-10-07T06:31:11.819952+00:00,UTC,2026-10-06T21:00:00+00:00,forecast,12,https://opendap.co-ops.nos.noaa.gov/thredds/dodsC/NOAA/NGOFS2/MODELS/2026/10/06/ngofs2.t21z.20261006.regulargrid.f012.nc,0.0,a35efafd89c8c60821aa7c6740a638843fb330aba7b5d73879f8854f4678c3d5,ngofs2_regulargrid_v1
noaa_ngofs2_mobile_bay_regulargrid,MODEL,ngofs2_grid_872_994,noaa_ngofs2_mobile_bay_model,Point Clear/Grand Hotel,0.25,30.490000000000002,-87.94,1.9933871290190823,water_temperature,28.74715232849121,degC,bottom,1.0,standard_depth_positive_down,model_grid_or_not_applicable,MODEL_WET_GRID_NODE,,2026-10-07T09:00:00+00:00,2026-10-07T06:31:11.819952+00:00,2026-10-07T06:31:11.819952+00:00,UTC,2026-10-06T21:00:00+00:00,forecast,12,https://opendap.co-ops.nos.noaa.gov/thredds/dodsC/NOAA/NGOFS2/MODELS/2026/10/06/ngofs2.t21z.20261006.regulargrid.f012.nc,0.0,a35efafd89c8c60821aa7c6740a638843fb330aba7b5d73879f8854f4678c3d5,ngofs2_regulargrid_v1
noaa_ngofs2_mobile_bay_regulargrid,MODEL,ngofs2_grid_872_994,noaa_ngofs2_mobile_bay_model,Point Clear/Grand Hotel,0.25,30.490000000000002,-87.94,1.9933871290190823,salinity,15.235897064208984,PSU,bottom,1.0,standard_depth_positive_down,model_grid_or_not_applicable,MODEL_WET_GRID_NODE,,2026-10-07T09:00:00+00:00,2026-10-07T06:31:11.819952+00:00,2026-10-07T06:31:11.819952+00:00,UTC,2026-10-06T21:00:00+00:00,forecast,12,https://opendap.co-ops.nos.noaa.gov/thredds/dodsC/NOAA/NGOFS2/MODELS/2026/10/06/ngofs2.t21z.20261006.regulargrid.f012.nc,0.0,a35efafd89c8c60821aa7c6740a638843fb330aba7b5d73879f8854f4678c3d5,ngofs2_regulargrid_v1
noaa_ngofs2_mobile_bay_regulargrid,MODEL,ngofs2_grid_872_994,noaa_ngofs2_mobile_bay_model,Point Clear/Grand Hotel,0.25,30.490000000000002,-87.94,1.9933871290190823,water_surface_elevation,0.19864729046821594,m,surface,0.0,surface,model_mean_sea_level,MODEL_WET_GRID_NODE,,2026-10-07T09:00:00+00:00,2026-10-07T06:31:11.819952+00:00,2026-10-07T06:31:11.819952+00:00,UTC,2026-10-06T21:00:00+00:00,forecast,12,https://opendap.co-ops.nos.noaa.gov/thredds/dodsC/NOAA/NGOFS2/MODELS/2026/10/06/ngofs2.t21z.20261006.regulargrid.f012.nc,0.0,a35efafd89c8c60821aa7c6740a638843fb330aba7b5d73879f8854f4678c3d5,ngofs2_regulargrid_v1
noaa_ngofs2_mobile_bay_regulargrid,MODEL,ngofs2_grid_871_994,noaa_ngofs2_mobile_bay_model,Point Clear/Grand Hotel,0.75,30.48,-87.94,1.9644354040917433,eastward_current,0.012109029106795788,m/s,surface,0.0,standard_depth_positive_down,model_grid_or_not_applicable,MODEL_WET_GRID_NODE,,2026-10-07T09:00:00+00:00,2026-10-07T06:31:11.819952+00:00,2026-10-07T06:31:11.819952+00:00,UTC,2026-10-06T21:00:00+00:00,forecast,12,https://opendap.co-ops.nos.noaa.gov/thredds/dodsC/NOAA/NGOFS2/MODELS/2026/10/06/ngofs2.t21z.20261006.regulargrid.f012.nc,0.0,a35efafd89c8c60821aa7c6740a638843fb330aba7b5d73879f8854f4678c3d5,ngofs2_regulargrid_v1
noaa_ngofs2_mobile_bay_regulargrid,MODEL,ngofs2_grid_871_994,noaa_ngofs2_mobile_bay_model,Point Clear/Grand Hotel,0.75,30.48,-87.94,1.9644354040917433,northward_current,-0.17120222747325897,m/s,surface,0.0,standard_depth_positive_down,model_grid_or_not_applicable,MODEL_WET_GRID_NODE,,2026-10-07T09:00:00+00:00,2026-10-07T06:31:11.819952+00:00,2026-10-07T06:31:11.819952+00:00,UTC,2026-10-06T21:00:00+00:00,forecast,12,https://opendap.co-ops.nos.noaa.gov/thredds/dodsC/NOAA/NGOFS2/MODELS/2026/10/06/ngofs2.t21z.20261006.regulargrid.f012.nc,0.0,a35efafd89c8c60821aa7c6740a638843fb330aba7b5d73879f8854f4678c3d5,ngofs2_regulargrid_v1
noaa_ngofs2_mobile_bay_regulargrid,MODEL,ngofs2_grid_871_994,noaa_ngofs2_mobile_bay_model,Point Clear/Grand Hotel,0.75,30.48,-87.94,1.9644354040917433,shoreward_current,0.012109029106795777,m/s,surface,0.0,standard_depth_positive_down,model_grid_or_not_applicable,MODEL_WET_GRID_NODE,,2026-10-07T09:00:00+00:00,2026-10-07T06:31:11.819952+00:00,2026-10-07T06:31:11.819952+00:00,UTC,2026-10-06T21:00:00+00:00,forecast,12,https://opendap.co-ops.nos.noaa.gov/thredds/dodsC/NOAA/NGOFS2/MODELS/2026/10/06/ngofs2.t21z.20261006.regulargrid.f012.nc,0.0,a35efafd89c8c60821aa7c6740a638843fb330aba7b5d73879f8854f4678c3d5,ngofs2_regulargrid_v1
noaa_ngofs2_mobile_bay_regulargrid,MODEL,ngofs2_grid_871_994,noaa_ngofs2_mobile_bay_model,Point Clear/Grand Hotel,0.75,30.48,-87.94,1.9644354040917433,water_temperature,28.65727424621582,degC,surface,0.0,standard_depth_positive_down,model_grid_or_not_applicable,MODEL_WET_GRID_NODE,,2026-10-07T09:00:00+00:00,2026-10-07T06:31:11.819952+00:00,2026-10-07T06:31:11.819952+00:00,UTC,2026-10-06T21:00:00+00:00,forecast,12,https://opendap.co-ops.nos.noaa.gov/thredds/dodsC/NOAA/NGOFS2/MODELS/2026/10/06/ngofs2.t21z.20261006.regulargrid.f012.nc,0.0,a35efafd89c8c60821aa7c6740a638843fb330aba7b5d73879f8854f4678c3d5,ngofs2_regulargrid_v1
noaa_ngofs2_mobile_bay_regulargrid,MODEL,ngofs2_grid_871_994,noaa_ngofs2_mobile_bay_model,Point Clear/Grand Hotel,0.75,30.48,-87.94,1.9644354040917433,salinity,15.502408981323242,PSU,surface,0.0,standard_depth_positive_down,model_grid_or_not_applicable,MODEL_WET_GRID_NODE,,2026-10-07T09:00:00+00:00,2026-10-07T06:31:11.819952+00:00,2026-10-07T06:31:11.819952+00:00,UTC,2026-10-06T21:00:00+00:00,forecast,12,https://opendap.co-ops.nos.noaa.gov/thredds/dodsC/NOAA/NGOFS2/MODELS/2026/10/06/ngofs2.t21z.20261006.regulargrid.f012.nc,0.0,a35efafd89c8c60821aa7c6740a638843fb330aba7b5d73879f8854f4678c3d5,ngofs2_regulargrid_v1
noaa_ngofs2_mobile_bay_regulargrid,MODEL,ngofs2_grid_871_994,noaa_ngofs2_mobile_bay_model,Point Clear/Grand Hotel,0.75,30.48,-87.94,1.9644354040917433,eastward_current,0.03384727984666824,m/s,bottom,1.0,standard_depth_positive_down,model_grid_or_not_applicable,MODEL_WET_GRID_NODE,,2026-10-07T09:00:00+00:00,2026-10-07T06:31:11.819952+00:00,2026-10-07T06:31:11.819952+00:00,UTC,2026-10-06T21:00:00+00:00,forecast,12,https://opendap.co-ops.nos.noaa.gov/thredds/dodsC/NOAA/NGOFS2/MODELS/2026/10/06/ngofs2.t21z.20261006.regulargrid.f012.nc,0.0,a35efafd89c8c60821aa7c6740a638843fb330aba7b5d73879f8854f4678c3d5,ngofs2_regulargrid_v1
noaa_ngofs2_mobile_bay_regulargrid,MODEL,ngofs2_grid_871_994,noaa_ngofs2_mobile_bay_model,Point Clear/Grand Hotel,0.75,30.48,-87.94,1.9644354040917433,northward_current,-0.12243247777223587,m/s,bottom,1.0,standard_depth_positive_down,model_grid_or_not_applicable,MODEL_WET_GRID_NODE,,2026-10-07T09:00:00+00:00,2026-10-07T06:31:11.819952+00:00,2026-10-07T06:31:11.819952+00:00,UTC,2026-10-06T21:00:00+00:00,forecast,12,https://opendap.co-ops.nos.noaa.gov/thredds/dodsC/NOAA/NGOFS2/MODELS/2026/10/06/ngofs2.t21z.20261006.regulargrid.f012.nc,0.0,a35efafd89c8c60821aa7c6740a638843fb330aba7b5d73879f8854f4678c3d5,ngofs2_regulargrid_v1
noaa_ngofs2_mobile_bay_regulargrid,MODEL,ngofs2_grid_871_994,noaa_ngofs2_mobile_bay_model,Point Clear/Grand Hotel,0.75,30.48,-87.94,1.9644354040917433,shoreward_current,0.033847279846668236,m/s,bottom,1.0,standard_depth_positive_down,model_grid_or_not_applicable,MODEL_WET_GRID_NODE,,2026-10-07T09:00:00+00:00,2026-10-07T06:31:11.819952+00:00,2026-10-07T06:31:11.819952+00:00,UTC,2026-10-06T21:00:00+00:00,forecast,12,https://opendap.co-ops.nos.noaa.gov/thredds/dodsC/NOAA/NGOFS2/MODELS/2026/10/06/ngofs2.t21z.20261006.regulargrid.f012.nc,0.0,a35efafd89c8c60821aa7c6740a638843fb330aba7b5d73879f8854f4678c3d5,ngofs2_regulargrid_v1
noaa_ngofs2_mobile_bay_regulargrid,MODEL,ngofs2_grid_871_994,noaa_ngofs2_mobile_bay_model,Point Clear/Grand Hotel,0.75,30.48,-87.94,1.9644354040917433,water_temperature,28.703460693359375,degC,bottom,1.0,standard_depth_positive_down,model_grid_or_not_applicable,MODEL_WET_GRID_NODE,,2026-10-07T09:00:00+00:00,2026-10-07T06:31:11.819952+00:00,2026-10-07T06:31:11.819952+00:00,UTC,2026-10-06T21:00:00+00:00,forecast,12,https://opendap.co-ops.nos.noaa.gov/thredds/dodsC/NOAA/NGOFS2/MODELS/2026/10/06/ngofs2.t21z.20261006.regulargrid.f012.nc,0.0,a35efafd89c8c60821aa7c6740a638843fb330aba7b5d73879f8854f4678c3d5,ngofs2_regulargrid_v1
noaa_ngofs2_mobile_bay_regulargrid,MODEL,ngofs2_grid_871_994,noaa_ngofs2_mobile_bay_model,Point Clear/Grand Hotel,0.75,30.48,-87.94,1.9644354040917433,salinity,15.566499710083008,PSU,bottom,1.0,standard_depth_positive_down,model_grid_or_not_applicable,MODEL_WET_GRID_NODE,,2026-10-07T09:00:00+00:00,2026-10-07T06:31:11.819952+00:00,2026-10-07T06:31:11.819952+00:00,UTC,2026-10-06T21:00:00+00:00,forecast,12,https://opendap.co-ops.nos.noaa.gov/thredds/dodsC/NOAA/NGOFS2/MODELS/2026/10/06/ngofs2.t21z.20261006.regulargrid.f012.nc,0.0,a35efafd89c8c60821aa7c6740a638843fb330aba7b5d73879f8854f4678c3d5,ngofs2_regulargrid_v1
noaa_ngofs2_mobile_bay_regulargrid,MODEL,ngofs2_grid_871_994,noaa_ngofs2_mobile_bay_model,Point Clear/Grand Hotel,0.75,30.48,-87.94,1.9644354040917433,water_surface_elevation,0.19830438494682312,m,surface,0.0,surface,model_mean_sea_level,MODEL_WET_GRID_NODE,,2026-10-07T09:00:00+00:00,2026-10-07T06:31:11.819952+00:00,2026-10-07T06:31:11.819952+00:00,UTC,2026-10-06T21:00:00+00:00,forecast,12,https://opendap.co-ops.nos.noaa.gov/thredds/dodsC/NOAA/NGOFS2/MODELS/2026/10/06/ngofs2.t21z.20261006.regulargrid.f012.nc,0.0,a35efafd89c8c60821aa7c6740a638843fb330aba7b5d73879f8854f4678c3d5,ngofs2_regulargrid_v1
noaa_ngofs2_mobile_bay_regulargrid,MODEL,ngofs2_grid_872_993,noaa_ngofs2_mobile_bay_model,Point Clear/Grand Hotel,1.5,30.490000000000002,-87.94999999999999,2.9992221163113646,eastward_current,-0.06620977818965912,m/s,surface,0.0,standard_depth_positive_down,model_grid_or_not_applicable,MODEL_WET_GRID_NODE,,2026-10-07T09:00:00+00:00,2026-10-07T06:31:11.819952+00:00,2026-10-07T06:31:11.819952+00:00,UTC,2026-10-06T21:00:00+00:00,forecast,12,https://opendap.co-ops.nos.noaa.gov/thredds/dodsC/NOAA/NGOFS2/MODELS/2026/10/06/ngofs2.t21z.20261006.regulargrid.f012.nc,0.0,a35efafd89c8c60821aa7c6740a638843fb330aba7b5d73879f8854f4678c3d5,ngofs2_regulargrid_v1
noaa_ngofs2_mobile_bay_regulargrid,MODEL,ngofs2_grid_872_993,noaa_ngofs2_mobile_bay_model,Point Clear/Grand Hotel,1.5,30.490000000000002,-87.94999999999999,2.9992221163113646,northward_current,-0.17574478685855865,m/s,surface,0.0,standard_depth_positive_down,model_grid_or_not_applicable,MODEL_WET_GRID_NODE,,2026-10-07T09:00:00+00:00,2026-10-07T06:31:11.819952+00:00,2026-10-07T06:31:11.819952+00:00,UTC,2026-10-06T21:00:00+00:00,forecast,12,https://opendap.co-ops.nos.noaa.gov/thredds/dodsC/NOAA/NGOFS2/MODELS/2026/10/06/ngofs2.t21z.20261006.regulargrid.f012.nc,0.0,a35efafd89c8c60821aa7c6740a638843fb330aba7b5d73879f8854f4678c3d5,ngofs2_regulargrid_v1
noaa_ngofs2_mobile_bay_regulargrid,MODEL,ngofs2_grid_872_993,noaa_ngofs2_mobile_bay_model,Point Clear/Grand Hotel,1.5,30.490000000000002,-87.94999999999999,2.9992221163113646,shoreward_current,-0.06620977818965913,m/s,surface,0.0,standard_depth_positive_down,model_grid_or_not_applicable,MODEL_WET_GRID_NODE,,2026-10-07T09:00:00+00:00,2026-10-07T06:31:11.819952+00:00,2026-10-07T06:31:11.819952+00:00,UTC,2026-10-06T21:00:00+00:00,forecast,12,https://opendap.co-ops.nos.noaa.gov/thredds/dodsC/NOAA/NGOFS2/MODELS/2026/10/06/ngofs2.t21z.20261006.regulargrid.f012.nc,0.0,a35efafd89c8c60821aa7c6740a638843fb330aba7b5d73879f8854f4678c3d5,ngofs2_regulargrid_v1
noaa_ngofs2_mobile_bay_regulargrid,MODEL,ngofs2_grid_872_993,noaa_ngofs2_mobile_bay_model,Point Clear/Grand Hotel,1.5,30.490000000000002,-87.94999999999999,2.9992221163113646,water_temperature,28.73493766784668,degC,surface,0.0,standard_depth_positive_down,model_grid_or_not_applicable,MODEL_WET_GRID_NODE,,2026-10-07T09:00:00+00:00,2026-10-07T06:31:11.819952+00:00,2026-10-07T06:31:11.819952+00:00,UTC,2026-10-06T21:00:00+00:00,forecast,12,https://opendap.co-ops.nos.noaa.gov/thredds/dodsC/NOAA/NGOFS2/MODELS/2026/10/06/ngofs2.t21z.20261006.regulargrid.f012.nc,0.0,a35efafd89c8c60821aa7c6740a638843fb330aba7b5d73879f8854f4678c3d5,ngofs2_regulargrid_v1
noaa_ngofs2_mobile_bay_regulargrid,MODEL,ngofs2_grid_872_993,noaa_ngofs2_mobile_bay_model,Point Clear/Grand Hotel,1.5,30.490000000000002,-87.94999999999999,2.9992221163113646,salinity,15.773237228393555,PSU,surface,0.0,standard_depth_positive_down,model_grid_or_not_applicable,MODEL_WET_GRID_NODE,,2026-10-07T09:00:00+00:00,2026-10-07T06:31:11.819952+00:00,2026-10-07T06:31:11.819952+00:00,UTC,2026-10-06T21:00:00+00:00,forecast,12,https://opendap.co-ops.nos.noaa.gov/thredds/dodsC/NOAA/NGOFS2/MODELS/2026/10/06/ngofs2.t21z.20261006.regulargrid.f012.nc,0.0,a35efafd89c8c60821aa7c6740a638843fb330aba7b5d73879f8854f4678c3d5,ngofs2_regulargrid_v1
noaa_ngofs2_mobile_bay_regulargrid,MODEL,ngofs2_grid_872_993,noaa_ngofs2_mobile_bay_model,Point Clear/Grand Hotel,1.5,30.490000000000002,-87.94999999999999,2.9992221163113646,eastward_current,0.01428696233779192,m/s,bottom,2.0,standard_depth_positive_down,model_grid_or_not_applicable,MODEL_WET_GRID_NODE,,2026-10-07T09:00:00+00:00,2026-10-07T06:31:11.819952+00:00,2026-10-07T06:31:11.819952+00:00,UTC,2026-10-06T21:00:00+00:00,forecast,12,https://opendap.co-ops.nos.noaa.gov/thredds/dodsC/NOAA/NGOFS2/MODELS/2026/10/06/ngofs2.t21z.20261006.regulargrid.f012.nc,0.0,a35efafd89c8c60821aa7c6740a638843fb330aba7b5d73879f8854f4678c3d5,ngofs2_regulargrid_v1
noaa_ngofs2_mobile_bay_regulargrid,MODEL,ngofs2_grid_872_993,noaa_ngofs2_mobile_bay_model,Point Clear/Grand Hotel,1.5,30.490000000000002,-87.94999999999999,2.9992221163113646,northward_current,-0.07928445935249329,m/s,bottom,2.0,standard_depth_positive_down,model_grid_or_not_applicable,MODEL_WET_GRID_NODE,,2026-10-07T09:00:00+00:00,2026-10-07T06:31:11.819952+00:00,2026-10-07T06:31:11.819952+00:00,UTC,2026-10-06T21:00:00+00:00,forecast,12,https://opendap.co-ops.nos.noaa.gov/thredds/dodsC/NOAA/NGOFS2/MODELS/2026/10/06/ngofs2.t21z.20261006.regulargrid.f012.nc,0.0,a35efafd89c8c60821aa7c6740a638843fb330aba7b5d73879f8854f4678c3d5,ngofs2_regulargrid_v1
noaa_ngofs2_mobile_bay_regulargrid,MODEL,ngofs2_grid_872_993,noaa_ngofs2_mobile_bay_model,Point Clear/Grand Hotel,1.5,30.490000000000002,-87.94999999999999,2.9992221163113646,shoreward_current,0.014286962337791915,m/s,bottom,2.0,standard_depth_positive_down,model_grid_or_not_applicable,MODEL_WET_GRID_NODE,,2026-10-07T09:00:00+00:00,2026-10-07T06:31:11.819952+00:00,2026-10-07T06:31:11.819952+00:00,UTC,2026-10-06T21:00:00+00:00,forecast,12,https://opendap.co-ops.nos.noaa.gov/thredds/dodsC/NOAA/NGOFS2/MODELS/2026/10/06/ngofs2.t21z.20261006.regulargrid.f012.nc,0.0,a35efafd89c8c60821aa7c6740a638843fb330aba7b5d73879f8854f4678c3d5,ngofs2_regulargrid_v1
noaa_ngofs2_mobile_bay_regulargrid,MODEL,ngofs2_grid_872_993,noaa_ngofs2_mobile_bay_model,Point Clear/Grand Hotel,1.5,30.490000000000002,-87.94999999999999,2.9992221163113646,water_temperature,29.11431884765625,degC,bottom,2.0,standard_depth_positive_down,model_grid_or_not_applicable,MODEL_WET_GRID_NODE,,2026-10-07T09:00:00+00:00,2026-10-07T06:31:11.819952+00:00,2026-10-07T06:31:11.819952+00:00,UTC,2026-10-06T21:00:00+00:00,forecast,12,https://opendap.co-ops.nos.noaa.gov/thredds/dodsC/NOAA/NGOFS2/MODELS/2026/10/06/ngofs2.t21z.20261006.regulargrid.f012.nc,0.0,a35efafd89c8c60821aa7c6740a638843fb330aba7b5d73879f8854f4678c3d5,ngofs2_regulargrid_v1
noaa_ngofs2_mobile_bay_regulargrid,MODEL,ngofs2_grid_872_993,noaa_ngofs2_mobile_bay_model,Point Clear/Grand Hotel,1.5,30.490000000000002,-87.94999999999999,2.9992221163113646,salinity,17.255542755126953,PSU,bottom,2.0,standard_depth_positive_down,model_grid_or_not_applicable,MODEL_WET_GRID_NODE,,2026-10-07T09:00:00+00:00,2026-10-07T06:31:11.819952+00:00,2026-10-07T06:31:11.819952+00:00,UTC,2026-10-06T21:00:00+00:00,forecast,12,https://opendap.co-ops.nos.noaa.gov/thredds/dodsC/NOAA/NGOFS2/MODELS/2026/10/06/ngofs2.t21z.20261006.regulargrid.f012.nc,0.0,a35efafd89c8c60821aa7c6740a638843fb330aba7b5d73879f8854f4678c3d5,ngofs2_regulargrid_v1
noaa_ngofs2_mobile_bay_regulargrid,MODEL,ngofs2_grid_872_993,noaa_ngofs2_mobile_bay_model,Point Clear/Grand Hotel,1.5,30.490000000000002,-87.94999999999999,2.9992221163113646,water_surface_elevation,0.20105043053627014,m,surface,0.0,surface,model_mean_sea_level,MODEL_WET_GRID_NODE,,2026-10-07T09:00:00+00:00,2026-10-07T06:31:11.819952+00:00,2026-10-07T06:31:11.819952+00:00,UTC,2026-10-06T21:00:00+00:00,forecast,12,https://opendap.co-ops.nos.noaa.gov/thredds/dodsC/NOAA/NGOFS2/MODELS/2026/10/06/ngofs2.t21z.20261006.regulargrid.f012.nc,0.0,a35efafd89c8c60821aa7c6740a638843fb330aba7b5d73879f8854f4678c3d5,ngofs2_regulargrid_v1
noaa_ngofs2_mobile_bay_regulargrid,MODEL,ngofs2_grid_872_991,noaa_ngofs2_mobile_bay_model,Point Clear/Grand Hotel,3.0,30.490000000000002,-87.97,3.969153288834054,eastward_current,-0.03658450022339821,m/s,surface,0.0,standard_depth_positive_down,model_grid_or_not_applicable,MODEL_WET_GRID_NODE,,2026-10-07T09:00:00+00:00,2026-10-07T06:31:11.819952+00:00,2026-10-07T06:31:11.819952+00:00,UTC,2026-10-06T21:00:00+00:00,forecast,12,https://opendap.co-ops.nos.noaa.gov/thredds/dodsC/NOAA/NGOFS2/MODELS/2026/10/06/ngofs2.t21z.20261006.regulargrid.f012.nc,0.0,a35efafd89c8c60821aa7c6740a638843fb330aba7b5d73879f8854f4678c3d5,ngofs2_regulargrid_v1
noaa_ngofs2_mobile_bay_regulargrid,MODEL,ngofs2_grid_872_991,noaa_ngofs2_mobile_bay_model,Point Clear/Grand Hotel,3.0,30.490000000000002,-87.97,3.969153288834054,northward_current,-0.07470500469207764,m/s,surface,0.0,standard_depth_positive_down,model_grid_or_not_applicable,MODEL_WET_GRID_NODE,,2026-10-07T09:00:00+00:00,2026-10-07T06:31:11.819952+00:00,2026-10-07T06:31:11.819952+00:00,UTC,2026-10-06T21:00:00+00:00,forecast,12,https://opendap.co-ops.nos.noaa.gov/thredds/dodsC/NOAA/NGOFS2/MODELS/2026/10/06/ngofs2.t21z.20261006.regulargrid.f012.nc,0.0,a35efafd89c8c60821aa7c6740a638843fb330aba7b5d73879f8854f4678c3d5,ngofs2_regulargrid_v1
noaa_ngofs2_mobile_bay_regulargrid,MODEL,ngofs2_grid_872_991,noaa_ngofs2_mobile_bay_model,Point Clear/Grand Hotel,3.0,30.490000000000002,-87.97,3.969153288834054,shoreward_current,-0.036584500223398216,m/s,surface,0.0,standard_depth_positive_down,model_grid_or_not_applicable,MODEL_WET_GRID_NODE,,2026-10-07T09:00:00+00:00,2026-10-07T06:31:11.819952+00:00,2026-10-07T06:31:11.819952+00:00,UTC,2026-10-06T21:00:00+00:00,forecast,12,https://opendap.co-ops.nos.noaa.gov/thredds/dodsC/NOAA/NGOFS2/MODELS/2026/10/06/ngofs2.t21z.20261006.regulargrid.f012.nc,0.0,a35efafd89c8c60821aa7c6740a638843fb330aba7b5d73879f8854f4678c3d5,ngofs2_regulargrid_v1
noaa_ngofs2_mobile_bay_regulargrid,MODEL,ngofs2_grid_872_991,noaa_ngofs2_mobile_bay_model,Point Clear/Grand Hotel,3.0,30.490000000000002,-87.97,3.969153288834054,water_temperature,28.626144409179688,degC,surface,0.0,standard_depth_positive_down,model_grid_or_not_applicable,MODEL_WET_GRID_NODE,,2026-10-07T09:00:00+00:00,2026-10-07T06:31:11.819952+00:00,2026-10-07T06:31:11.819952+00:00,UTC,2026-10-06T21:00:00+00:00,forecast,12,https://opendap.co-ops.nos.noaa.gov/thredds/dodsC/NOAA/NGOFS2/MODELS/2026/10/06/ngofs2.t21z.20261006.regulargrid.f012.nc,0.0,a35efafd89c8c60821aa7c6740a638843fb330aba7b5d73879f8854f4678c3d5,ngofs2_regulargrid_v1
noaa_ngofs2_mobile_bay_regulargrid,MODEL,ngofs2_grid_872_991,noaa_ngofs2_mobile_bay_model,Point Clear/Grand Hotel,3.0,30.490000000000002,-87.97,3.969153288834054,salinity,16.270662307739258,PSU,surface,0.0,standard_depth_positive_down,model_grid_or_not_applicable,MODEL_WET_GRID_NODE,,2026-10-07T09:00:00+00:00,2026-10-07T06:31:11.819952+00:00,2026-10-07T06:31:11.819952+00:00,UTC,2026-10-06T21:00:00+00:00,forecast,12,https://opendap.co-ops.nos.noaa.gov/thredds/dodsC/NOAA/NGOFS2/MODELS/2026/10/06/ngofs2.t21z.20261006.regulargrid.f012.nc,0.0,a35efafd89c8c60821aa7c6740a638843fb330aba7b5d73879f8854f4678c3d5,ngofs2_regulargrid_v1
noaa_ngofs2_mobile_bay_regulargrid,MODEL,ngofs2_grid_872_991,noaa_ngofs2_mobile_bay_model,Point Clear/Grand Hotel,3.0,30.490000000000002,-87.97,3.969153288834054,eastward_current,-0.011037025600671768,m/s,bottom,2.0,standard_depth_positive_down,model_grid_or_not_applicable,MODEL_WET_GRID_NODE,,2026-10-07T09:00:00+00:00,2026-10-07T06:31:11.819952+00:00,2026-10-07T06:31:11.819952+00:00,UTC,2026-10-06T21:00:00+00:00,forecast,12,https://opendap.co-ops.nos.noaa.gov/thredds/dodsC/NOAA/NGOFS2/MODELS/2026/10/06/ngofs2.t21z.20261006.regulargrid.f012.nc,0.0,a35efafd89c8c60821aa7c6740a638843fb330aba7b5d73879f8854f4678c3d5,ngofs2_regulargrid_v1
noaa_ngofs2_mobile_bay_regulargrid,MODEL,ngofs2_grid_872_991,noaa_ngofs2_mobile_bay_model,Point Clear/Grand Hotel,3.0,30.490000000000002,-87.97,3.969153288834054,northward_current,-0.04974442720413208,m/s,bottom,2.0,standard_depth_positive_down,model_grid_or_not_applicable,MODEL_WET_GRID_NODE,,2026-10-07T09:00:00+00:00,2026-10-07T06:31:11.819952+00:00,2026-10-07T06:31:11.819952+00:00,UTC,2026-10-06T21:00:00+00:00,forecast,12,https://opendap.co-ops.nos.noaa.gov/thredds/dodsC/NOAA/NGOFS2/MODELS/2026/10/06/ngofs2.t21z.20261006.regulargrid.f012.nc,0.0,a35efafd89c8c60821aa7c6740a638843fb330aba7b5d73879f8854f4678c3d5,ngofs2_regulargrid_v1
noaa_ngofs2_mobile_bay_regulargrid,MODEL,ngofs2_grid_872_991,noaa_ngofs2_mobile_bay_model,Point Clear/Grand Hotel,3.0,30.490000000000002,-87.97,3.969153288834054,shoreward_current,-0.011037025600671772,m/s,bottom,2.0,standard_depth_positive_down,model_grid_or_not_applicable,MODEL_WET_GRID_NODE,,2026-10-07T09:00:00+00:00,2026-10-07T06:31:11.819952+00:00,2026-10-07T06:31:11.819952+00:00,UTC,2026-10-06T21:00:00+00:00,forecast,12,https://opendap.co-ops.nos.noaa.gov/thredds/dodsC/NOAA/NGOFS2/MODELS/2026/10/06/ngofs2.t21z.20261006.regulargrid.f012.nc,0.0,a35efafd89c8c60821aa7c6740a638843fb330aba7b5d73879f8854f4678c3d5,ngofs2_regulargrid_v1
noaa_ngofs2_mobile_bay_regulargrid,MODEL,ngofs2_grid_872_991,noaa_ngofs2_mobile_bay_model,Point Clear/Grand Hotel,3.0,30.490000000000002,-87.97,3.969153288834054,water_temperature,28.665714263916016,degC,bottom,2.0,standard_depth_positive_down,model_grid_or_not_applicable,MODEL_WET_GRID_NODE,,2026-10-07T09:00:00+00:00,2026-10-07T06:31:11.819952+00:00,2026-10-07T06:31:11.819952+00:00,UTC,2026-10-06T21:00:00+00:00,forecast,12,https://opendap.co-ops.nos.noaa.gov/thredds/dodsC/NOAA/NGOFS2/MODELS/2026/10/06/ngofs2.t21z.20261006.regulargrid.f012.nc,0.0,a35efafd89c8c60821aa7c6740a638843fb330aba7b5d73879f8854f4678c3d5,ngofs2_regulargrid_v1
noaa_ngofs2_mobile_bay_regulargrid,MODEL,ngofs2_grid_872_991,noaa_ngofs2_mobile_bay_model,Point Clear/Grand Hotel,3.0,30.490000000000002,-87.97,3.969153288834054,salinity,16.365095138549805,PSU,bottom,2.0,standard_depth_positive_down,model_grid_or_not_applicable,MODEL_WET_GRID_NODE,,2026-10-07T09:00:00+00:00,2026-10-07T06:31:11.819952+00:00,2026-10-07T06:31:11.819952+00:00,UTC,2026-10-06T21:00:00+00:00,forecast,12,https://opendap.co-ops.nos.noaa.gov/thredds/dodsC/NOAA/NGOFS2/MODELS/2026/10/06/ngofs2.t21z.20261006.regulargrid.f012.nc,0.0,a35efafd89c8c60821aa7c6740a638843fb330aba7b5d73879f8854f4678c3d5,ngofs2_regulargrid_v1
noaa_ngofs2_mobile_bay_regulargrid,MODEL,ngofs2_grid_872_991,noaa_ngofs2_mobile_bay_model,Point Clear/Grand Hotel,3.0,30.490000000000002,-87.97,3.969153288834054,water_surface_elevation,0.20522357523441315,m,surface,0.0,surface,model_mean_sea_level,MODEL_WET_GRID_NODE,,2026-10-07T09:00:00+00:00,2026-10-07T06:31:11.819952+00:00,2026-10-07T06:31:11.819952+00:00,UTC,2026-10-06T21:00:00+00:00,forecast,12,https://opendap.co-ops.nos.noaa.gov/thredds/dodsC/NOAA/NGOFS2/MODELS/2026/10/06/ngofs2.t21z.20261006.regulargrid.f012.nc,0.0,a35efafd89c8c60821aa7c6740a638843fb330aba7b5d73879f8854f4678c3d5,ngofs2_regulargrid_v1
noaa_ngofs2_mobile_bay_regulargrid,MODEL,ngofs2_grid_864_997,noaa_ngofs2_mobile_bay_model,Mullet Point,0.25,30.41,-87.91,2.502617325949256,eastward_current,0.017651133239269257,m/s,surface,0.0,standard_depth_positive_down,model_grid_or_not_applicable,MODEL_WET_GRID_NODE,,2026-10-07T09:00:00+00:00,2026-10-07T06:31:11.819952+00:00,2026-10-07T06:31:11.819952+00:00,UTC,2026-10-06T21:00:00+00:00,forecast,12,https://opendap.co-ops.nos.noaa.gov/thredds/dodsC/NOAA/NGOFS2/MODELS/2026/10/06/ngofs2.t21z.20261006.regulargrid.f012.nc,0.0,a35efafd89c8c60821aa7c6740a638843fb330aba7b5d73879f8854f4678c3d5,ngofs2_regulargrid_v1
noaa_ngofs2_mobile_bay_regulargrid,MODEL,ngofs2_grid_864_997,noaa_ngofs2_mobile_bay_model,Mullet Point,0.25,30.41,-87.91,2.502617325949256,northward_current,-0.12214093655347824,m/s,surface,0.0,standard_depth_positive_down,model_grid_or_not_applicable,MODEL_WET_GRID_NODE,,2026-10-07T09:00:00+00:00,2026-10-07T06:31:11.819952+00:00,2026-10-07T06:31:11.819952+00:00,UTC,2026-10-06T21:00:00+00:00,forecast,12,https://opendap.co-ops.nos.noaa.gov/thredds/dodsC/NOAA/NGOFS2/MODELS/2026/10/06/ngofs2.t21z.20261006.regulargrid.f012.nc,0.0,a35efafd89c8c60821aa7c6740a638843fb330aba7b5d73879f8854f4678c3d5,ngofs2_regulargrid_v1
noaa_ngofs2_mobile_bay_regulargrid,MODEL,ngofs2_grid_864_997,noaa_ngofs2_mobile_bay_model,Mullet Point,0.25,30.41,-87.91,2.502617325949256,shoreward_current,0.01765113323926925,m/s,surface,0.0,standard_depth_positive_down,model_grid_or_not_applicable,MODEL_WET_GRID_NODE,,2026-10-07T09:00:00+00:00,2026-10-07T06:31:11.819952+00:00,2026-10-07T06:31:11.819952+00:00,UTC,2026-10-06T21:00:00+00:00,forecast,12,https://opendap.co-ops.nos.noaa.gov/thredds/dodsC/NOAA/NGOFS2/MODELS/2026/10/06/ngofs2.t21z.20261006.regulargrid.f012.nc,0.0,a35efafd89c8c60821aa7c6740a638843fb330aba7b5d73879f8854f4678c3d5,ngofs2_regulargrid_v1
noaa_ngofs2_mobile_bay_regulargrid,MODEL,ngofs2_grid_864_997,noaa_ngofs2_mobile_bay_model,Mullet Point,0.25,30.41,-87.91,2.502617325949256,water_temperature,28.71234893798828,degC,surface,0.0,standard_depth_positive_down,model_grid_or_not_applicable,MODEL_WET_GRID_NODE,,2026-10-07T09:00:00+00:00,2026-10-07T06:31:11.819952+00:00,2026-10-07T06:31:11.819952+00:00,UTC,2026-10-06T21:00:00+00:00,forecast,12,https://opendap.co-ops.nos.noaa.gov/thredds/dodsC/NOAA/NGOFS2/MODELS/2026/10/06/ngofs2.t21z.20261006.regulargrid.f012.nc,0.0,a35efafd89c8c60821aa7c6740a638843fb330aba7b5d73879f8854f4678c3d5,ngofs2_regulargrid_v1
noaa_ngofs2_mobile_bay_regulargrid,MODEL,ngofs2_grid_864_997,noaa_ngofs2_mobile_bay_model,Mullet Point,0.25,30.41,-87.91,2.502617325949256,salinity,21.512706756591797,PSU,surface,0.0,standard_depth_positive_down,model_grid_or_not_applicable,MODEL_WET_GRID_NODE,,2026-10-07T09:00:00+00:00,2026-10-07T06:31:11.819952+00:00,2026-10-07T06:31:11.819952+00:00,UTC,2026-10-06T21:00:00+00:00,forecast,12,https://opendap.co-ops.nos.noaa.gov/thredds/dodsC/NOAA/NGOFS2/MODELS/2026/10/06/ngofs2.t21z.20261006.regulargrid.f012.nc,0.0,a35efafd89c8c60821aa7c6740a638843fb330aba7b5d73879f8854f4678c3d5,ngofs2_regulargrid_v1
noaa_ngofs2_mobile_bay_regulargrid,MODEL,ngofs2_grid_864_997,noaa_ngofs2_mobile_bay_model,Mullet Point,0.25,30.41,-87.91,2.502617325949256,eastward_current,0.03914055973291397,m/s,bottom,2.0,standard_depth_positive_down,model_grid_or_not_applicable,MODEL_WET_GRID_NODE,,2026-10-07T09:00:00+00:00,2026-10-07T06:31:11.819952+00:00,2026-10-07T06:31:11.819952+00:00,UTC,2026-10-06T21:00:00+00:00,forecast,12,https://opendap.co-ops.nos.noaa.gov/thredds/dodsC/NOAA/NGOFS2/MODELS/2026/10/06/ngofs2.t21z.20261006.regulargrid.f012.nc,0.0,a35efafd89c8c60821aa7c6740a638843fb330aba7b5d73879f8854f4678c3d5,ngofs2_regulargrid_v1
noaa_ngofs2_mobile_bay_regulargrid,MODEL,ngofs2_grid_864_997,noaa_ngofs2_mobile_bay_model,Mullet Point,0.25,30.41,-87.91,2.502617325949256,northward_current,-0.0509737990796566,m/s,bottom,2.0,standard_depth_positive_down,model_grid_or_not_applicable,MODEL_WET_GRID_NODE,,2026-10-07T09:00:00+00:00,2026-10-07T06:31:11.819952+00:00,2026-10-07T06:31:11.819952+00:00,UTC,2026-10-06T21:00:00+00:00,forecast,12,https://opendap.co-ops.nos.noaa.gov/thredds/dodsC/NOAA/NGOFS2/MODELS/2026/10/06/ngofs2.t21z.20261006.regulargrid.f012.nc,0.0,a35efafd89c8c60821aa7c6740a638843fb330aba7b5d73879f8854f4678c3d5,ngofs2_regulargrid_v1
noaa_ngofs2_mobile_bay_regulargrid,MODEL,ngofs2_grid_864_997,noaa_ngofs2_mobile_bay_model,Mullet Point,0.25,30.41,-87.91,2.502617325949256,shoreward_current,0.03914055973291397,m/s,bottom,2.0,standard_depth_positive_down,model_grid_or_not_applicable,MODEL_WET_GRID_NODE,,2026-10-07T09:00:00+00:00,2026-10-07T06:31:11.819952+00:00,2026-10-07T06:31:11.819952+00:00,UTC,2026-10-06T21:00:00+00:00,forecast,12,https://opendap.co-ops.nos.noaa.gov/thredds/dodsC/NOAA/NGOFS2/MODELS/2026/10/06/ngofs2.t21z.20261006.regulargrid.f012.nc,0.0,a35efafd89c8c60821aa7c6740a638843fb330aba7b5d73879f8854f4678c3d5,ngofs2_regulargrid_v1
noaa_ngofs2_mobile_bay_regulargrid,MODEL,ngofs2_grid_864_997,noaa_ngofs2_mobile_bay_model,Mullet Point,0.25,30.41,-87.91,2.502617325949256,water_temperature,28.76795768737793,degC,bottom,2.0,standard_depth_positive_down,model_grid_or_not_applicable,MODEL_WET_GRID_NODE,,2026-10-07T09:00:00+00:00,2026-10-07T06:31:11.819952+00:00,2026-10-07T06:31:11.819952+00:00,UTC,2026-10-06T21:00:00+00:00,forecast,12,https://opendap.co-ops.nos.noaa.gov/thredds/dodsC/NOAA/NGOFS2/MODELS/2026/10/06/ngofs2.t21z.20261006.regulargrid.f012.nc,0.0,a35efafd89c8c60821aa7c6740a638843fb330aba7b5d73879f8854f4678c3d5,ngofs2_regulargrid_v1
noaa_ngofs2_mobile_bay_regulargrid,MODEL,ngofs2_grid_864_997,noaa_ngofs2_mobile_bay_model,Mullet Point,0.25,30.41,-87.91,2.502617325949256,salinity,21.530179977416992,PSU,bottom,2.0,standard_depth_positive_down,model_grid_or_not_applicable,MODEL_WET_GRID_NODE,,2026-10-07T09:00:00+00:00,2026-10-07T06:31:11.819952+00:00,2026-10-07T06:31:11.819952+00:00,UTC,2026-10-06T21:00:00+00:00,forecast,12,https://opendap.co-ops.nos.noaa.gov/thredds/dodsC/NOAA/NGOFS2/MODELS/2026/10/06/ngofs2.t21z.20261006.regulargrid.f012.nc,0.0,a35efafd89c8c60821aa7c6740a638843fb330aba7b5d73879f8854f4678c3d5,ngofs2_regulargrid_v1
noaa_ngofs2_mobile_bay_regulargrid,MODEL,ngofs2_grid_864_997,noaa_ngofs2_mobile_bay_model,Mullet Point,0.25,30.41,-87.91,2.502617325949256,water_surface_elevation,0.20699191093444824,m,surface,0.0,surface,model_mean_sea_level,MODEL_WET_GRID_NODE,,2026-10-07T09:00:00+00:00,2026-10-07T06:31:11.819952+00:00,2026-10-07T06:31:11.819952+00:00,UTC,2026-10-06T21:00:00+00:00,forecast,12,https://opendap.co-ops.nos.noaa.gov/thredds/dodsC/NOAA/NGOFS2/MODELS/2026/10/06/ngofs2.t21z.20261006.regulargrid.f012.nc,0.0,a35efafd89c8c60821aa7c6740a638843fb330aba7b5d73879f8854f4678c3d5,ngofs2_regulargrid_v1
noaa_ngofs2_mobile_bay_regulargrid,MODEL,ngofs2_grid_865_996,noaa_ngofs2_mobile_bay_model,Mullet Point,0.75,30.42,-87.91999999999999,2.4181508833466974,eastward_current,0.007666134275496006,m/s,surface,0.0,standard_depth_positive_down,model_grid_or_not_applicable,MODEL_WET_GRID_NODE,,2026-10-07T09:00:00+00:00,2026-10-07T06:31:11.819952+00:00,2026-10-07T06:31:11.819952+00:00,UTC,2026-10-06T21:00:00+00:00,forecast,12,https://opendap.co-ops.nos.noaa.gov/thredds/dodsC/NOAA/NGOFS2/MODELS/2026/10/06/ngofs2.t21z.20261006.regulargrid.f012.nc,0.0,a35efafd89c8c60821aa7c6740a638843fb330aba7b5d73879f8854f4678c3d5,ngofs2_regulargrid_v1
noaa_ngofs2_mobile_bay_regulargrid,MODEL,ngofs2_grid_865_996,noaa_ngofs2_mobile_bay_model,Mullet Point,0.75,30.42,-87.91999999999999,2.4181508833466974,northward_current,-0.1266656368970871,m/s,surface,0.0,standard_depth_positive_down,model_grid_or_not_applicable,MODEL_WET_GRID_NODE,,2026-10-07T09:00:00+00:00,2026-10-07T06:31:11.819952+00:00,2026-10-07T06:31:11.819952+00:00,UTC,2026-10-06T21:00:00+00:00,forecast,12,https://opendap.co-ops.nos.noaa.gov/thredds/dodsC/NOAA/NGOFS2/MODELS/2026/10/06/ngofs2.t21z.20261006.regulargrid.f012.nc,0.0,a35efafd89c8c60821aa7c6740a638843fb330aba7b5d73879f8854f4678c3d5,ngofs2_regulargrid_v1
noaa_ngofs2_mobile_bay_regulargrid,MODEL,ngofs2_grid_865_996,noaa_ngofs2_mobile_bay_model,Mullet Point,0.75,30.42,-87.91999999999999,2.4181508833466974,shoreward_current,0.007666134275495998,m/s,surface,0.0,standard_depth_positive_down,model_grid_or_not_applicable,MODEL_WET_GRID_NODE,,2026-10-07T09:00:00+00:00,2026-10-07T06:31:11.819952+00:00,2026-10-07T06:31:11.819952+00:00,UTC,2026-10-06T21:00:00+00:00,forecast,12,https://opendap.co-ops.nos.noaa.gov/thredds/dodsC/NOAA/NGOFS2/MODELS/2026/10/06/ngofs2.t21z.20261006.regulargrid.f012.nc,0.0,a35efafd89c8c60821aa7c6740a638843fb330aba7b5d73879f8854f4678c3d5,ngofs2_regulargrid_v1
noaa_ngofs2_mobile_bay_regulargrid,MODEL,ngofs2_grid_865_996,noaa_ngofs2_mobile_bay_model,Mullet Point,0.75,30.42,-87.91999999999999,2.4181508833466974,water_temperature,28.52136993408203,degC,surface,0.0,standard_depth_positive_down,model_grid_or_not_applicable,MODEL_WET_GRID_NODE,,2026-10-07T09:00:00+00:00,2026-10-07T06:31:11.819952+00:00,2026-10-07T06:31:11.819952+00:00,UTC,2026-10-06T21:00:00+00:00,forecast,12,https://opendap.co-ops.nos.noaa.gov/thredds/dodsC/NOAA/NGOFS2/MODELS/2026/10/06/ngofs2.t21z.20261006.regulargrid.f012.nc,0.0,a35efafd89c8c60821aa7c6740a638843fb330aba7b5d73879f8854f4678c3d5,ngofs2_regulargrid_v1
noaa_ngofs2_mobile_bay_regulargrid,MODEL,ngofs2_grid_865_996,noaa_ngofs2_mobile_bay_model,Mullet Point,0.75,30.42,-87.91999999999999,2.4181508833466974,salinity,21.441396713256836,PSU,surface,0.0,standard_depth_positive_down,model_grid_or_not_applicable,MODEL_WET_GRID_NODE,,2026-10-07T09:00:00+00:00,2026-10-07T06:31:11.819952+00:00,2026-10-07T06:31:11.819952+00:00,UTC,2026-10-06T21:00:00+00:00,forecast,12,https://opendap.co-ops.nos.noaa.gov/thredds/dodsC/NOAA/NGOFS2/MODELS/2026/10/06/ngofs2.t21z.20261006.regulargrid.f012.nc,0.0,a35efafd89c8c60821aa7c6740a638843fb330aba7b5d73879f8854f4678c3d5,ngofs2_regulargrid_v1
noaa_ngofs2_mobile_bay_regulargrid,MODEL,ngofs2_grid_865_996,noaa_ngofs2_mobile_bay_model,Mullet Point,0.75,30.42,-87.91999999999999,2.4181508833466974,eastward_current,0.036814235150814056,m/s,bottom,2.0,standard_depth_positive_down,model_grid_or_not_applicable,MODEL_WET_GRID_NODE,,2026-10-07T09:00:00+00:00,2026-10-07T06:31:11.819952+00:00,2026-10-07T06:31:11.819952+00:00,UTC,2026-10-06T21:00:00+00:00,forecast,12,https://opendap.co-ops.nos.noaa.gov/thredds/dodsC/NOAA/NGOFS2/MODELS/2026/10/06/ngofs2.t21z.20261006.regulargrid.f012.nc,0.0,a35efafd89c8c60821aa7c6740a638843fb330aba7b5d73879f8854f4678c3d5,ngofs2_regulargrid_v1
noaa_ngofs2_mobile_bay_regulargrid,MODEL,ngofs2_grid_865_996,noaa_ngofs2_mobile_bay_model,Mullet Point,0.75,30.42,-87.91999999999999,2.4181508833466974,northward_current,-0.05839310958981514,m/s,bottom,2.0,standard_depth_positive_down,model_grid_or_not_applicable,MODEL_WET_GRID_NODE,,2026-10-07T09:00:00+00:00,2026-10-07T06:31:11.819952+00:00,2026-10-07T06:31:11.819952+00:00,UTC,2026-10-06T21:00:00+00:00,forecast,12,https://opendap.co-ops.nos.noaa.gov/thredds/dodsC/NOAA/NGOFS2/MODELS/2026/10/06/ngofs2.t21z.20261006.regulargrid.f012.nc,0.0,a35efafd89c8c60821aa7c6740a638843fb330aba7b5d73879f8854f4678c3d5,ngofs2_regulargrid_v1
noaa_ngofs2_mobile_bay_regulargrid,MODEL,ngofs2_grid_865_996,noaa_ngofs2_mobile_bay_model,Mullet Point,0.75,30.42,-87.91999999999999,2.4181508833466974,shoreward_current,0.03681423515081405,m/s,bottom,2.0,standard_depth_positive_down,model_grid_or_not_applicable,MODEL_WET_GRID_NODE,,2026-10-07T09:00:00+00:00,2026-10-07T06:31:11.819952+00:00,2026-10-07T06:31:11.819952+00:00,UTC,2026-10-06T21:00:00+00:00,forecast,12,https://opendap.co-ops.nos.noaa.gov/thredds/dodsC/NOAA/NGOFS2/MODELS/2026/10/06/ngofs2.t21z.20261006.regulargrid.f012.nc,0.0,a35efafd89c8c60821aa7c6740a638843fb330aba7b5d73879f8854f4678c3d5,ngofs2_regulargrid_v1
noaa_ngofs2_mobile_bay_regulargrid,MODEL,ngofs2_grid_865_996,noaa_ngofs2_mobile_bay_model,Mullet Point,0.75,30.42,-87.91999999999999,2.4181508833466974,water_temperature,28.856975555419922,degC,bottom,2.0,standard_depth_positive_down,model_grid_or_not_applicable,MODEL_WET_GRID_NODE,,2026-10-07T09:00:00+00:00,2026-10-07T06:31:11.819952+00:00,2026-10-07T06:31:11.819952+00:00,UTC,2026-10-06T21:00:00+00:00,forecast,12,https://opendap.co-ops.nos.noaa.gov/thredds/dodsC/NOAA/NGOFS2/MODELS/2026/10/06/ngofs2.t21z.20261006.regulargrid.f012.nc,0.0,a35efafd89c8c60821aa7c6740a638843fb330aba7b5d73879f8854f4678c3d5,ngofs2_regulargrid_v1
noaa_ngofs2_mobile_bay_regulargrid,MODEL,ngofs2_grid_865_996,noaa_ngofs2_mobile_bay_model,Mullet Point,0.75,30.42,-87.91999999999999,2.4181508833466974,salinity,21.951786041259766,PSU,bottom,2.0,standard_depth_positive_down,model_grid_or_not_applicable,MODEL_WET_GRID_NODE,,2026-10-07T09:00:00+00:00,2026-10-07T06:31:11.819952+00:00,2026-10-07T06:31:11.819952+00:00,UTC,2026-10-06T21:00:00+00:00,forecast,12,https://opendap.co-ops.nos.noaa.gov/thredds/dodsC/NOAA/NGOFS2/MODELS/2026/10/06/ngofs2.t21z.20261006.regulargrid.f012.nc,0.0,a35efafd89c8c60821aa7c6740a638843fb330aba7b5d73879f8854f4678c3d5,ngofs2_regulargrid_v1
noaa_ngofs2_mobile_bay_regulargrid,MODEL,ngofs2_grid_865_996,noaa_ngofs2_mobile_bay_model,Mullet Point,0.75,30.42,-87.91999999999999,2.4181508833466974,water_surface_elevation,0.2064334899187088,m,surface,0.0,surface,model_mean_sea_level,MODEL_WET_GRID_NODE,,2026-10-07T09:00:00+00:00,2026-10-07T06:31:11.819952+00:00,2026-10-07T06:31:11.819952+00:00,UTC,2026-10-06T21:00:00+00:00,forecast,12,https://opendap.co-ops.nos.noaa.gov/thredds/dodsC/NOAA/NGOFS2/MODELS/2026/10/06/ngofs2.t21z.20261006.regulargrid.f012.nc,0.0,a35efafd89c8c60821aa7c6740a638843fb330aba7b5d73879f8854f4678c3d5,ngofs2_regulargrid_v1
noaa_ngofs2_mobile_bay_regulargrid,MODEL,ngofs2_grid_865_995,noaa_ngofs2_mobile_bay_model,Mullet Point,1.5,30.42,-87.92999999999999,3.100659617984664,eastward_current,0.0034712727647274733,m/s,surface,0.0,standard_depth_positive_down,model_grid_or_not_applicable,MODEL_WET_GRID_NODE,,2026-10-07T09:00:00+00:00,2026-10-07T06:31:11.819952+00:00,2026-10-07T06:31:11.819952+00:00,UTC,2026-10-06T21:00:00+00:00,forecast,12,https://opendap.co-ops.nos.noaa.gov/thredds/dodsC/NOAA/NGOFS2/MODELS/2026/10/06/ngofs2.t21z.20261006.regulargrid.f012.nc,0.0,a35efafd89c8c60821aa7c6740a638843fb330aba7b5d73879f8854f4678c3d5,ngofs2_regulargrid_v1
noaa_ngofs2_mobile_bay_regulargrid,MODEL,ngofs2_grid_865_995,noaa_ngofs2_mobile_bay_model,Mullet Point,1.5,30.42,-87.92999999999999,3.100659617984664,northward_current,-0.12205889821052551,m/s,surface,0.0,standard_depth_positive_down,model_grid_or_not_applicable,MODEL_WET_GRID_NODE,,2026-10-07T09:00:00+00:00,2026-10-07T06:31:11.819952+00:00,2026-10-07T06:31:11.819952+00:00,UTC,2026-10-06T21:00:00+00:00,forecast,12,https://opendap.co-ops.nos.noaa.gov/thredds/dodsC/NOAA/NGOFS2/MODELS/2026/10/06/ngofs2.t21z.20261006.regulargrid.f012.nc,0.0,a35efafd89c8c60821aa7c6740a638843fb330aba7b5d73879f8854f4678c3d5,ngofs2_regulargrid_v1
noaa_ngofs2_mobile_bay_regulargrid,MODEL,ngofs2_grid_865_995,noaa_ngofs2_mobile_bay_model,Mullet Point,1.5,30.42,-87.92999999999999,3.100659617984664,shoreward_current,0.003471272764727466,m/s,surface,0.0,standard_depth_positive_down,model_grid_or_not_applicable,MODEL_WET_GRID_NODE,,2026-10-07T09:00:00+00:00,2026-10-07T06:31:11.819952+00:00,2026-10-07T06:31:11.819952+00:00,UTC,2026-10-06T21:00:00+00:00,forecast,12,https://opendap.co-ops.nos.noaa.gov/thredds/dodsC/NOAA/NGOFS2/MODELS/2026/10/06/ngofs2.t21z.20261006.regulargrid.f012.nc,0.0,a35efafd89c8c60821aa7c6740a638843fb330aba7b5d73879f8854f4678c3d5,ngofs2_regulargrid_v1
noaa_ngofs2_mobile_bay_regulargrid,MODEL,ngofs2_grid_865_995,noaa_ngofs2_mobile_bay_model,Mullet Point,1.5,30.42,-87.92999999999999,3.100659617984664,water_temperature,28.529441833496094,degC,surface,0.0,standard_depth_positive_down,model_grid_or_not_applicable,MODEL_WET_GRID_NODE,,2026-10-07T09:00:00+00:00,2026-10-07T06:31:11.819952+00:00,2026-10-07T06:31:11.819952+00:00,UTC,2026-10-06T21:00:00+00:00,forecast,12,https://opendap.co-ops.nos.noaa.gov/thredds/dodsC/NOAA/NGOFS2/MODELS/2026/10/06/ngofs2.t21z.20261006.regulargrid.f012.nc,0.0,a35efafd89c8c60821aa7c6740a638843fb330aba7b5d73879f8854f4678c3d5,ngofs2_regulargrid_v1
noaa_ngofs2_mobile_bay_regulargrid,MODEL,ngofs2_grid_865_995,noaa_ngofs2_mobile_bay_model,Mullet Point,1.5,30.42,-87.92999999999999,3.100659617984664,salinity,21.614072799682617,PSU,surface,0.0,standard_depth_positive_down,model_grid_or_not_applicable,MODEL_WET_GRID_NODE,,2026-10-07T09:00:00+00:00,2026-10-07T06:31:11.819952+00:00,2026-10-07T06:31:11.819952+00:00,UTC,2026-10-06T21:00:00+00:00,forecast,12,https://opendap.co-ops.nos.noaa.gov/thredds/dodsC/NOAA/NGOFS2/MODELS/2026/10/06/ngofs2.t21z.20261006.regulargrid.f012.nc,0.0,a35efafd89c8c60821aa7c6740a638843fb330aba7b5d73879f8854f4678c3d5,ngofs2_regulargrid_v1
noaa_ngofs2_mobile_bay_regulargrid,MODEL,ngofs2_grid_865_995,noaa_ngofs2_mobile_bay_model,Mullet Point,1.5,30.42,-87.92999999999999,3.100659617984664,eastward_current,0.033204011619091034,m/s,bottom,2.0,standard_depth_positive_down,model_grid_or_not_applicable,MODEL_WET_GRID_NODE,,2026-10-07T09:00:00+00:00,2026-10-07T06:31:11.819952+00:00,2026-10-07T06:31:11.819952+00:00,UTC,2026-10-06T21:00:00+00:00,forecast,12,https://opendap.co-ops.nos.noaa.gov/thredds/dodsC/NOAA/NGOFS2/MODELS/2026/10/06/ngofs2.t21z.20261006.regulargrid.f012.nc,0.0,a35efafd89c8c60821aa7c6740a638843fb330aba7b5d73879f8854f4678c3d5,ngofs2_regulargrid_v1
noaa_ngofs2_mobile_bay_regulargrid,MODEL,ngofs2_grid_865_995,noaa_ngofs2_mobile_bay_model,Mullet Point,1.5,30.42,-87.92999999999999,3.100659617984664,northward_current,-0.07109127938747406,m/s,bottom,2.0,standard_depth_positive_down,model_grid_or_not_applicable,MODEL_WET_GRID_NODE,,2026-10-07T09:00:00+00:00,2026-10-07T06:31:11.819952+00:00,2026-10-07T06:31:11.819952+00:00,UTC,2026-10-06T21:00:00+00:00,forecast,12,https://opendap.co-ops.nos.noaa.gov/thredds/dodsC/NOAA/NGOFS2/MODELS/2026/10/06/ngofs2.t21z.20261006.regulargrid.f012.nc,0.0,a35efafd89c8c60821aa7c6740a638843fb330aba7b5d73879f8854f4678c3d5,ngofs2_regulargrid_v1
noaa_ngofs2_mobile_bay_regulargrid,MODEL,ngofs2_grid_865_995,noaa_ngofs2_mobile_bay_model,Mullet Point,1.5,30.42,-87.92999999999999,3.100659617984664,shoreward_current,0.03320401161909103,m/s,bottom,2.0,standard_depth_positive_down,model_grid_or_not_applicable,MODEL_WET_GRID_NODE,,2026-10-07T09:00:00+00:00,2026-10-07T06:31:11.819952+00:00,2026-10-07T06:31:11.819952+00:00,UTC,2026-10-06T21:00:00+00:00,forecast,12,https://opendap.co-ops.nos.noaa.gov/thredds/dodsC/NOAA/NGOFS2/MODELS/2026/10/06/ngofs2.t21z.20261006.regulargrid.f012.nc,0.0,a35efafd89c8c60821aa7c6740a638843fb330aba7b5d73879f8854f4678c3d5,ngofs2_regulargrid_v1
noaa_ngofs2_mobile_bay_regulargrid,MODEL,ngofs2_grid_865_995,noaa_ngofs2_mobile_bay_model,Mullet Point,1.5,30.42,-87.92999999999999,3.100659617984664,water_temperature,28.942487716674805,degC,bottom,2.0,standard_depth_positive_down,model_grid_or_not_applicable,MODEL_WET_GRID_NODE,,2026-10-07T09:00:00+00:00,2026-10-07T06:31:11.819952+00:00,2026-10-07T06:31:11.819952+00:00,UTC,2026-10-06T21:00:00+00:00,forecast,12,https://opendap.co-ops.nos.noaa.gov/thredds/dodsC/NOAA/NGOFS2/MODELS/2026/10/06/ngofs2.t21z.20261006.regulargrid.f012.nc,0.0,a35efafd89c8c60821aa7c6740a638843fb330aba7b5d73879f8854f4678c3d5,ngofs2_regulargrid_v1
noaa_ngofs2_mobile_bay_regulargrid,MODEL,ngofs2_grid_865_995,noaa_ngofs2_mobile_bay_model,Mullet Point,1.5,30.42,-87.92999999999999,3.100659617984664,salinity,22.585519790649414,PSU,bottom,2.0,standard_depth_positive_down,model_grid_or_not_applicable,MODEL_WET_GRID_NODE,,2026-10-07T09:00:00+00:00,2026-10-07T06:31:11.819952+00:00,2026-10-07T06:31:11.819952+00:00,UTC,2026-10-06T21:00:00+00:00,forecast,12,https://opendap.co-ops.nos.noaa.gov/thredds/dodsC/NOAA/NGOFS2/MODELS/2026/10/06/ngofs2.t21z.20261006.regulargrid.f012.nc,0.0,a35efafd89c8c60821aa7c6740a638843fb330aba7b5d73879f8854f4678c3d5,ngofs2_regulargrid_v1
noaa_ngofs2_mobile_bay_regulargrid,MODEL,ngofs2_grid_865_995,noaa_ngofs2_mobile_bay_model,Mullet Point,1.5,30.42,-87.92999999999999,3.100659617984664,water_surface_elevation,0.20876604318618774,m,surface,0.0,surface,model_mean_sea_level,MODEL_WET_GRID_NODE,,2026-10-07T09:00:00+00:00,2026-10-07T06:31:11.819952+00:00,2026-10-07T06:31:11.819952+00:00,UTC,2026-10-06T21:00:00+00:00,forecast,12,https://opendap.co-ops.nos.noaa.gov/thredds/dodsC/NOAA/NGOFS2/MODELS/2026/10/06/ngofs2.t21z.20261006.regulargrid.f012.nc,0.0,a35efafd89c8c60821aa7c6740a638843fb330aba7b5d73879f8854f4678c3d5,ngofs2_regulargrid_v1
noaa_ngofs2_mobile_bay_regulargrid,MODEL,ngofs2_grid_865_994,noaa_ngofs2_mobile_bay_model,Mullet Point,3.0,30.42,-87.94,3.6294734668212425,eastward_current,-0.012508646585047245,m/s,surface,0.0,standard_depth_positive_down,model_grid_or_not_applicable,MODEL_WET_GRID_NODE,,2026-10-07T09:00:00+00:00,2026-10-07T06:31:11.819952+00:00,2026-10-07T06:31:11.819952+00:00,UTC,2026-10-06T21:00:00+00:00,forecast,12,https://opendap.co-ops.nos.noaa.gov/thredds/dodsC/NOAA/NGOFS2/MODELS/2026/10/06/ngofs2.t21z.20261006.regulargrid.f012.nc,0.0,a35efafd89c8c60821aa7c6740a638843fb330aba7b5d73879f8854f4678c3d5,ngofs2_regulargrid_v1
noaa_ngofs2_mobile_bay_regulargrid,MODEL,ngofs2_grid_865_994,noaa_ngofs2_mobile_bay_model,Mullet Point,3.0,30.42,-87.94,3.6294734668212425,northward_current,-0.12052391469478607,m/s,surface,0.0,standard_depth_positive_down,model_grid_or_not_applicable,MODEL_WET_GRID_NODE,,2026-10-07T09:00:00+00:00,2026-10-07T06:31:11.819952+00:00,2026-10-07T06:31:11.819952+00:00,UTC,2026-10-06T21:00:00+00:00,forecast,12,https://opendap.co-ops.nos.noaa.gov/thredds/dodsC/NOAA/NGOFS2/MODELS/2026/10/06/ngofs2.t21z.20261006.regulargrid.f012.nc,0.0,a35efafd89c8c60821aa7c6740a638843fb330aba7b5d73879f8854f4678c3d5,ngofs2_regulargrid_v1
noaa_ngofs2_mobile_bay_regulargrid,MODEL,ngofs2_grid_865_994,noaa_ngofs2_mobile_bay_model,Mullet Point,3.0,30.42,-87.94,3.6294734668212425,shoreward_current,-0.012508646585047252,m/s,surface,0.0,standard_depth_positive_down,model_grid_or_not_applicable,MODEL_WET_GRID_NODE,,2026-10-07T09:00:00+00:00,2026-10-07T06:31:11.819952+00:00,2026-10-07T06:31:11.819952+00:00,UTC,2026-10-06T21:00:00+00:00,forecast,12,https://opendap.co-ops.nos.noaa.gov/thredds/dodsC/NOAA/NGOFS2/MODELS/2026/10/06/ngofs2.t21z.20261006.regulargrid.f012.nc,0.0,a35efafd89c8c60821aa7c6740a638843fb330aba7b5d73879f8854f4678c3d5,ngofs2_regulargrid_v1
noaa_ngofs2_mobile_bay_regulargrid,MODEL,ngofs2_grid_865_994,noaa_ngofs2_mobile_bay_model,Mullet Point,3.0,30.42,-87.94,3.6294734668212425,water_temperature,28.51557159423828,degC,surface,0.0,standard_depth_positive_down,model_grid_or_not_applicable,MODEL_WET_GRID_NODE,,2026-10-07T09:00:00+00:00,2026-10-07T06:31:11.819952+00:00,2026-10-07T06:31:11.819952+00:00,UTC,2026-10-06T21:00:00+00:00,forecast,12,https://opendap.co-ops.nos.noaa.gov/thredds/dodsC/NOAA/NGOFS2/MODELS/2026/10/06/ngofs2.t21z.20261006.regulargrid.f012.nc,0.0,a35efafd89c8c60821aa7c6740a638843fb330aba7b5d73879f8854f4678c3d5,ngofs2_regulargrid_v1
noaa_ngofs2_mobile_bay_regulargrid,MODEL,ngofs2_grid_865_994,noaa_ngofs2_mobile_bay_model,Mullet Point,3.0,30.42,-87.94,3.6294734668212425,salinity,21.100431442260742,PSU,surface,0.0,standard_depth_positive_down,model_grid_or_not_applicable,MODEL_WET_GRID_NODE,,2026-10-07T09:00:00+00:00,2026-10-07T06:31:11.819952+00:00,2026-10-07T06:31:11.819952+00:00,UTC,2026-10-06T21:00:00+00:00,forecast,12,https://opendap.co-ops.nos.noaa.gov/thredds/dodsC/NOAA/NGOFS2/MODELS/2026/10/06/ngofs2.t21z.20261006.regulargrid.f012.nc,0.0,a35efafd89c8c60821aa7c6740a638843fb330aba7b5d73879f8854f4678c3d5,ngofs2_regulargrid_v1
noaa_ngofs2_mobile_bay_regulargrid,MODEL,ngofs2_grid_865_994,noaa_ngofs2_mobile_bay_model,Mullet Point,3.0,30.42,-87.94,3.6294734668212425,eastward_current,0.03244738280773163,m/s,bottom,2.0,standard_depth_positive_down,model_grid_or_not_applicable,MODEL_WET_GRID_NODE,,2026-10-07T09:00:00+00:00,2026-10-07T06:31:11.819952+00:00,2026-10-07T06:31:11.819952+00:00,UTC,2026-10-06T21:00:00+00:00,forecast,12,https://opendap.co-ops.nos.noaa.gov/thredds/dodsC/NOAA/NGOFS2/MODELS/2026/10/06/ngofs2.t21z.20261006.regulargrid.f012.nc,0.0,a35efafd89c8c60821aa7c6740a638843fb330aba7b5d73879f8854f4678c3d5,ngofs2_regulargrid_v1
noaa_ngofs2_mobile_bay_regulargrid,MODEL,ngofs2_grid_865_994,noaa_ngofs2_mobile_bay_model,Mullet Point,3.0,30.42,-87.94,3.6294734668212425,northward_current,-0.06614021956920624,m/s,bottom,2.0,standard_depth_positive_down,model_grid_or_not_applicable,MODEL_WET_GRID_NODE,,2026-10-07T09:00:00+00:00,2026-10-07T06:31:11.819952+00:00,2026-10-07T06:31:11.819952+00:00,UTC,2026-10-06T21:00:00+00:00,forecast,12,https://opendap.co-ops.nos.noaa.gov/thredds/dodsC/NOAA/NGOFS2/MODELS/2026/10/06/ngofs2.t21z.20261006.regulargrid.f012.nc,0.0,a35efafd89c8c60821aa7c6740a638843fb330aba7b5d73879f8854f4678c3d5,ngofs2_regulargrid_v1
noaa_ngofs2_mobile_bay_regulargrid,MODEL,ngofs2_grid_865_994,noaa_ngofs2_mobile_bay_model,Mullet Point,3.0,30.42,-87.94,3.6294734668212425,shoreward_current,0.03244738280773162,m/s,bottom,2.0,standard_depth_positive_down,model_grid_or_not_applicable,MODEL_WET_GRID_NODE,,2026-10-07T09:00:00+00:00,2026-10-07T06:31:11.819952+00:00,2026-10-07T06:31:11.819952+00:00,UTC,2026-10-06T21:00:00+00:00,forecast,12,https://opendap.co-ops.nos.noaa.gov/thredds/dodsC/NOAA/NGOFS2/MODELS/2026/10/06/ngofs2.t21z.20261006.regulargrid.f012.nc,0.0,a35efafd89c8c60821aa7c6740a638843fb330aba7b5d73879f8854f4678c3d5,ngofs2_regulargrid_v1
noaa_ngofs2_mobile_bay_regulargrid,MODEL,ngofs2_grid_865_994,noaa_ngofs2_mobile_bay_model,Mullet Point,3.0,30.42,-87.94,3.6294734668212425,water_temperature,28.776369094848633,degC,bottom,2.0,standard_depth_positive_down,model_grid_or_not_applicable,MODEL_WET_GRID_NODE,,2026-10-07T09:00:00+00:00,2026-10-07T06:31:11.819952+00:00,2026-10-07T06:31:11.819952+00:00,UTC,2026-10-06T21:00:00+00:00,forecast,12,https://opendap.co-ops.nos.noaa.gov/thredds/dodsC/NOAA/NGOFS2/MODELS/2026/10/06/ngofs2.t21z.20261006.regulargrid.f012.nc,0.0,a35efafd89c8c60821aa7c6740a638843fb330aba7b5d73879f8854f4678c3d5,ngofs2_regulargrid_v1
noaa_ngofs2_mobile_bay_regulargrid,MODEL,ngofs2_grid_865_994,noaa_ngofs2_mobile_bay_model,Mullet Point,3.0,30.42,-87.94,3.6294734668212425,salinity,21.78211212158203,PSU,bottom,2.0,standard_depth_positive_down,model_grid_or_not_applicable,MODEL_WET_GRID_NODE,,2026-10-07T09:00:00+00:00,2026-10-07T06:31:11.819952+00:00,2026-10-07T06:31:11.819952+00:00,UTC,2026-10-06T21:00:00+00:00,forecast,12,https://opendap.co-ops.nos.noaa.gov/thredds/dodsC/NOAA/NGOFS2/MODELS/2026/10/06/ngofs2.t21z.20261006.regulargrid.f012.nc,0.0,a35efafd89c8c60821aa7c6740a638843fb330aba7b5d73879f8854f4678c3d5,ngofs2_regulargrid_v1
noaa_ngofs2_mobile_bay_regulargrid,MODEL,ngofs2_grid_865_994,noaa_ngofs2_mobile_bay_model,Mullet Point,3.0,30.42,-87.94,3.6294734668212425,water_surface_elevation,0.21119503676891327,m,surface,0.0,surface,model_mean_sea_level,MODEL_WET_GRID_NODE,,2026-10-07T09:00:00+00:00,2026-10-07T06:31:11.819952+00:00,2026-10-07T06:31:11.819952+00:00,UTC,2026-10-06T21:00:00+00:00,forecast,12,https://opendap.co-ops.nos.noaa.gov/thredds/dodsC/NOAA/NGOFS2/MODELS/2026/10/06/ngofs2.t21z.20261006.regulargrid.f012.nc,0.0,a35efafd89c8c60821aa7c6740a638843fb330aba7b5d73879f8854f4678c3d5,ngofs2_regulargrid_v1
